table,column,value,count
event,location,<missing>,476
event,location,"Las Vegas, Nevada, USA",274
event,location,"Abu Dhabi, Abu Dhabi, United Arab Emirates",21
event,location,"London, England, United Kingdom",17
event,location,"Newark, New Jersey, USA",12
event,location,"Houston, Texas, USA",10
event,location,"Atlantic City, New Jersey, USA",10
event,location,"Anaheim, California, USA",10
event,location,"New York City, New York, USA",9
event,location,"Mexico City, Distrito Federal, Mexico",8
event,location,"Sydney, New South Wales, Australia",8
event,location,"Chicago, Illinois, USA",8
event,location,"Montreal, Quebec, Canada",8
event,location,"Vancouver, British Columbia, Canada",7
event,location,"Rio de Janeiro, Rio de Janeiro, Brazil",7
event,location,"Nashville, Tennessee, USA",7
event,location,"Denver, Colorado, USA",7
event,location,"Toronto, Ontario, Canada",7
event,location,"Boston, Massachusetts, USA",7
event,location,"Los Angeles, California, USA",7
event,location,"New Orleans, Louisiana, USA",6
event,location,"Sao Paulo, Sao Paulo, Brazil",6
event,location,"Jacksonville, Florida, USA",6
event,location,"Dallas, Texas, USA",6
event,location,"Sacramento, California, USA",6
event,location,"Stockholm, Sweden",6
event,location,"Rio de Janeiro, Brazil",6
event,location,"Macau, China",5
event,location,"Perth, Western Australia, Australia",5
event,location,"Miami, Florida, USA",5
event,location,"Seattle, Washington, USA",5
event,location,"Atlanta, Georgia, USA",5
event,location,"Manchester, England, United Kingdom",5
event,location,"Austin, Texas, USA",5
event,location,"Kallang, Singapore",5
event,location,"Charlotte, North Carolina, USA",5
event,location,"San Antonio, Texas, USA",4
event,location,"Paris, Ile-de-France, France",4
event,location,"Tampa, Florida, USA",4
event,location,"Salt Lake City, Utah, USA",4
event,location,"Orlando, Florida, USA",4
event,location,"San Diego, California, USA",4
event,location,"Phoenix, Arizona, USA",4
event,location,"Columbus, Ohio, USA",4
event,location,"Melbourne, Victoria, Australia",4
event,location,"Saitama, Japan",4
event,location,"Hollywood, Florida, USA",4
event,location,"San Jose, California, USA",4
event,location,"Uncasville, Connecticut, USA",4
event,location,"Birmingham, Alabama, USA",4
event,location,"Oklahoma City, Oklahoma, USA",3
event,location,"Washington, DC, USA",3
event,location,"Winnipeg, Manitoba, Canada",3
event,location,"Kansas City, Missouri, USA",3
event,location,"Edmonton, Alberta, Canada",3
event,location,"Brasilia, Distrito Federal, Brazil",3
event,location,"Auckland, New Zealand",3
event,location,"Minneapolis, Minnesota, USA",3
event,location,"Philadelphia, Pennsylvania, USA",3
event,location,"Fortaleza, Ceara, Brazil",3
event,location,"Brooklyn, New York, USA",3
event,location,"Milwaukee, Wisconsin, USA",3
event,location,"Pittsburgh, Pennsylvania, USA",3
event,location,"Dublin, Leinster, Ireland",3
event,location,"Fairfax, Virginia, USA",3
event,location,"Broomfield, Colorado, USA",3
event,location,"Sao Paulo, Brazil",3
event,location,"Baku, Azerbaijan",2
event,location,"Shanghai, Hebei, China",2
event,location,"Riyadh, Riyadh, Saudi Arabia",2
event,location,"Louisville, Kentucky, USA",2
event,location,"St. Louis, Missouri, USA",2
event,location,"Glendale, Arizona, USA",2
event,location,"Norfolk, Virginia, USA",2
event,location,"Moscow, Moscow, Russia",2
event,location,"Ottawa, Ontario, Canada",2
event,location,"Sunrise, Florida, USA",2
event,location,"Adelaide, South Australia, Australia",2
event,location,"Calgary, Alberta, Canada",2
event,location,"Hamburg, Hamburg, Germany",2
event,location,"Detroit, Michigan, USA",2
event,location,"Rotterdam, Zuid-Holland, Netherlands",2
event,location,"Glasgow, Scotland, United Kingdom",2
event,location,"Buffalo, New York, USA",2
event,location,"Halifax, Nova Scotia, Canada",2
event,location,"Belfast, Northern Ireland, United Kingdom",2
event,location,"Portland, Oregon, USA",2
event,location,"Brisbane, Queensland, Australia",2
event,location,"Goiania, Goias, Brazil",2
event,location,"Barueri, Sao Paulo, Brazil",2
event,location,"Tulsa, Oklahoma, USA",2
event,location,"Cincinnati, Ohio, USA",2
event,location,"Abu Dhabi, United Arab Emirates",2
event,location,"Jaragua do Sul, Santa Catarina, Brazil",2
event,location,"Belo Horizonte, Minas Gerais, Brazil",2
event,location,"Indianapolis, Indiana, USA",2
event,location,"East Rutherford, New Jersey, USA",2
event,location,"Omaha, Nebraska, USA",2
event,location,"Birmingham, England, United Kingdom",2
event,location,"Tokyo, Japan",2
event,location,"Cedar Rapids, Iowa, USA",2
event,location,"Lake Charles, Louisiana, USA",2
event,location,"Bay St. Louis, Mississippi, USA",2
event,location,"Augusta, Georgia, USA",2
event,location,"Belgrade, Vojvodina, Serbia",1
event,location,"Doha, Qatar",1
event,location,"Des Moines, Iowa, USA",1
event,location,"Inglewood, California, USA",1
event,location,"Elmont, New York, USA",1
event,location,"Rio Rancho, New Mexico, USA",1
event,location,"Raleigh, North Carolina, USA",1
event,location,"Busan, South Korea",1
event,location,"Copenhagen, Denmark",1
event,location,"Shenzhen, Guangdong, China",1
event,location,"Montevideo, Uruguay",1
event,location,"Greenville, South Carolina, USA",1
event,location,"Rochester, New York, USA",1
event,location,"Saint Petersburg, Saint Petersburg, Russia",1
event,location,"Wichita, Kansas, USA",1
event,location,"Prague, Czech Republic",1
event,location,"Beijing, China",1
event,location,"Buenos Aires, Buenos Aires, Argentina",1
event,location,"Moncton, New Brunswick, Canada",1
event,location,"Lincoln, Nebraska, USA",1
event,location,"Boise, Idaho, USA",1
event,location,"Utica, New York, USA",1
event,location,"Liverpool, England, United Kingdom",1
event,location,"Santiago, Chile",1
event,location,"Belem, Para, Brazil",1
event,location,"Fresno, California, USA",1
event,location,"Gdansk, Poland",1
event,location,"Saitama, Saitama, Japan",1
event,location,"Uniondale, New York, USA",1
event,location,"Albany, New York, USA",1
event,location,"Hidalgo, Texas, USA",1
event,location,"Cleveland, Ohio, USA",1
event,location,"Sioux Falls, South Dakota, USA",1
event,location,"Curitiba, Parana, Brazil",1
event,location,"Zagreb, Croatia",1
event,location,"Seoul, South Korea",1
event,location,"Monterrey, Nuevo Leon, Mexico",1
event,location,"Saskatoon, Saskatchewan, Canada",1
event,location,"Berlin, Berlin, Germany",1
event,location,"Manila, Philippines",1
event,location,"Krakow, Poland",1
event,location,"Porto Alegre, Rio Grande do Sul, Brazil",1
event,location,"Uberlandia, Minas Gerais, Brazil",1
event,location,"Ledyard, Connecticut, USA",1
event,location,"Bangor, Maine, USA",1
event,location,"Albuquerque, New Mexico, USA",1
event,location,"Berlin, Germany",1
event,location,"Baltimore, Maryland, USA",1
event,location,"Quebec City, Quebec, Canada",1
event,location,"Natal, Rio Grande do Norte, Brazil",1
event,location,"Duluth, Georgia, USA",1
event,location,"Singapore, Singapore",1
event,location,"Fort Campbell, Kentucky, USA",1
event,location,"Gold Coast, Queensland, Australia",1
event,location,"Nottingham, England, United Kingdom",1
event,location,"Killeen, Texas, USA",1
event,location,"Auburn Hills, Michigan, USA",1
event,location,"Oberhausen, North Rhine-Westphalia, Germany",1
event,location,"Oakland, California, USA",1
event,location,"Memphis, Tennessee, USA",1
event,location,"Cologne, North Rhine-Westphalia, Germany",1
event,location,"Fayetteville, North Carolina, USA",1
event,location,"Rosemont, Illinois, USA",1
event,location,"Newcastle, England, United Kingdom",1
event,location,"Bossier City, Louisiana, USA",1
event,location,"Chiba, Japan",1
event,location,"Mobile, Alabama, USA",1
event,location,"Yokohama, Kanagawa, Japan",1
event,location,"Dothan, Alabama, USA",1
event,location,"San Juan, Puerto Rico",1
event,location,"Casper, Wyoming, USA",1
fight,weight_class,Lightweight,1830
fight,weight_class,Welterweight,1693
fight,weight_class,Middleweight,1523
fight,weight_class,Featherweight,1101
fight,weight_class,Heavyweight,1087
fight,weight_class,Bantamweight,963
fight,weight_class,Light Heavyweight,938
fight,weight_class,Flyweight,495
fight,weight_class,Women's Strawweight,408
fight,weight_class,Open Weight,317
fight,weight_class,Women's Flyweight,293
fight,weight_class,Women's Bantamweight,275
fight,weight_class,Catch Weight,184
fight,weight_class,Bout,54
fight,weight_class,Women's Featherweight,38
fight,weight_class,WEC Featherweight,12
fight,weight_class,WEC Lightweight,11
fight,weight_class,WEC Bantamweight,10
fight,weight_class,Strikeforce Lightweight,9
fight,weight_class,Strikeforce Middleweight,8
fight,weight_class,WEC Light Heavyweight,7
fight,weight_class,Super Heavyweight,7
fight,weight_class,Pride Middleweight,6
fight,weight_class,Strikeforce Welterweight,6
fight,weight_class,Strikeforce Women's 135 lbs.,6
fight,weight_class,Strikeforce Light Heavyweight,6
fight,weight_class,WEC Welterweight,5
fight,weight_class,Pride Heavyweight,5
fight,weight_class,Superfight,5
fight,weight_class,Strikeforce Women's 145 lbs.,4
fight,weight_class,DREAM Featherweight,4
fight,weight_class,Women's Atomweight,4
fight,weight_class,WEC Middleweight,3
fight,weight_class,DREAM Lightweight,3
fight,weight_class,Pride 2004 Heavyweight Tournament,2
fight,weight_class,14 Middleweight Tournament,1
fight,weight_class,Strikeforce Middleweight U.S.,1
fight,weight_class,Pride 2003 Middleweight Tournament,1
fight,weight_class,Ultimate Fighter Brazil 1 Featherweight Tournament,1
fight,weight_class,3 Tournament,1
fight,weight_class,Road to 3 Bantamweight Tournament,1
fight,weight_class,Road to 2 Flyweight Tournament,1
fight,weight_class,Ultimate Fighter 9 Welterweight Tournament,1
fight,weight_class,Ultimate Fighter 12 Lightweight Tournament,1
fight,weight_class,Road To 1 Lightweight Tournament,1
fight,weight_class,Ultimate Fighter Brazil 2 Welterweight Tournament,1
fight,weight_class,Ultimate Fighter 8 Light Heavyweight Tournament,1
fight,weight_class,Road to 4 Lightweight Tournament,1
fight,weight_class,Ultimate Fighter Latin America 2 Welterweight Tournament,1
fight,weight_class,Ultimate Fighter 11 Middleweight Tournament,1
fight,weight_class,13 Lightweight Tournament,1
fight,weight_class,DREAM Middleweight,1
fight,weight_class,DREAM 2009 Super Hulk Tournament,1
fight,weight_class,Ultimate Fighter Brazil 3 Heavyweight Tournament,1
fight,weight_class,Pride 2006 Welterweight Tournament,1
fight,weight_class,DREAM 2010 Light Heavyweight Tournament,1
fight,weight_class,Ultimate Fighter Brazil 1 Middleweight Tournament,1
fight,weight_class,Ultimate Fighter Latin America Featherweight Tournament,1
fight,weight_class,Ultimate Fighter 33 Flyweight Tournament,1
fight,weight_class,DREAM Light Heavyweight,1
fight,weight_class,DREAM 2008 Middleweight Tournament,1
fight,weight_class,WEC Heavyweight,1
fight,weight_class,Ultimate Fighter 8 Lightweight Tournament,1
fight,weight_class,Ultimate Fighter 28 Heavyweight Tournament,1
fight,weight_class,Ultimate Fighter 2 Heavyweight Tournament,1
fight,weight_class,Road to 3 Women's Strawweight Tournament,1
fight,weight_class,DREAM 2009 Featherweight Tournament,1
fight,weight_class,DREAM 2011 Bantamweight Tournament,1
fight,weight_class,Ultimate Fighter 13 Welterweight Tournament,1
fight,weight_class,Pride 2006 Open Weight Tournament,1
fight,weight_class,Ultimate Fighter Australia vs. UK Lightweight Tournament,1
fight,weight_class,Ultimate Fighter 1 Middleweight Tournament,1
fight,weight_class,Ultimate Fighter Brazil 4 Lightweight Tournament,1
fight,weight_class,Ultimate Ultimate '96 Tournament,1
fight,weight_class,8 Tournament,1
fight,weight_class,10 Tournament,1
fight,weight_class,Ultimate Japan 2 Heavyweight Tournament,1
fight,weight_class,Ultimate Fighter 5 Lightweight Tournament,1
fight,weight_class,Ultimate Fighter 17 Middleweight Tournament,1
fight,weight_class,Ultimate Fighter 27 Lightweight Tournament,1
fight,weight_class,Pride Lightweight,1
fight,weight_class,Pride 2005 Lightweight Tournament,1
fight,weight_class,1 Tournament,1
fight,weight_class,Ultimate Fighter 19 Middleweight Tournament,1
fight,weight_class,4 Tournament,1
fight,weight_class,2 Tournament,1
fight,weight_class,13 Heavyweight Tournament,1
fight,weight_class,Ultimate Fighter 18 Bantamweight Tournament,1
fight,weight_class,Ultimate Fighter 1 Light Heavyweight Tournament,1
fight,weight_class,Ultimate Fighter 3 Middleweight Tournament,1
fight,weight_class,Ultimate Fighter Latin America 2 Lightweight Tournament,1
fight,weight_class,Ultimate Fighter 22 Lightweight Tournament,1
fight,weight_class,Road to 2 Lightweight Tournament,1
fight,weight_class,DREAM 2008 Lightweight Tournament,1
fight,weight_class,Ultimate Fighter 21 Welterweight Tournament,1
fight,weight_class,Ultimate Fighter 3 Light Heavyweight Tournament,1
fight,weight_class,Pride 2005 Welterweight Tournament,1
fight,weight_class,17 Middleweight Tournament,1
fight,weight_class,DREAM 2009 Welterweight Tournament,1
fight,weight_class,Strikeforce Heavyweight Grand Prix,1
fight,weight_class,Road to 4 Flyweight Tournament,1
fight,weight_class,5 Tournament,1
fight,weight_class,Ultimate Fighter 14 Featherweight Tournament,1
fight,weight_class,14 Heavyweight Tournament,1
fight,weight_class,Ultimate Fighter Latin America 3 Lightweight Tournament,1
fight,weight_class,15 Heavyweight Tournament,1
fight,weight_class,Ultimate Fighter 28 Women's Featherweight Tournament,1
fight,weight_class,Ultimate Fighter 15 Lightweight Tournament,1
fight,weight_class,Road to 3 Flyweight Tournament,1
fight,weight_class,Road to 1 Flyweight Tournament,1
fight,weight_class,Pride 2000 Open Weight Tournament,1
fight,weight_class,Ultimate Fighter 23 Women's Strawweight Tournament,1
fight,weight_class,Ultimate Fighter 4 Middleweight Tournament,1
fight,weight_class,Ultimate Fighter 27 Featherweight Tournament,1
fight,weight_class,Ultimate Fighter 2 Welterweight Tournament,1
fight,weight_class,DREAM 2011 Japan Bantamweight Tournament,1
fight,weight_class,Road To 1 Bantamweight Tournament,1
fight,weight_class,Road to 4 Featherweight Tournament,1
fight,weight_class,Ultimate Fighter 10 Heavyweight Tournament,1
fight,weight_class,Ultimate Fighter China Featherweight Tournament,1
fight,weight_class,Road To 2 Featherweight Tournament,1
fight,weight_class,TUF Nations Canada vs. Australia Welterweight Tournament,1
fight,weight_class,Road To 1 Featherweight Tournament,1
fight,weight_class,Ultimate Fighter 25 Welterweight Tournament,1
fight,weight_class,Ultimate Fighter Brazil 4 Bantamweight Tournament,1
fight,weight_class,Ultimate Fighter 32 Middleweight Tournament,1
fight,weight_class,Road to 4 Bantamweight Tournament,1
fight,weight_class,Ultimate Fighter 4 Welterweight Tournament,1
fight,weight_class,Ultimate Fighter 6 Welterweight Tournament,1
fight,weight_class,Ultimate Fighter 14 Bantamweight Tournament,1
fight,weight_class,Ultimate Fighter 7 Middleweight Tournament,1
fight,weight_class,Ultimate Fighter 33 Welterweight Tournament,1
fight,weight_class,DREAM Heavyweight,1
fight,weight_class,6 Tournament,1
fight,weight_class,Strikeforce Women's Bantamweight Tournament,1
fight,weight_class,Ultimate Fighter Brazil 3 Middleweight Tournament,1
fight,weight_class,Ultimate Fighter 19 Light Heavyweight Tournament,1
fight,weight_class,Pride 2005 Middleweight Tournament,1
fight,weight_class,Ultimate Fighter 32 Featherweight Tournament,1
fight,weight_class,Strikeforce Heavyweight,1
fight,weight_class,Ultimate Fighter Latin America Bantamweight Tournament,1
fight,weight_class,Ultimate Fighter 9 Lightweight Tournament,1
fight,weight_class,Ultimate Fighter 18 Women's Bantamweight Tournament,1
fight,weight_class,Strikeforce Four-Man Middleweight Tournament,1
fight,weight_class,Ultimate Fighter 16 Welterweight Tournament,1
fight,weight_class,Ultimate Fighter 23 Light Heavyweight Tournament,1
fight,weight_class,7 Tournament,1
fight,weight_class,Ultimate Ultimate '95 Tournament,1
fight,weight_class,TUF Nations Canada vs. Australia Middleweight Tournament,1
fight,weight_class,Ultimate Fighter China Welterweight Tournament,1
fight,weight_class,Ultimate Fighter Australia vs. UK Welterweight Tournament,1
fight,weight_class,Road to 3 Featherweight Tournament,1
fight,weight_class,DREAM Welterweight,1
fight,weight_class,Ultimate Japan Heavyweight Tournament,1
fight,title_fight,0,10818
fight,title_fight,1,623
fight,result_status,win,11238
fight,result_status,no_contest,118
fight,result_status,draw,85
fight,method,Decision - Unanimous,3860
fight,method,KO/TKO,3715
fight,method,Submission,2411
fight,method,Decision - Split,1015
fight,method,TKO - Doctor's Stoppage,152
fight,method,Decision - Majority,117
fight,method,Overturned,71
fight,method,Could Not Continue,48
fight,method,DQ,35
fight,method,Other,14
fight,method,Decision,3
fight,round,3,5341
fight,round,1,3682
fight,round,2,1986
fight,round,5,373
fight,round,4,57
fight,round,6,2
fight,time_format,3 Rnd (5-5-5),9337
fight,time_format,5 Rnd (5-5-5-5-5),902
fight,time_format,2 Rnd (10-5),311
fight,time_format,3 Rnd (10-5-5),293
fight,time_format,3 Rnd + OT (5-5-5-5),159
fight,time_format,1 Rnd + OT (12-3),88
fight,time_format,2 Rnd (10-10),64
fight,time_format,3 Rnd (3-3-3),58
fight,time_format,No Time Limit,41
fight,time_format,2 Rnd (5-5),40
fight,time_format,1 Rnd (20),27
fight,time_format,1 Rnd (15),23
fight,time_format,3 Rnd (10-10-10),22
fight,time_format,1 Rnd + 2OT (15-3-3),20
fight,time_format,3 Rnd (4-4-4),9
fight,time_format,1 Rnd (10),8
fight,time_format,1 Rnd (12),6
fight,time_format,3 Rnd (10-10-5),5
fight,time_format,2 Rnd (3-3),3
fight,time_format,1 Rnd + OT (30-5),3
fight,time_format,1 Rnd + OT (15-3),2
fight,time_format,1 Rnd + OT (15-10),2
fight,time_format,5 Rnd (3-3-3-3-3),2
fight,time_format,Unlimited Rnd  (15),2
fight,time_format,1 Rnd (30),2
fight,time_format,1 Rnd (18),2
fight,time_format,4 Rnd (10-10-10-10),1
fight,time_format,3 Rnd (2-2-2),1
fight,time_format,5 Rnd (4-4-4-4-4),1
fight,time_format,1 Rnd + OT (31-5),1
fight,time_format,Unlimited Rnd (10),1
fight,time_format,Unlimited Rnd (20),1
fight,time_format,3 Rnd (8-8-8),1
fight,time_format,1 Rnd + OT (27-3),1
fight,time_format,1 Rnd + OT (30-3),1
fight,time_format,1 Rnd + 2OT (24-3-3),1
fighter,height,"6' 0""",472
fighter,height,"5' 9""",444
fighter,height,"5' 10""",423
fighter,height,"5' 11""",390
fighter,height,<missing>,372
fighter,height,"5' 7""",364
fighter,height,"5' 8""",363
fighter,height,"6' 1""",336
fighter,height,"6' 2""",290
fighter,height,"5' 6""",270
fighter,height,"6' 3""",240
fighter,height,"5' 5""",151
fighter,height,"6' 4""",119
fighter,height,"5' 4""",115
fighter,height,"5' 3""",71
fighter,height,"6' 5""",47
fighter,height,"5' 2""",33
fighter,height,"6' 6""",23
fighter,height,"5' 1""",19
fighter,height,"6' 7""",14
fighter,height,"6' 8""",9
fighter,height,"5' 0""",6
fighter,height,"6' 11""",3
fighter,height,"6' 10""",3
fighter,height,"7' 2""",1
fighter,height,"4' 7""",1
fighter,height,"6' 9""",1
fighter,height,"7' 5""",1
fighter,weight_lbs,155.0,673
fighter,weight_lbs,170.0,659
fighter,weight_lbs,185.0,561
fighter,weight_lbs,135.0,520
fighter,weight_lbs,145.0,509
fighter,weight_lbs,205.0,391
fighter,weight_lbs,125.0,342
fighter,weight_lbs,115.0,150
fighter,weight_lbs,<missing>,88
fighter,weight_lbs,265.0,83
fighter,weight_lbs,230.0,31
fighter,weight_lbs,235.0,31
fighter,weight_lbs,250.0,29
fighter,weight_lbs,240.0,28
fighter,weight_lbs,225.0,28
fighter,weight_lbs,260.0,25
fighter,weight_lbs,200.0,24
fighter,weight_lbs,245.0,23
fighter,weight_lbs,220.0,23
fighter,weight_lbs,154.0,20
fighter,weight_lbs,139.0,19
fighter,weight_lbs,255.0,17
fighter,weight_lbs,215.0,15
fighter,weight_lbs,183.0,13
fighter,weight_lbs,210.0,13
fighter,weight_lbs,168.0,12
fighter,weight_lbs,190.0,12
fighter,weight_lbs,199.0,11
fighter,weight_lbs,242.0,10
fighter,weight_lbs,264.0,9
fighter,weight_lbs,160.0,9
fighter,weight_lbs,195.0,8
fighter,weight_lbs,243.0,8
fighter,weight_lbs,180.0,7
fighter,weight_lbs,247.0,6
fighter,weight_lbs,275.0,6
fighter,weight_lbs,238.0,6
fighter,weight_lbs,258.0,5
fighter,weight_lbs,263.0,5
fighter,weight_lbs,165.0,5
fighter,weight_lbs,244.0,4
fighter,weight_lbs,270.0,4
fighter,weight_lbs,249.0,4
fighter,weight_lbs,130.0,4
fighter,weight_lbs,161.0,4
fighter,weight_lbs,175.0,4
fighter,weight_lbs,150.0,4
fighter,weight_lbs,300.0,4
fighter,weight_lbs,257.0,4
fighter,weight_lbs,234.0,4
fighter,weight_lbs,345.0,3
fighter,weight_lbs,248.0,3
fighter,weight_lbs,216.0,3
fighter,weight_lbs,259.0,3
fighter,weight_lbs,253.0,3
fighter,weight_lbs,280.0,3
fighter,weight_lbs,350.0,3
fighter,weight_lbs,178.0,3
fighter,weight_lbs,241.0,3
fighter,weight_lbs,290.0,3
fighter,weight_lbs,254.0,3
fighter,weight_lbs,239.0,3
fighter,weight_lbs,236.0,3
fighter,weight_lbs,246.0,3
fighter,weight_lbs,143.0,3
fighter,weight_lbs,196.0,2
fighter,weight_lbs,400.0,2
fighter,weight_lbs,181.0,2
fighter,weight_lbs,227.0,2
fighter,weight_lbs,113.0,2
fighter,weight_lbs,233.0,2
fighter,weight_lbs,295.0,2
fighter,weight_lbs,261.0,2
fighter,weight_lbs,310.0,2
fighter,weight_lbs,385.0,2
fighter,weight_lbs,251.0,2
fighter,weight_lbs,262.0,2
fighter,weight_lbs,105.0,2
fighter,weight_lbs,167.0,1
fighter,weight_lbs,149.0,1
fighter,weight_lbs,390.0,1
fighter,weight_lbs,193.0,1
fighter,weight_lbs,192.0,1
fighter,weight_lbs,323.0,1
fighter,weight_lbs,219.0,1
fighter,weight_lbs,194.0,1
fighter,weight_lbs,256.0,1
fighter,weight_lbs,214.0,1
fighter,weight_lbs,226.0,1
fighter,weight_lbs,286.0,1
fighter,weight_lbs,212.0,1
fighter,weight_lbs,228.0,1
fighter,weight_lbs,330.0,1
fighter,weight_lbs,224.0,1
fighter,weight_lbs,335.0,1
fighter,weight_lbs,232.0,1
fighter,weight_lbs,229.0,1
fighter,weight_lbs,320.0,1
fighter,weight_lbs,266.0,1
fighter,weight_lbs,188.0,1
fighter,weight_lbs,315.0,1
fighter,weight_lbs,237.0,1
fighter,weight_lbs,285.0,1
fighter,weight_lbs,410.0,1
fighter,weight_lbs,207.0,1
fighter,weight_lbs,197.0,1
fighter,weight_lbs,430.0,1
fighter,weight_lbs,186.0,1
fighter,weight_lbs,231.0,1
fighter,weight_lbs,770.0,1
fighter,weight_lbs,198.0,1
fighter,weight_lbs,252.0,1
fighter,weight_lbs,221.0,1
fighter,weight_lbs,217.0,1
fighter,reach_inches,<missing>,1992
fighter,reach_inches,71.0,235
fighter,reach_inches,72.0,230
fighter,reach_inches,70.0,230
fighter,reach_inches,73.0,223
fighter,reach_inches,74.0,210
fighter,reach_inches,75.0,198
fighter,reach_inches,69.0,185
fighter,reach_inches,68.0,165
fighter,reach_inches,67.0,134
fighter,reach_inches,76.0,132
fighter,reach_inches,77.0,112
fighter,reach_inches,66.0,98
fighter,reach_inches,65.0,83
fighter,reach_inches,78.0,80
fighter,reach_inches,64.0,59
fighter,reach_inches,79.0,57
fighter,reach_inches,63.0,44
fighter,reach_inches,80.0,39
fighter,reach_inches,62.0,23
fighter,reach_inches,81.0,15
fighter,reach_inches,61.0,10
fighter,reach_inches,82.0,7
fighter,reach_inches,60.0,6
fighter,reach_inches,83.0,5
fighter,reach_inches,84.0,4
fighter,reach_inches,59.0,3
fighter,reach_inches,58.0,2
fighter,stance,Orthodox,2830
fighter,stance,<missing>,897
fighter,stance,Southpaw,619
fighter,stance,Switch,225
fighter,stance,Open Stance,7
fighter,stance,Sideways,3
fighter,str_acc,0,858
fighter,str_acc,50,180
fighter,str_acc,42,161
fighter,str_acc,41,153
fighter,str_acc,48,153
fighter,str_acc,40,152
fighter,str_acc,45,145
fighter,str_acc,46,138
fighter,str_acc,47,136
fighter,str_acc,44,132
fighter,str_acc,39,126
fighter,str_acc,43,119
fighter,str_acc,49,107
fighter,str_acc,52,106
fighter,str_acc,37,105
fighter,str_acc,51,101
fighter,str_acc,38,101
fighter,str_acc,33,100
fighter,str_acc,36,95
fighter,str_acc,53,93
fighter,str_acc,34,82
fighter,str_acc,54,80
fighter,str_acc,35,79
fighter,str_acc,32,63
fighter,str_acc,55,61
fighter,str_acc,57,55
fighter,str_acc,25,54
fighter,str_acc,31,53
fighter,str_acc,56,51
fighter,str_acc,30,49
fighter,str_acc,60,47
fighter,str_acc,58,41
fighter,str_acc,27,40
fighter,str_acc,28,39
fighter,str_acc,26,39
fighter,str_acc,29,38
fighter,str_acc,61,30
fighter,str_acc,66,27
fighter,str_acc,20,27
fighter,str_acc,59,26
fighter,str_acc,62,25
fighter,str_acc,23,22
fighter,str_acc,64,20
fighter,str_acc,21,19
fighter,str_acc,69,17
fighter,str_acc,63,17
fighter,str_acc,65,16
fighter,str_acc,75,16
fighter,str_acc,100,16
fighter,str_acc,16,15
fighter,str_acc,22,15
fighter,str_acc,70,11
fighter,str_acc,67,11
fighter,str_acc,68,10
fighter,str_acc,24,9
fighter,str_acc,19,9
fighter,str_acc,71,8
fighter,str_acc,15,8
fighter,str_acc,14,7
fighter,str_acc,80,6
fighter,str_acc,12,6
fighter,str_acc,10,6
fighter,str_acc,18,5
fighter,str_acc,73,5
fighter,str_acc,83,4
fighter,str_acc,72,4
fighter,str_acc,9,3
fighter,str_acc,85,3
fighter,str_acc,17,3
fighter,str_acc,11,3
fighter,str_acc,79,2
fighter,str_acc,77,2
fighter,str_acc,87,2
fighter,str_acc,8,2
fighter,str_acc,5,2
fighter,str_acc,13,2
fighter,str_acc,86,2
fighter,str_acc,92,1
fighter,str_acc,4,1
fighter,str_acc,76,1
fighter,str_acc,7,1
fighter,str_acc,74,1
fighter,str_acc,78,1
fighter,str_def,0,791
fighter,str_def,50,197
fighter,str_def,55,169
fighter,str_def,52,163
fighter,str_def,57,160
fighter,str_def,54,160
fighter,str_def,51,157
fighter,str_def,56,141
fighter,str_def,60,136
fighter,str_def,58,132
fighter,str_def,53,123
fighter,str_def,46,119
fighter,str_def,59,117
fighter,str_def,47,109
fighter,str_def,48,106
fighter,str_def,61,99
fighter,str_def,62,92
fighter,str_def,45,91
fighter,str_def,44,89
fighter,str_def,63,87
fighter,str_def,43,85
fighter,str_def,42,79
fighter,str_def,49,78
fighter,str_def,40,75
fighter,str_def,64,73
fighter,str_def,65,67
fighter,str_def,41,66
fighter,str_def,38,63
fighter,str_def,66,59
fighter,str_def,33,57
fighter,str_def,36,45
fighter,str_def,35,43
fighter,str_def,67,38
fighter,str_def,37,37
fighter,str_def,68,32
fighter,str_def,39,30
fighter,str_def,34,24
fighter,str_def,31,24
fighter,str_def,69,24
fighter,str_def,30,23
fighter,str_def,28,22
fighter,str_def,25,21
fighter,str_def,70,20
fighter,str_def,32,19
fighter,str_def,100,18
fighter,str_def,71,16
fighter,str_def,72,14
fighter,str_def,26,14
fighter,str_def,29,13
fighter,str_def,27,13
fighter,str_def,22,11
fighter,str_def,23,11
fighter,str_def,75,11
fighter,str_def,20,8
fighter,str_def,19,8
fighter,str_def,74,7
fighter,str_def,21,7
fighter,str_def,80,6
fighter,str_def,11,6
fighter,str_def,16,6
fighter,str_def,73,6
fighter,str_def,15,5
fighter,str_def,81,4
fighter,str_def,76,4
fighter,str_def,83,4
fighter,str_def,84,4
fighter,str_def,78,4
fighter,str_def,14,4
fighter,str_def,79,4
fighter,str_def,12,4
fighter,str_def,17,3
fighter,str_def,24,3
fighter,str_def,13,3
fighter,str_def,77,3
fighter,str_def,82,2
fighter,str_def,85,2
fighter,str_def,4,2
fighter,str_def,10,2
fighter,str_def,92,1
fighter,str_def,86,1
fighter,str_def,94,1
fighter,str_def,91,1
fighter,str_def,6,1
fighter,str_def,18,1
fighter,str_def,9,1
fighter,td_acc,0,1935
fighter,td_acc,50,234
fighter,td_acc,100,217
fighter,td_acc,33,196
fighter,td_acc,25,107
fighter,td_acc,40,99
fighter,td_acc,66,77
fighter,td_acc,42,75
fighter,td_acc,20,67
fighter,td_acc,36,62
fighter,td_acc,30,57
fighter,td_acc,28,56
fighter,td_acc,45,53
fighter,td_acc,35,53
fighter,td_acc,37,51
fighter,td_acc,16,50
fighter,td_acc,60,49
fighter,td_acc,41,47
fighter,td_acc,38,44
fighter,td_acc,46,43
fighter,td_acc,18,41
fighter,td_acc,44,40
fighter,td_acc,55,39
fighter,td_acc,22,39
fighter,td_acc,57,38
fighter,td_acc,34,36
fighter,td_acc,26,35
fighter,td_acc,75,35
fighter,td_acc,27,32
fighter,td_acc,53,31
fighter,td_acc,43,31
fighter,td_acc,47,30
fighter,td_acc,31,30
fighter,td_acc,29,29
fighter,td_acc,11,28
fighter,td_acc,14,28
fighter,td_acc,39,26
fighter,td_acc,52,26
fighter,td_acc,48,26
fighter,td_acc,80,22
fighter,td_acc,62,21
fighter,td_acc,54,21
fighter,td_acc,23,20
fighter,td_acc,24,19
fighter,td_acc,32,18
fighter,td_acc,15,18
fighter,td_acc,12,17
fighter,td_acc,21,16
fighter,td_acc,58,15
fighter,td_acc,51,14
fighter,td_acc,63,12
fighter,td_acc,9,12
fighter,td_acc,10,12
fighter,td_acc,7,11
fighter,td_acc,56,10
fighter,td_acc,71,9
fighter,td_acc,83,9
fighter,td_acc,17,9
fighter,td_acc,68,8
fighter,td_acc,65,7
fighter,td_acc,59,7
fighter,td_acc,19,7
fighter,td_acc,70,7
fighter,td_acc,8,6
fighter,td_acc,13,6
fighter,td_acc,72,5
fighter,td_acc,85,5
fighter,td_acc,64,5
fighter,td_acc,61,5
fighter,td_acc,49,4
fighter,td_acc,73,4
fighter,td_acc,69,4
fighter,td_acc,78,3
fighter,td_acc,5,3
fighter,td_acc,77,3
fighter,td_acc,6,3
fighter,td_acc,67,2
fighter,td_acc,81,2
fighter,td_acc,76,2
fighter,td_acc,90,1
fighter,td_acc,87,1
fighter,td_acc,84,1
fighter,td_acc,4,1
fighter,td_acc,91,1
fighter,td_acc,74,1
fighter,td_def,0,1616
fighter,td_def,100,334
fighter,td_def,50,269
fighter,td_def,66,182
fighter,td_def,33,121
fighter,td_def,60,88
fighter,td_def,75,85
fighter,td_def,25,65
fighter,td_def,80,62
fighter,td_def,57,59
fighter,td_def,40,56
fighter,td_def,71,55
fighter,td_def,62,53
fighter,td_def,70,52
fighter,td_def,53,51
fighter,td_def,83,49
fighter,td_def,63,48
fighter,td_def,72,47
fighter,td_def,55,47
fighter,td_def,58,43
fighter,td_def,77,42
fighter,td_def,76,40
fighter,td_def,64,40
fighter,td_def,37,38
fighter,td_def,42,38
fighter,td_def,54,38
fighter,td_def,65,38
fighter,td_def,68,38
fighter,td_def,61,34
fighter,td_def,44,33
fighter,td_def,20,33
fighter,td_def,73,32
fighter,td_def,85,32
fighter,td_def,81,31
fighter,td_def,46,31
fighter,td_def,52,31
fighter,td_def,69,30
fighter,td_def,47,28
fighter,td_def,78,27
fighter,td_def,59,25
fighter,td_def,36,24
fighter,td_def,30,24
fighter,td_def,82,23
fighter,td_def,16,22
fighter,td_def,87,22
fighter,td_def,28,22
fighter,td_def,67,21
fighter,td_def,56,21
fighter,td_def,38,20
fighter,td_def,45,20
fighter,td_def,90,19
fighter,td_def,35,19
fighter,td_def,43,19
fighter,td_def,41,17
fighter,td_def,86,17
fighter,td_def,88,15
fighter,td_def,74,14
fighter,td_def,14,13
fighter,td_def,31,13
fighter,td_def,27,12
fighter,td_def,84,12
fighter,td_def,51,11
fighter,td_def,26,11
fighter,td_def,22,10
fighter,td_def,92,9
fighter,td_def,91,8
fighter,td_def,79,8
fighter,td_def,48,7
fighter,td_def,39,6
fighter,td_def,89,5
fighter,td_def,34,5
fighter,td_def,23,5
fighter,td_def,32,5
fighter,td_def,29,4
fighter,td_def,11,4
fighter,td_def,10,4
fighter,td_def,94,3
fighter,td_def,18,3
fighter,td_def,21,3
fighter,td_def,93,3
fighter,td_def,95,2
fighter,td_def,96,2
fighter,td_def,49,2
fighter,td_def,12,2
fighter,td_def,19,1
fighter,td_def,5,1
fighter,td_def,13,1
fighter,td_def,15,1
fighter,td_def,6,1
fighter,td_def,8,1
fighter,td_def,24,1
fighter,td_def,7,1
fighter,td_def,17,1
fighter,sub_avg,0.0,2597
fighter,sub_avg,0.5,164
fighter,sub_avg,0.2,158
fighter,sub_avg,0.4,147
fighter,sub_avg,0.3,144
fighter,sub_avg,1.0,134
fighter,sub_avg,0.6,121
fighter,sub_avg,0.8,116
fighter,sub_avg,0.7,113
fighter,sub_avg,0.1,101
fighter,sub_avg,0.9,77
fighter,sub_avg,1.2,66
fighter,sub_avg,1.1,65
fighter,sub_avg,1.4,51
fighter,sub_avg,1.3,51
fighter,sub_avg,2.0,48
fighter,sub_avg,1.5,32
fighter,sub_avg,1.7,32
fighter,sub_avg,1.6,30
fighter,sub_avg,1.9,29
fighter,sub_avg,1.8,24
fighter,sub_avg,2.5,21
fighter,sub_avg,2.2,19
fighter,sub_avg,2.1,18
fighter,sub_avg,2.3,17
fighter,sub_avg,3.0,14
fighter,sub_avg,2.4,12
fighter,sub_avg,2.6,10
fighter,sub_avg,3.6,9
fighter,sub_avg,4.0,9
fighter,sub_avg,2.8,8
fighter,sub_avg,3.5,7
fighter,sub_avg,4.3,7
fighter,sub_avg,2.7,6
fighter,sub_avg,3.4,6
fighter,sub_avg,4.2,5
fighter,sub_avg,4.1,5
fighter,sub_avg,3.2,5
fighter,sub_avg,2.9,4
fighter,sub_avg,4.9,4
fighter,sub_avg,3.8,4
fighter,sub_avg,5.0,4
fighter,sub_avg,3.3,4
fighter,sub_avg,9.0,4
fighter,sub_avg,7.7,3
fighter,sub_avg,7.9,3
fighter,sub_avg,5.1,3
fighter,sub_avg,3.1,3
fighter,sub_avg,4.8,3
fighter,sub_avg,5.4,2
fighter,sub_avg,5.2,2
fighter,sub_avg,3.9,2
fighter,sub_avg,11.0,2
fighter,sub_avg,4.4,2
fighter,sub_avg,20.9,2
fighter,sub_avg,6.2,2
fighter,sub_avg,6.1,2
fighter,sub_avg,5.5,2
fighter,sub_avg,14.3,2
fighter,sub_avg,4.5,2
fighter,sub_avg,7.0,2
fighter,sub_avg,6.3,2
fighter,sub_avg,10.2,2
fighter,sub_avg,7.4,2
fighter,sub_avg,6.9,1
fighter,sub_avg,9.2,1
fighter,sub_avg,21.6,1
fighter,sub_avg,7.2,1
fighter,sub_avg,8.2,1
fighter,sub_avg,8.0,1
fighter,sub_avg,12.1,1
fighter,sub_avg,12.0,1
fighter,sub_avg,3.7,1
fighter,sub_avg,5.8,1
fighter,sub_avg,9.6,1
fighter,sub_avg,11.1,1
fighter,sub_avg,6.5,1
fighter,sub_avg,14.5,1
fighter,sub_avg,20.4,1
fighter,sub_avg,9.3,1
fighter,sub_avg,14.1,1
fighter,sub_avg,7.6,1
fighter,sub_avg,7.5,1
fighter,sub_avg,8.5,1
fighter,sub_avg,6.6,1
fighter,sub_avg,21.9,1
fighter,sub_avg,8.1,1
fighter,sub_avg,5.3,1
fighter,sub_avg,4.7,1
fighter,sub_avg,10.0,1
fighter,sub_avg,11.7,1
fighter,sub_avg,4.6,1
fighter,sub_avg,12.3,1
fighter,sub_avg,9.9,1
fighter,sub_avg,14.4,1
fighter,sub_avg,8.3,1
fighter,sub_avg,16.4,1
fighter,sub_avg,6.0,1
fighter_bonus,bonus_type,Performance of the Night,1342
fighter_bonus,bonus_type,Fight of the Night,638
fighter_bonus,bonus_type,Knockout of the Night,220
fighter_bonus,bonus_type,Submission of the Night,209
master,event_location,"Las Vegas, Nevada, USA",3015
master,event_location,<missing>,2621
master,event_location,"Abu Dhabi, Abu Dhabi, United Arab Emirates",259
master,event_location,"London, England, United Kingdom",196
master,event_location,"Newark, New Jersey, USA",140
master,event_location,"Houston, Texas, USA",122
master,event_location,"New York City, New York, USA",113
master,event_location,"Anaheim, California, USA",107
master,event_location,"Mexico City, Distrito Federal, Mexico",96
master,event_location,"Chicago, Illinois, USA",93
master,event_location,"Montreal, Quebec, Canada",93
master,event_location,"Atlantic City, New Jersey, USA",93
master,event_location,"Sydney, New South Wales, Australia",93
master,event_location,"Rio de Janeiro, Rio de Janeiro, Brazil",90
master,event_location,"Toronto, Ontario, Canada",86
master,event_location,"Boston, Massachusetts, USA",84
master,event_location,"Nashville, Tennessee, USA",83
master,event_location,"Vancouver, British Columbia, Canada",80
master,event_location,"Denver, Colorado, USA",80
master,event_location,"Los Angeles, California, USA",79
master,event_location,"Dallas, Texas, USA",76
master,event_location,"Sao Paulo, Sao Paulo, Brazil",73
master,event_location,"Stockholm, Sweden",72
master,event_location,"Jacksonville, Florida, USA",70
master,event_location,"Rio de Janeiro, Brazil",69
master,event_location,"Sacramento, California, USA",62
master,event_location,"Perth, Western Australia, Australia",62
master,event_location,"New Orleans, Louisiana, USA",61
master,event_location,"Kallang, Singapore",60
master,event_location,"Seattle, Washington, USA",60
master,event_location,"Miami, Florida, USA",59
master,event_location,"Austin, Texas, USA",59
master,event_location,"Atlanta, Georgia, USA",58
master,event_location,"Manchester, England, United Kingdom",58
master,event_location,"Macau, China",53
master,event_location,"Orlando, Florida, USA",52
master,event_location,"Phoenix, Arizona, USA",50
master,event_location,"Charlotte, North Carolina, USA",50
master,event_location,"Paris, Ile-de-France, France",50
master,event_location,"Tampa, Florida, USA",48
master,event_location,"Melbourne, Victoria, Australia",48
master,event_location,"San Antonio, Texas, USA",48
master,event_location,"Salt Lake City, Utah, USA",47
master,event_location,"San Jose, California, USA",47
master,event_location,"Saitama, Japan",45
master,event_location,"San Diego, California, USA",44
master,event_location,"Columbus, Ohio, USA",41
master,event_location,"Kansas City, Missouri, USA",41
master,event_location,"Fortaleza, Ceara, Brazil",37
master,event_location,"Brasilia, Distrito Federal, Brazil",36
master,event_location,"Milwaukee, Wisconsin, USA",36
master,event_location,"Birmingham, Alabama, USA",35
master,event_location,"Edmonton, Alberta, Canada",35
master,event_location,"Oklahoma City, Oklahoma, USA",35
master,event_location,"Hollywood, Florida, USA",35
master,event_location,"Philadelphia, Pennsylvania, USA",35
master,event_location,"Winnipeg, Manitoba, Canada",34
master,event_location,"Pittsburgh, Pennsylvania, USA",34
master,event_location,"Fairfax, Virginia, USA",33
master,event_location,"Auckland, New Zealand",33
master,event_location,"Broomfield, Colorado, USA",33
master,event_location,"Uncasville, Connecticut, USA",32
master,event_location,"Brooklyn, New York, USA",32
master,event_location,"Minneapolis, Minnesota, USA",32
master,event_location,"Sao Paulo, Brazil",31
master,event_location,"Dublin, Leinster, Ireland",30
master,event_location,"Washington, DC, USA",29
master,event_location,"Glendale, Arizona, USA",28
master,event_location,"Sunrise, Florida, USA",25
master,event_location,"Louisville, Kentucky, USA",25
master,event_location,"Moscow, Moscow, Russia",25
master,event_location,"Baku, Azerbaijan",25
master,event_location,"Jaragua do Sul, Santa Catarina, Brazil",25
master,event_location,"Ottawa, Ontario, Canada",25
master,event_location,"Rotterdam, Zuid-Holland, Netherlands",25
master,event_location,"Norfolk, Virginia, USA",25
master,event_location,"Glasgow, Scotland, United Kingdom",24
master,event_location,"Calgary, Alberta, Canada",24
master,event_location,"Buffalo, New York, USA",24
master,event_location,"Shanghai, Hebei, China",24
master,event_location,"Adelaide, South Australia, Australia",24
master,event_location,"Hamburg, Hamburg, Germany",24
master,event_location,"Goiania, Goias, Brazil",23
master,event_location,"Portland, Oregon, USA",23
master,event_location,"Halifax, Nova Scotia, Canada",23
master,event_location,"St. Louis, Missouri, USA",23
master,event_location,"Brisbane, Queensland, Australia",23
master,event_location,"Indianapolis, Indiana, USA",23
master,event_location,"Belo Horizonte, Minas Gerais, Brazil",22
master,event_location,"Riyadh, Riyadh, Saudi Arabia",22
master,event_location,"Cincinnati, Ohio, USA",22
master,event_location,"Barueri, Sao Paulo, Brazil",22
master,event_location,"Birmingham, England, United Kingdom",21
master,event_location,"Tulsa, Oklahoma, USA",21
master,event_location,"Belfast, Northern Ireland, United Kingdom",21
master,event_location,"East Rutherford, New Jersey, USA",20
master,event_location,"Detroit, Michigan, USA",20
master,event_location,"Omaha, Nebraska, USA",19
master,event_location,"Abu Dhabi, United Arab Emirates",18
master,event_location,"Augusta, Georgia, USA",17
master,event_location,"Cedar Rapids, Iowa, USA",16
master,event_location,"Lake Charles, Louisiana, USA",15
master,event_location,"Belgrade, Vojvodina, Serbia",14
master,event_location,"Doha, Qatar",14
master,event_location,"Bay St. Louis, Mississippi, USA",14
master,event_location,"Tokyo, Japan",13
master,event_location,"Quebec City, Quebec, Canada",13
master,event_location,"Fresno, California, USA",13
master,event_location,"Lincoln, Nebraska, USA",13
master,event_location,"Moncton, New Brunswick, Canada",13
master,event_location,"Uniondale, New York, USA",13
master,event_location,"Zagreb, Croatia",13
master,event_location,"Monterrey, Nuevo Leon, Mexico",13
master,event_location,"Busan, South Korea",13
master,event_location,"Rochester, New York, USA",13
master,event_location,"Boise, Idaho, USA",13
master,event_location,"Copenhagen, Denmark",13
master,event_location,"Fort Campbell, Kentucky, USA",13
master,event_location,"Santiago, Chile",13
master,event_location,"Inglewood, California, USA",13
master,event_location,"Wichita, Kansas, USA",13
master,event_location,"Rio Rancho, New Mexico, USA",13
master,event_location,"Montevideo, Uruguay",13
master,event_location,"Prague, Czech Republic",13
master,event_location,"Saskatoon, Saskatchewan, Canada",12
master,event_location,"Raleigh, North Carolina, USA",12
master,event_location,"Des Moines, Iowa, USA",12
master,event_location,"Albany, New York, USA",12
master,event_location,"Elmont, New York, USA",12
master,event_location,"Hidalgo, Texas, USA",12
master,event_location,"Manila, Philippines",12
master,event_location,"Curitiba, Parana, Brazil",12
master,event_location,"Buenos Aires, Buenos Aires, Argentina",12
master,event_location,"Krakow, Poland",12
master,event_location,"Sioux Falls, South Dakota, USA",12
master,event_location,"Duluth, Georgia, USA",12
master,event_location,"Utica, New York, USA",12
master,event_location,"Beijing, China",12
master,event_location,"Cologne, North Rhine-Westphalia, Germany",12
master,event_location,"Nottingham, England, United Kingdom",11
master,event_location,"Auburn Hills, Michigan, USA",11
master,event_location,"Natal, Rio Grande do Norte, Brazil",11
master,event_location,"Berlin, Berlin, Germany",11
master,event_location,"Killeen, Texas, USA",11
master,event_location,"Memphis, Tennessee, USA",11
master,event_location,"Porto Alegre, Rio Grande do Sul, Brazil",11
master,event_location,"Belem, Para, Brazil",11
master,event_location,"Saint Petersburg, Saint Petersburg, Russia",11
master,event_location,"Albuquerque, New Mexico, USA",11
master,event_location,"Shenzhen, Guangdong, China",11
master,event_location,"Greenville, South Carolina, USA",11
master,event_location,"Seoul, South Korea",11
master,event_location,"Liverpool, England, United Kingdom",11
master,event_location,"Oakland, California, USA",11
master,event_location,"Gdansk, Poland",11
master,event_location,"Saitama, Saitama, Japan",10
master,event_location,"Baltimore, Maryland, USA",10
master,event_location,"Bangor, Maine, USA",10
master,event_location,"Uberlandia, Minas Gerais, Brazil",10
master,event_location,"Berlin, Germany",10
master,event_location,"Casper, Wyoming, USA",10
master,event_location,"Cleveland, Ohio, USA",10
master,event_location,"Oberhausen, North Rhine-Westphalia, Germany",10
master,event_location,"Rosemont, Illinois, USA",10
master,event_location,"Fayetteville, North Carolina, USA",10
master,event_location,"Gold Coast, Queensland, Australia",10
master,event_location,"Singapore, Singapore",10
master,event_location,"Dothan, Alabama, USA",9
master,event_location,"Ledyard, Connecticut, USA",9
master,event_location,"San Juan, Puerto Rico",9
master,event_location,"Mobile, Alabama, USA",9
master,event_location,"Newcastle, England, United Kingdom",9
master,event_location,"Bossier City, Louisiana, USA",8
master,event_location,"Yokohama, Kanagawa, Japan",7
master,event_location,"Chiba, Japan",7
master,weight_class,Lightweight,1830
master,weight_class,Welterweight,1693
master,weight_class,Middleweight,1523
master,weight_class,Featherweight,1101
master,weight_class,Heavyweight,1087
master,weight_class,Bantamweight,963
master,weight_class,Light Heavyweight,938
master,weight_class,Flyweight,495
master,weight_class,Women's Strawweight,408
master,weight_class,Open Weight,317
master,weight_class,Women's Flyweight,293
master,weight_class,Women's Bantamweight,275
master,weight_class,Catch Weight,184
master,weight_class,Bout,54
master,weight_class,Women's Featherweight,38
master,weight_class,WEC Featherweight,12
master,weight_class,WEC Lightweight,11
master,weight_class,WEC Bantamweight,10
master,weight_class,Strikeforce Lightweight,9
master,weight_class,Strikeforce Middleweight,8
master,weight_class,WEC Light Heavyweight,7
master,weight_class,Super Heavyweight,7
master,weight_class,Pride Middleweight,6
master,weight_class,Strikeforce Welterweight,6
master,weight_class,Strikeforce Women's 135 lbs.,6
master,weight_class,Strikeforce Light Heavyweight,6
master,weight_class,WEC Welterweight,5
master,weight_class,Pride Heavyweight,5
master,weight_class,Superfight,5
master,weight_class,Strikeforce Women's 145 lbs.,4
master,weight_class,DREAM Featherweight,4
master,weight_class,Women's Atomweight,4
master,weight_class,WEC Middleweight,3
master,weight_class,DREAM Lightweight,3
master,weight_class,Pride 2004 Heavyweight Tournament,2
master,weight_class,14 Middleweight Tournament,1
master,weight_class,Strikeforce Middleweight U.S.,1
master,weight_class,Pride 2003 Middleweight Tournament,1
master,weight_class,Ultimate Fighter Brazil 1 Featherweight Tournament,1
master,weight_class,3 Tournament,1
master,weight_class,Road to 3 Bantamweight Tournament,1
master,weight_class,Road to 2 Flyweight Tournament,1
master,weight_class,Ultimate Fighter 9 Welterweight Tournament,1
master,weight_class,Ultimate Fighter 12 Lightweight Tournament,1
master,weight_class,Road To 1 Lightweight Tournament,1
master,weight_class,Ultimate Fighter Brazil 2 Welterweight Tournament,1
master,weight_class,Ultimate Fighter 8 Light Heavyweight Tournament,1
master,weight_class,Road to 4 Lightweight Tournament,1
master,weight_class,Ultimate Fighter Latin America 2 Welterweight Tournament,1
master,weight_class,Ultimate Fighter 11 Middleweight Tournament,1
master,weight_class,13 Lightweight Tournament,1
master,weight_class,DREAM Middleweight,1
master,weight_class,DREAM 2009 Super Hulk Tournament,1
master,weight_class,Ultimate Fighter Brazil 3 Heavyweight Tournament,1
master,weight_class,Pride 2006 Welterweight Tournament,1
master,weight_class,DREAM 2010 Light Heavyweight Tournament,1
master,weight_class,Ultimate Fighter Brazil 1 Middleweight Tournament,1
master,weight_class,Ultimate Fighter Latin America Featherweight Tournament,1
master,weight_class,Ultimate Fighter 33 Flyweight Tournament,1
master,weight_class,DREAM Light Heavyweight,1
master,weight_class,DREAM 2008 Middleweight Tournament,1
master,weight_class,WEC Heavyweight,1
master,weight_class,Ultimate Fighter 8 Lightweight Tournament,1
master,weight_class,Ultimate Fighter 28 Heavyweight Tournament,1
master,weight_class,Ultimate Fighter 2 Heavyweight Tournament,1
master,weight_class,Road to 3 Women's Strawweight Tournament,1
master,weight_class,DREAM 2009 Featherweight Tournament,1
master,weight_class,DREAM 2011 Bantamweight Tournament,1
master,weight_class,Ultimate Fighter 13 Welterweight Tournament,1
master,weight_class,Pride 2006 Open Weight Tournament,1
master,weight_class,Ultimate Fighter Australia vs. UK Lightweight Tournament,1
master,weight_class,Ultimate Fighter 1 Middleweight Tournament,1
master,weight_class,Ultimate Fighter Brazil 4 Lightweight Tournament,1
master,weight_class,Ultimate Ultimate '96 Tournament,1
master,weight_class,8 Tournament,1
master,weight_class,10 Tournament,1
master,weight_class,Ultimate Japan 2 Heavyweight Tournament,1
master,weight_class,Ultimate Fighter 5 Lightweight Tournament,1
master,weight_class,Ultimate Fighter 17 Middleweight Tournament,1
master,weight_class,Ultimate Fighter 27 Lightweight Tournament,1
master,weight_class,Pride Lightweight,1
master,weight_class,Pride 2005 Lightweight Tournament,1
master,weight_class,1 Tournament,1
master,weight_class,Ultimate Fighter 19 Middleweight Tournament,1
master,weight_class,4 Tournament,1
master,weight_class,2 Tournament,1
master,weight_class,13 Heavyweight Tournament,1
master,weight_class,Ultimate Fighter 18 Bantamweight Tournament,1
master,weight_class,Ultimate Fighter 1 Light Heavyweight Tournament,1
master,weight_class,Ultimate Fighter 3 Middleweight Tournament,1
master,weight_class,Ultimate Fighter Latin America 2 Lightweight Tournament,1
master,weight_class,Ultimate Fighter 22 Lightweight Tournament,1
master,weight_class,Road to 2 Lightweight Tournament,1
master,weight_class,DREAM 2008 Lightweight Tournament,1
master,weight_class,Ultimate Fighter 21 Welterweight Tournament,1
master,weight_class,Ultimate Fighter 3 Light Heavyweight Tournament,1
master,weight_class,Pride 2005 Welterweight Tournament,1
master,weight_class,17 Middleweight Tournament,1
master,weight_class,DREAM 2009 Welterweight Tournament,1
master,weight_class,Strikeforce Heavyweight Grand Prix,1
master,weight_class,Road to 4 Flyweight Tournament,1
master,weight_class,5 Tournament,1
master,weight_class,Ultimate Fighter 14 Featherweight Tournament,1
master,weight_class,14 Heavyweight Tournament,1
master,weight_class,Ultimate Fighter Latin America 3 Lightweight Tournament,1
master,weight_class,15 Heavyweight Tournament,1
master,weight_class,Ultimate Fighter 28 Women's Featherweight Tournament,1
master,weight_class,Ultimate Fighter 15 Lightweight Tournament,1
master,weight_class,Road to 3 Flyweight Tournament,1
master,weight_class,Road to 1 Flyweight Tournament,1
master,weight_class,Pride 2000 Open Weight Tournament,1
master,weight_class,Ultimate Fighter 23 Women's Strawweight Tournament,1
master,weight_class,Ultimate Fighter 4 Middleweight Tournament,1
master,weight_class,Ultimate Fighter 27 Featherweight Tournament,1
master,weight_class,Ultimate Fighter 2 Welterweight Tournament,1
master,weight_class,DREAM 2011 Japan Bantamweight Tournament,1
master,weight_class,Road To 1 Bantamweight Tournament,1
master,weight_class,Road to 4 Featherweight Tournament,1
master,weight_class,Ultimate Fighter 10 Heavyweight Tournament,1
master,weight_class,Ultimate Fighter China Featherweight Tournament,1
master,weight_class,Road To 2 Featherweight Tournament,1
master,weight_class,TUF Nations Canada vs. Australia Welterweight Tournament,1
master,weight_class,Road To 1 Featherweight Tournament,1
master,weight_class,Ultimate Fighter 25 Welterweight Tournament,1
master,weight_class,Ultimate Fighter Brazil 4 Bantamweight Tournament,1
master,weight_class,Ultimate Fighter 32 Middleweight Tournament,1
master,weight_class,Road to 4 Bantamweight Tournament,1
master,weight_class,Ultimate Fighter 4 Welterweight Tournament,1
master,weight_class,Ultimate Fighter 6 Welterweight Tournament,1
master,weight_class,Ultimate Fighter 14 Bantamweight Tournament,1
master,weight_class,Ultimate Fighter 7 Middleweight Tournament,1
master,weight_class,Ultimate Fighter 33 Welterweight Tournament,1
master,weight_class,DREAM Heavyweight,1
master,weight_class,6 Tournament,1
master,weight_class,Strikeforce Women's Bantamweight Tournament,1
master,weight_class,Ultimate Fighter Brazil 3 Middleweight Tournament,1
master,weight_class,Ultimate Fighter 19 Light Heavyweight Tournament,1
master,weight_class,Pride 2005 Middleweight Tournament,1
master,weight_class,Ultimate Fighter 32 Featherweight Tournament,1
master,weight_class,Strikeforce Heavyweight,1
master,weight_class,Ultimate Fighter Latin America Bantamweight Tournament,1
master,weight_class,Ultimate Fighter 9 Lightweight Tournament,1
master,weight_class,Ultimate Fighter 18 Women's Bantamweight Tournament,1
master,weight_class,Strikeforce Four-Man Middleweight Tournament,1
master,weight_class,Ultimate Fighter 16 Welterweight Tournament,1
master,weight_class,Ultimate Fighter 23 Light Heavyweight Tournament,1
master,weight_class,7 Tournament,1
master,weight_class,Ultimate Ultimate '95 Tournament,1
master,weight_class,TUF Nations Canada vs. Australia Middleweight Tournament,1
master,weight_class,Ultimate Fighter China Welterweight Tournament,1
master,weight_class,Ultimate Fighter Australia vs. UK Welterweight Tournament,1
master,weight_class,Road to 3 Featherweight Tournament,1
master,weight_class,DREAM Welterweight,1
master,weight_class,Ultimate Japan Heavyweight Tournament,1
master,title_fight,0,10818
master,title_fight,1,623
master,result_status,win,11238
master,result_status,no_contest,118
master,result_status,draw,85
master,method,Decision - Unanimous,3860
master,method,KO/TKO,3715
master,method,Submission,2411
master,method,Decision - Split,1015
master,method,TKO - Doctor's Stoppage,152
master,method,Decision - Majority,117
master,method,Overturned,71
master,method,Could Not Continue,48
master,method,DQ,35
master,method,Other,14
master,method,Decision,3
master,finish_round,3,5341
master,finish_round,1,3682
master,finish_round,2,1986
master,finish_round,5,373
master,finish_round,4,57
master,finish_round,6,2
master,time_format,3 Rnd (5-5-5),9337
master,time_format,5 Rnd (5-5-5-5-5),902
master,time_format,2 Rnd (10-5),311
master,time_format,3 Rnd (10-5-5),293
master,time_format,3 Rnd + OT (5-5-5-5),159
master,time_format,1 Rnd + OT (12-3),88
master,time_format,2 Rnd (10-10),64
master,time_format,3 Rnd (3-3-3),58
master,time_format,No Time Limit,41
master,time_format,2 Rnd (5-5),40
master,time_format,1 Rnd (20),27
master,time_format,1 Rnd (15),23
master,time_format,3 Rnd (10-10-10),22
master,time_format,1 Rnd + 2OT (15-3-3),20
master,time_format,3 Rnd (4-4-4),9
master,time_format,1 Rnd (10),8
master,time_format,1 Rnd (12),6
master,time_format,3 Rnd (10-10-5),5
master,time_format,2 Rnd (3-3),3
master,time_format,1 Rnd + OT (30-5),3
master,time_format,1 Rnd + OT (15-3),2
master,time_format,1 Rnd + OT (15-10),2
master,time_format,5 Rnd (3-3-3-3-3),2
master,time_format,Unlimited Rnd  (15),2
master,time_format,1 Rnd (30),2
master,time_format,1 Rnd (18),2
master,time_format,4 Rnd (10-10-10-10),1
master,time_format,3 Rnd (2-2-2),1
master,time_format,5 Rnd (4-4-4-4-4),1
master,time_format,1 Rnd + OT (31-5),1
master,time_format,Unlimited Rnd (10),1
master,time_format,Unlimited Rnd (20),1
master,time_format,3 Rnd (8-8-8),1
master,time_format,1 Rnd + OT (27-3),1
master,time_format,1 Rnd + OT (30-3),1
master,time_format,1 Rnd + 2OT (24-3-3),1
master,bonuses,<missing>,9090
master,bonuses,Performance of the Night,1313
master,bonuses,Fight of the Night,580
master,bonuses,Knockout of the Night,208
master,bonuses,Submission of the Night,192
master,bonuses,"Fight of the Night, Performance of the Night",29
master,bonuses,"Fight of the Night, Submission of the Night",17
master,bonuses,"Fight of the Night, Knockout of the Night",12
master,r_height,"6' 0""",1201
master,r_height,"6' 1""",1109
master,r_height,"5' 9""",1094
master,r_height,"5' 10""",1079
master,r_height,"5' 11""",1034
master,r_height,"5' 8""",931
master,r_height,"5' 7""",913
master,r_height,"6' 2""",869
master,r_height,"5' 6""",799
master,r_height,"6' 3""",719
master,r_height,"6' 4""",424
master,r_height,"5' 5""",379
master,r_height,"5' 4""",292
master,r_height,"5' 3""",168
master,r_height,"6' 5""",95
master,r_height,<missing>,82
master,r_height,"5' 1""",70
master,r_height,"6' 6""",59
master,r_height,"5' 2""",49
master,r_height,"6' 7""",25
master,r_height,"6' 11""",17
master,r_height,"6' 8""",17
master,r_height,"6' 10""",8
master,r_height,"5' 0""",6
master,r_height,"7' 5""",1
master,r_height,"7' 2""",1
master,r_weight_lbs,170.0,1836
master,r_weight_lbs,155.0,1725
master,r_weight_lbs,185.0,1588
master,r_weight_lbs,135.0,1357
master,r_weight_lbs,145.0,1098
master,r_weight_lbs,205.0,1056
master,r_weight_lbs,125.0,830
master,r_weight_lbs,115.0,412
master,r_weight_lbs,265.0,234
master,r_weight_lbs,240.0,135
master,r_weight_lbs,230.0,118
master,r_weight_lbs,250.0,101
master,r_weight_lbs,260.0,69
master,r_weight_lbs,235.0,63
master,r_weight_lbs,154.0,61
master,r_weight_lbs,264.0,58
master,r_weight_lbs,225.0,48
master,r_weight_lbs,245.0,43
master,r_weight_lbs,139.0,40
master,r_weight_lbs,255.0,34
master,r_weight_lbs,200.0,30
master,r_weight_lbs,168.0,27
master,r_weight_lbs,242.0,23
master,r_weight_lbs,247.0,22
master,r_weight_lbs,183.0,22
master,r_weight_lbs,231.0,22
master,r_weight_lbs,248.0,20
master,r_weight_lbs,<missing>,19
master,r_weight_lbs,181.0,19
master,r_weight_lbs,210.0,18
master,r_weight_lbs,254.0,18
master,r_weight_lbs,238.0,17
master,r_weight_lbs,249.0,16
master,r_weight_lbs,175.0,15
master,r_weight_lbs,236.0,13
master,r_weight_lbs,195.0,13
master,r_weight_lbs,263.0,13
master,r_weight_lbs,199.0,12
master,r_weight_lbs,219.0,12
master,r_weight_lbs,241.0,12
master,r_weight_lbs,220.0,11
master,r_weight_lbs,258.0,11
master,r_weight_lbs,150.0,11
master,r_weight_lbs,190.0,10
master,r_weight_lbs,266.0,10
master,r_weight_lbs,253.0,9
master,r_weight_lbs,262.0,8
master,r_weight_lbs,280.0,8
master,r_weight_lbs,257.0,8
master,r_weight_lbs,215.0,7
master,r_weight_lbs,350.0,6
master,r_weight_lbs,243.0,6
master,r_weight_lbs,221.0,6
master,r_weight_lbs,239.0,5
master,r_weight_lbs,246.0,4
master,r_weight_lbs,300.0,4
master,r_weight_lbs,345.0,3
master,r_weight_lbs,234.0,3
master,r_weight_lbs,180.0,3
master,r_weight_lbs,323.0,3
master,r_weight_lbs,233.0,3
master,r_weight_lbs,244.0,3
master,r_weight_lbs,275.0,2
master,r_weight_lbs,270.0,2
master,r_weight_lbs,232.0,2
master,r_weight_lbs,226.0,2
master,r_weight_lbs,227.0,2
master,r_weight_lbs,130.0,2
master,r_weight_lbs,216.0,2
master,r_weight_lbs,310.0,2
master,r_weight_lbs,390.0,1
master,r_weight_lbs,193.0,1
master,r_weight_lbs,385.0,1
master,r_weight_lbs,192.0,1
master,r_weight_lbs,113.0,1
master,r_weight_lbs,290.0,1
master,r_weight_lbs,214.0,1
master,r_weight_lbs,295.0,1
master,r_weight_lbs,261.0,1
master,r_weight_lbs,224.0,1
master,r_weight_lbs,330.0,1
master,r_weight_lbs,212.0,1
master,r_weight_lbs,160.0,1
master,r_weight_lbs,252.0,1
master,r_reach_inches,<missing>,1317
master,r_reach_inches,70.0,986
master,r_reach_inches,74.0,934
master,r_reach_inches,73.0,882
master,r_reach_inches,75.0,865
master,r_reach_inches,71.0,862
master,r_reach_inches,72.0,823
master,r_reach_inches,76.0,664
master,r_reach_inches,68.0,574
master,r_reach_inches,77.0,538
master,r_reach_inches,69.0,519
master,r_reach_inches,67.0,433
master,r_reach_inches,66.0,373
master,r_reach_inches,78.0,299
master,r_reach_inches,65.0,285
master,r_reach_inches,79.0,246
master,r_reach_inches,80.0,228
master,r_reach_inches,64.0,178
master,r_reach_inches,63.0,135
master,r_reach_inches,62.0,67
master,r_reach_inches,81.0,63
master,r_reach_inches,84.0,45
master,r_reach_inches,82.0,44
master,r_reach_inches,83.0,25
master,r_reach_inches,61.0,23
master,r_reach_inches,60.0,22
master,r_reach_inches,59.0,7
master,r_reach_inches,58.0,4
master,r_stance,Orthodox,8352
master,r_stance,Southpaw,2247
master,r_stance,Switch,603
master,r_stance,<missing>,222
master,r_stance,Open Stance,15
master,r_stance,Sideways,2
master,r_str_acc,47,634
master,r_str_acc,48,630
master,r_str_acc,42,617
master,r_str_acc,41,612
master,r_str_acc,45,596
master,r_str_acc,50,574
master,r_str_acc,40,567
master,r_str_acc,46,564
master,r_str_acc,44,509
master,r_str_acc,49,509
master,r_str_acc,43,453
master,r_str_acc,39,420
master,r_str_acc,52,411
master,r_str_acc,51,389
master,r_str_acc,53,337
master,r_str_acc,37,304
master,r_str_acc,36,287
master,r_str_acc,0,279
master,r_str_acc,54,270
master,r_str_acc,38,253
master,r_str_acc,35,211
master,r_str_acc,34,200
master,r_str_acc,55,187
master,r_str_acc,33,179
master,r_str_acc,57,154
master,r_str_acc,56,147
master,r_str_acc,58,125
master,r_str_acc,32,113
master,r_str_acc,61,111
master,r_str_acc,60,82
master,r_str_acc,31,81
master,r_str_acc,30,67
master,r_str_acc,64,67
master,r_str_acc,59,66
master,r_str_acc,29,51
master,r_str_acc,28,43
master,r_str_acc,27,39
master,r_str_acc,62,32
master,r_str_acc,26,28
master,r_str_acc,25,23
master,r_str_acc,66,20
master,r_str_acc,24,16
master,r_str_acc,20,16
master,r_str_acc,67,16
master,r_str_acc,65,16
master,r_str_acc,63,15
master,r_str_acc,69,14
master,r_str_acc,68,14
master,r_str_acc,71,13
master,r_str_acc,75,10
master,r_str_acc,21,10
master,r_str_acc,72,9
master,r_str_acc,70,6
master,r_str_acc,23,5
master,r_str_acc,83,5
master,r_str_acc,19,5
master,r_str_acc,15,4
master,r_str_acc,73,4
master,r_str_acc,12,3
master,r_str_acc,22,3
master,r_str_acc,8,2
master,r_str_acc,18,2
master,r_str_acc,16,2
master,r_str_acc,74,2
master,r_str_acc,17,1
master,r_str_acc,77,1
master,r_str_acc,5,1
master,r_str_acc,79,1
master,r_str_acc,7,1
master,r_str_acc,80,1
master,r_str_acc,78,1
master,r_str_acc,100,1
master,r_str_def,54,751
master,r_str_def,57,706
master,r_str_def,55,681
master,r_str_def,51,646
master,r_str_def,60,610
master,r_str_def,56,600
master,r_str_def,59,568
master,r_str_def,50,528
master,r_str_def,52,492
master,r_str_def,53,455
master,r_str_def,58,450
master,r_str_def,61,442
master,r_str_def,63,413
master,r_str_def,62,401
master,r_str_def,49,315
master,r_str_def,64,282
master,r_str_def,0,276
master,r_str_def,46,263
master,r_str_def,47,252
master,r_str_def,65,246
master,r_str_def,48,244
master,r_str_def,44,204
master,r_str_def,66,179
master,r_str_def,45,137
master,r_str_def,42,127
master,r_str_def,43,122
master,r_str_def,67,111
master,r_str_def,40,109
master,r_str_def,68,104
master,r_str_def,41,95
master,r_str_def,38,93
master,r_str_def,72,59
master,r_str_def,37,54
master,r_str_def,39,47
master,r_str_def,69,41
master,r_str_def,70,34
master,r_str_def,35,33
master,r_str_def,71,30
master,r_str_def,36,26
master,r_str_def,33,23
master,r_str_def,28,20
master,r_str_def,32,17
master,r_str_def,34,17
master,r_str_def,31,17
master,r_str_def,30,14
master,r_str_def,74,13
master,r_str_def,25,12
master,r_str_def,100,9
master,r_str_def,76,7
master,r_str_def,81,6
master,r_str_def,77,6
master,r_str_def,26,5
master,r_str_def,29,5
master,r_str_def,23,5
master,r_str_def,78,5
master,r_str_def,27,5
master,r_str_def,79,5
master,r_str_def,20,4
master,r_str_def,19,4
master,r_str_def,73,3
master,r_str_def,84,2
master,r_str_def,85,2
master,r_str_def,15,1
master,r_str_def,75,1
master,r_str_def,22,1
master,r_str_def,11,1
master,r_str_def,6,1
master,r_str_def,12,1
master,r_str_def,21,1
master,r_str_def,24,1
master,r_str_def,83,1
master,r_td_acc,0,1083
master,r_td_acc,50,560
master,r_td_acc,33,556
master,r_td_acc,35,395
master,r_td_acc,45,370
master,r_td_acc,40,357
master,r_td_acc,36,328
master,r_td_acc,42,324
master,r_td_acc,30,303
master,r_td_acc,41,298
master,r_td_acc,39,264
master,r_td_acc,55,259
master,r_td_acc,38,254
master,r_td_acc,46,249
master,r_td_acc,34,244
master,r_td_acc,48,243
master,r_td_acc,25,232
master,r_td_acc,100,213
master,r_td_acc,44,201
master,r_td_acc,29,201
master,r_td_acc,53,197
master,r_td_acc,47,192
master,r_td_acc,31,189
master,r_td_acc,60,184
master,r_td_acc,28,183
master,r_td_acc,43,180
master,r_td_acc,66,169
master,r_td_acc,26,163
master,r_td_acc,20,155
master,r_td_acc,37,150
master,r_td_acc,32,146
master,r_td_acc,24,145
master,r_td_acc,57,138
master,r_td_acc,54,122
master,r_td_acc,52,121
master,r_td_acc,27,118
master,r_td_acc,22,116
master,r_td_acc,51,116
master,r_td_acc,16,115
master,r_td_acc,23,108
master,r_td_acc,18,107
master,r_td_acc,62,98
master,r_td_acc,56,95
master,r_td_acc,75,93
master,r_td_acc,63,86
master,r_td_acc,65,78
master,r_td_acc,14,68
master,r_td_acc,58,57
master,r_td_acc,15,54
master,r_td_acc,68,54
master,r_td_acc,77,45
master,r_td_acc,80,44
master,r_td_acc,21,41
master,r_td_acc,64,41
master,r_td_acc,59,41
master,r_td_acc,11,40
master,r_td_acc,7,31
master,r_td_acc,9,31
master,r_td_acc,61,31
master,r_td_acc,12,30
master,r_td_acc,71,29
master,r_td_acc,69,27
master,r_td_acc,49,26
master,r_td_acc,19,26
master,r_td_acc,17,26
master,r_td_acc,70,26
master,r_td_acc,74,25
master,r_td_acc,67,22
master,r_td_acc,72,19
master,r_td_acc,73,18
master,r_td_acc,78,15
master,r_td_acc,13,12
master,r_td_acc,6,10
master,r_td_acc,76,9
master,r_td_acc,10,8
master,r_td_acc,83,8
master,r_td_acc,84,8
master,r_td_acc,81,7
master,r_td_acc,8,5
master,r_td_acc,85,4
master,r_td_acc,91,2
master,r_td_acc,5,2
master,r_td_acc,90,1
master,r_td_def,0,639
master,r_td_def,66,521
master,r_td_def,50,437
master,r_td_def,60,385
master,r_td_def,63,368
master,r_td_def,100,344
master,r_td_def,70,297
master,r_td_def,75,296
master,r_td_def,62,270
master,r_td_def,73,266
master,r_td_def,65,259
master,r_td_def,57,257
master,r_td_def,53,240
master,r_td_def,64,234
master,r_td_def,71,230
master,r_td_def,80,226
master,r_td_def,58,223
master,r_td_def,59,223
master,r_td_def,76,216
master,r_td_def,72,211
master,r_td_def,54,208
master,r_td_def,55,203
master,r_td_def,68,190
master,r_td_def,61,183
master,r_td_def,82,182
master,r_td_def,77,179
master,r_td_def,83,176
master,r_td_def,81,172
master,r_td_def,78,168
master,r_td_def,47,154
master,r_td_def,56,152
master,r_td_def,46,147
master,r_td_def,69,146
master,r_td_def,33,144
master,r_td_def,67,128
master,r_td_def,37,127
master,r_td_def,52,124
master,r_td_def,25,123
master,r_td_def,35,114
master,r_td_def,38,111
master,r_td_def,86,108
master,r_td_def,85,100
master,r_td_def,87,100
master,r_td_def,42,98
master,r_td_def,43,97
master,r_td_def,40,97
master,r_td_def,74,94
master,r_td_def,92,91
master,r_td_def,36,88
master,r_td_def,44,82
master,r_td_def,30,78
master,r_td_def,45,73
master,r_td_def,51,70
master,r_td_def,90,68
master,r_td_def,48,62
master,r_td_def,84,62
master,r_td_def,41,60
master,r_td_def,88,59
master,r_td_def,31,58
master,r_td_def,39,51
master,r_td_def,91,46
master,r_td_def,49,41
master,r_td_def,79,40
master,r_td_def,20,38
master,r_td_def,28,37
master,r_td_def,32,34
master,r_td_def,29,32
master,r_td_def,27,31
master,r_td_def,34,29
master,r_td_def,16,28
master,r_td_def,95,24
master,r_td_def,26,24
master,r_td_def,89,20
master,r_td_def,5,19
master,r_td_def,94,16
master,r_td_def,14,15
master,r_td_def,23,14
master,r_td_def,93,13
master,r_td_def,22,12
master,r_td_def,17,10
master,r_td_def,96,9
master,r_td_def,19,8
master,r_td_def,21,8
master,r_td_def,24,6
master,r_td_def,11,5
master,r_td_def,10,5
master,r_td_def,13,4
master,r_td_def,18,2
master,r_td_def,7,2
master,r_sub_avg,0.0,2414
master,r_sub_avg,0.2,889
master,r_sub_avg,0.3,841
master,r_sub_avg,0.1,802
master,r_sub_avg,0.4,725
master,r_sub_avg,0.8,710
master,r_sub_avg,0.6,700
master,r_sub_avg,0.5,685
master,r_sub_avg,0.7,584
master,r_sub_avg,1.0,420
master,r_sub_avg,1.1,374
master,r_sub_avg,1.2,324
master,r_sub_avg,0.9,314
master,r_sub_avg,1.3,276
master,r_sub_avg,1.4,178
master,r_sub_avg,1.7,149
master,r_sub_avg,1.5,119
master,r_sub_avg,2.0,115
master,r_sub_avg,1.8,114
master,r_sub_avg,1.9,105
master,r_sub_avg,1.6,96
master,r_sub_avg,2.2,63
master,r_sub_avg,2.4,63
master,r_sub_avg,2.3,50
master,r_sub_avg,2.5,42
master,r_sub_avg,2.6,41
master,r_sub_avg,2.1,32
master,r_sub_avg,4.0,32
master,r_sub_avg,2.8,22
master,r_sub_avg,4.1,19
master,r_sub_avg,4.8,16
master,r_sub_avg,3.0,13
master,r_sub_avg,3.6,12
master,r_sub_avg,3.4,10
master,r_sub_avg,3.8,9
master,r_sub_avg,4.3,8
master,r_sub_avg,7.4,7
master,r_sub_avg,3.5,6
master,r_sub_avg,2.9,5
master,r_sub_avg,2.7,5
master,r_sub_avg,4.2,5
master,r_sub_avg,6.2,5
master,r_sub_avg,9.0,4
master,r_sub_avg,3.2,4
master,r_sub_avg,6.1,3
master,r_sub_avg,5.5,3
master,r_sub_avg,3.3,3
master,r_sub_avg,5.0,2
master,r_sub_avg,4.7,2
master,r_sub_avg,3.1,2
master,r_sub_avg,9.2,1
master,r_sub_avg,5.4,1
master,r_sub_avg,4.4,1
master,r_sub_avg,21.6,1
master,r_sub_avg,11.0,1
master,r_sub_avg,12.1,1
master,r_sub_avg,12.0,1
master,r_sub_avg,3.7,1
master,r_sub_avg,5.1,1
master,r_sub_avg,4.5,1
master,r_sub_avg,21.9,1
master,r_sub_avg,7.7,1
master,r_sub_avg,6.3,1
master,r_sub_avg,5.3,1
master,r_sub_avg,8.1,1
master,r_sub_avg,7.0,1
master,r_sub_avg,4.6,1
master,r_sub_avg,10.2,1
master,r_sub_avg,7.9,1
master,b_height,"6' 0""",1249
master,b_height,"5' 10""",1175
master,b_height,"5' 9""",1081
master,b_height,"5' 11""",1047
master,b_height,"6' 1""",1000
master,b_height,"5' 8""",943
master,b_height,"5' 7""",931
master,b_height,"6' 2""",761
master,b_height,"6' 3""",732
master,b_height,"5' 6""",724
master,b_height,"5' 5""",408
master,b_height,"6' 4""",384
master,b_height,"5' 4""",254
master,b_height,"5' 3""",186
master,b_height,<missing>,168
master,b_height,"6' 5""",110
master,b_height,"6' 6""",71
master,b_height,"5' 2""",65
master,b_height,"5' 1""",58
master,b_height,"6' 7""",32
master,b_height,"6' 8""",17
master,b_height,"5' 0""",14
master,b_height,"6' 10""",12
master,b_height,"6' 11""",9
master,b_height,"7' 5""",6
master,b_height,"7' 2""",3
master,b_height,"4' 7""",1
master,b_weight_lbs,155.0,1807
master,b_weight_lbs,170.0,1753
master,b_weight_lbs,185.0,1493
master,b_weight_lbs,135.0,1345
master,b_weight_lbs,145.0,1096
master,b_weight_lbs,205.0,1075
master,b_weight_lbs,125.0,849
master,b_weight_lbs,115.0,414
master,b_weight_lbs,265.0,204
master,b_weight_lbs,250.0,101
master,b_weight_lbs,230.0,83
master,b_weight_lbs,240.0,79
master,b_weight_lbs,260.0,76
master,b_weight_lbs,225.0,62
master,b_weight_lbs,235.0,62
master,b_weight_lbs,<missing>,52
master,b_weight_lbs,200.0,50
master,b_weight_lbs,245.0,50
master,b_weight_lbs,264.0,47
master,b_weight_lbs,220.0,42
master,b_weight_lbs,154.0,42
master,b_weight_lbs,139.0,42
master,b_weight_lbs,183.0,37
master,b_weight_lbs,255.0,33
master,b_weight_lbs,242.0,31
master,b_weight_lbs,168.0,29
master,b_weight_lbs,238.0,24
master,b_weight_lbs,247.0,21
master,b_weight_lbs,210.0,21
master,b_weight_lbs,249.0,19
master,b_weight_lbs,195.0,19
master,b_weight_lbs,199.0,18
master,b_weight_lbs,215.0,18
master,b_weight_lbs,190.0,16
master,b_weight_lbs,253.0,16
master,b_weight_lbs,241.0,15
master,b_weight_lbs,263.0,14
master,b_weight_lbs,181.0,13
master,b_weight_lbs,236.0,13
master,b_weight_lbs,254.0,13
master,b_weight_lbs,258.0,11
master,b_weight_lbs,231.0,10
master,b_weight_lbs,280.0,10
master,b_weight_lbs,243.0,10
master,b_weight_lbs,150.0,9
master,b_weight_lbs,180.0,9
master,b_weight_lbs,270.0,8
master,b_weight_lbs,275.0,8
master,b_weight_lbs,385.0,7
master,b_weight_lbs,160.0,7
master,b_weight_lbs,257.0,7
master,b_weight_lbs,300.0,7
master,b_weight_lbs,246.0,7
master,b_weight_lbs,345.0,6
master,b_weight_lbs,350.0,6
master,b_weight_lbs,266.0,6
master,b_weight_lbs,248.0,5
master,b_weight_lbs,244.0,5
master,b_weight_lbs,175.0,5
master,b_weight_lbs,219.0,5
master,b_weight_lbs,262.0,5
master,b_weight_lbs,261.0,5
master,b_weight_lbs,233.0,5
master,b_weight_lbs,259.0,4
master,b_weight_lbs,161.0,4
master,b_weight_lbs,290.0,4
master,b_weight_lbs,234.0,4
master,b_weight_lbs,239.0,4
master,b_weight_lbs,390.0,3
master,b_weight_lbs,143.0,3
master,b_weight_lbs,315.0,3
master,b_weight_lbs,330.0,3
master,b_weight_lbs,216.0,3
master,b_weight_lbs,178.0,3
master,b_weight_lbs,165.0,3
master,b_weight_lbs,221.0,3
master,b_weight_lbs,196.0,2
master,b_weight_lbs,400.0,2
master,b_weight_lbs,232.0,2
master,b_weight_lbs,295.0,2
master,b_weight_lbs,130.0,2
master,b_weight_lbs,323.0,2
master,b_weight_lbs,770.0,2
master,b_weight_lbs,310.0,2
master,b_weight_lbs,251.0,2
master,b_weight_lbs,105.0,2
master,b_weight_lbs,167.0,1
master,b_weight_lbs,193.0,1
master,b_weight_lbs,286.0,1
master,b_weight_lbs,285.0,1
master,b_weight_lbs,227.0,1
master,b_weight_lbs,197.0,1
master,b_weight_lbs,410.0,1
master,b_weight_lbs,113.0,1
master,b_weight_lbs,198.0,1
master,b_weight_lbs,194.0,1
master,b_weight_lbs,256.0,1
master,b_weight_lbs,430.0,1
master,b_weight_lbs,217.0,1
master,b_weight_lbs,212.0,1
master,b_weight_lbs,335.0,1
master,b_weight_lbs,320.0,1
master,b_weight_lbs,229.0,1
master,b_weight_lbs,188.0,1
master,b_weight_lbs,207.0,1
master,b_weight_lbs,252.0,1
master,b_reach_inches,<missing>,2343
master,b_reach_inches,70.0,903
master,b_reach_inches,72.0,813
master,b_reach_inches,71.0,796
master,b_reach_inches,74.0,785
master,b_reach_inches,73.0,750
master,b_reach_inches,75.0,750
master,b_reach_inches,69.0,545
master,b_reach_inches,76.0,538
master,b_reach_inches,68.0,528
master,b_reach_inches,77.0,439
master,b_reach_inches,67.0,427
master,b_reach_inches,78.0,313
master,b_reach_inches,66.0,291
master,b_reach_inches,65.0,270
master,b_reach_inches,64.0,190
master,b_reach_inches,79.0,185
master,b_reach_inches,80.0,166
master,b_reach_inches,63.0,132
master,b_reach_inches,62.0,63
master,b_reach_inches,81.0,63
master,b_reach_inches,82.0,47
master,b_reach_inches,61.0,38
master,b_reach_inches,84.0,18
master,b_reach_inches,83.0,17
master,b_reach_inches,60.0,14
master,b_reach_inches,58.0,9
master,b_reach_inches,59.0,8
master,b_stance,Orthodox,8336
master,b_stance,Southpaw,2070
master,b_stance,Switch,602
master,b_stance,<missing>,414
master,b_stance,Open Stance,15
master,b_stance,Sideways,4
master,b_str_acc,47,625
master,b_str_acc,42,562
master,b_str_acc,45,559
master,b_str_acc,48,544
master,b_str_acc,50,541
master,b_str_acc,0,528
master,b_str_acc,41,508
master,b_str_acc,40,498
master,b_str_acc,49,498
master,b_str_acc,46,486
master,b_str_acc,44,452
master,b_str_acc,43,430
master,b_str_acc,39,408
master,b_str_acc,51,333
master,b_str_acc,37,330
master,b_str_acc,52,315
master,b_str_acc,38,310
master,b_str_acc,53,281
master,b_str_acc,36,280
master,b_str_acc,54,244
master,b_str_acc,34,230
master,b_str_acc,33,215
master,b_str_acc,35,209
master,b_str_acc,55,187
master,b_str_acc,57,170
master,b_str_acc,32,157
master,b_str_acc,56,146
master,b_str_acc,31,120
master,b_str_acc,30,111
master,b_str_acc,58,92
master,b_str_acc,60,78
master,b_str_acc,25,72
master,b_str_acc,61,72
master,b_str_acc,29,71
master,b_str_acc,26,69
master,b_str_acc,27,65
master,b_str_acc,28,58
master,b_str_acc,59,58
master,b_str_acc,64,48
master,b_str_acc,62,41
master,b_str_acc,66,32
master,b_str_acc,20,31
master,b_str_acc,23,31
master,b_str_acc,21,30
master,b_str_acc,65,28
master,b_str_acc,24,28
master,b_str_acc,22,28
master,b_str_acc,63,25
master,b_str_acc,69,21
master,b_str_acc,100,17
master,b_str_acc,67,15
master,b_str_acc,16,13
master,b_str_acc,19,13
master,b_str_acc,15,11
master,b_str_acc,70,11
master,b_str_acc,68,10
master,b_str_acc,75,9
master,b_str_acc,12,9
master,b_str_acc,14,7
master,b_str_acc,71,7
master,b_str_acc,83,7
master,b_str_acc,10,7
master,b_str_acc,80,6
master,b_str_acc,9,4
master,b_str_acc,85,4
master,b_str_acc,79,4
master,b_str_acc,18,4
master,b_str_acc,73,3
master,b_str_acc,11,3
master,b_str_acc,72,3
master,b_str_acc,13,3
master,b_str_acc,86,3
master,b_str_acc,92,2
master,b_str_acc,7,2
master,b_str_acc,74,2
master,b_str_acc,17,2
master,b_str_acc,87,2
master,b_str_acc,4,1
master,b_str_acc,5,1
master,b_str_acc,77,1
master,b_str_def,54,646
master,b_str_def,55,637
master,b_str_def,51,616
master,b_str_def,50,607
master,b_str_def,57,581
master,b_str_def,52,559
master,b_str_def,56,524
master,b_str_def,60,494
master,b_str_def,58,475
master,b_str_def,53,458
master,b_str_def,0,454
master,b_str_def,59,440
master,b_str_def,61,349
master,b_str_def,49,333
master,b_str_def,46,322
master,b_str_def,62,311
master,b_str_def,48,308
master,b_str_def,47,284
master,b_str_def,63,284
master,b_str_def,44,233
master,b_str_def,64,214
master,b_str_def,45,200
master,b_str_def,65,194
master,b_str_def,43,187
master,b_str_def,42,183
master,b_str_def,41,162
master,b_str_def,40,144
master,b_str_def,38,130
master,b_str_def,66,126
master,b_str_def,68,82
master,b_str_def,36,71
master,b_str_def,35,69
master,b_str_def,39,67
master,b_str_def,67,64
master,b_str_def,37,57
master,b_str_def,33,53
master,b_str_def,69,49
master,b_str_def,30,38
master,b_str_def,70,38
master,b_str_def,28,33
master,b_str_def,34,31
master,b_str_def,71,29
master,b_str_def,31,29
master,b_str_def,72,26
master,b_str_def,32,23
master,b_str_def,25,18
master,b_str_def,26,17
master,b_str_def,29,16
master,b_str_def,22,15
master,b_str_def,100,14
master,b_str_def,27,12
master,b_str_def,74,11
master,b_str_def,19,9
master,b_str_def,20,9
master,b_str_def,23,8
master,b_str_def,73,7
master,b_str_def,75,7
master,b_str_def,21,7
master,b_str_def,80,7
master,b_str_def,11,6
master,b_str_def,77,6
master,b_str_def,78,6
master,b_str_def,16,6
master,b_str_def,17,5
master,b_str_def,76,5
master,b_str_def,81,4
master,b_str_def,15,4
master,b_str_def,13,3
master,b_str_def,12,3
master,b_str_def,4,3
master,b_str_def,10,3
master,b_str_def,82,2
master,b_str_def,24,2
master,b_str_def,79,2
master,b_str_def,14,2
master,b_str_def,18,2
master,b_str_def,9,2
master,b_str_def,92,1
master,b_str_def,83,1
master,b_str_def,86,1
master,b_str_def,85,1
master,b_td_acc,0,1991
master,b_td_acc,50,630
master,b_td_acc,33,590
master,b_td_acc,40,345
master,b_td_acc,100,340
master,b_td_acc,42,301
master,b_td_acc,35,300
master,b_td_acc,25,289
master,b_td_acc,30,261
master,b_td_acc,36,255
master,b_td_acc,45,244
master,b_td_acc,38,236
master,b_td_acc,41,234
master,b_td_acc,20,206
master,b_td_acc,34,205
master,b_td_acc,28,202
master,b_td_acc,37,197
master,b_td_acc,66,184
master,b_td_acc,43,178
master,b_td_acc,55,177
master,b_td_acc,44,175
master,b_td_acc,29,173
master,b_td_acc,46,172
master,b_td_acc,39,169
master,b_td_acc,48,163
master,b_td_acc,26,153
master,b_td_acc,31,150
master,b_td_acc,47,148
master,b_td_acc,18,148
master,b_td_acc,16,148
master,b_td_acc,22,146
master,b_td_acc,60,145
master,b_td_acc,32,134
master,b_td_acc,53,130
master,b_td_acc,57,124
master,b_td_acc,27,124
master,b_td_acc,52,122
master,b_td_acc,24,114
master,b_td_acc,54,95
master,b_td_acc,23,85
master,b_td_acc,62,79
master,b_td_acc,51,71
master,b_td_acc,14,67
master,b_td_acc,21,67
master,b_td_acc,75,61
master,b_td_acc,63,56
master,b_td_acc,59,53
master,b_td_acc,15,51
master,b_td_acc,56,50
master,b_td_acc,58,48
master,b_td_acc,12,47
master,b_td_acc,11,46
master,b_td_acc,80,44
master,b_td_acc,9,39
master,b_td_acc,68,33
master,b_td_acc,71,31
master,b_td_acc,17,31
master,b_td_acc,64,29
master,b_td_acc,65,28
master,b_td_acc,19,27
master,b_td_acc,61,23
master,b_td_acc,83,22
master,b_td_acc,7,22
master,b_td_acc,73,22
master,b_td_acc,70,21
master,b_td_acc,13,20
master,b_td_acc,77,19
master,b_td_acc,10,19
master,b_td_acc,49,18
master,b_td_acc,69,16
master,b_td_acc,72,15
master,b_td_acc,76,11
master,b_td_acc,78,11
master,b_td_acc,67,11
master,b_td_acc,6,11
master,b_td_acc,8,8
master,b_td_acc,85,7
master,b_td_acc,5,7
master,b_td_acc,84,5
master,b_td_acc,4,3
master,b_td_acc,74,3
master,b_td_acc,81,3
master,b_td_acc,91,2
master,b_td_acc,87,1
master,b_td_def,0,1361
master,b_td_def,50,562
master,b_td_def,66,518
master,b_td_def,100,419
master,b_td_def,60,299
master,b_td_def,75,266
master,b_td_def,57,261
master,b_td_def,63,261
master,b_td_def,70,245
master,b_td_def,33,240
master,b_td_def,72,236
master,b_td_def,65,223
master,b_td_def,68,222
master,b_td_def,53,217
master,b_td_def,62,216
master,b_td_def,80,203
master,b_td_def,64,201
master,b_td_def,58,199
master,b_td_def,71,194
master,b_td_def,54,190
master,b_td_def,55,175
master,b_td_def,40,173
master,b_td_def,73,168
master,b_td_def,76,168
master,b_td_def,59,163
master,b_td_def,77,162
master,b_td_def,61,150
master,b_td_def,83,149
master,b_td_def,67,144
master,b_td_def,25,143
master,b_td_def,52,138
master,b_td_def,46,134
master,b_td_def,69,133
master,b_td_def,47,127
master,b_td_def,82,125
master,b_td_def,81,123
master,b_td_def,37,121
master,b_td_def,78,120
master,b_td_def,44,112
master,b_td_def,43,109
master,b_td_def,85,107
master,b_td_def,56,107
master,b_td_def,42,97
master,b_td_def,86,92
master,b_td_def,35,90
master,b_td_def,30,89
master,b_td_def,87,83
master,b_td_def,38,81
master,b_td_def,90,80
master,b_td_def,45,77
master,b_td_def,20,76
master,b_td_def,74,76
master,b_td_def,36,71
master,b_td_def,51,66
master,b_td_def,41,63
master,b_td_def,28,60
master,b_td_def,88,53
master,b_td_def,16,48
master,b_td_def,84,48
master,b_td_def,31,47
master,b_td_def,79,42
master,b_td_def,92,41
master,b_td_def,27,40
master,b_td_def,48,35
master,b_td_def,39,35
master,b_td_def,32,33
master,b_td_def,14,31
master,b_td_def,91,30
master,b_td_def,34,28
master,b_td_def,26,26
master,b_td_def,89,25
master,b_td_def,22,25
master,b_td_def,29,23
master,b_td_def,49,13
master,b_td_def,21,13
master,b_td_def,5,12
master,b_td_def,10,12
master,b_td_def,11,11
master,b_td_def,23,10
master,b_td_def,95,10
master,b_td_def,94,10
master,b_td_def,18,8
master,b_td_def,15,7
master,b_td_def,93,7
master,b_td_def,24,6
master,b_td_def,12,5
master,b_td_def,96,5
master,b_td_def,8,4
master,b_td_def,7,4
master,b_td_def,13,4
master,b_td_def,19,2
master,b_td_def,17,2
master,b_td_def,6,1
master,b_sub_avg,0.0,3572
master,b_sub_avg,0.2,756
master,b_sub_avg,0.1,698
master,b_sub_avg,0.4,688
master,b_sub_avg,0.3,663
master,b_sub_avg,0.5,660
master,b_sub_avg,0.6,637
master,b_sub_avg,0.8,571
master,b_sub_avg,0.7,470
master,b_sub_avg,1.0,331
master,b_sub_avg,0.9,296
master,b_sub_avg,1.2,287
master,b_sub_avg,1.1,283
master,b_sub_avg,1.3,228
master,b_sub_avg,1.4,155
master,b_sub_avg,1.5,127
master,b_sub_avg,1.7,105
master,b_sub_avg,2.0,97
master,b_sub_avg,1.9,87
master,b_sub_avg,1.6,84
master,b_sub_avg,1.8,80
master,b_sub_avg,2.3,55
master,b_sub_avg,2.2,52
master,b_sub_avg,2.5,51
master,b_sub_avg,2.1,50
master,b_sub_avg,2.6,48
master,b_sub_avg,2.4,43
master,b_sub_avg,3.6,23
master,b_sub_avg,2.8,20
master,b_sub_avg,2.7,18
master,b_sub_avg,4.0,16
master,b_sub_avg,3.5,12
master,b_sub_avg,3.1,10
master,b_sub_avg,3.4,10
master,b_sub_avg,3.0,10
master,b_sub_avg,3.3,10
master,b_sub_avg,2.9,9
master,b_sub_avg,4.1,9
master,b_sub_avg,3.2,7
master,b_sub_avg,4.8,7
master,b_sub_avg,4.2,6
master,b_sub_avg,6.2,6
master,b_sub_avg,4.3,5
master,b_sub_avg,3.8,5
master,b_sub_avg,4.7,5
master,b_sub_avg,5.1,5
master,b_sub_avg,5.2,4
master,b_sub_avg,14.3,4
master,b_sub_avg,7.9,4
master,b_sub_avg,4.9,3
master,b_sub_avg,6.1,3
master,b_sub_avg,3.9,3
master,b_sub_avg,7.7,3
master,b_sub_avg,14.5,3
master,b_sub_avg,5.5,3
master,b_sub_avg,9.0,3
master,b_sub_avg,7.0,2
master,b_sub_avg,7.4,2
master,b_sub_avg,5.4,2
master,b_sub_avg,12.1,2
master,b_sub_avg,6.3,2
master,b_sub_avg,5.0,2
master,b_sub_avg,5.3,2
master,b_sub_avg,7.6,2
master,b_sub_avg,8.1,2
master,b_sub_avg,4.6,1
master,b_sub_avg,11.1,1
master,b_sub_avg,6.9,1
master,b_sub_avg,4.5,1
master,b_sub_avg,9.2,1
master,b_sub_avg,7.2,1
master,b_sub_avg,10.0,1
master,b_sub_avg,20.9,1
master,b_sub_avg,8.2,1
master,b_sub_avg,4.4,1
master,b_sub_avg,9.6,1
master,b_sub_avg,6.5,1
master,b_sub_avg,8.5,1
master,b_sub_avg,20.4,1
master,b_sub_avg,9.3,1
master,b_sub_avg,7.5,1
master,b_sub_avg,6.0,1
master,b_sub_avg,14.4,1
master,b_sub_avg,10.2,1
master,b_sub_avg,9.9,1
master,b_sub_avg,12.3,1
master,b_sub_avg,16.4,1
master,b_sub_avg,8.3,1
master,r_total_kd,0,9011
master,r_total_kd,1,2077
master,r_total_kd,2,308
master,r_total_kd,3,38
master,r_total_kd,4,5
master,r_total_kd,5,2
master,b_total_kd,0,9823
master,b_total_kd,1,1401
master,b_total_kd,2,179
master,b_total_kd,3,34
master,b_total_kd,4,3
master,b_total_kd,6,1
master,r_total_sig_landed,0,530
master,r_total_sig_landed,2,242
master,r_total_sig_landed,3,230
master,r_total_sig_landed,4,230
master,r_total_sig_landed,6,228
master,r_total_sig_landed,10,211
master,r_total_sig_landed,9,209
master,r_total_sig_landed,5,208
master,r_total_sig_landed,8,208
master,r_total_sig_landed,7,205
master,r_total_sig_landed,1,203
master,r_total_sig_landed,13,201
master,r_total_sig_landed,17,200
master,r_total_sig_landed,11,199
master,r_total_sig_landed,12,198
master,r_total_sig_landed,14,197
master,r_total_sig_landed,15,191
master,r_total_sig_landed,24,190
master,r_total_sig_landed,20,178
master,r_total_sig_landed,16,175
master,r_total_sig_landed,19,169
master,r_total_sig_landed,21,169
master,r_total_sig_landed,18,164
master,r_total_sig_landed,25,159
master,r_total_sig_landed,23,154
master,r_total_sig_landed,22,153
master,r_total_sig_landed,26,151
master,r_total_sig_landed,29,151
master,r_total_sig_landed,28,151
master,r_total_sig_landed,36,147
master,r_total_sig_landed,27,145
master,r_total_sig_landed,30,144
master,r_total_sig_landed,32,140
master,r_total_sig_landed,33,133
master,r_total_sig_landed,31,132
master,r_total_sig_landed,48,123
master,r_total_sig_landed,40,123
master,r_total_sig_landed,34,122
master,r_total_sig_landed,42,119
master,r_total_sig_landed,46,118
master,r_total_sig_landed,38,117
master,r_total_sig_landed,37,116
master,r_total_sig_landed,39,115
master,r_total_sig_landed,43,114
master,r_total_sig_landed,44,114
master,r_total_sig_landed,41,112
master,r_total_sig_landed,35,111
master,r_total_sig_landed,47,109
master,r_total_sig_landed,45,99
master,r_total_sig_landed,53,97
master,r_total_sig_landed,54,94
master,r_total_sig_landed,51,94
master,r_total_sig_landed,50,88
master,r_total_sig_landed,49,87
master,r_total_sig_landed,60,84
master,r_total_sig_landed,57,83
master,r_total_sig_landed,56,79
master,r_total_sig_landed,64,79
master,r_total_sig_landed,59,79
master,r_total_sig_landed,52,74
master,r_total_sig_landed,55,72
master,r_total_sig_landed,61,72
master,r_total_sig_landed,58,72
master,r_total_sig_landed,62,66
master,r_total_sig_landed,68,66
master,r_total_sig_landed,63,65
master,r_total_sig_landed,66,65
master,r_total_sig_landed,70,62
master,r_total_sig_landed,67,59
master,r_total_sig_landed,65,58
master,r_total_sig_landed,73,53
master,r_total_sig_landed,74,50
master,r_total_sig_landed,72,48
master,r_total_sig_landed,71,46
master,r_total_sig_landed,69,46
master,r_total_sig_landed,75,45
master,r_total_sig_landed,77,44
master,r_total_sig_landed,80,43
master,r_total_sig_landed,76,39
master,r_total_sig_landed,84,38
master,r_total_sig_landed,88,37
master,r_total_sig_landed,85,37
master,r_total_sig_landed,79,37
master,r_total_sig_landed,83,35
master,r_total_sig_landed,87,33
master,r_total_sig_landed,94,32
master,r_total_sig_landed,81,32
master,r_total_sig_landed,86,31
master,r_total_sig_landed,78,29
master,r_total_sig_landed,92,29
master,r_total_sig_landed,93,28
master,r_total_sig_landed,82,27
master,r_total_sig_landed,89,25
master,r_total_sig_landed,90,25
master,r_total_sig_landed,96,23
master,r_total_sig_landed,105,23
master,r_total_sig_landed,91,23
master,r_total_sig_landed,100,22
master,r_total_sig_landed,95,19
master,r_total_sig_landed,103,18
master,r_total_sig_landed,98,18
master,r_total_sig_landed,99,16
master,r_total_sig_landed,102,16
master,r_total_sig_landed,101,16
master,r_total_sig_landed,120,15
master,r_total_sig_landed,97,15
master,r_total_sig_landed,111,15
master,r_total_sig_landed,127,14
master,r_total_sig_landed,110,14
master,r_total_sig_landed,109,14
master,r_total_sig_landed,104,13
master,r_total_sig_landed,116,13
master,r_total_sig_landed,106,12
master,r_total_sig_landed,118,12
master,r_total_sig_landed,113,11
master,r_total_sig_landed,121,11
master,r_total_sig_landed,107,11
master,r_total_sig_landed,124,10
master,r_total_sig_landed,112,10
master,r_total_sig_landed,135,9
master,r_total_sig_landed,117,9
master,r_total_sig_landed,108,9
master,r_total_sig_landed,134,9
master,r_total_sig_landed,131,9
master,r_total_sig_landed,114,9
master,r_total_sig_landed,123,9
master,r_total_sig_landed,126,8
master,r_total_sig_landed,115,8
master,r_total_sig_landed,141,8
master,r_total_sig_landed,125,7
master,r_total_sig_landed,122,6
master,r_total_sig_landed,132,6
master,r_total_sig_landed,147,6
master,r_total_sig_landed,149,6
master,r_total_sig_landed,130,6
master,r_total_sig_landed,138,5
master,r_total_sig_landed,137,5
master,r_total_sig_landed,144,5
master,r_total_sig_landed,136,5
master,r_total_sig_landed,129,5
master,r_total_sig_landed,128,5
master,r_total_sig_landed,119,5
master,r_total_sig_landed,153,4
master,r_total_sig_landed,171,4
master,r_total_sig_landed,145,4
master,r_total_sig_landed,152,4
master,r_total_sig_landed,174,4
master,r_total_sig_landed,150,4
master,r_total_sig_landed,163,4
master,r_total_sig_landed,176,3
master,r_total_sig_landed,133,3
master,r_total_sig_landed,169,3
master,r_total_sig_landed,166,3
master,r_total_sig_landed,143,3
master,r_total_sig_landed,230,3
master,r_total_sig_landed,155,3
master,r_total_sig_landed,175,3
master,r_total_sig_landed,140,3
master,r_total_sig_landed,182,3
master,r_total_sig_landed,142,3
master,r_total_sig_landed,165,2
master,r_total_sig_landed,168,2
master,r_total_sig_landed,186,2
master,r_total_sig_landed,181,2
master,r_total_sig_landed,173,2
master,r_total_sig_landed,139,2
master,r_total_sig_landed,146,2
master,r_total_sig_landed,164,2
master,r_total_sig_landed,154,2
master,r_total_sig_landed,158,2
master,r_total_sig_landed,151,2
master,r_total_sig_landed,180,1
master,r_total_sig_landed,220,1
master,r_total_sig_landed,225,1
master,r_total_sig_landed,162,1
master,r_total_sig_landed,252,1
master,r_total_sig_landed,271,1
master,r_total_sig_landed,160,1
master,r_total_sig_landed,188,1
master,r_total_sig_landed,198,1
master,r_total_sig_landed,199,1
master,r_total_sig_landed,445,1
master,r_total_sig_landed,290,1
master,r_total_sig_landed,178,1
master,r_total_sig_landed,156,1
master,r_total_sig_landed,193,1
master,r_total_sig_landed,170,1
master,r_total_sig_landed,238,1
master,r_total_sig_landed,179,1
master,r_total_sig_landed,202,1
master,r_total_sig_landed,209,1
master,r_total_sig_landed,194,1
master,r_total_sig_landed,214,1
master,r_total_sig_landed,197,1
master,r_total_sig_landed,215,1
master,b_total_sig_landed,0,797
master,b_total_sig_landed,1,451
master,b_total_sig_landed,2,338
master,b_total_sig_landed,3,337
master,b_total_sig_landed,4,295
master,b_total_sig_landed,5,286
master,b_total_sig_landed,6,256
master,b_total_sig_landed,8,233
master,b_total_sig_landed,7,229
master,b_total_sig_landed,9,220
master,b_total_sig_landed,12,204
master,b_total_sig_landed,10,204
master,b_total_sig_landed,13,203
master,b_total_sig_landed,17,201
master,b_total_sig_landed,18,189
master,b_total_sig_landed,14,187
master,b_total_sig_landed,15,181
master,b_total_sig_landed,11,181
master,b_total_sig_landed,20,180
master,b_total_sig_landed,16,170
master,b_total_sig_landed,21,170
master,b_total_sig_landed,23,167
master,b_total_sig_landed,26,165
master,b_total_sig_landed,25,158
master,b_total_sig_landed,22,150
master,b_total_sig_landed,19,149
master,b_total_sig_landed,24,144
master,b_total_sig_landed,36,136
master,b_total_sig_landed,28,136
master,b_total_sig_landed,27,129
master,b_total_sig_landed,31,125
master,b_total_sig_landed,32,125
master,b_total_sig_landed,29,124
master,b_total_sig_landed,33,123
master,b_total_sig_landed,42,123
master,b_total_sig_landed,38,121
master,b_total_sig_landed,30,114
master,b_total_sig_landed,34,107
master,b_total_sig_landed,37,106
master,b_total_sig_landed,41,103
master,b_total_sig_landed,47,103
master,b_total_sig_landed,39,102
master,b_total_sig_landed,40,94
master,b_total_sig_landed,45,93
master,b_total_sig_landed,43,92
master,b_total_sig_landed,35,91
master,b_total_sig_landed,46,89
master,b_total_sig_landed,44,89
master,b_total_sig_landed,55,87
master,b_total_sig_landed,48,87
master,b_total_sig_landed,49,87
master,b_total_sig_landed,50,80
master,b_total_sig_landed,51,73
master,b_total_sig_landed,54,70
master,b_total_sig_landed,58,67
master,b_total_sig_landed,57,66
master,b_total_sig_landed,56,66
master,b_total_sig_landed,53,65
master,b_total_sig_landed,65,60
master,b_total_sig_landed,67,59
master,b_total_sig_landed,64,58
master,b_total_sig_landed,52,56
master,b_total_sig_landed,62,54
master,b_total_sig_landed,66,53
master,b_total_sig_landed,59,50
master,b_total_sig_landed,71,49
master,b_total_sig_landed,60,47
master,b_total_sig_landed,61,47
master,b_total_sig_landed,70,47
master,b_total_sig_landed,69,46
master,b_total_sig_landed,63,45
master,b_total_sig_landed,68,43
master,b_total_sig_landed,80,42
master,b_total_sig_landed,77,42
master,b_total_sig_landed,79,40
master,b_total_sig_landed,74,40
master,b_total_sig_landed,73,39
master,b_total_sig_landed,81,38
master,b_total_sig_landed,78,36
master,b_total_sig_landed,76,36
master,b_total_sig_landed,72,36
master,b_total_sig_landed,82,34
master,b_total_sig_landed,85,33
master,b_total_sig_landed,75,30
master,b_total_sig_landed,84,29
master,b_total_sig_landed,83,28
master,b_total_sig_landed,89,28
master,b_total_sig_landed,88,27
master,b_total_sig_landed,86,27
master,b_total_sig_landed,92,25
master,b_total_sig_landed,98,20
master,b_total_sig_landed,94,20
master,b_total_sig_landed,97,19
master,b_total_sig_landed,91,19
master,b_total_sig_landed,87,19
master,b_total_sig_landed,95,18
master,b_total_sig_landed,90,18
master,b_total_sig_landed,100,18
master,b_total_sig_landed,99,17
master,b_total_sig_landed,96,16
master,b_total_sig_landed,93,16
master,b_total_sig_landed,104,14
master,b_total_sig_landed,102,14
master,b_total_sig_landed,111,14
master,b_total_sig_landed,116,13
master,b_total_sig_landed,112,13
master,b_total_sig_landed,117,11
master,b_total_sig_landed,110,11
master,b_total_sig_landed,109,11
master,b_total_sig_landed,103,10
master,b_total_sig_landed,122,10
master,b_total_sig_landed,105,10
master,b_total_sig_landed,101,10
master,b_total_sig_landed,118,9
master,b_total_sig_landed,113,9
master,b_total_sig_landed,108,9
master,b_total_sig_landed,114,8
master,b_total_sig_landed,123,8
master,b_total_sig_landed,106,8
master,b_total_sig_landed,115,8
master,b_total_sig_landed,119,7
master,b_total_sig_landed,137,7
master,b_total_sig_landed,128,7
master,b_total_sig_landed,120,7
master,b_total_sig_landed,127,7
master,b_total_sig_landed,121,6
master,b_total_sig_landed,148,6
master,b_total_sig_landed,130,6
master,b_total_sig_landed,164,6
master,b_total_sig_landed,129,6
master,b_total_sig_landed,107,6
master,b_total_sig_landed,143,6
master,b_total_sig_landed,153,5
master,b_total_sig_landed,134,5
master,b_total_sig_landed,124,5
master,b_total_sig_landed,132,5
master,b_total_sig_landed,125,5
master,b_total_sig_landed,126,5
master,b_total_sig_landed,141,5
master,b_total_sig_landed,147,5
master,b_total_sig_landed,159,4
master,b_total_sig_landed,140,4
master,b_total_sig_landed,144,3
master,b_total_sig_landed,133,3
master,b_total_sig_landed,139,3
master,b_total_sig_landed,178,3
master,b_total_sig_landed,146,3
master,b_total_sig_landed,142,3
master,b_total_sig_landed,204,3
master,b_total_sig_landed,186,2
master,b_total_sig_landed,145,2
master,b_total_sig_landed,135,2
master,b_total_sig_landed,152,2
master,b_total_sig_landed,172,2
master,b_total_sig_landed,181,2
master,b_total_sig_landed,156,2
master,b_total_sig_landed,155,2
master,b_total_sig_landed,149,2
master,b_total_sig_landed,150,2
master,b_total_sig_landed,131,2
master,b_total_sig_landed,157,2
master,b_total_sig_landed,169,2
master,b_total_sig_landed,154,2
master,b_total_sig_landed,138,2
master,b_total_sig_landed,165,2
master,b_total_sig_landed,184,1
master,b_total_sig_landed,229,1
master,b_total_sig_landed,189,1
master,b_total_sig_landed,220,1
master,b_total_sig_landed,231,1
master,b_total_sig_landed,136,1
master,b_total_sig_landed,199,1
master,b_total_sig_landed,174,1
master,b_total_sig_landed,160,1
master,b_total_sig_landed,232,1
master,b_total_sig_landed,177,1
master,b_total_sig_landed,235,1
master,b_total_sig_landed,241,1
master,b_total_sig_landed,176,1
master,b_total_sig_landed,151,1
master,b_total_sig_landed,190,1
master,b_total_sig_landed,158,1
master,b_total_sig_landed,168,1
master,b_total_sig_landed,163,1
master,b_total_sig_landed,206,1
master,b_total_sig_landed,170,1
master,r_total_td_success,0,5839
master,r_total_td_success,1,2449
master,r_total_td_success,2,1224
master,r_total_td_success,3,781
master,r_total_td_success,4,454
master,r_total_td_success,5,281
master,r_total_td_success,6,177
master,r_total_td_success,7,95
master,r_total_td_success,8,54
master,r_total_td_success,9,36
master,r_total_td_success,11,16
master,r_total_td_success,10,15
master,r_total_td_success,12,5
master,r_total_td_success,13,5
master,r_total_td_success,14,3
master,r_total_td_success,16,2
master,r_total_td_success,17,2
master,r_total_td_success,21,1
master,r_total_td_success,15,1
master,r_total_td_success,20,1
master,r_total_td_atmp,0,3961
master,r_total_td_atmp,1,2053
master,r_total_td_atmp,2,1244
master,r_total_td_atmp,3,870
master,r_total_td_atmp,4,700
master,r_total_td_atmp,5,552
master,r_total_td_atmp,6,426
master,r_total_td_atmp,7,378
master,r_total_td_atmp,8,270
master,r_total_td_atmp,9,221
master,r_total_td_atmp,10,172
master,r_total_td_atmp,11,157
master,r_total_td_atmp,12,97
master,r_total_td_atmp,13,88
master,r_total_td_atmp,15,61
master,r_total_td_atmp,14,61
master,r_total_td_atmp,16,36
master,r_total_td_atmp,17,23
master,r_total_td_atmp,19,20
master,r_total_td_atmp,18,15
master,r_total_td_atmp,20,8
master,r_total_td_atmp,22,7
master,r_total_td_atmp,21,6
master,r_total_td_atmp,24,3
master,r_total_td_atmp,26,2
master,r_total_td_atmp,27,2
master,r_total_td_atmp,29,2
master,r_total_td_atmp,25,2
master,r_total_td_atmp,23,2
master,r_total_td_atmp,30,1
master,r_total_td_atmp,37,1
master,b_total_td_success,0,6992
master,b_total_td_success,1,2103
master,b_total_td_success,2,1046
master,b_total_td_success,3,570
master,b_total_td_success,4,310
master,b_total_td_success,5,187
master,b_total_td_success,6,106
master,b_total_td_success,7,49
master,b_total_td_success,8,27
master,b_total_td_success,9,20
master,b_total_td_success,10,10
master,b_total_td_success,12,8
master,b_total_td_success,11,8
master,b_total_td_success,16,2
master,b_total_td_success,14,1
master,b_total_td_success,19,1
master,b_total_td_success,13,1
master,b_total_td_atmp,0,4564
master,b_total_td_atmp,1,1905
master,b_total_td_atmp,2,1158
master,b_total_td_atmp,3,861
master,b_total_td_atmp,4,606
master,b_total_td_atmp,5,494
master,b_total_td_atmp,6,434
master,b_total_td_atmp,7,317
master,b_total_td_atmp,8,246
master,b_total_td_atmp,9,199
master,b_total_td_atmp,10,129
master,b_total_td_atmp,11,123
master,b_total_td_atmp,12,107
master,b_total_td_atmp,13,63
master,b_total_td_atmp,14,57
master,b_total_td_atmp,15,45
master,b_total_td_atmp,17,31
master,b_total_td_atmp,16,27
master,b_total_td_atmp,18,15
master,b_total_td_atmp,19,15
master,b_total_td_atmp,20,13
master,b_total_td_atmp,21,9
master,b_total_td_atmp,24,5
master,b_total_td_atmp,22,4
master,b_total_td_atmp,26,3
master,b_total_td_atmp,23,3
master,b_total_td_atmp,33,2
master,b_total_td_atmp,25,2
master,b_total_td_atmp,30,1
master,b_total_td_atmp,49,1
master,b_total_td_atmp,27,1
master,b_total_td_atmp,28,1
master,r_total_sub_att,0,8107
master,r_total_sub_att,1,2111
master,r_total_sub_att,2,761
master,r_total_sub_att,3,282
master,r_total_sub_att,4,93
master,r_total_sub_att,5,48
master,r_total_sub_att,6,18
master,r_total_sub_att,7,13
master,r_total_sub_att,9,3
master,r_total_sub_att,8,2
master,r_total_sub_att,10,2
master,r_total_sub_att,11,1
master,b_total_sub_att,0,9117
master,b_total_sub_att,1,1517
master,b_total_sub_att,2,516
master,b_total_sub_att,3,192
master,b_total_sub_att,4,60
master,b_total_sub_att,5,27
master,b_total_sub_att,6,6
master,b_total_sub_att,7,5
master,b_total_sub_att,9,1
master,r_total_rev,0,10149
master,r_total_rev,1,1062
master,r_total_rev,2,185
master,r_total_rev,3,32
master,r_total_rev,4,10
master,r_total_rev,5,2
master,r_total_rev,6,1
master,b_total_rev,0,10160
master,b_total_rev,1,1021
master,b_total_rev,2,205
master,b_total_rev,3,46
master,b_total_rev,4,6
master,b_total_rev,5,2
master,b_total_rev,6,1
master,r_total_sig_str_landed_head,0,781
master,r_total_sig_str_landed_head,1,377
master,r_total_sig_str_landed_head,2,368
master,r_total_sig_str_landed_head,6,349
master,r_total_sig_str_landed_head,3,338
master,r_total_sig_str_landed_head,10,321
master,r_total_sig_str_landed_head,4,321
master,r_total_sig_str_landed_head,5,315
master,r_total_sig_str_landed_head,9,303
master,r_total_sig_str_landed_head,8,301
master,r_total_sig_str_landed_head,7,293
master,r_total_sig_str_landed_head,13,287
master,r_total_sig_str_landed_head,16,280
master,r_total_sig_str_landed_head,11,279
master,r_total_sig_str_landed_head,14,269
master,r_total_sig_str_landed_head,12,262
master,r_total_sig_str_landed_head,15,244
master,r_total_sig_str_landed_head,17,240
master,r_total_sig_str_landed_head,20,230
master,r_total_sig_str_landed_head,18,229
master,r_total_sig_str_landed_head,19,214
master,r_total_sig_str_landed_head,22,208
master,r_total_sig_str_landed_head,21,200
master,r_total_sig_str_landed_head,24,190
master,r_total_sig_str_landed_head,23,182
master,r_total_sig_str_landed_head,26,178
master,r_total_sig_str_landed_head,28,169
master,r_total_sig_str_landed_head,25,164
master,r_total_sig_str_landed_head,27,164
master,r_total_sig_str_landed_head,31,158
master,r_total_sig_str_landed_head,33,139
master,r_total_sig_str_landed_head,32,139
master,r_total_sig_str_landed_head,30,137
master,r_total_sig_str_landed_head,29,136
master,r_total_sig_str_landed_head,35,128
master,r_total_sig_str_landed_head,36,117
master,r_total_sig_str_landed_head,34,112
master,r_total_sig_str_landed_head,38,102
master,r_total_sig_str_landed_head,42,101
master,r_total_sig_str_landed_head,40,97
master,r_total_sig_str_landed_head,39,94
master,r_total_sig_str_landed_head,44,88
master,r_total_sig_str_landed_head,37,88
master,r_total_sig_str_landed_head,41,87
master,r_total_sig_str_landed_head,45,80
master,r_total_sig_str_landed_head,51,71
master,r_total_sig_str_landed_head,43,71
master,r_total_sig_str_landed_head,47,68
master,r_total_sig_str_landed_head,46,66
master,r_total_sig_str_landed_head,48,63
master,r_total_sig_str_landed_head,49,61
master,r_total_sig_str_landed_head,50,58
master,r_total_sig_str_landed_head,52,53
master,r_total_sig_str_landed_head,56,52
master,r_total_sig_str_landed_head,57,49
master,r_total_sig_str_landed_head,53,46
master,r_total_sig_str_landed_head,55,44
master,r_total_sig_str_landed_head,59,39
master,r_total_sig_str_landed_head,54,39
master,r_total_sig_str_landed_head,61,36
master,r_total_sig_str_landed_head,58,34
master,r_total_sig_str_landed_head,65,34
master,r_total_sig_str_landed_head,60,33
master,r_total_sig_str_landed_head,68,32
master,r_total_sig_str_landed_head,64,31
master,r_total_sig_str_landed_head,66,31
master,r_total_sig_str_landed_head,63,28
master,r_total_sig_str_landed_head,62,27
master,r_total_sig_str_landed_head,70,25
master,r_total_sig_str_landed_head,74,21
master,r_total_sig_str_landed_head,71,20
master,r_total_sig_str_landed_head,80,18
master,r_total_sig_str_landed_head,69,17
master,r_total_sig_str_landed_head,78,17
master,r_total_sig_str_landed_head,67,17
master,r_total_sig_str_landed_head,81,16
master,r_total_sig_str_landed_head,76,16
master,r_total_sig_str_landed_head,72,15
master,r_total_sig_str_landed_head,75,14
master,r_total_sig_str_landed_head,79,14
master,r_total_sig_str_landed_head,73,14
master,r_total_sig_str_landed_head,84,12
master,r_total_sig_str_landed_head,77,12
master,r_total_sig_str_landed_head,86,12
master,r_total_sig_str_landed_head,93,11
master,r_total_sig_str_landed_head,87,10
master,r_total_sig_str_landed_head,82,10
master,r_total_sig_str_landed_head,94,10
master,r_total_sig_str_landed_head,88,9
master,r_total_sig_str_landed_head,83,9
master,r_total_sig_str_landed_head,98,9
master,r_total_sig_str_landed_head,96,8
master,r_total_sig_str_landed_head,92,8
master,r_total_sig_str_landed_head,95,8
master,r_total_sig_str_landed_head,85,7
master,r_total_sig_str_landed_head,91,7
master,r_total_sig_str_landed_head,103,7
master,r_total_sig_str_landed_head,110,6
master,r_total_sig_str_landed_head,101,6
master,r_total_sig_str_landed_head,90,5
master,r_total_sig_str_landed_head,97,5
master,r_total_sig_str_landed_head,100,5
master,r_total_sig_str_landed_head,116,5
master,r_total_sig_str_landed_head,115,5
master,r_total_sig_str_landed_head,107,5
master,r_total_sig_str_landed_head,109,5
master,r_total_sig_str_landed_head,114,5
master,r_total_sig_str_landed_head,102,4
master,r_total_sig_str_landed_head,111,4
master,r_total_sig_str_landed_head,99,4
master,r_total_sig_str_landed_head,89,4
master,r_total_sig_str_landed_head,104,4
master,r_total_sig_str_landed_head,120,3
master,r_total_sig_str_landed_head,117,3
master,r_total_sig_str_landed_head,119,3
master,r_total_sig_str_landed_head,113,3
master,r_total_sig_str_landed_head,122,3
master,r_total_sig_str_landed_head,125,3
master,r_total_sig_str_landed_head,126,3
master,r_total_sig_str_landed_head,123,2
master,r_total_sig_str_landed_head,146,2
master,r_total_sig_str_landed_head,136,2
master,r_total_sig_str_landed_head,105,2
master,r_total_sig_str_landed_head,138,2
master,r_total_sig_str_landed_head,133,2
master,r_total_sig_str_landed_head,199,2
master,r_total_sig_str_landed_head,132,2
master,r_total_sig_str_landed_head,152,2
master,r_total_sig_str_landed_head,151,2
master,r_total_sig_str_landed_head,135,2
master,r_total_sig_str_landed_head,128,2
master,r_total_sig_str_landed_head,121,2
master,r_total_sig_str_landed_head,106,2
master,r_total_sig_str_landed_head,150,2
master,r_total_sig_str_landed_head,108,2
master,r_total_sig_str_landed_head,112,1
master,r_total_sig_str_landed_head,185,1
master,r_total_sig_str_landed_head,162,1
master,r_total_sig_str_landed_head,177,1
master,r_total_sig_str_landed_head,145,1
master,r_total_sig_str_landed_head,142,1
master,r_total_sig_str_landed_head,139,1
master,r_total_sig_str_landed_head,129,1
master,r_total_sig_str_landed_head,274,1
master,r_total_sig_str_landed_head,244,1
master,r_total_sig_str_landed_head,141,1
master,r_total_sig_str_landed_head,131,1
master,r_total_sig_str_landed_head,127,1
master,r_total_sig_str_landed_head,134,1
master,r_total_sig_str_landed_head,124,1
master,r_total_sig_str_landed_head,157,1
master,r_total_sig_str_landed_head,179,1
master,r_total_sig_str_landed_head,118,1
master,b_total_sig_str_landed_head,0,1279
master,b_total_sig_str_landed_head,1,655
master,b_total_sig_str_landed_head,2,507
master,b_total_sig_str_landed_head,3,460
master,b_total_sig_str_landed_head,4,383
master,b_total_sig_str_landed_head,5,377
master,b_total_sig_str_landed_head,6,371
master,b_total_sig_str_landed_head,8,303
master,b_total_sig_str_landed_head,7,299
master,b_total_sig_str_landed_head,9,282
master,b_total_sig_str_landed_head,10,279
master,b_total_sig_str_landed_head,13,271
master,b_total_sig_str_landed_head,11,266
master,b_total_sig_str_landed_head,15,240
master,b_total_sig_str_landed_head,12,235
master,b_total_sig_str_landed_head,16,225
master,b_total_sig_str_landed_head,14,223
master,b_total_sig_str_landed_head,17,209
master,b_total_sig_str_landed_head,18,201
master,b_total_sig_str_landed_head,19,192
master,b_total_sig_str_landed_head,20,190
master,b_total_sig_str_landed_head,21,182
master,b_total_sig_str_landed_head,23,171
master,b_total_sig_str_landed_head,22,169
master,b_total_sig_str_landed_head,26,148
master,b_total_sig_str_landed_head,25,145
master,b_total_sig_str_landed_head,29,138
master,b_total_sig_str_landed_head,28,136
master,b_total_sig_str_landed_head,24,134
master,b_total_sig_str_landed_head,27,132
master,b_total_sig_str_landed_head,32,119
master,b_total_sig_str_landed_head,31,114
master,b_total_sig_str_landed_head,34,107
master,b_total_sig_str_landed_head,36,107
master,b_total_sig_str_landed_head,30,100
master,b_total_sig_str_landed_head,35,100
master,b_total_sig_str_landed_head,37,93
master,b_total_sig_str_landed_head,33,87
master,b_total_sig_str_landed_head,39,85
master,b_total_sig_str_landed_head,41,78
master,b_total_sig_str_landed_head,40,78
master,b_total_sig_str_landed_head,38,75
master,b_total_sig_str_landed_head,42,72
master,b_total_sig_str_landed_head,43,63
master,b_total_sig_str_landed_head,44,59
master,b_total_sig_str_landed_head,46,57
master,b_total_sig_str_landed_head,48,57
master,b_total_sig_str_landed_head,45,56
master,b_total_sig_str_landed_head,49,53
master,b_total_sig_str_landed_head,47,52
master,b_total_sig_str_landed_head,50,51
master,b_total_sig_str_landed_head,51,50
master,b_total_sig_str_landed_head,54,43
master,b_total_sig_str_landed_head,53,43
master,b_total_sig_str_landed_head,55,42
master,b_total_sig_str_landed_head,52,38
master,b_total_sig_str_landed_head,61,35
master,b_total_sig_str_landed_head,60,35
master,b_total_sig_str_landed_head,59,34
master,b_total_sig_str_landed_head,57,32
master,b_total_sig_str_landed_head,56,31
master,b_total_sig_str_landed_head,67,27
master,b_total_sig_str_landed_head,62,26
master,b_total_sig_str_landed_head,63,26
master,b_total_sig_str_landed_head,58,23
master,b_total_sig_str_landed_head,79,23
master,b_total_sig_str_landed_head,65,22
master,b_total_sig_str_landed_head,70,21
master,b_total_sig_str_landed_head,72,20
master,b_total_sig_str_landed_head,64,19
master,b_total_sig_str_landed_head,69,18
master,b_total_sig_str_landed_head,74,18
master,b_total_sig_str_landed_head,81,17
master,b_total_sig_str_landed_head,77,16
master,b_total_sig_str_landed_head,71,16
master,b_total_sig_str_landed_head,66,15
master,b_total_sig_str_landed_head,76,15
master,b_total_sig_str_landed_head,68,15
master,b_total_sig_str_landed_head,96,13
master,b_total_sig_str_landed_head,83,12
master,b_total_sig_str_landed_head,82,12
master,b_total_sig_str_landed_head,86,12
master,b_total_sig_str_landed_head,84,11
master,b_total_sig_str_landed_head,90,11
master,b_total_sig_str_landed_head,73,10
master,b_total_sig_str_landed_head,78,10
master,b_total_sig_str_landed_head,80,9
master,b_total_sig_str_landed_head,75,9
master,b_total_sig_str_landed_head,87,8
master,b_total_sig_str_landed_head,88,8
master,b_total_sig_str_landed_head,89,7
master,b_total_sig_str_landed_head,92,7
master,b_total_sig_str_landed_head,91,6
master,b_total_sig_str_landed_head,85,6
master,b_total_sig_str_landed_head,95,5
master,b_total_sig_str_landed_head,103,5
master,b_total_sig_str_landed_head,94,5
master,b_total_sig_str_landed_head,97,4
master,b_total_sig_str_landed_head,106,4
master,b_total_sig_str_landed_head,100,4
master,b_total_sig_str_landed_head,129,4
master,b_total_sig_str_landed_head,121,3
master,b_total_sig_str_landed_head,98,3
master,b_total_sig_str_landed_head,112,3
master,b_total_sig_str_landed_head,118,3
master,b_total_sig_str_landed_head,113,3
master,b_total_sig_str_landed_head,93,3
master,b_total_sig_str_landed_head,136,2
master,b_total_sig_str_landed_head,133,2
master,b_total_sig_str_landed_head,108,2
master,b_total_sig_str_landed_head,101,2
master,b_total_sig_str_landed_head,122,2
master,b_total_sig_str_landed_head,124,2
master,b_total_sig_str_landed_head,126,2
master,b_total_sig_str_landed_head,143,2
master,b_total_sig_str_landed_head,131,2
master,b_total_sig_str_landed_head,130,2
master,b_total_sig_str_landed_head,125,2
master,b_total_sig_str_landed_head,173,2
master,b_total_sig_str_landed_head,102,2
master,b_total_sig_str_landed_head,99,2
master,b_total_sig_str_landed_head,138,2
master,b_total_sig_str_landed_head,154,2
master,b_total_sig_str_landed_head,115,2
master,b_total_sig_str_landed_head,119,2
master,b_total_sig_str_landed_head,135,1
master,b_total_sig_str_landed_head,187,1
master,b_total_sig_str_landed_head,167,1
master,b_total_sig_str_landed_head,105,1
master,b_total_sig_str_landed_head,172,1
master,b_total_sig_str_landed_head,161,1
master,b_total_sig_str_landed_head,128,1
master,b_total_sig_str_landed_head,132,1
master,b_total_sig_str_landed_head,120,1
master,b_total_sig_str_landed_head,141,1
master,b_total_sig_str_landed_head,180,1
master,b_total_sig_str_landed_head,164,1
master,b_total_sig_str_landed_head,153,1
master,b_total_sig_str_landed_head,116,1
master,b_total_sig_str_landed_head,146,1
master,b_total_sig_str_landed_head,137,1
master,b_total_sig_str_landed_head,111,1
master,b_total_sig_str_landed_head,109,1
master,b_total_sig_str_landed_head,179,1
master,b_total_sig_str_landed_head,148,1
master,r_total_sig_str_landed_body,0,2040
master,r_total_sig_str_landed_body,1,1222
master,r_total_sig_str_landed_body,2,975
master,r_total_sig_str_landed_body,3,809
master,r_total_sig_str_landed_body,4,666
master,r_total_sig_str_landed_body,5,636
master,r_total_sig_str_landed_body,6,572
master,r_total_sig_str_landed_body,7,477
master,r_total_sig_str_landed_body,8,420
master,r_total_sig_str_landed_body,9,363
master,r_total_sig_str_landed_body,10,344
master,r_total_sig_str_landed_body,11,318
master,r_total_sig_str_landed_body,12,306
master,r_total_sig_str_landed_body,13,245
master,r_total_sig_str_landed_body,14,244
master,r_total_sig_str_landed_body,15,205
master,r_total_sig_str_landed_body,16,165
master,r_total_sig_str_landed_body,17,148
master,r_total_sig_str_landed_body,18,145
master,r_total_sig_str_landed_body,20,111
master,r_total_sig_str_landed_body,21,105
master,r_total_sig_str_landed_body,19,104
master,r_total_sig_str_landed_body,22,82
master,r_total_sig_str_landed_body,23,77
master,r_total_sig_str_landed_body,25,61
master,r_total_sig_str_landed_body,24,56
master,r_total_sig_str_landed_body,27,51
master,r_total_sig_str_landed_body,26,50
master,r_total_sig_str_landed_body,29,50
master,r_total_sig_str_landed_body,28,42
master,r_total_sig_str_landed_body,30,40
master,r_total_sig_str_landed_body,31,34
master,r_total_sig_str_landed_body,32,28
master,r_total_sig_str_landed_body,33,24
master,r_total_sig_str_landed_body,35,21
master,r_total_sig_str_landed_body,34,21
master,r_total_sig_str_landed_body,38,19
master,r_total_sig_str_landed_body,41,18
master,r_total_sig_str_landed_body,42,17
master,r_total_sig_str_landed_body,36,17
master,r_total_sig_str_landed_body,37,16
master,r_total_sig_str_landed_body,39,11
master,r_total_sig_str_landed_body,45,9
master,r_total_sig_str_landed_body,40,8
master,r_total_sig_str_landed_body,49,7
master,r_total_sig_str_landed_body,47,5
master,r_total_sig_str_landed_body,43,5
master,r_total_sig_str_landed_body,48,5
master,r_total_sig_str_landed_body,52,5
master,r_total_sig_str_landed_body,46,5
master,r_total_sig_str_landed_body,44,4
master,r_total_sig_str_landed_body,53,4
master,r_total_sig_str_landed_body,50,4
master,r_total_sig_str_landed_body,64,4
master,r_total_sig_str_landed_body,54,3
master,r_total_sig_str_landed_body,56,3
master,r_total_sig_str_landed_body,55,2
master,r_total_sig_str_landed_body,73,2
master,r_total_sig_str_landed_body,67,2
master,r_total_sig_str_landed_body,70,1
master,r_total_sig_str_landed_body,58,1
master,r_total_sig_str_landed_body,57,1
master,r_total_sig_str_landed_body,66,1
master,r_total_sig_str_landed_body,117,1
master,r_total_sig_str_landed_body,60,1
master,r_total_sig_str_landed_body,61,1
master,r_total_sig_str_landed_body,51,1
master,r_total_sig_str_landed_body,59,1
master,r_total_sig_str_atmp_body,0,1618
master,r_total_sig_str_atmp_body,1,997
master,r_total_sig_str_atmp_body,2,814
master,r_total_sig_str_atmp_body,3,675
master,r_total_sig_str_atmp_body,4,583
master,r_total_sig_str_atmp_body,5,574
master,r_total_sig_str_atmp_body,6,477
master,r_total_sig_str_atmp_body,7,461
master,r_total_sig_str_atmp_body,8,407
master,r_total_sig_str_atmp_body,9,356
master,r_total_sig_str_atmp_body,10,348
master,r_total_sig_str_atmp_body,11,310
master,r_total_sig_str_atmp_body,12,298
master,r_total_sig_str_atmp_body,13,263
master,r_total_sig_str_atmp_body,14,257
master,r_total_sig_str_atmp_body,15,231
master,r_total_sig_str_atmp_body,16,213
master,r_total_sig_str_atmp_body,17,203
master,r_total_sig_str_atmp_body,19,191
master,r_total_sig_str_atmp_body,18,190
master,r_total_sig_str_atmp_body,21,157
master,r_total_sig_str_atmp_body,22,146
master,r_total_sig_str_atmp_body,20,141
master,r_total_sig_str_atmp_body,23,121
master,r_total_sig_str_atmp_body,24,119
master,r_total_sig_str_atmp_body,25,100
master,r_total_sig_str_atmp_body,26,98
master,r_total_sig_str_atmp_body,29,90
master,r_total_sig_str_atmp_body,27,76
master,r_total_sig_str_atmp_body,28,71
master,r_total_sig_str_atmp_body,34,64
master,r_total_sig_str_atmp_body,31,64
master,r_total_sig_str_atmp_body,33,58
master,r_total_sig_str_atmp_body,32,57
master,r_total_sig_str_atmp_body,30,54
master,r_total_sig_str_atmp_body,35,42
master,r_total_sig_str_atmp_body,37,42
master,r_total_sig_str_atmp_body,36,42
master,r_total_sig_str_atmp_body,40,38
master,r_total_sig_str_atmp_body,39,35
master,r_total_sig_str_atmp_body,38,31
master,r_total_sig_str_atmp_body,45,23
master,r_total_sig_str_atmp_body,48,22
master,r_total_sig_str_atmp_body,42,20
master,r_total_sig_str_atmp_body,44,20
master,r_total_sig_str_atmp_body,43,20
master,r_total_sig_str_atmp_body,46,18
master,r_total_sig_str_atmp_body,41,17
master,r_total_sig_str_atmp_body,50,16
master,r_total_sig_str_atmp_body,51,14
master,r_total_sig_str_atmp_body,55,14
master,r_total_sig_str_atmp_body,47,13
master,r_total_sig_str_atmp_body,52,12
master,r_total_sig_str_atmp_body,49,12
master,r_total_sig_str_atmp_body,57,7
master,r_total_sig_str_atmp_body,59,7
master,r_total_sig_str_atmp_body,53,7
master,r_total_sig_str_atmp_body,56,7
master,r_total_sig_str_atmp_body,61,6
master,r_total_sig_str_atmp_body,58,6
master,r_total_sig_str_atmp_body,65,5
master,r_total_sig_str_atmp_body,68,5
master,r_total_sig_str_atmp_body,60,5
master,r_total_sig_str_atmp_body,54,4
master,r_total_sig_str_atmp_body,71,4
master,r_total_sig_str_atmp_body,66,4
master,r_total_sig_str_atmp_body,62,4
master,r_total_sig_str_atmp_body,67,3
master,r_total_sig_str_atmp_body,63,3
master,r_total_sig_str_atmp_body,80,3
master,r_total_sig_str_atmp_body,73,3
master,r_total_sig_str_atmp_body,64,3
master,r_total_sig_str_atmp_body,74,2
master,r_total_sig_str_atmp_body,81,2
master,r_total_sig_str_atmp_body,88,2
master,r_total_sig_str_atmp_body,85,1
master,r_total_sig_str_atmp_body,69,1
master,r_total_sig_str_atmp_body,94,1
master,r_total_sig_str_atmp_body,101,1
master,r_total_sig_str_atmp_body,77,1
master,r_total_sig_str_atmp_body,97,1
master,r_total_sig_str_atmp_body,105,1
master,r_total_sig_str_atmp_body,83,1
master,r_total_sig_str_atmp_body,133,1
master,r_total_sig_str_atmp_body,72,1
master,r_total_sig_str_atmp_body,127,1
master,r_total_sig_str_atmp_body,75,1
master,r_total_sig_str_atmp_body,84,1
master,r_total_sig_str_atmp_body,70,1
master,r_total_sig_str_atmp_body,102,1
master,r_total_sig_str_atmp_body,86,1
master,b_total_sig_str_landed_body,0,2475
master,b_total_sig_str_landed_body,1,1282
master,b_total_sig_str_landed_body,2,1021
master,b_total_sig_str_landed_body,3,826
master,b_total_sig_str_landed_body,4,728
master,b_total_sig_str_landed_body,5,600
master,b_total_sig_str_landed_body,6,532
master,b_total_sig_str_landed_body,7,491
master,b_total_sig_str_landed_body,8,399
master,b_total_sig_str_landed_body,9,394
master,b_total_sig_str_landed_body,10,319
master,b_total_sig_str_landed_body,11,263
master,b_total_sig_str_landed_body,12,238
master,b_total_sig_str_landed_body,13,198
master,b_total_sig_str_landed_body,14,177
master,b_total_sig_str_landed_body,15,167
master,b_total_sig_str_landed_body,16,161
master,b_total_sig_str_landed_body,17,132
master,b_total_sig_str_landed_body,18,122
master,b_total_sig_str_landed_body,19,105
master,b_total_sig_str_landed_body,20,88
master,b_total_sig_str_landed_body,21,87
master,b_total_sig_str_landed_body,24,63
master,b_total_sig_str_landed_body,23,62
master,b_total_sig_str_landed_body,22,61
master,b_total_sig_str_landed_body,25,51
master,b_total_sig_str_landed_body,27,46
master,b_total_sig_str_landed_body,26,45
master,b_total_sig_str_landed_body,28,38
master,b_total_sig_str_landed_body,29,37
master,b_total_sig_str_landed_body,30,27
master,b_total_sig_str_landed_body,32,20
master,b_total_sig_str_landed_body,33,20
master,b_total_sig_str_landed_body,31,19
master,b_total_sig_str_landed_body,39,15
master,b_total_sig_str_landed_body,35,15
master,b_total_sig_str_landed_body,34,14
master,b_total_sig_str_landed_body,36,12
master,b_total_sig_str_landed_body,37,10
master,b_total_sig_str_landed_body,41,9
master,b_total_sig_str_landed_body,48,7
master,b_total_sig_str_landed_body,38,7
master,b_total_sig_str_landed_body,43,7
master,b_total_sig_str_landed_body,45,6
master,b_total_sig_str_landed_body,40,5
master,b_total_sig_str_landed_body,42,5
master,b_total_sig_str_landed_body,47,4
master,b_total_sig_str_landed_body,46,4
master,b_total_sig_str_landed_body,50,3
master,b_total_sig_str_landed_body,51,3
master,b_total_sig_str_landed_body,44,2
master,b_total_sig_str_landed_body,49,2
master,b_total_sig_str_landed_body,53,2
master,b_total_sig_str_landed_body,60,2
master,b_total_sig_str_landed_body,56,1
master,b_total_sig_str_landed_body,65,1
master,b_total_sig_str_landed_body,52,1
master,b_total_sig_str_landed_body,57,1
master,b_total_sig_str_landed_body,62,1
master,b_total_sig_str_landed_body,64,1
master,b_total_sig_str_landed_body,89,1
master,b_total_sig_str_landed_body,63,1
master,b_total_sig_str_landed_body,84,1
master,b_total_sig_str_landed_body,58,1
master,b_total_sig_str_landed_body,54,1
master,b_total_sig_str_landed_body,92,1
master,b_total_sig_str_landed_body,83,1
master,b_total_sig_str_atmp_body,0,1929
master,b_total_sig_str_atmp_body,1,1059
master,b_total_sig_str_atmp_body,2,824
master,b_total_sig_str_atmp_body,3,683
master,b_total_sig_str_atmp_body,4,655
master,b_total_sig_str_atmp_body,5,577
master,b_total_sig_str_atmp_body,6,473
master,b_total_sig_str_atmp_body,9,418
master,b_total_sig_str_atmp_body,7,413
master,b_total_sig_str_atmp_body,8,395
master,b_total_sig_str_atmp_body,10,320
master,b_total_sig_str_atmp_body,11,314
master,b_total_sig_str_atmp_body,12,293
master,b_total_sig_str_atmp_body,13,256
master,b_total_sig_str_atmp_body,14,223
master,b_total_sig_str_atmp_body,15,220
master,b_total_sig_str_atmp_body,17,185
master,b_total_sig_str_atmp_body,19,178
master,b_total_sig_str_atmp_body,18,164
master,b_total_sig_str_atmp_body,16,163
master,b_total_sig_str_atmp_body,20,139
master,b_total_sig_str_atmp_body,21,136
master,b_total_sig_str_atmp_body,23,119
master,b_total_sig_str_atmp_body,22,118
master,b_total_sig_str_atmp_body,24,104
master,b_total_sig_str_atmp_body,25,87
master,b_total_sig_str_atmp_body,26,82
master,b_total_sig_str_atmp_body,29,76
master,b_total_sig_str_atmp_body,27,74
master,b_total_sig_str_atmp_body,28,71
master,b_total_sig_str_atmp_body,30,60
master,b_total_sig_str_atmp_body,32,54
master,b_total_sig_str_atmp_body,31,47
master,b_total_sig_str_atmp_body,33,45
master,b_total_sig_str_atmp_body,34,42
master,b_total_sig_str_atmp_body,35,38
master,b_total_sig_str_atmp_body,38,36
master,b_total_sig_str_atmp_body,36,34
master,b_total_sig_str_atmp_body,39,33
master,b_total_sig_str_atmp_body,40,29
master,b_total_sig_str_atmp_body,37,27
master,b_total_sig_str_atmp_body,43,22
master,b_total_sig_str_atmp_body,42,20
master,b_total_sig_str_atmp_body,41,19
master,b_total_sig_str_atmp_body,46,19
master,b_total_sig_str_atmp_body,44,17
master,b_total_sig_str_atmp_body,47,12
master,b_total_sig_str_atmp_body,51,12
master,b_total_sig_str_atmp_body,48,11
master,b_total_sig_str_atmp_body,54,11
master,b_total_sig_str_atmp_body,50,9
master,b_total_sig_str_atmp_body,45,8
master,b_total_sig_str_atmp_body,56,7
master,b_total_sig_str_atmp_body,58,7
master,b_total_sig_str_atmp_body,62,6
master,b_total_sig_str_atmp_body,49,6
master,b_total_sig_str_atmp_body,53,6
master,b_total_sig_str_atmp_body,52,6
master,b_total_sig_str_atmp_body,57,5
master,b_total_sig_str_atmp_body,59,5
master,b_total_sig_str_atmp_body,65,3
master,b_total_sig_str_atmp_body,64,3
master,b_total_sig_str_atmp_body,61,3
master,b_total_sig_str_atmp_body,73,3
master,b_total_sig_str_atmp_body,60,3
master,b_total_sig_str_atmp_body,55,2
master,b_total_sig_str_atmp_body,71,2
master,b_total_sig_str_atmp_body,63,2
master,b_total_sig_str_atmp_body,79,2
master,b_total_sig_str_atmp_body,78,1
master,b_total_sig_str_atmp_body,98,1
master,b_total_sig_str_atmp_body,91,1
master,b_total_sig_str_atmp_body,72,1
master,b_total_sig_str_atmp_body,83,1
master,b_total_sig_str_atmp_body,93,1
master,b_total_sig_str_atmp_body,112,1
master,b_total_sig_str_atmp_body,69,1
master,b_total_sig_str_atmp_body,97,1
master,b_total_sig_str_atmp_body,111,1
master,b_total_sig_str_atmp_body,90,1
master,b_total_sig_str_atmp_body,68,1
master,b_total_sig_str_atmp_body,100,1
master,b_total_sig_str_atmp_body,66,1
master,b_total_sig_str_atmp_body,87,1
master,b_total_sig_str_atmp_body,88,1
master,b_total_sig_str_atmp_body,67,1
master,r_total_sig_str_landed_leg,0,2967
master,r_total_sig_str_landed_leg,1,1504
master,r_total_sig_str_landed_leg,2,1084
master,r_total_sig_str_landed_leg,3,863
master,r_total_sig_str_landed_leg,4,711
master,r_total_sig_str_landed_leg,5,527
master,r_total_sig_str_landed_leg,6,469
master,r_total_sig_str_landed_leg,7,385
master,r_total_sig_str_landed_leg,8,357
master,r_total_sig_str_landed_leg,9,308
master,r_total_sig_str_landed_leg,10,264
master,r_total_sig_str_landed_leg,11,224
master,r_total_sig_str_landed_leg,12,198
master,r_total_sig_str_landed_leg,13,179
master,r_total_sig_str_landed_leg,14,134
master,r_total_sig_str_landed_leg,15,133
master,r_total_sig_str_landed_leg,16,118
master,r_total_sig_str_landed_leg,17,111
master,r_total_sig_str_landed_leg,18,108
master,r_total_sig_str_landed_leg,19,98
master,r_total_sig_str_landed_leg,20,79
master,r_total_sig_str_landed_leg,21,71
master,r_total_sig_str_landed_leg,22,57
master,r_total_sig_str_landed_leg,23,55
master,r_total_sig_str_landed_leg,25,48
master,r_total_sig_str_landed_leg,24,45
master,r_total_sig_str_landed_leg,26,39
master,r_total_sig_str_landed_leg,27,37
master,r_total_sig_str_landed_leg,28,28
master,r_total_sig_str_landed_leg,29,23
master,r_total_sig_str_landed_leg,30,20
master,r_total_sig_str_landed_leg,31,20
master,r_total_sig_str_landed_leg,32,19
master,r_total_sig_str_landed_leg,36,19
master,r_total_sig_str_landed_leg,35,14
master,r_total_sig_str_landed_leg,33,14
master,r_total_sig_str_landed_leg,34,14
master,r_total_sig_str_landed_leg,39,9
master,r_total_sig_str_landed_leg,41,9
master,r_total_sig_str_landed_leg,37,9
master,r_total_sig_str_landed_leg,40,7
master,r_total_sig_str_landed_leg,38,7
master,r_total_sig_str_landed_leg,48,7
master,r_total_sig_str_landed_leg,43,5
master,r_total_sig_str_landed_leg,44,5
master,r_total_sig_str_landed_leg,52,5
master,r_total_sig_str_landed_leg,46,4
master,r_total_sig_str_landed_leg,42,4
master,r_total_sig_str_landed_leg,51,3
master,r_total_sig_str_landed_leg,47,3
master,r_total_sig_str_landed_leg,58,2
master,r_total_sig_str_landed_leg,45,2
master,r_total_sig_str_landed_leg,56,2
master,r_total_sig_str_landed_leg,49,2
master,r_total_sig_str_landed_leg,78,1
master,r_total_sig_str_landed_leg,64,1
master,r_total_sig_str_landed_leg,70,1
master,r_total_sig_str_landed_leg,75,1
master,r_total_sig_str_landed_leg,53,1
master,r_total_sig_str_landed_leg,61,1
master,r_total_sig_str_landed_leg,59,1
master,r_total_sig_str_landed_leg,50,1
master,r_total_sig_str_landed_leg,55,1
master,r_total_sig_str_landed_leg,67,1
master,r_total_sig_str_landed_leg,54,1
master,r_total_sig_str_landed_leg,57,1
master,r_total_sig_str_atmp_leg,0,2617
master,r_total_sig_str_atmp_leg,1,1348
master,r_total_sig_str_atmp_leg,2,1019
master,r_total_sig_str_atmp_leg,3,831
master,r_total_sig_str_atmp_leg,4,685
master,r_total_sig_str_atmp_leg,5,555
master,r_total_sig_str_atmp_leg,6,477
master,r_total_sig_str_atmp_leg,7,383
master,r_total_sig_str_atmp_leg,8,356
master,r_total_sig_str_atmp_leg,9,325
master,r_total_sig_str_atmp_leg,10,286
master,r_total_sig_str_atmp_leg,11,246
master,r_total_sig_str_atmp_leg,13,210
master,r_total_sig_str_atmp_leg,12,202
master,r_total_sig_str_atmp_leg,14,171
master,r_total_sig_str_atmp_leg,15,160
master,r_total_sig_str_atmp_leg,16,140
master,r_total_sig_str_atmp_leg,17,120
master,r_total_sig_str_atmp_leg,18,118
master,r_total_sig_str_atmp_leg,20,110
master,r_total_sig_str_atmp_leg,19,101
master,r_total_sig_str_atmp_leg,24,85
master,r_total_sig_str_atmp_leg,22,82
master,r_total_sig_str_atmp_leg,21,77
master,r_total_sig_str_atmp_leg,23,74
master,r_total_sig_str_atmp_leg,25,68
master,r_total_sig_str_atmp_leg,28,51
master,r_total_sig_str_atmp_leg,29,49
master,r_total_sig_str_atmp_leg,26,46
master,r_total_sig_str_atmp_leg,27,44
master,r_total_sig_str_atmp_leg,31,34
master,r_total_sig_str_atmp_leg,30,30
master,r_total_sig_str_atmp_leg,33,30
master,r_total_sig_str_atmp_leg,32,28
master,r_total_sig_str_atmp_leg,35,25
master,r_total_sig_str_atmp_leg,36,22
master,r_total_sig_str_atmp_leg,34,21
master,r_total_sig_str_atmp_leg,39,21
master,r_total_sig_str_atmp_leg,38,19
master,r_total_sig_str_atmp_leg,37,18
master,r_total_sig_str_atmp_leg,40,15
master,r_total_sig_str_atmp_leg,45,12
master,r_total_sig_str_atmp_leg,47,11
master,r_total_sig_str_atmp_leg,41,11
master,r_total_sig_str_atmp_leg,43,11
master,r_total_sig_str_atmp_leg,42,9
master,r_total_sig_str_atmp_leg,49,7
master,r_total_sig_str_atmp_leg,44,7
master,r_total_sig_str_atmp_leg,52,7
master,r_total_sig_str_atmp_leg,46,5
master,r_total_sig_str_atmp_leg,51,5
master,r_total_sig_str_atmp_leg,57,5
master,r_total_sig_str_atmp_leg,54,4
master,r_total_sig_str_atmp_leg,53,4
master,r_total_sig_str_atmp_leg,65,4
master,r_total_sig_str_atmp_leg,56,4
master,r_total_sig_str_atmp_leg,50,4
master,r_total_sig_str_atmp_leg,59,4
master,r_total_sig_str_atmp_leg,62,3
master,r_total_sig_str_atmp_leg,81,2
master,r_total_sig_str_atmp_leg,67,2
master,r_total_sig_str_atmp_leg,64,2
master,r_total_sig_str_atmp_leg,63,2
master,r_total_sig_str_atmp_leg,61,2
master,r_total_sig_str_atmp_leg,58,2
master,r_total_sig_str_atmp_leg,55,2
master,r_total_sig_str_atmp_leg,90,1
master,r_total_sig_str_atmp_leg,88,1
master,r_total_sig_str_atmp_leg,85,1
master,r_total_sig_str_atmp_leg,78,1
master,r_total_sig_str_atmp_leg,79,1
master,r_total_sig_str_atmp_leg,101,1
master,r_total_sig_str_atmp_leg,89,1
master,r_total_sig_str_atmp_leg,72,1
master,r_total_sig_str_atmp_leg,69,1
master,r_total_sig_str_atmp_leg,48,1
master,r_total_sig_str_atmp_leg,70,1
master,b_total_sig_str_landed_leg,0,3102
master,b_total_sig_str_landed_leg,1,1508
master,b_total_sig_str_landed_leg,2,1096
master,b_total_sig_str_landed_leg,3,840
master,b_total_sig_str_landed_leg,4,694
master,b_total_sig_str_landed_leg,5,552
master,b_total_sig_str_landed_leg,6,476
master,b_total_sig_str_landed_leg,7,443
master,b_total_sig_str_landed_leg,8,339
master,b_total_sig_str_landed_leg,9,300
master,b_total_sig_str_landed_leg,10,283
master,b_total_sig_str_landed_leg,11,245
master,b_total_sig_str_landed_leg,12,171
master,b_total_sig_str_landed_leg,13,166
master,b_total_sig_str_landed_leg,14,139
master,b_total_sig_str_landed_leg,15,129
master,b_total_sig_str_landed_leg,18,99
master,b_total_sig_str_landed_leg,16,95
master,b_total_sig_str_landed_leg,17,93
master,b_total_sig_str_landed_leg,19,80
master,b_total_sig_str_landed_leg,20,67
master,b_total_sig_str_landed_leg,22,61
master,b_total_sig_str_landed_leg,21,58
master,b_total_sig_str_landed_leg,23,48
master,b_total_sig_str_landed_leg,24,43
master,b_total_sig_str_landed_leg,26,32
master,b_total_sig_str_landed_leg,28,31
master,b_total_sig_str_landed_leg,27,29
master,b_total_sig_str_landed_leg,25,26
master,b_total_sig_str_landed_leg,30,20
master,b_total_sig_str_landed_leg,32,18
master,b_total_sig_str_landed_leg,33,18
master,b_total_sig_str_landed_leg,29,17
master,b_total_sig_str_landed_leg,31,16
master,b_total_sig_str_landed_leg,34,12
master,b_total_sig_str_landed_leg,40,10
master,b_total_sig_str_landed_leg,35,9
master,b_total_sig_str_landed_leg,36,7
master,b_total_sig_str_landed_leg,38,6
master,b_total_sig_str_landed_leg,37,6
master,b_total_sig_str_landed_leg,46,6
master,b_total_sig_str_landed_leg,45,5
master,b_total_sig_str_landed_leg,39,5
master,b_total_sig_str_landed_leg,41,4
master,b_total_sig_str_landed_leg,43,4
master,b_total_sig_str_landed_leg,50,4
master,b_total_sig_str_landed_leg,49,3
master,b_total_sig_str_landed_leg,44,3
master,b_total_sig_str_landed_leg,51,3
master,b_total_sig_str_landed_leg,47,2
master,b_total_sig_str_landed_leg,53,2
master,b_total_sig_str_landed_leg,63,2
master,b_total_sig_str_landed_leg,42,2
master,b_total_sig_str_landed_leg,57,2
master,b_total_sig_str_landed_leg,58,1
master,b_total_sig_str_landed_leg,54,1
master,b_total_sig_str_landed_leg,59,1
master,b_total_sig_str_landed_leg,77,1
master,b_total_sig_str_landed_leg,56,1
master,b_total_sig_str_landed_leg,76,1
master,b_total_sig_str_landed_leg,75,1
master,b_total_sig_str_landed_leg,69,1
master,b_total_sig_str_landed_leg,68,1
master,b_total_sig_str_landed_leg,95,1
master,b_total_sig_str_atmp_leg,0,2688
master,b_total_sig_str_atmp_leg,1,1375
master,b_total_sig_str_atmp_leg,2,979
master,b_total_sig_str_atmp_leg,3,811
master,b_total_sig_str_atmp_leg,4,675
master,b_total_sig_str_atmp_leg,5,569
master,b_total_sig_str_atmp_leg,6,476
master,b_total_sig_str_atmp_leg,7,421
master,b_total_sig_str_atmp_leg,8,375
master,b_total_sig_str_atmp_leg,9,333
master,b_total_sig_str_atmp_leg,10,324
master,b_total_sig_str_atmp_leg,11,244
master,b_total_sig_str_atmp_leg,12,236
master,b_total_sig_str_atmp_leg,13,204
master,b_total_sig_str_atmp_leg,14,173
master,b_total_sig_str_atmp_leg,15,157
master,b_total_sig_str_atmp_leg,17,131
master,b_total_sig_str_atmp_leg,16,123
master,b_total_sig_str_atmp_leg,19,96
master,b_total_sig_str_atmp_leg,18,94
master,b_total_sig_str_atmp_leg,20,90
master,b_total_sig_str_atmp_leg,22,87
master,b_total_sig_str_atmp_leg,21,79
master,b_total_sig_str_atmp_leg,23,78
master,b_total_sig_str_atmp_leg,26,56
master,b_total_sig_str_atmp_leg,24,52
master,b_total_sig_str_atmp_leg,25,47
master,b_total_sig_str_atmp_leg,29,44
master,b_total_sig_str_atmp_leg,27,43
master,b_total_sig_str_atmp_leg,28,37
master,b_total_sig_str_atmp_leg,30,31
master,b_total_sig_str_atmp_leg,31,30
master,b_total_sig_str_atmp_leg,33,22
master,b_total_sig_str_atmp_leg,32,20
master,b_total_sig_str_atmp_leg,34,19
master,b_total_sig_str_atmp_leg,35,18
master,b_total_sig_str_atmp_leg,37,17
master,b_total_sig_str_atmp_leg,36,14
master,b_total_sig_str_atmp_leg,38,13
master,b_total_sig_str_atmp_leg,39,12
master,b_total_sig_str_atmp_leg,42,12
master,b_total_sig_str_atmp_leg,41,12
master,b_total_sig_str_atmp_leg,47,12
master,b_total_sig_str_atmp_leg,40,12
master,b_total_sig_str_atmp_leg,44,11
master,b_total_sig_str_atmp_leg,45,10
master,b_total_sig_str_atmp_leg,48,8
master,b_total_sig_str_atmp_leg,43,7
master,b_total_sig_str_atmp_leg,46,7
master,b_total_sig_str_atmp_leg,53,5
master,b_total_sig_str_atmp_leg,50,5
master,b_total_sig_str_atmp_leg,49,5
master,b_total_sig_str_atmp_leg,55,5
master,b_total_sig_str_atmp_leg,57,4
master,b_total_sig_str_atmp_leg,52,4
master,b_total_sig_str_atmp_leg,87,3
master,b_total_sig_str_atmp_leg,56,3
master,b_total_sig_str_atmp_leg,83,2
master,b_total_sig_str_atmp_leg,62,2
master,b_total_sig_str_atmp_leg,54,2
master,b_total_sig_str_atmp_leg,58,2
master,b_total_sig_str_atmp_leg,64,2
master,b_total_sig_str_atmp_leg,71,1
master,b_total_sig_str_atmp_leg,60,1
master,b_total_sig_str_atmp_leg,70,1
master,b_total_sig_str_atmp_leg,68,1
master,b_total_sig_str_atmp_leg,51,1
master,b_total_sig_str_atmp_leg,72,1
master,b_total_sig_str_atmp_leg,69,1
master,b_total_sig_str_atmp_leg,61,1
master,b_total_sig_str_atmp_leg,91,1
master,b_total_sig_str_atmp_leg,93,1
master,b_total_sig_str_atmp_leg,63,1
master,b_total_sig_str_atmp_leg,102,1
master,b_total_sig_str_atmp_leg,59,1
master,r_total_sig_str_landed_distance,0,965
master,r_total_sig_str_landed_distance,1,624
master,r_total_sig_str_landed_distance,2,579
master,r_total_sig_str_landed_distance,3,488
master,r_total_sig_str_landed_distance,4,402
master,r_total_sig_str_landed_distance,5,359
master,r_total_sig_str_landed_distance,6,322
master,r_total_sig_str_landed_distance,7,307
master,r_total_sig_str_landed_distance,8,302
master,r_total_sig_str_landed_distance,9,266
master,r_total_sig_str_landed_distance,12,261
master,r_total_sig_str_landed_distance,10,237
master,r_total_sig_str_landed_distance,11,234
master,r_total_sig_str_landed_distance,15,204
master,r_total_sig_str_landed_distance,13,194
master,r_total_sig_str_landed_distance,17,189
master,r_total_sig_str_landed_distance,14,189
master,r_total_sig_str_landed_distance,16,183
master,r_total_sig_str_landed_distance,24,165
master,r_total_sig_str_landed_distance,20,152
master,r_total_sig_str_landed_distance,18,149
master,r_total_sig_str_landed_distance,19,147
master,r_total_sig_str_landed_distance,26,137
master,r_total_sig_str_landed_distance,22,135
master,r_total_sig_str_landed_distance,21,135
master,r_total_sig_str_landed_distance,23,122
master,r_total_sig_str_landed_distance,25,121
master,r_total_sig_str_landed_distance,28,116
master,r_total_sig_str_landed_distance,27,116
master,r_total_sig_str_landed_distance,30,109
master,r_total_sig_str_landed_distance,31,109
master,r_total_sig_str_landed_distance,29,106
master,r_total_sig_str_landed_distance,32,104
master,r_total_sig_str_landed_distance,35,102
master,r_total_sig_str_landed_distance,46,98
master,r_total_sig_str_landed_distance,38,92
master,r_total_sig_str_landed_distance,41,89
master,r_total_sig_str_landed_distance,34,88
master,r_total_sig_str_landed_distance,44,82
master,r_total_sig_str_landed_distance,36,81
master,r_total_sig_str_landed_distance,43,79
master,r_total_sig_str_landed_distance,33,77
master,r_total_sig_str_landed_distance,37,76
master,r_total_sig_str_landed_distance,42,74
master,r_total_sig_str_landed_distance,49,73
master,r_total_sig_str_landed_distance,40,73
master,r_total_sig_str_landed_distance,39,70
master,r_total_sig_str_landed_distance,45,69
master,r_total_sig_str_landed_distance,54,67
master,r_total_sig_str_landed_distance,47,67
master,r_total_sig_str_landed_distance,50,66
master,r_total_sig_str_landed_distance,51,65
master,r_total_sig_str_landed_distance,53,60
master,r_total_sig_str_landed_distance,48,58
master,r_total_sig_str_landed_distance,58,56
master,r_total_sig_str_landed_distance,61,53
master,r_total_sig_str_landed_distance,57,53
master,r_total_sig_str_landed_distance,52,52
master,r_total_sig_str_landed_distance,55,50
master,r_total_sig_str_landed_distance,67,44
master,r_total_sig_str_landed_distance,56,42
master,r_total_sig_str_landed_distance,65,41
master,r_total_sig_str_landed_distance,60,40
master,r_total_sig_str_landed_distance,59,39
master,r_total_sig_str_landed_distance,62,38
master,r_total_sig_str_landed_distance,66,38
master,r_total_sig_str_landed_distance,69,38
master,r_total_sig_str_landed_distance,79,37
master,r_total_sig_str_landed_distance,64,36
master,r_total_sig_str_landed_distance,63,33
master,r_total_sig_str_landed_distance,72,32
master,r_total_sig_str_landed_distance,73,31
master,r_total_sig_str_landed_distance,70,31
master,r_total_sig_str_landed_distance,78,31
master,r_total_sig_str_landed_distance,68,30
master,r_total_sig_str_landed_distance,77,27
master,r_total_sig_str_landed_distance,80,25
master,r_total_sig_str_landed_distance,76,24
master,r_total_sig_str_landed_distance,71,24
master,r_total_sig_str_landed_distance,74,24
master,r_total_sig_str_landed_distance,88,23
master,r_total_sig_str_landed_distance,85,22
master,r_total_sig_str_landed_distance,87,21
master,r_total_sig_str_landed_distance,82,20
master,r_total_sig_str_landed_distance,75,20
master,r_total_sig_str_landed_distance,83,19
master,r_total_sig_str_landed_distance,84,19
master,r_total_sig_str_landed_distance,81,19
master,r_total_sig_str_landed_distance,91,17
master,r_total_sig_str_landed_distance,86,17
master,r_total_sig_str_landed_distance,101,16
master,r_total_sig_str_landed_distance,103,15
master,r_total_sig_str_landed_distance,99,15
master,r_total_sig_str_landed_distance,95,15
master,r_total_sig_str_landed_distance,90,15
master,r_total_sig_str_landed_distance,92,13
master,r_total_sig_str_landed_distance,93,13
master,r_total_sig_str_landed_distance,94,13
master,r_total_sig_str_landed_distance,105,12
master,r_total_sig_str_landed_distance,123,12
master,r_total_sig_str_landed_distance,102,12
master,r_total_sig_str_landed_distance,98,11
master,r_total_sig_str_landed_distance,97,11
master,r_total_sig_str_landed_distance,89,11
master,r_total_sig_str_landed_distance,109,11
master,r_total_sig_str_landed_distance,106,10
master,r_total_sig_str_landed_distance,116,9
master,r_total_sig_str_landed_distance,108,9
master,r_total_sig_str_landed_distance,126,8
master,r_total_sig_str_landed_distance,96,8
master,r_total_sig_str_landed_distance,111,8
master,r_total_sig_str_landed_distance,110,8
master,r_total_sig_str_landed_distance,119,7
master,r_total_sig_str_landed_distance,100,7
master,r_total_sig_str_landed_distance,114,6
master,r_total_sig_str_landed_distance,125,6
master,r_total_sig_str_landed_distance,138,6
master,r_total_sig_str_landed_distance,104,6
master,r_total_sig_str_landed_distance,132,5
master,r_total_sig_str_landed_distance,118,5
master,r_total_sig_str_landed_distance,124,5
master,r_total_sig_str_landed_distance,112,5
master,r_total_sig_str_landed_distance,135,5
master,r_total_sig_str_landed_distance,134,5
master,r_total_sig_str_landed_distance,146,4
master,r_total_sig_str_landed_distance,127,4
master,r_total_sig_str_landed_distance,150,4
master,r_total_sig_str_landed_distance,120,4
master,r_total_sig_str_landed_distance,113,4
master,r_total_sig_str_landed_distance,115,4
master,r_total_sig_str_landed_distance,117,4
master,r_total_sig_str_landed_distance,130,4
master,r_total_sig_str_landed_distance,137,4
master,r_total_sig_str_landed_distance,148,3
master,r_total_sig_str_landed_distance,167,3
master,r_total_sig_str_landed_distance,142,3
master,r_total_sig_str_landed_distance,128,3
master,r_total_sig_str_landed_distance,141,3
master,r_total_sig_str_landed_distance,107,3
master,r_total_sig_str_landed_distance,147,3
master,r_total_sig_str_landed_distance,140,3
master,r_total_sig_str_landed_distance,144,3
master,r_total_sig_str_landed_distance,152,2
master,r_total_sig_str_landed_distance,158,2
master,r_total_sig_str_landed_distance,145,2
master,r_total_sig_str_landed_distance,143,2
master,r_total_sig_str_landed_distance,172,2
master,r_total_sig_str_landed_distance,161,2
master,r_total_sig_str_landed_distance,228,2
master,r_total_sig_str_landed_distance,136,2
master,r_total_sig_str_landed_distance,162,2
master,r_total_sig_str_landed_distance,175,2
master,r_total_sig_str_landed_distance,121,2
master,r_total_sig_str_landed_distance,154,2
master,r_total_sig_str_landed_distance,156,2
master,r_total_sig_str_landed_distance,122,2
master,r_total_sig_str_landed_distance,131,2
master,r_total_sig_str_landed_distance,203,1
master,r_total_sig_str_landed_distance,193,1
master,r_total_sig_str_landed_distance,149,1
master,r_total_sig_str_landed_distance,129,1
master,r_total_sig_str_landed_distance,234,1
master,r_total_sig_str_landed_distance,139,1
master,r_total_sig_str_landed_distance,166,1
master,r_total_sig_str_landed_distance,168,1
master,r_total_sig_str_landed_distance,256,1
master,r_total_sig_str_landed_distance,133,1
master,r_total_sig_str_landed_distance,169,1
master,r_total_sig_str_landed_distance,188,1
master,r_total_sig_str_landed_distance,182,1
master,r_total_sig_str_landed_distance,187,1
master,r_total_sig_str_landed_distance,439,1
master,r_total_sig_str_landed_distance,281,1
master,r_total_sig_str_landed_distance,153,1
master,r_total_sig_str_landed_distance,179,1
master,r_total_sig_str_landed_distance,165,1
master,r_total_sig_str_landed_distance,171,1
master,r_total_sig_str_landed_distance,173,1
master,r_total_sig_str_landed_distance,227,1
master,r_total_sig_str_landed_distance,163,1
master,r_total_sig_str_landed_distance,159,1
master,r_total_sig_str_landed_distance,205,1
master,b_total_sig_str_landed_distance,0,1176
master,b_total_sig_str_landed_distance,1,691
master,b_total_sig_str_landed_distance,2,537
master,b_total_sig_str_landed_distance,3,494
master,b_total_sig_str_landed_distance,4,398
master,b_total_sig_str_landed_distance,5,370
master,b_total_sig_str_landed_distance,6,320
master,b_total_sig_str_landed_distance,7,303
master,b_total_sig_str_landed_distance,8,301
master,b_total_sig_str_landed_distance,9,299
master,b_total_sig_str_landed_distance,10,243
master,b_total_sig_str_landed_distance,13,227
master,b_total_sig_str_landed_distance,12,227
master,b_total_sig_str_landed_distance,11,201
master,b_total_sig_str_landed_distance,15,192
master,b_total_sig_str_landed_distance,14,190
master,b_total_sig_str_landed_distance,17,181
master,b_total_sig_str_landed_distance,16,174
master,b_total_sig_str_landed_distance,19,174
master,b_total_sig_str_landed_distance,20,173
master,b_total_sig_str_landed_distance,18,164
master,b_total_sig_str_landed_distance,24,143
master,b_total_sig_str_landed_distance,22,142
master,b_total_sig_str_landed_distance,21,134
master,b_total_sig_str_landed_distance,23,131
master,b_total_sig_str_landed_distance,27,130
master,b_total_sig_str_landed_distance,25,129
master,b_total_sig_str_landed_distance,28,126
master,b_total_sig_str_landed_distance,26,121
master,b_total_sig_str_landed_distance,31,113
master,b_total_sig_str_landed_distance,33,111
master,b_total_sig_str_landed_distance,29,110
master,b_total_sig_str_landed_distance,30,108
master,b_total_sig_str_landed_distance,38,96
master,b_total_sig_str_landed_distance,32,91
master,b_total_sig_str_landed_distance,34,90
master,b_total_sig_str_landed_distance,35,85
master,b_total_sig_str_landed_distance,36,85
master,b_total_sig_str_landed_distance,42,77
master,b_total_sig_str_landed_distance,45,75
master,b_total_sig_str_landed_distance,44,71
master,b_total_sig_str_landed_distance,43,71
master,b_total_sig_str_landed_distance,41,71
master,b_total_sig_str_landed_distance,40,69
master,b_total_sig_str_landed_distance,46,68
master,b_total_sig_str_landed_distance,37,67
master,b_total_sig_str_landed_distance,48,62
master,b_total_sig_str_landed_distance,39,62
master,b_total_sig_str_landed_distance,47,62
master,b_total_sig_str_landed_distance,49,58
master,b_total_sig_str_landed_distance,51,57
master,b_total_sig_str_landed_distance,50,55
master,b_total_sig_str_landed_distance,62,52
master,b_total_sig_str_landed_distance,55,51
master,b_total_sig_str_landed_distance,52,49
master,b_total_sig_str_landed_distance,64,48
master,b_total_sig_str_landed_distance,58,47
master,b_total_sig_str_landed_distance,54,47
master,b_total_sig_str_landed_distance,53,45
master,b_total_sig_str_landed_distance,57,45
master,b_total_sig_str_landed_distance,67,42
master,b_total_sig_str_landed_distance,68,39
master,b_total_sig_str_landed_distance,56,39
master,b_total_sig_str_landed_distance,60,38
master,b_total_sig_str_landed_distance,65,38
master,b_total_sig_str_landed_distance,59,37
master,b_total_sig_str_landed_distance,66,35
master,b_total_sig_str_landed_distance,71,34
master,b_total_sig_str_landed_distance,61,33
master,b_total_sig_str_landed_distance,78,30
master,b_total_sig_str_landed_distance,70,27
master,b_total_sig_str_landed_distance,76,26
master,b_total_sig_str_landed_distance,69,26
master,b_total_sig_str_landed_distance,63,26
master,b_total_sig_str_landed_distance,73,26
master,b_total_sig_str_landed_distance,75,25
master,b_total_sig_str_landed_distance,81,25
master,b_total_sig_str_landed_distance,74,23
master,b_total_sig_str_landed_distance,80,22
master,b_total_sig_str_landed_distance,72,21
master,b_total_sig_str_landed_distance,88,20
master,b_total_sig_str_landed_distance,82,20
master,b_total_sig_str_landed_distance,85,19
master,b_total_sig_str_landed_distance,91,18
master,b_total_sig_str_landed_distance,84,18
master,b_total_sig_str_landed_distance,77,17
master,b_total_sig_str_landed_distance,79,17
master,b_total_sig_str_landed_distance,90,17
master,b_total_sig_str_landed_distance,93,15
master,b_total_sig_str_landed_distance,97,14
master,b_total_sig_str_landed_distance,89,13
master,b_total_sig_str_landed_distance,92,13
master,b_total_sig_str_landed_distance,94,13
master,b_total_sig_str_landed_distance,86,13
master,b_total_sig_str_landed_distance,83,12
master,b_total_sig_str_landed_distance,98,12
master,b_total_sig_str_landed_distance,99,12
master,b_total_sig_str_landed_distance,102,12
master,b_total_sig_str_landed_distance,100,12
master,b_total_sig_str_landed_distance,104,10
master,b_total_sig_str_landed_distance,105,10
master,b_total_sig_str_landed_distance,129,10
master,b_total_sig_str_landed_distance,107,9
master,b_total_sig_str_landed_distance,96,9
master,b_total_sig_str_landed_distance,87,7
master,b_total_sig_str_landed_distance,95,7
master,b_total_sig_str_landed_distance,110,7
master,b_total_sig_str_landed_distance,121,6
master,b_total_sig_str_landed_distance,114,6
master,b_total_sig_str_landed_distance,115,6
master,b_total_sig_str_landed_distance,118,6
master,b_total_sig_str_landed_distance,101,6
master,b_total_sig_str_landed_distance,119,6
master,b_total_sig_str_landed_distance,103,5
master,b_total_sig_str_landed_distance,109,5
master,b_total_sig_str_landed_distance,108,5
master,b_total_sig_str_landed_distance,116,5
master,b_total_sig_str_landed_distance,117,5
master,b_total_sig_str_landed_distance,134,5
master,b_total_sig_str_landed_distance,106,5
master,b_total_sig_str_landed_distance,156,5
master,b_total_sig_str_landed_distance,113,4
master,b_total_sig_str_landed_distance,137,4
master,b_total_sig_str_landed_distance,124,4
master,b_total_sig_str_landed_distance,111,4
master,b_total_sig_str_landed_distance,127,4
master,b_total_sig_str_landed_distance,130,4
master,b_total_sig_str_landed_distance,150,4
master,b_total_sig_str_landed_distance,135,3
master,b_total_sig_str_landed_distance,138,3
master,b_total_sig_str_landed_distance,152,3
master,b_total_sig_str_landed_distance,133,3
master,b_total_sig_str_landed_distance,120,3
master,b_total_sig_str_landed_distance,140,3
master,b_total_sig_str_landed_distance,128,3
master,b_total_sig_str_landed_distance,125,3
master,b_total_sig_str_landed_distance,148,2
master,b_total_sig_str_landed_distance,112,2
master,b_total_sig_str_landed_distance,123,2
master,b_total_sig_str_landed_distance,142,2
master,b_total_sig_str_landed_distance,126,2
master,b_total_sig_str_landed_distance,167,2
master,b_total_sig_str_landed_distance,196,2
master,b_total_sig_str_landed_distance,143,2
master,b_total_sig_str_landed_distance,181,2
master,b_total_sig_str_landed_distance,145,2
master,b_total_sig_str_landed_distance,147,2
master,b_total_sig_str_landed_distance,146,2
master,b_total_sig_str_landed_distance,136,2
master,b_total_sig_str_landed_distance,141,2
master,b_total_sig_str_landed_distance,168,2
master,b_total_sig_str_landed_distance,132,2
master,b_total_sig_str_landed_distance,131,1
master,b_total_sig_str_landed_distance,171,1
master,b_total_sig_str_landed_distance,225,1
master,b_total_sig_str_landed_distance,178,1
master,b_total_sig_str_landed_distance,205,1
master,b_total_sig_str_landed_distance,208,1
master,b_total_sig_str_landed_distance,139,1
master,b_total_sig_str_landed_distance,173,1
master,b_total_sig_str_landed_distance,169,1
master,b_total_sig_str_landed_distance,163,1
master,b_total_sig_str_landed_distance,151,1
master,b_total_sig_str_landed_distance,188,1
master,b_total_sig_str_landed_distance,165,1
master,b_total_sig_str_landed_distance,224,1
master,b_total_sig_str_landed_distance,195,1
master,b_total_sig_str_landed_distance,149,1
master,b_total_sig_str_landed_distance,157,1
master,b_total_sig_str_landed_distance,122,1
master,b_total_sig_str_landed_distance,144,1
master,b_total_sig_str_landed_distance,204,1
master,b_total_sig_str_landed_distance,166,1
master,b_total_sig_str_landed_distance,153,1
master,b_total_sig_str_landed_distance,158,1
master,b_total_sig_str_landed_distance,154,1
master,r_total_sig_str_landed_clinch,0,3675
master,r_total_sig_str_landed_clinch,1,1445
master,r_total_sig_str_landed_clinch,2,1016
master,r_total_sig_str_landed_clinch,3,798
master,r_total_sig_str_landed_clinch,4,649
master,r_total_sig_str_landed_clinch,5,549
master,r_total_sig_str_landed_clinch,6,452
master,r_total_sig_str_landed_clinch,7,389
master,r_total_sig_str_landed_clinch,8,295
master,r_total_sig_str_landed_clinch,9,256
master,r_total_sig_str_landed_clinch,10,241
master,r_total_sig_str_landed_clinch,11,206
master,r_total_sig_str_landed_clinch,12,178
master,r_total_sig_str_landed_clinch,13,150
master,r_total_sig_str_landed_clinch,15,122
master,r_total_sig_str_landed_clinch,14,117
master,r_total_sig_str_landed_clinch,17,102
master,r_total_sig_str_landed_clinch,16,88
master,r_total_sig_str_landed_clinch,18,72
master,r_total_sig_str_landed_clinch,19,68
master,r_total_sig_str_landed_clinch,22,59
master,r_total_sig_str_landed_clinch,21,57
master,r_total_sig_str_landed_clinch,20,57
master,r_total_sig_str_landed_clinch,23,46
master,r_total_sig_str_landed_clinch,24,38
master,r_total_sig_str_landed_clinch,26,30
master,r_total_sig_str_landed_clinch,25,29
master,r_total_sig_str_landed_clinch,27,22
master,r_total_sig_str_landed_clinch,32,19
master,r_total_sig_str_landed_clinch,29,19
master,r_total_sig_str_landed_clinch,30,17
master,r_total_sig_str_landed_clinch,28,16
master,r_total_sig_str_landed_clinch,33,14
master,r_total_sig_str_landed_clinch,34,13
master,r_total_sig_str_landed_clinch,35,13
master,r_total_sig_str_landed_clinch,31,11
master,r_total_sig_str_landed_clinch,42,9
master,r_total_sig_str_landed_clinch,38,9
master,r_total_sig_str_landed_clinch,43,9
master,r_total_sig_str_landed_clinch,37,9
master,r_total_sig_str_landed_clinch,36,7
master,r_total_sig_str_landed_clinch,39,7
master,r_total_sig_str_landed_clinch,45,6
master,r_total_sig_str_landed_clinch,40,6
master,r_total_sig_str_landed_clinch,41,6
master,r_total_sig_str_landed_clinch,52,5
master,r_total_sig_str_landed_clinch,47,4
master,r_total_sig_str_landed_clinch,48,3
master,r_total_sig_str_landed_clinch,57,3
master,r_total_sig_str_landed_clinch,46,3
master,r_total_sig_str_landed_clinch,73,2
master,r_total_sig_str_landed_clinch,54,2
master,r_total_sig_str_landed_clinch,66,2
master,r_total_sig_str_landed_clinch,44,2
master,r_total_sig_str_landed_clinch,56,2
master,r_total_sig_str_landed_clinch,53,2
master,r_total_sig_str_landed_clinch,50,2
master,r_total_sig_str_landed_clinch,51,2
master,r_total_sig_str_landed_clinch,77,1
master,r_total_sig_str_landed_clinch,81,1
master,r_total_sig_str_landed_clinch,69,1
master,r_total_sig_str_landed_clinch,58,1
master,r_total_sig_str_landed_clinch,60,1
master,r_total_sig_str_landed_clinch,95,1
master,r_total_sig_str_landed_clinch,64,1
master,r_total_sig_str_landed_clinch,84,1
master,r_total_sig_str_landed_clinch,61,1
master,r_total_sig_str_landed_clinch,62,1
master,r_total_sig_str_landed_clinch,49,1
master,r_total_sig_str_atmp_clinch,0,3128
master,r_total_sig_str_atmp_clinch,1,1112
master,r_total_sig_str_atmp_clinch,2,941
master,r_total_sig_str_atmp_clinch,3,771
master,r_total_sig_str_atmp_clinch,4,590
master,r_total_sig_str_atmp_clinch,5,492
master,r_total_sig_str_atmp_clinch,6,456
master,r_total_sig_str_atmp_clinch,7,409
master,r_total_sig_str_atmp_clinch,8,387
master,r_total_sig_str_atmp_clinch,9,310
master,r_total_sig_str_atmp_clinch,10,269
master,r_total_sig_str_atmp_clinch,11,245
master,r_total_sig_str_atmp_clinch,12,211
master,r_total_sig_str_atmp_clinch,13,202
master,r_total_sig_str_atmp_clinch,14,176
master,r_total_sig_str_atmp_clinch,15,160
master,r_total_sig_str_atmp_clinch,16,146
master,r_total_sig_str_atmp_clinch,18,117
master,r_total_sig_str_atmp_clinch,20,116
master,r_total_sig_str_atmp_clinch,17,112
master,r_total_sig_str_atmp_clinch,19,101
master,r_total_sig_str_atmp_clinch,21,95
master,r_total_sig_str_atmp_clinch,22,77
master,r_total_sig_str_atmp_clinch,25,64
master,r_total_sig_str_atmp_clinch,23,60
master,r_total_sig_str_atmp_clinch,24,58
master,r_total_sig_str_atmp_clinch,26,52
master,r_total_sig_str_atmp_clinch,29,47
master,r_total_sig_str_atmp_clinch,28,46
master,r_total_sig_str_atmp_clinch,27,43
master,r_total_sig_str_atmp_clinch,30,35
master,r_total_sig_str_atmp_clinch,31,32
master,r_total_sig_str_atmp_clinch,32,29
master,r_total_sig_str_atmp_clinch,35,26
master,r_total_sig_str_atmp_clinch,33,23
master,r_total_sig_str_atmp_clinch,34,22
master,r_total_sig_str_atmp_clinch,36,22
master,r_total_sig_str_atmp_clinch,38,21
master,r_total_sig_str_atmp_clinch,41,18
master,r_total_sig_str_atmp_clinch,40,18
master,r_total_sig_str_atmp_clinch,39,16
master,r_total_sig_str_atmp_clinch,37,15
master,r_total_sig_str_atmp_clinch,48,12
master,r_total_sig_str_atmp_clinch,42,10
master,r_total_sig_str_atmp_clinch,47,10
master,r_total_sig_str_atmp_clinch,55,9
master,r_total_sig_str_atmp_clinch,45,9
master,r_total_sig_str_atmp_clinch,49,9
master,r_total_sig_str_atmp_clinch,51,9
master,r_total_sig_str_atmp_clinch,56,7
master,r_total_sig_str_atmp_clinch,46,7
master,r_total_sig_str_atmp_clinch,43,7
master,r_total_sig_str_atmp_clinch,44,7
master,r_total_sig_str_atmp_clinch,53,6
master,r_total_sig_str_atmp_clinch,61,6
master,r_total_sig_str_atmp_clinch,64,4
master,r_total_sig_str_atmp_clinch,50,4
master,r_total_sig_str_atmp_clinch,65,4
master,r_total_sig_str_atmp_clinch,54,3
master,r_total_sig_str_atmp_clinch,66,3
master,r_total_sig_str_atmp_clinch,52,3
master,r_total_sig_str_atmp_clinch,63,3
master,r_total_sig_str_atmp_clinch,60,3
master,r_total_sig_str_atmp_clinch,72,3
master,r_total_sig_str_atmp_clinch,58,3
master,r_total_sig_str_atmp_clinch,73,3
master,r_total_sig_str_atmp_clinch,59,3
master,r_total_sig_str_atmp_clinch,82,2
master,r_total_sig_str_atmp_clinch,80,2
master,r_total_sig_str_atmp_clinch,62,2
master,r_total_sig_str_atmp_clinch,81,2
master,r_total_sig_str_atmp_clinch,67,1
master,r_total_sig_str_atmp_clinch,84,1
master,r_total_sig_str_atmp_clinch,94,1
master,r_total_sig_str_atmp_clinch,112,1
master,r_total_sig_str_atmp_clinch,113,1
master,r_total_sig_str_atmp_clinch,91,1
master,r_total_sig_str_atmp_clinch,115,1
master,r_total_sig_str_atmp_clinch,110,1
master,r_total_sig_str_atmp_clinch,102,1
master,r_total_sig_str_atmp_clinch,71,1
master,r_total_sig_str_atmp_clinch,105,1
master,r_total_sig_str_atmp_clinch,75,1
master,r_total_sig_str_atmp_clinch,78,1
master,r_total_sig_str_atmp_clinch,77,1
master,r_total_sig_str_atmp_clinch,99,1
master,r_total_sig_str_atmp_clinch,85,1
master,b_total_sig_str_landed_clinch,0,3902
master,b_total_sig_str_landed_clinch,1,1502
master,b_total_sig_str_landed_clinch,2,1083
master,b_total_sig_str_landed_clinch,3,837
master,b_total_sig_str_landed_clinch,4,690
master,b_total_sig_str_landed_clinch,5,503
master,b_total_sig_str_landed_clinch,6,411
master,b_total_sig_str_landed_clinch,7,341
master,b_total_sig_str_landed_clinch,8,284
master,b_total_sig_str_landed_clinch,9,223
master,b_total_sig_str_landed_clinch,10,217
master,b_total_sig_str_landed_clinch,11,186
master,b_total_sig_str_landed_clinch,12,183
master,b_total_sig_str_landed_clinch,14,129
master,b_total_sig_str_landed_clinch,13,127
master,b_total_sig_str_landed_clinch,15,97
master,b_total_sig_str_landed_clinch,16,90
master,b_total_sig_str_landed_clinch,17,89
master,b_total_sig_str_landed_clinch,19,61
master,b_total_sig_str_landed_clinch,18,60
master,b_total_sig_str_landed_clinch,20,41
master,b_total_sig_str_landed_clinch,21,36
master,b_total_sig_str_landed_clinch,24,34
master,b_total_sig_str_landed_clinch,25,34
master,b_total_sig_str_landed_clinch,22,34
master,b_total_sig_str_landed_clinch,23,28
master,b_total_sig_str_landed_clinch,26,22
master,b_total_sig_str_landed_clinch,29,21
master,b_total_sig_str_landed_clinch,27,21
master,b_total_sig_str_landed_clinch,30,21
master,b_total_sig_str_landed_clinch,28,17
master,b_total_sig_str_landed_clinch,31,11
master,b_total_sig_str_landed_clinch,32,11
master,b_total_sig_str_landed_clinch,37,10
master,b_total_sig_str_landed_clinch,36,10
master,b_total_sig_str_landed_clinch,35,9
master,b_total_sig_str_landed_clinch,38,7
master,b_total_sig_str_landed_clinch,39,7
master,b_total_sig_str_landed_clinch,33,6
master,b_total_sig_str_landed_clinch,43,5
master,b_total_sig_str_landed_clinch,41,4
master,b_total_sig_str_landed_clinch,34,4
master,b_total_sig_str_landed_clinch,52,3
master,b_total_sig_str_landed_clinch,49,3
master,b_total_sig_str_landed_clinch,47,3
master,b_total_sig_str_landed_clinch,48,3
master,b_total_sig_str_landed_clinch,44,3
master,b_total_sig_str_landed_clinch,42,2
master,b_total_sig_str_landed_clinch,57,2
master,b_total_sig_str_landed_clinch,51,2
master,b_total_sig_str_landed_clinch,46,2
master,b_total_sig_str_landed_clinch,40,2
master,b_total_sig_str_landed_clinch,68,1
master,b_total_sig_str_landed_clinch,61,1
master,b_total_sig_str_landed_clinch,45,1
master,b_total_sig_str_landed_clinch,65,1
master,b_total_sig_str_landed_clinch,58,1
master,b_total_sig_str_landed_clinch,66,1
master,b_total_sig_str_landed_clinch,78,1
master,b_total_sig_str_landed_clinch,76,1
master,b_total_sig_str_atmp_clinch,0,3245
master,b_total_sig_str_atmp_clinch,1,1227
master,b_total_sig_str_atmp_clinch,2,870
master,b_total_sig_str_atmp_clinch,3,784
master,b_total_sig_str_atmp_clinch,4,647
master,b_total_sig_str_atmp_clinch,5,585
master,b_total_sig_str_atmp_clinch,6,459
master,b_total_sig_str_atmp_clinch,7,391
master,b_total_sig_str_atmp_clinch,8,338
master,b_total_sig_str_atmp_clinch,9,302
master,b_total_sig_str_atmp_clinch,10,275
master,b_total_sig_str_atmp_clinch,11,232
master,b_total_sig_str_atmp_clinch,13,196
master,b_total_sig_str_atmp_clinch,12,196
master,b_total_sig_str_atmp_clinch,14,162
master,b_total_sig_str_atmp_clinch,15,155
master,b_total_sig_str_atmp_clinch,16,143
master,b_total_sig_str_atmp_clinch,18,124
master,b_total_sig_str_atmp_clinch,17,113
master,b_total_sig_str_atmp_clinch,19,99
master,b_total_sig_str_atmp_clinch,21,86
master,b_total_sig_str_atmp_clinch,22,69
master,b_total_sig_str_atmp_clinch,20,68
master,b_total_sig_str_atmp_clinch,25,57
master,b_total_sig_str_atmp_clinch,23,55
master,b_total_sig_str_atmp_clinch,26,43
master,b_total_sig_str_atmp_clinch,24,42
master,b_total_sig_str_atmp_clinch,29,40
master,b_total_sig_str_atmp_clinch,27,37
master,b_total_sig_str_atmp_clinch,30,35
master,b_total_sig_str_atmp_clinch,28,32
master,b_total_sig_str_atmp_clinch,31,32
master,b_total_sig_str_atmp_clinch,33,28
master,b_total_sig_str_atmp_clinch,36,24
master,b_total_sig_str_atmp_clinch,35,22
master,b_total_sig_str_atmp_clinch,40,18
master,b_total_sig_str_atmp_clinch,32,18
master,b_total_sig_str_atmp_clinch,34,17
master,b_total_sig_str_atmp_clinch,37,15
master,b_total_sig_str_atmp_clinch,41,14
master,b_total_sig_str_atmp_clinch,38,13
master,b_total_sig_str_atmp_clinch,39,12
master,b_total_sig_str_atmp_clinch,42,12
master,b_total_sig_str_atmp_clinch,43,10
master,b_total_sig_str_atmp_clinch,44,9
master,b_total_sig_str_atmp_clinch,46,6
master,b_total_sig_str_atmp_clinch,45,6
master,b_total_sig_str_atmp_clinch,52,6
master,b_total_sig_str_atmp_clinch,57,6
master,b_total_sig_str_atmp_clinch,51,6
master,b_total_sig_str_atmp_clinch,47,6
master,b_total_sig_str_atmp_clinch,59,6
master,b_total_sig_str_atmp_clinch,55,5
master,b_total_sig_str_atmp_clinch,54,5
master,b_total_sig_str_atmp_clinch,48,4
master,b_total_sig_str_atmp_clinch,49,3
master,b_total_sig_str_atmp_clinch,64,3
master,b_total_sig_str_atmp_clinch,62,3
master,b_total_sig_str_atmp_clinch,56,2
master,b_total_sig_str_atmp_clinch,89,2
master,b_total_sig_str_atmp_clinch,74,2
master,b_total_sig_str_atmp_clinch,53,2
master,b_total_sig_str_atmp_clinch,65,2
master,b_total_sig_str_atmp_clinch,58,2
master,b_total_sig_str_atmp_clinch,78,2
master,b_total_sig_str_atmp_clinch,61,1
master,b_total_sig_str_atmp_clinch,73,1
master,b_total_sig_str_atmp_clinch,67,1
master,b_total_sig_str_atmp_clinch,87,1
master,b_total_sig_str_atmp_clinch,50,1
master,b_total_sig_str_atmp_clinch,86,1
master,b_total_sig_str_atmp_clinch,63,1
master,b_total_sig_str_atmp_clinch,60,1
master,b_total_sig_str_atmp_clinch,69,1
master,b_total_sig_str_atmp_clinch,82,1
master,b_total_sig_str_atmp_clinch,76,1
master,r_total_sig_str_landed_ground,0,4491
master,r_total_sig_str_landed_ground,1,992
master,r_total_sig_str_landed_ground,2,778
master,r_total_sig_str_landed_ground,3,575
master,r_total_sig_str_landed_ground,4,531
master,r_total_sig_str_landed_ground,5,402
master,r_total_sig_str_landed_ground,6,372
master,r_total_sig_str_landed_ground,7,327
master,r_total_sig_str_landed_ground,8,299
master,r_total_sig_str_landed_ground,9,243
master,r_total_sig_str_landed_ground,11,202
master,r_total_sig_str_landed_ground,10,198
master,r_total_sig_str_landed_ground,12,182
master,r_total_sig_str_landed_ground,13,168
master,r_total_sig_str_landed_ground,14,161
master,r_total_sig_str_landed_ground,15,130
master,r_total_sig_str_landed_ground,17,127
master,r_total_sig_str_landed_ground,16,118
master,r_total_sig_str_landed_ground,19,102
master,r_total_sig_str_landed_ground,18,101
master,r_total_sig_str_landed_ground,20,71
master,r_total_sig_str_landed_ground,22,70
master,r_total_sig_str_landed_ground,21,64
master,r_total_sig_str_landed_ground,25,63
master,r_total_sig_str_landed_ground,23,55
master,r_total_sig_str_landed_ground,26,51
master,r_total_sig_str_landed_ground,24,50
master,r_total_sig_str_landed_ground,28,38
master,r_total_sig_str_landed_ground,30,34
master,r_total_sig_str_landed_ground,33,32
master,r_total_sig_str_landed_ground,27,31
master,r_total_sig_str_landed_ground,35,27
master,r_total_sig_str_landed_ground,29,27
master,r_total_sig_str_landed_ground,34,27
master,r_total_sig_str_landed_ground,32,27
master,r_total_sig_str_landed_ground,31,21
master,r_total_sig_str_landed_ground,39,20
master,r_total_sig_str_landed_ground,36,19
master,r_total_sig_str_landed_ground,40,16
master,r_total_sig_str_landed_ground,37,15
master,r_total_sig_str_landed_ground,38,15
master,r_total_sig_str_landed_ground,43,14
master,r_total_sig_str_landed_ground,42,13
master,r_total_sig_str_landed_ground,47,13
master,r_total_sig_str_landed_ground,49,11
master,r_total_sig_str_landed_ground,46,10
master,r_total_sig_str_landed_ground,44,10
master,r_total_sig_str_landed_ground,45,8
master,r_total_sig_str_landed_ground,57,8
master,r_total_sig_str_landed_ground,41,7
master,r_total_sig_str_landed_ground,51,7
master,r_total_sig_str_landed_ground,52,5
master,r_total_sig_str_landed_ground,53,5
master,r_total_sig_str_landed_ground,68,4
master,r_total_sig_str_landed_ground,58,4
master,r_total_sig_str_landed_ground,48,4
master,r_total_sig_str_landed_ground,60,4
master,r_total_sig_str_landed_ground,71,4
master,r_total_sig_str_landed_ground,62,3
master,r_total_sig_str_landed_ground,61,3
master,r_total_sig_str_landed_ground,64,3
master,r_total_sig_str_landed_ground,50,2
master,r_total_sig_str_landed_ground,54,2
master,r_total_sig_str_landed_ground,69,2
master,r_total_sig_str_landed_ground,76,2
master,r_total_sig_str_landed_ground,56,2
master,r_total_sig_str_landed_ground,70,2
master,r_total_sig_str_landed_ground,55,2
master,r_total_sig_str_landed_ground,88,1
master,r_total_sig_str_landed_ground,66,1
master,r_total_sig_str_landed_ground,74,1
master,r_total_sig_str_landed_ground,73,1
master,r_total_sig_str_landed_ground,75,1
master,r_total_sig_str_landed_ground,67,1
master,r_total_sig_str_landed_ground,97,1
master,r_total_sig_str_landed_ground,77,1
master,r_total_sig_str_landed_ground,65,1
master,r_total_sig_str_landed_ground,84,1
master,r_total_sig_str_landed_ground,79,1
master,r_total_sig_str_landed_ground,59,1
master,r_total_sig_str_landed_ground,96,1
master,r_total_sig_str_landed_ground,86,1
master,r_total_sig_str_landed_ground,80,1
master,r_total_sig_str_atmp_ground,0,4107
master,r_total_sig_str_atmp_ground,1,873
master,r_total_sig_str_atmp_ground,2,677
master,r_total_sig_str_atmp_ground,3,507
master,r_total_sig_str_atmp_ground,4,462
master,r_total_sig_str_atmp_ground,5,360
master,r_total_sig_str_atmp_ground,6,354
master,r_total_sig_str_atmp_ground,7,305
master,r_total_sig_str_atmp_ground,8,298
master,r_total_sig_str_atmp_ground,9,260
master,r_total_sig_str_atmp_ground,10,227
master,r_total_sig_str_atmp_ground,12,192
master,r_total_sig_str_atmp_ground,11,189
master,r_total_sig_str_atmp_ground,13,156
master,r_total_sig_str_atmp_ground,15,140
master,r_total_sig_str_atmp_ground,14,136
master,r_total_sig_str_atmp_ground,16,136
master,r_total_sig_str_atmp_ground,17,117
master,r_total_sig_str_atmp_ground,20,116
master,r_total_sig_str_atmp_ground,18,115
master,r_total_sig_str_atmp_ground,19,115
master,r_total_sig_str_atmp_ground,21,97
master,r_total_sig_str_atmp_ground,22,92
master,r_total_sig_str_atmp_ground,25,86
master,r_total_sig_str_atmp_ground,23,82
master,r_total_sig_str_atmp_ground,24,76
master,r_total_sig_str_atmp_ground,26,72
master,r_total_sig_str_atmp_ground,27,59
master,r_total_sig_str_atmp_ground,28,57
master,r_total_sig_str_atmp_ground,30,56
master,r_total_sig_str_atmp_ground,29,49
master,r_total_sig_str_atmp_ground,31,47
master,r_total_sig_str_atmp_ground,33,43
master,r_total_sig_str_atmp_ground,32,39
master,r_total_sig_str_atmp_ground,34,38
master,r_total_sig_str_atmp_ground,35,37
master,r_total_sig_str_atmp_ground,37,36
master,r_total_sig_str_atmp_ground,39,34
master,r_total_sig_str_atmp_ground,36,34
master,r_total_sig_str_atmp_ground,41,32
master,r_total_sig_str_atmp_ground,49,29
master,r_total_sig_str_atmp_ground,40,27
master,r_total_sig_str_atmp_ground,38,27
master,r_total_sig_str_atmp_ground,44,25
master,r_total_sig_str_atmp_ground,43,24
master,r_total_sig_str_atmp_ground,48,22
master,r_total_sig_str_atmp_ground,46,22
master,r_total_sig_str_atmp_ground,52,20
master,r_total_sig_str_atmp_ground,50,19
master,r_total_sig_str_atmp_ground,47,18
master,r_total_sig_str_atmp_ground,42,17
master,r_total_sig_str_atmp_ground,51,17
master,r_total_sig_str_atmp_ground,45,15
master,r_total_sig_str_atmp_ground,64,15
master,r_total_sig_str_atmp_ground,55,14
master,r_total_sig_str_atmp_ground,54,12
master,r_total_sig_str_atmp_ground,61,11
master,r_total_sig_str_atmp_ground,57,10
master,r_total_sig_str_atmp_ground,71,10
master,r_total_sig_str_atmp_ground,58,9
master,r_total_sig_str_atmp_ground,59,8
master,r_total_sig_str_atmp_ground,60,8
master,r_total_sig_str_atmp_ground,70,8
master,r_total_sig_str_atmp_ground,53,7
master,r_total_sig_str_atmp_ground,56,7
master,r_total_sig_str_atmp_ground,62,7
master,r_total_sig_str_atmp_ground,66,7
master,r_total_sig_str_atmp_ground,68,7
master,r_total_sig_str_atmp_ground,63,6
master,r_total_sig_str_atmp_ground,72,6
master,r_total_sig_str_atmp_ground,65,6
master,r_total_sig_str_atmp_ground,85,5
master,r_total_sig_str_atmp_ground,74,5
master,r_total_sig_str_atmp_ground,76,4
master,r_total_sig_str_atmp_ground,80,4
master,r_total_sig_str_atmp_ground,75,3
master,r_total_sig_str_atmp_ground,67,3
master,r_total_sig_str_atmp_ground,87,3
master,r_total_sig_str_atmp_ground,69,3
master,r_total_sig_str_atmp_ground,91,3
master,r_total_sig_str_atmp_ground,79,3
master,r_total_sig_str_atmp_ground,78,3
master,r_total_sig_str_atmp_ground,73,3
master,r_total_sig_str_atmp_ground,83,2
master,r_total_sig_str_atmp_ground,99,2
master,r_total_sig_str_atmp_ground,77,2
master,r_total_sig_str_atmp_ground,97,2
master,r_total_sig_str_atmp_ground,94,2
master,r_total_sig_str_atmp_ground,88,2
master,r_total_sig_str_atmp_ground,86,2
master,r_total_sig_str_atmp_ground,92,2
master,r_total_sig_str_atmp_ground,81,2
master,r_total_sig_str_atmp_ground,104,2
master,r_total_sig_str_atmp_ground,108,2
master,r_total_sig_str_atmp_ground,103,2
master,r_total_sig_str_atmp_ground,89,2
master,r_total_sig_str_atmp_ground,93,2
master,r_total_sig_str_atmp_ground,115,2
master,r_total_sig_str_atmp_ground,120,1
master,r_total_sig_str_atmp_ground,98,1
master,r_total_sig_str_atmp_ground,141,1
master,r_total_sig_str_atmp_ground,96,1
master,r_total_sig_str_atmp_ground,109,1
master,r_total_sig_str_atmp_ground,136,1
master,r_total_sig_str_atmp_ground,110,1
master,r_total_sig_str_atmp_ground,117,1
master,r_total_sig_str_atmp_ground,100,1
master,r_total_sig_str_atmp_ground,165,1
master,r_total_sig_str_atmp_ground,106,1
master,r_total_sig_str_atmp_ground,113,1
master,r_total_sig_str_atmp_ground,135,1
master,r_total_sig_str_atmp_ground,118,1
master,r_total_sig_str_atmp_ground,95,1
master,r_total_sig_str_atmp_ground,122,1
master,r_total_sig_str_atmp_ground,90,1
master,r_total_sig_str_atmp_ground,112,1
master,r_total_sig_str_atmp_ground,121,1
master,r_total_sig_str_atmp_ground,84,1
master,r_total_sig_str_atmp_ground,102,1
master,b_total_sig_str_landed_ground,0,6020
master,b_total_sig_str_landed_ground,1,1189
master,b_total_sig_str_landed_ground,2,777
master,b_total_sig_str_landed_ground,3,562
master,b_total_sig_str_landed_ground,4,420
master,b_total_sig_str_landed_ground,5,358
master,b_total_sig_str_landed_ground,6,270
master,b_total_sig_str_landed_ground,7,199
master,b_total_sig_str_landed_ground,8,167
master,b_total_sig_str_landed_ground,9,161
master,b_total_sig_str_landed_ground,10,137
master,b_total_sig_str_landed_ground,11,127
master,b_total_sig_str_landed_ground,12,106
master,b_total_sig_str_landed_ground,13,99
master,b_total_sig_str_landed_ground,14,85
master,b_total_sig_str_landed_ground,15,79
master,b_total_sig_str_landed_ground,18,65
master,b_total_sig_str_landed_ground,16,62
master,b_total_sig_str_landed_ground,17,56
master,b_total_sig_str_landed_ground,21,45
master,b_total_sig_str_landed_ground,20,45
master,b_total_sig_str_landed_ground,19,42
master,b_total_sig_str_landed_ground,22,33
master,b_total_sig_str_landed_ground,23,29
master,b_total_sig_str_landed_ground,24,26
master,b_total_sig_str_landed_ground,26,24
master,b_total_sig_str_landed_ground,25,22
master,b_total_sig_str_landed_ground,28,17
master,b_total_sig_str_landed_ground,31,16
master,b_total_sig_str_landed_ground,30,16
master,b_total_sig_str_landed_ground,27,14
master,b_total_sig_str_landed_ground,29,14
master,b_total_sig_str_landed_ground,33,13
master,b_total_sig_str_landed_ground,32,13
master,b_total_sig_str_landed_ground,37,12
master,b_total_sig_str_landed_ground,36,10
master,b_total_sig_str_landed_ground,39,8
master,b_total_sig_str_landed_ground,38,7
master,b_total_sig_str_landed_ground,34,7
master,b_total_sig_str_landed_ground,42,7
master,b_total_sig_str_landed_ground,46,7
master,b_total_sig_str_landed_ground,44,6
master,b_total_sig_str_landed_ground,40,6
master,b_total_sig_str_landed_ground,47,5
master,b_total_sig_str_landed_ground,45,4
master,b_total_sig_str_landed_ground,35,4
master,b_total_sig_str_landed_ground,41,4
master,b_total_sig_str_landed_ground,48,3
master,b_total_sig_str_landed_ground,55,3
master,b_total_sig_str_landed_ground,50,3
master,b_total_sig_str_landed_ground,57,2
master,b_total_sig_str_landed_ground,62,2
master,b_total_sig_str_landed_ground,61,2
master,b_total_sig_str_landed_ground,70,2
master,b_total_sig_str_landed_ground,78,2
master,b_total_sig_str_landed_ground,52,2
master,b_total_sig_str_landed_ground,53,2
master,b_total_sig_str_landed_ground,51,2
master,b_total_sig_str_landed_ground,60,2
master,b_total_sig_str_landed_ground,67,2
master,b_total_sig_str_landed_ground,43,2
master,b_total_sig_str_landed_ground,58,2
master,b_total_sig_str_landed_ground,49,2
master,b_total_sig_str_landed_ground,72,2
master,b_total_sig_str_landed_ground,100,1
master,b_total_sig_str_landed_ground,94,1
master,b_total_sig_str_landed_ground,88,1
master,b_total_sig_str_landed_ground,136,1
master,b_total_sig_str_landed_ground,96,1
master,b_total_sig_str_landed_ground,65,1
master,b_total_sig_str_landed_ground,75,1
master,b_total_sig_str_landed_ground,73,1
master,b_total_sig_str_landed_ground,63,1
master,b_total_sig_str_atmp_ground,0,5522
master,b_total_sig_str_atmp_ground,1,1033
master,b_total_sig_str_atmp_ground,2,741
master,b_total_sig_str_atmp_ground,3,537
master,b_total_sig_str_atmp_ground,4,401
master,b_total_sig_str_atmp_ground,5,364
master,b_total_sig_str_atmp_ground,6,306
master,b_total_sig_str_atmp_ground,7,259
master,b_total_sig_str_atmp_ground,8,190
master,b_total_sig_str_atmp_ground,9,174
master,b_total_sig_str_atmp_ground,10,140
master,b_total_sig_str_atmp_ground,11,138
master,b_total_sig_str_atmp_ground,12,120
master,b_total_sig_str_atmp_ground,13,113
master,b_total_sig_str_atmp_ground,14,109
master,b_total_sig_str_atmp_ground,15,96
master,b_total_sig_str_atmp_ground,16,84
master,b_total_sig_str_atmp_ground,17,84
master,b_total_sig_str_atmp_ground,20,74
master,b_total_sig_str_atmp_ground,19,69
master,b_total_sig_str_atmp_ground,21,68
master,b_total_sig_str_atmp_ground,18,65
master,b_total_sig_str_atmp_ground,22,61
master,b_total_sig_str_atmp_ground,24,52
master,b_total_sig_str_atmp_ground,26,49
master,b_total_sig_str_atmp_ground,23,46
master,b_total_sig_str_atmp_ground,25,38
master,b_total_sig_str_atmp_ground,27,33
master,b_total_sig_str_atmp_ground,29,31
master,b_total_sig_str_atmp_ground,30,31
master,b_total_sig_str_atmp_ground,33,26
master,b_total_sig_str_atmp_ground,35,25
master,b_total_sig_str_atmp_ground,28,25
master,b_total_sig_str_atmp_ground,37,22
master,b_total_sig_str_atmp_ground,34,20
master,b_total_sig_str_atmp_ground,31,19
master,b_total_sig_str_atmp_ground,32,18
master,b_total_sig_str_atmp_ground,36,13
master,b_total_sig_str_atmp_ground,38,13
master,b_total_sig_str_atmp_ground,41,13
master,b_total_sig_str_atmp_ground,49,12
master,b_total_sig_str_atmp_ground,52,12
master,b_total_sig_str_atmp_ground,42,11
master,b_total_sig_str_atmp_ground,44,11
master,b_total_sig_str_atmp_ground,39,10
master,b_total_sig_str_atmp_ground,51,9
master,b_total_sig_str_atmp_ground,46,9
master,b_total_sig_str_atmp_ground,43,9
master,b_total_sig_str_atmp_ground,48,9
master,b_total_sig_str_atmp_ground,54,8
master,b_total_sig_str_atmp_ground,50,8
master,b_total_sig_str_atmp_ground,56,8
master,b_total_sig_str_atmp_ground,53,7
master,b_total_sig_str_atmp_ground,55,6
master,b_total_sig_str_atmp_ground,61,5
master,b_total_sig_str_atmp_ground,64,5
master,b_total_sig_str_atmp_ground,45,5
master,b_total_sig_str_atmp_ground,47,5
master,b_total_sig_str_atmp_ground,69,4
master,b_total_sig_str_atmp_ground,63,4
master,b_total_sig_str_atmp_ground,40,4
master,b_total_sig_str_atmp_ground,57,4
master,b_total_sig_str_atmp_ground,65,4
master,b_total_sig_str_atmp_ground,59,3
master,b_total_sig_str_atmp_ground,84,3
master,b_total_sig_str_atmp_ground,70,3
master,b_total_sig_str_atmp_ground,68,3
master,b_total_sig_str_atmp_ground,75,2
master,b_total_sig_str_atmp_ground,119,2
master,b_total_sig_str_atmp_ground,91,2
master,b_total_sig_str_atmp_ground,58,2
master,b_total_sig_str_atmp_ground,66,2
master,b_total_sig_str_atmp_ground,83,2
master,b_total_sig_str_atmp_ground,80,2
master,b_total_sig_str_atmp_ground,60,2
master,b_total_sig_str_atmp_ground,81,2
master,b_total_sig_str_atmp_ground,112,1
master,b_total_sig_str_atmp_ground,67,1
master,b_total_sig_str_atmp_ground,85,1
master,b_total_sig_str_atmp_ground,74,1
master,b_total_sig_str_atmp_ground,108,1
master,b_total_sig_str_atmp_ground,104,1
master,b_total_sig_str_atmp_ground,79,1
master,b_total_sig_str_atmp_ground,109,1
master,b_total_sig_str_atmp_ground,89,1
master,b_total_sig_str_atmp_ground,96,1
master,b_total_sig_str_atmp_ground,130,1
master,b_total_sig_str_atmp_ground,62,1
master,b_total_sig_str_atmp_ground,78,1
master,b_total_sig_str_atmp_ground,163,1
master,b_total_sig_str_atmp_ground,73,1
master,b_total_sig_str_atmp_ground,98,1
master,b_total_sig_str_atmp_ground,87,1
master,b_total_sig_str_atmp_ground,95,1
master,b_total_sig_str_atmp_ground,76,1
master,b_total_sig_str_atmp_ground,116,1
master,rounds_fought,3,5213
master,rounds_fought,1,3542
master,rounds_fought,2,1925
master,rounds_fought,5,372
master,rounds_fought,0,330
master,rounds_fought,4,57
master,rounds_fought,6,2
round,round_no,1,11111
round,round_no,2,7569
round,round_no,3,5644
round,round_no,4,431
round,round_no,5,374
round,round_no,6,2
round,r_kd,0,22550
round,r_kd,1,2344
round,r_kd,2,219
round,r_kd,3,17
round,r_kd,4,1
round,b_kd,0,23424
round,b_kd,1,1560
round,b_kd,2,126
round,b_kd,3,18
round,b_kd,4,2
round,b_kd,5,1
round,r_sig_landed,11,995
round,r_sig_landed,6,983
round,r_sig_landed,10,983
round,r_sig_landed,7,973
round,r_sig_landed,8,968
round,r_sig_landed,9,965
round,r_sig_landed,14,928
round,r_sig_landed,12,911
round,r_sig_landed,5,907
round,r_sig_landed,13,906
round,r_sig_landed,15,863
round,r_sig_landed,4,848
round,r_sig_landed,16,816
round,r_sig_landed,17,812
round,r_sig_landed,3,808
round,r_sig_landed,2,782
round,r_sig_landed,20,732
round,r_sig_landed,18,711
round,r_sig_landed,1,679
round,r_sig_landed,19,664
round,r_sig_landed,21,623
round,r_sig_landed,22,580
round,r_sig_landed,24,526
round,r_sig_landed,23,512
round,r_sig_landed,0,489
round,r_sig_landed,25,435
round,r_sig_landed,27,412
round,r_sig_landed,26,400
round,r_sig_landed,29,333
round,r_sig_landed,28,322
round,r_sig_landed,30,290
round,r_sig_landed,31,259
round,r_sig_landed,33,237
round,r_sig_landed,32,217
round,r_sig_landed,34,213
round,r_sig_landed,37,203
round,r_sig_landed,35,183
round,r_sig_landed,36,178
round,r_sig_landed,39,146
round,r_sig_landed,38,144
round,r_sig_landed,40,125
round,r_sig_landed,41,113
round,r_sig_landed,43,98
round,r_sig_landed,44,76
round,r_sig_landed,42,72
round,r_sig_landed,46,63
round,r_sig_landed,45,62
round,r_sig_landed,47,59
round,r_sig_landed,48,46
round,r_sig_landed,49,39
round,r_sig_landed,50,36
round,r_sig_landed,51,35
round,r_sig_landed,52,31
round,r_sig_landed,54,30
round,r_sig_landed,53,28
round,r_sig_landed,57,24
round,r_sig_landed,60,23
round,r_sig_landed,59,20
round,r_sig_landed,56,20
round,r_sig_landed,55,19
round,r_sig_landed,63,17
round,r_sig_landed,58,16
round,r_sig_landed,61,16
round,r_sig_landed,64,13
round,r_sig_landed,71,12
round,r_sig_landed,65,10
round,r_sig_landed,66,8
round,r_sig_landed,62,8
round,r_sig_landed,69,7
round,r_sig_landed,68,7
round,r_sig_landed,67,7
round,r_sig_landed,70,6
round,r_sig_landed,77,5
round,r_sig_landed,74,5
round,r_sig_landed,73,4
round,r_sig_landed,75,4
round,r_sig_landed,82,3
round,r_sig_landed,87,3
round,r_sig_landed,94,3
round,r_sig_landed,79,2
round,r_sig_landed,72,2
round,r_sig_landed,83,2
round,r_sig_landed,85,2
round,r_sig_landed,84,2
round,r_sig_landed,91,1
round,r_sig_landed,97,1
round,r_sig_landed,81,1
round,r_sig_landed,78,1
round,r_sig_landed,80,1
round,r_sig_landed,89,1
round,r_sig_landed,141,1
round,r_sig_landed,134,1
round,r_sig_landed,108,1
round,r_sig_landed,113,1
round,r_sig_landed,98,1
round,r_sig_landed,86,1
round,r_sig_atmp,18,510
round,r_sig_atmp,19,488
round,r_sig_atmp,24,471
round,r_sig_atmp,17,470
round,r_sig_atmp,27,470
round,r_sig_atmp,12,465
round,r_sig_atmp,21,460
round,r_sig_atmp,22,459
round,r_sig_atmp,23,457
round,r_sig_atmp,29,453
round,r_sig_atmp,26,453
round,r_sig_atmp,25,452
round,r_sig_atmp,16,450
round,r_sig_atmp,20,444
round,r_sig_atmp,28,435
round,r_sig_atmp,15,434
round,r_sig_atmp,13,434
round,r_sig_atmp,11,429
round,r_sig_atmp,10,426
round,r_sig_atmp,30,423
round,r_sig_atmp,9,418
round,r_sig_atmp,8,405
round,r_sig_atmp,14,404
round,r_sig_atmp,31,399
round,r_sig_atmp,32,396
round,r_sig_atmp,7,395
round,r_sig_atmp,34,389
round,r_sig_atmp,6,385
round,r_sig_atmp,33,370
round,r_sig_atmp,37,360
round,r_sig_atmp,36,360
round,r_sig_atmp,38,359
round,r_sig_atmp,39,355
round,r_sig_atmp,5,354
round,r_sig_atmp,40,350
round,r_sig_atmp,4,340
round,r_sig_atmp,35,337
round,r_sig_atmp,44,320
round,r_sig_atmp,41,316
round,r_sig_atmp,45,316
round,r_sig_atmp,42,310
round,r_sig_atmp,3,308
round,r_sig_atmp,47,295
round,r_sig_atmp,43,291
round,r_sig_atmp,49,272
round,r_sig_atmp,48,259
round,r_sig_atmp,46,257
round,r_sig_atmp,51,254
round,r_sig_atmp,50,248
round,r_sig_atmp,1,247
round,r_sig_atmp,52,243
round,r_sig_atmp,2,241
round,r_sig_atmp,54,239
round,r_sig_atmp,56,232
round,r_sig_atmp,57,226
round,r_sig_atmp,58,220
round,r_sig_atmp,55,211
round,r_sig_atmp,53,208
round,r_sig_atmp,60,182
round,r_sig_atmp,59,172
round,r_sig_atmp,62,165
round,r_sig_atmp,61,157
round,r_sig_atmp,65,154
round,r_sig_atmp,64,148
round,r_sig_atmp,63,147
round,r_sig_atmp,66,143
round,r_sig_atmp,67,129
round,r_sig_atmp,69,127
round,r_sig_atmp,0,125
round,r_sig_atmp,70,123
round,r_sig_atmp,72,120
round,r_sig_atmp,71,112
round,r_sig_atmp,73,110
round,r_sig_atmp,68,109
round,r_sig_atmp,74,92
round,r_sig_atmp,77,88
round,r_sig_atmp,78,88
round,r_sig_atmp,75,87
round,r_sig_atmp,76,83
round,r_sig_atmp,81,71
round,r_sig_atmp,82,69
round,r_sig_atmp,83,68
round,r_sig_atmp,79,66
round,r_sig_atmp,80,65
round,r_sig_atmp,87,59
round,r_sig_atmp,85,56
round,r_sig_atmp,84,55
round,r_sig_atmp,88,54
round,r_sig_atmp,91,49
round,r_sig_atmp,86,48
round,r_sig_atmp,89,44
round,r_sig_atmp,92,41
round,r_sig_atmp,90,40
round,r_sig_atmp,95,39
round,r_sig_atmp,93,37
round,r_sig_atmp,99,32
round,r_sig_atmp,101,27
round,r_sig_atmp,109,27
round,r_sig_atmp,94,27
round,r_sig_atmp,104,25
round,r_sig_atmp,96,25
round,r_sig_atmp,102,24
round,r_sig_atmp,105,24
round,r_sig_atmp,98,24
round,r_sig_atmp,106,23
round,r_sig_atmp,97,22
round,r_sig_atmp,108,22
round,r_sig_atmp,100,21
round,r_sig_atmp,107,20
round,r_sig_atmp,111,17
round,r_sig_atmp,103,16
round,r_sig_atmp,113,15
round,r_sig_atmp,112,13
round,r_sig_atmp,118,12
round,r_sig_atmp,117,12
round,r_sig_atmp,115,12
round,r_sig_atmp,110,12
round,r_sig_atmp,120,12
round,r_sig_atmp,123,10
round,r_sig_atmp,116,9
round,r_sig_atmp,129,8
round,r_sig_atmp,114,8
round,r_sig_atmp,121,8
round,r_sig_atmp,134,8
round,r_sig_atmp,128,8
round,r_sig_atmp,119,7
round,r_sig_atmp,125,7
round,r_sig_atmp,132,6
round,r_sig_atmp,122,6
round,r_sig_atmp,131,6
round,r_sig_atmp,136,5
round,r_sig_atmp,126,4
round,r_sig_atmp,143,4
round,r_sig_atmp,140,4
round,r_sig_atmp,146,4
round,r_sig_atmp,135,4
round,r_sig_atmp,137,3
round,r_sig_atmp,127,3
round,r_sig_atmp,145,3
round,r_sig_atmp,130,3
round,r_sig_atmp,144,3
round,r_sig_atmp,133,2
round,r_sig_atmp,170,2
round,r_sig_atmp,149,2
round,r_sig_atmp,124,2
round,r_sig_atmp,141,2
round,r_sig_atmp,177,2
round,r_sig_atmp,153,2
round,r_sig_atmp,158,2
round,r_sig_atmp,139,2
round,r_sig_atmp,164,2
round,r_sig_atmp,159,2
round,r_sig_atmp,160,2
round,r_sig_atmp,148,1
round,r_sig_atmp,197,1
round,r_sig_atmp,154,1
round,r_sig_atmp,151,1
round,r_sig_atmp,167,1
round,r_sig_atmp,172,1
round,r_sig_atmp,191,1
round,r_sig_atmp,142,1
round,r_sig_atmp,196,1
round,r_sig_atmp,204,1
round,r_sig_atmp,180,1
round,r_sig_atmp,171,1
round,r_sig_atmp,138,1
round,r_sig_atmp,176,1
round,r_sig_atmp,211,1
round,r_sig_atmp,188,1
round,r_sig_atmp,162,1
round,r_sig_atmp,174,1
round,b_sig_landed,1,1246
round,b_sig_landed,2,1151
round,b_sig_landed,5,1108
round,b_sig_landed,3,1099
round,b_sig_landed,4,1094
round,b_sig_landed,6,1059
round,b_sig_landed,0,1020
round,b_sig_landed,7,1004
round,b_sig_landed,9,990
round,b_sig_landed,8,972
round,b_sig_landed,10,950
round,b_sig_landed,11,925
round,b_sig_landed,13,903
round,b_sig_landed,12,878
round,b_sig_landed,14,789
round,b_sig_landed,15,736
round,b_sig_landed,17,716
round,b_sig_landed,16,694
round,b_sig_landed,19,621
round,b_sig_landed,18,591
round,b_sig_landed,20,553
round,b_sig_landed,21,521
round,b_sig_landed,22,487
round,b_sig_landed,23,462
round,b_sig_landed,24,426
round,b_sig_landed,25,409
round,b_sig_landed,26,333
round,b_sig_landed,27,297
round,b_sig_landed,28,264
round,b_sig_landed,29,264
round,b_sig_landed,31,252
round,b_sig_landed,30,233
round,b_sig_landed,32,198
round,b_sig_landed,33,177
round,b_sig_landed,34,168
round,b_sig_landed,35,160
round,b_sig_landed,36,140
round,b_sig_landed,38,130
round,b_sig_landed,37,126
round,b_sig_landed,39,85
round,b_sig_landed,40,83
round,b_sig_landed,41,74
round,b_sig_landed,44,71
round,b_sig_landed,42,65
round,b_sig_landed,43,64
round,b_sig_landed,45,52
round,b_sig_landed,46,43
round,b_sig_landed,48,42
round,b_sig_landed,47,33
round,b_sig_landed,51,33
round,b_sig_landed,52,32
round,b_sig_landed,49,31
round,b_sig_landed,54,30
round,b_sig_landed,50,29
round,b_sig_landed,53,24
round,b_sig_landed,55,18
round,b_sig_landed,57,16
round,b_sig_landed,58,15
round,b_sig_landed,59,15
round,b_sig_landed,56,14
round,b_sig_landed,64,11
round,b_sig_landed,65,9
round,b_sig_landed,63,9
round,b_sig_landed,62,9
round,b_sig_landed,60,8
round,b_sig_landed,71,5
round,b_sig_landed,67,5
round,b_sig_landed,69,4
round,b_sig_landed,70,4
round,b_sig_landed,61,4
round,b_sig_landed,75,4
round,b_sig_landed,84,3
round,b_sig_landed,77,3
round,b_sig_landed,78,3
round,b_sig_landed,73,3
round,b_sig_landed,74,3
round,b_sig_landed,66,3
round,b_sig_landed,68,3
round,b_sig_landed,83,3
round,b_sig_landed,72,2
round,b_sig_landed,86,2
round,b_sig_landed,79,2
round,b_sig_landed,82,2
round,b_sig_landed,80,2
round,b_sig_landed,92,2
round,b_sig_landed,97,1
round,b_sig_landed,114,1
round,b_sig_landed,107,1
round,b_sig_landed,127,1
round,b_sig_landed,95,1
round,b_sig_landed,101,1
round,b_sig_landed,91,1
round,b_sig_landed,99,1
round,b_sig_atmp,6,525
round,b_sig_atmp,5,512
round,b_sig_atmp,7,509
round,b_sig_atmp,4,492
round,b_sig_atmp,3,489
round,b_sig_atmp,10,488
round,b_sig_atmp,16,479
round,b_sig_atmp,8,472
round,b_sig_atmp,13,470
round,b_sig_atmp,2,463
round,b_sig_atmp,17,463
round,b_sig_atmp,12,455
round,b_sig_atmp,15,451
round,b_sig_atmp,22,449
round,b_sig_atmp,9,444
round,b_sig_atmp,20,442
round,b_sig_atmp,14,439
round,b_sig_atmp,11,435
round,b_sig_atmp,23,432
round,b_sig_atmp,21,426
round,b_sig_atmp,1,423
round,b_sig_atmp,25,417
round,b_sig_atmp,19,415
round,b_sig_atmp,24,411
round,b_sig_atmp,29,410
round,b_sig_atmp,18,402
round,b_sig_atmp,28,394
round,b_sig_atmp,27,389
round,b_sig_atmp,30,380
round,b_sig_atmp,32,379
round,b_sig_atmp,26,375
round,b_sig_atmp,33,371
round,b_sig_atmp,34,364
round,b_sig_atmp,31,363
round,b_sig_atmp,40,360
round,b_sig_atmp,35,356
round,b_sig_atmp,38,344
round,b_sig_atmp,36,343
round,b_sig_atmp,37,332
round,b_sig_atmp,39,318
round,b_sig_atmp,43,310
round,b_sig_atmp,41,305
round,b_sig_atmp,46,292
round,b_sig_atmp,42,282
round,b_sig_atmp,47,278
round,b_sig_atmp,48,274
round,b_sig_atmp,44,269
round,b_sig_atmp,45,260
round,b_sig_atmp,51,240
round,b_sig_atmp,50,238
round,b_sig_atmp,52,236
round,b_sig_atmp,49,235
round,b_sig_atmp,0,220
round,b_sig_atmp,53,220
round,b_sig_atmp,54,220
round,b_sig_atmp,56,206
round,b_sig_atmp,55,204
round,b_sig_atmp,58,180
round,b_sig_atmp,57,171
round,b_sig_atmp,61,167
round,b_sig_atmp,62,164
round,b_sig_atmp,60,164
round,b_sig_atmp,63,155
round,b_sig_atmp,59,148
round,b_sig_atmp,65,132
round,b_sig_atmp,64,122
round,b_sig_atmp,66,120
round,b_sig_atmp,68,113
round,b_sig_atmp,71,111
round,b_sig_atmp,73,110
round,b_sig_atmp,70,108
round,b_sig_atmp,69,107
round,b_sig_atmp,67,104
round,b_sig_atmp,75,102
round,b_sig_atmp,72,98
round,b_sig_atmp,79,81
round,b_sig_atmp,77,80
round,b_sig_atmp,78,78
round,b_sig_atmp,81,77
round,b_sig_atmp,74,74
round,b_sig_atmp,76,69
round,b_sig_atmp,80,65
round,b_sig_atmp,84,59
round,b_sig_atmp,86,50
round,b_sig_atmp,82,50
round,b_sig_atmp,83,48
round,b_sig_atmp,88,47
round,b_sig_atmp,87,44
round,b_sig_atmp,89,44
round,b_sig_atmp,85,43
round,b_sig_atmp,90,41
round,b_sig_atmp,94,38
round,b_sig_atmp,92,32
round,b_sig_atmp,91,31
round,b_sig_atmp,95,31
round,b_sig_atmp,93,28
round,b_sig_atmp,100,27
round,b_sig_atmp,97,25
round,b_sig_atmp,98,23
round,b_sig_atmp,96,22
round,b_sig_atmp,107,21
round,b_sig_atmp,102,20
round,b_sig_atmp,103,20
round,b_sig_atmp,101,20
round,b_sig_atmp,99,18
round,b_sig_atmp,109,16
round,b_sig_atmp,113,15
round,b_sig_atmp,110,14
round,b_sig_atmp,106,14
round,b_sig_atmp,111,12
round,b_sig_atmp,108,12
round,b_sig_atmp,120,11
round,b_sig_atmp,105,11
round,b_sig_atmp,112,10
round,b_sig_atmp,104,10
round,b_sig_atmp,115,9
round,b_sig_atmp,114,9
round,b_sig_atmp,116,9
round,b_sig_atmp,121,8
round,b_sig_atmp,124,8
round,b_sig_atmp,125,8
round,b_sig_atmp,117,8
round,b_sig_atmp,127,7
round,b_sig_atmp,119,6
round,b_sig_atmp,130,6
round,b_sig_atmp,142,5
round,b_sig_atmp,118,5
round,b_sig_atmp,123,5
round,b_sig_atmp,136,4
round,b_sig_atmp,133,4
round,b_sig_atmp,134,3
round,b_sig_atmp,126,3
round,b_sig_atmp,128,3
round,b_sig_atmp,141,2
round,b_sig_atmp,129,2
round,b_sig_atmp,140,2
round,b_sig_atmp,146,2
round,b_sig_atmp,145,2
round,b_sig_atmp,155,2
round,b_sig_atmp,135,2
round,b_sig_atmp,137,2
round,b_sig_atmp,148,2
round,b_sig_atmp,138,2
round,b_sig_atmp,159,2
round,b_sig_atmp,131,2
round,b_sig_atmp,154,1
round,b_sig_atmp,162,1
round,b_sig_atmp,168,1
round,b_sig_atmp,139,1
round,b_sig_atmp,220,1
round,b_sig_atmp,161,1
round,b_sig_atmp,165,1
round,b_sig_atmp,150,1
round,b_sig_atmp,183,1
round,b_sig_atmp,143,1
round,b_sig_atmp,171,1
round,b_sig_atmp,173,1
round,b_sig_atmp,151,1
round,b_sig_atmp,122,1
round,b_sig_atmp,215,1
round,b_sig_atmp,185,1
round,b_sig_atmp,144,1
round,b_sig_atmp,158,1
round,b_sig_atmp,153,1
round,b_sig_atmp,191,1
round,r_total_str_landed,20,746
round,r_total_str_landed,17,729
round,r_total_str_landed,18,710
round,r_total_str_landed,15,698
round,r_total_str_landed,14,691
round,r_total_str_landed,16,686
round,r_total_str_landed,21,669
round,r_total_str_landed,23,661
round,r_total_str_landed,13,659
round,r_total_str_landed,25,656
round,r_total_str_landed,11,654
round,r_total_str_landed,19,651
round,r_total_str_landed,22,633
round,r_total_str_landed,24,623
round,r_total_str_landed,12,612
round,r_total_str_landed,10,596
round,r_total_str_landed,27,569
round,r_total_str_landed,9,556
round,r_total_str_landed,29,553
round,r_total_str_landed,26,552
round,r_total_str_landed,28,549
round,r_total_str_landed,8,512
round,r_total_str_landed,7,503
round,r_total_str_landed,6,484
round,r_total_str_landed,30,483
round,r_total_str_landed,31,457
round,r_total_str_landed,5,433
round,r_total_str_landed,32,428
round,r_total_str_landed,35,404
round,r_total_str_landed,34,384
round,r_total_str_landed,33,382
round,r_total_str_landed,4,372
round,r_total_str_landed,3,365
round,r_total_str_landed,36,362
round,r_total_str_landed,2,348
round,r_total_str_landed,37,328
round,r_total_str_landed,38,323
round,r_total_str_landed,1,320
round,r_total_str_landed,39,312
round,r_total_str_landed,40,295
round,r_total_str_landed,41,240
round,r_total_str_landed,42,238
round,r_total_str_landed,43,230
round,r_total_str_landed,45,205
round,r_total_str_landed,46,198
round,r_total_str_landed,0,198
round,r_total_str_landed,44,196
round,r_total_str_landed,49,171
round,r_total_str_landed,47,157
round,r_total_str_landed,48,153
round,r_total_str_landed,52,143
round,r_total_str_landed,50,136
round,r_total_str_landed,51,135
round,r_total_str_landed,53,120
round,r_total_str_landed,54,114
round,r_total_str_landed,55,110
round,r_total_str_landed,56,83
round,r_total_str_landed,58,80
round,r_total_str_landed,57,74
round,r_total_str_landed,61,73
round,r_total_str_landed,59,67
round,r_total_str_landed,63,63
round,r_total_str_landed,60,61
round,r_total_str_landed,65,59
round,r_total_str_landed,62,56
round,r_total_str_landed,64,53
round,r_total_str_landed,68,51
round,r_total_str_landed,72,49
round,r_total_str_landed,67,46
round,r_total_str_landed,66,43
round,r_total_str_landed,70,41
round,r_total_str_landed,69,40
round,r_total_str_landed,71,32
round,r_total_str_landed,74,29
round,r_total_str_landed,79,25
round,r_total_str_landed,75,24
round,r_total_str_landed,73,24
round,r_total_str_landed,77,22
round,r_total_str_landed,76,22
round,r_total_str_landed,78,21
round,r_total_str_landed,83,21
round,r_total_str_landed,82,18
round,r_total_str_landed,84,18
round,r_total_str_landed,80,17
round,r_total_str_landed,88,14
round,r_total_str_landed,87,12
round,r_total_str_landed,94,11
round,r_total_str_landed,86,10
round,r_total_str_landed,81,10
round,r_total_str_landed,98,10
round,r_total_str_landed,90,9
round,r_total_str_landed,85,8
round,r_total_str_landed,91,8
round,r_total_str_landed,92,7
round,r_total_str_landed,110,6
round,r_total_str_landed,103,6
round,r_total_str_landed,97,5
round,r_total_str_landed,117,5
round,r_total_str_landed,107,5
round,r_total_str_landed,89,5
round,r_total_str_landed,104,5
round,r_total_str_landed,105,4
round,r_total_str_landed,106,4
round,r_total_str_landed,95,4
round,r_total_str_landed,99,4
round,r_total_str_landed,102,3
round,r_total_str_landed,93,3
round,r_total_str_landed,111,3
round,r_total_str_landed,113,3
round,r_total_str_landed,96,3
round,r_total_str_landed,114,3
round,r_total_str_landed,100,3
round,r_total_str_landed,120,2
round,r_total_str_landed,128,2
round,r_total_str_landed,135,2
round,r_total_str_landed,101,2
round,r_total_str_landed,131,2
round,r_total_str_landed,112,2
round,r_total_str_landed,108,2
round,r_total_str_landed,148,2
round,r_total_str_landed,127,2
round,r_total_str_landed,141,2
round,r_total_str_landed,115,2
round,r_total_str_landed,119,2
round,r_total_str_landed,138,1
round,r_total_str_landed,130,1
round,r_total_str_landed,116,1
round,r_total_str_landed,191,1
round,r_total_str_landed,125,1
round,r_total_str_landed,118,1
round,r_total_str_landed,145,1
round,r_total_str_landed,146,1
round,r_total_str_landed,136,1
round,r_total_str_landed,182,1
round,r_total_str_landed,266,1
round,r_total_str_landed,213,1
round,r_total_str_landed,172,1
round,r_total_str_landed,179,1
round,r_total_str_landed,126,1
round,r_total_str_landed,164,1
round,r_total_str_landed,163,1
round,r_total_str_landed,175,1
round,r_total_str_landed,168,1
round,r_total_str_landed,139,1
round,r_total_str_landed,147,1
round,r_total_str_landed,142,1
round,r_total_str_landed,122,1
round,r_total_str_landed,233,1
round,r_total_str_landed,123,1
round,r_total_str_landed,237,1
round,r_total_str_landed,143,1
round,r_total_str_landed,132,1
round,r_total_str_landed,196,1
round,r_total_str_landed,167,1
round,r_total_str_atmp,37,433
round,r_total_str_atmp,38,425
round,r_total_str_atmp,39,411
round,r_total_str_atmp,42,405
round,r_total_str_atmp,33,403
round,r_total_str_atmp,34,403
round,r_total_str_atmp,28,402
round,r_total_str_atmp,31,401
round,r_total_str_atmp,36,394
round,r_total_str_atmp,45,391
round,r_total_str_atmp,41,390
round,r_total_str_atmp,32,389
round,r_total_str_atmp,44,384
round,r_total_str_atmp,35,384
round,r_total_str_atmp,24,381
round,r_total_str_atmp,40,378
round,r_total_str_atmp,29,372
round,r_total_str_atmp,30,371
round,r_total_str_atmp,43,371
round,r_total_str_atmp,46,363
round,r_total_str_atmp,26,363
round,r_total_str_atmp,50,362
round,r_total_str_atmp,47,360
round,r_total_str_atmp,48,355
round,r_total_str_atmp,23,352
round,r_total_str_atmp,51,351
round,r_total_str_atmp,27,346
round,r_total_str_atmp,25,340
round,r_total_str_atmp,49,339
round,r_total_str_atmp,54,338
round,r_total_str_atmp,52,328
round,r_total_str_atmp,55,317
round,r_total_str_atmp,53,313
round,r_total_str_atmp,57,312
round,r_total_str_atmp,21,311
round,r_total_str_atmp,56,310
round,r_total_str_atmp,60,295
round,r_total_str_atmp,22,292
round,r_total_str_atmp,58,286
round,r_total_str_atmp,18,286
round,r_total_str_atmp,59,285
round,r_total_str_atmp,20,282
round,r_total_str_atmp,19,280
round,r_total_str_atmp,16,278
round,r_total_str_atmp,17,262
round,r_total_str_atmp,15,261
round,r_total_str_atmp,62,250
round,r_total_str_atmp,66,248
round,r_total_str_atmp,12,248
round,r_total_str_atmp,10,243
round,r_total_str_atmp,64,241
round,r_total_str_atmp,11,241
round,r_total_str_atmp,13,240
round,r_total_str_atmp,14,239
round,r_total_str_atmp,61,239
round,r_total_str_atmp,70,230
round,r_total_str_atmp,65,222
round,r_total_str_atmp,63,218
round,r_total_str_atmp,67,211
round,r_total_str_atmp,7,208
round,r_total_str_atmp,69,203
round,r_total_str_atmp,9,200
round,r_total_str_atmp,72,199
round,r_total_str_atmp,8,193
round,r_total_str_atmp,68,185
round,r_total_str_atmp,73,175
round,r_total_str_atmp,71,172
round,r_total_str_atmp,6,171
round,r_total_str_atmp,74,167
round,r_total_str_atmp,5,166
round,r_total_str_atmp,3,160
round,r_total_str_atmp,77,152
round,r_total_str_atmp,4,151
round,r_total_str_atmp,76,150
round,r_total_str_atmp,83,144
round,r_total_str_atmp,75,137
round,r_total_str_atmp,78,133
round,r_total_str_atmp,79,126
round,r_total_str_atmp,81,125
round,r_total_str_atmp,80,123
round,r_total_str_atmp,82,119
round,r_total_str_atmp,1,117
round,r_total_str_atmp,2,109
round,r_total_str_atmp,84,107
round,r_total_str_atmp,86,102
round,r_total_str_atmp,88,96
round,r_total_str_atmp,89,87
round,r_total_str_atmp,87,85
round,r_total_str_atmp,85,80
round,r_total_str_atmp,90,75
round,r_total_str_atmp,92,73
round,r_total_str_atmp,91,72
round,r_total_str_atmp,95,67
round,r_total_str_atmp,94,66
round,r_total_str_atmp,0,65
round,r_total_str_atmp,96,60
round,r_total_str_atmp,98,59
round,r_total_str_atmp,93,57
round,r_total_str_atmp,99,54
round,r_total_str_atmp,97,50
round,r_total_str_atmp,102,46
round,r_total_str_atmp,105,44
round,r_total_str_atmp,103,44
round,r_total_str_atmp,101,43
round,r_total_str_atmp,104,35
round,r_total_str_atmp,100,34
round,r_total_str_atmp,106,33
round,r_total_str_atmp,107,31
round,r_total_str_atmp,109,30
round,r_total_str_atmp,115,30
round,r_total_str_atmp,108,29
round,r_total_str_atmp,112,29
round,r_total_str_atmp,111,29
round,r_total_str_atmp,113,27
round,r_total_str_atmp,118,26
round,r_total_str_atmp,114,24
round,r_total_str_atmp,110,22
round,r_total_str_atmp,116,21
round,r_total_str_atmp,120,21
round,r_total_str_atmp,123,20
round,r_total_str_atmp,117,18
round,r_total_str_atmp,121,17
round,r_total_str_atmp,119,16
round,r_total_str_atmp,129,15
round,r_total_str_atmp,122,15
round,r_total_str_atmp,125,13
round,r_total_str_atmp,135,11
round,r_total_str_atmp,132,10
round,r_total_str_atmp,130,10
round,r_total_str_atmp,128,9
round,r_total_str_atmp,127,9
round,r_total_str_atmp,126,9
round,r_total_str_atmp,142,9
round,r_total_str_atmp,124,9
round,r_total_str_atmp,133,8
round,r_total_str_atmp,137,8
round,r_total_str_atmp,138,8
round,r_total_str_atmp,131,8
round,r_total_str_atmp,136,7
round,r_total_str_atmp,140,7
round,r_total_str_atmp,149,7
round,r_total_str_atmp,147,7
round,r_total_str_atmp,139,6
round,r_total_str_atmp,145,5
round,r_total_str_atmp,146,5
round,r_total_str_atmp,144,4
round,r_total_str_atmp,150,4
round,r_total_str_atmp,148,4
round,r_total_str_atmp,134,4
round,r_total_str_atmp,153,4
round,r_total_str_atmp,156,4
round,r_total_str_atmp,141,4
round,r_total_str_atmp,143,4
round,r_total_str_atmp,173,3
round,r_total_str_atmp,164,3
round,r_total_str_atmp,166,3
round,r_total_str_atmp,174,3
round,r_total_str_atmp,152,2
round,r_total_str_atmp,165,2
round,r_total_str_atmp,170,2
round,r_total_str_atmp,198,2
round,r_total_str_atmp,185,2
round,r_total_str_atmp,162,2
round,r_total_str_atmp,191,2
round,r_total_str_atmp,160,2
round,r_total_str_atmp,178,2
round,r_total_str_atmp,182,2
round,r_total_str_atmp,274,2
round,r_total_str_atmp,159,2
round,r_total_str_atmp,203,2
round,r_total_str_atmp,168,2
round,r_total_str_atmp,161,2
round,r_total_str_atmp,171,2
round,r_total_str_atmp,194,1
round,r_total_str_atmp,154,1
round,r_total_str_atmp,175,1
round,r_total_str_atmp,155,1
round,r_total_str_atmp,169,1
round,r_total_str_atmp,193,1
round,r_total_str_atmp,157,1
round,r_total_str_atmp,151,1
round,r_total_str_atmp,231,1
round,r_total_str_atmp,180,1
round,r_total_str_atmp,158,1
round,r_total_str_atmp,189,1
round,r_total_str_atmp,212,1
round,r_total_str_atmp,179,1
round,r_total_str_atmp,199,1
round,r_total_str_atmp,181,1
round,r_total_str_atmp,234,1
round,r_total_str_atmp,196,1
round,r_total_str_atmp,177,1
round,r_total_str_atmp,176,1
round,r_total_str_atmp,218,1
round,r_total_str_atmp,253,1
round,r_total_str_atmp,192,1
round,r_total_str_atmp,187,1
round,r_total_str_atmp,206,1
round,r_total_str_atmp,256,1
round,b_total_str_landed,14,802
round,b_total_str_landed,13,778
round,b_total_str_landed,16,739
round,b_total_str_landed,15,739
round,b_total_str_landed,12,734
round,b_total_str_landed,17,724
round,b_total_str_landed,10,718
round,b_total_str_landed,9,707
round,b_total_str_landed,11,686
round,b_total_str_landed,19,680
round,b_total_str_landed,8,674
round,b_total_str_landed,21,671
round,b_total_str_landed,18,665
round,b_total_str_landed,7,664
round,b_total_str_landed,20,663
round,b_total_str_landed,6,637
round,b_total_str_landed,22,624
round,b_total_str_landed,1,613
round,b_total_str_landed,24,610
round,b_total_str_landed,23,602
round,b_total_str_landed,4,578
round,b_total_str_landed,5,578
round,b_total_str_landed,2,577
round,b_total_str_landed,25,569
round,b_total_str_landed,3,546
round,b_total_str_landed,26,544
round,b_total_str_landed,0,511
round,b_total_str_landed,27,497
round,b_total_str_landed,28,441
round,b_total_str_landed,30,439
round,b_total_str_landed,29,416
round,b_total_str_landed,31,410
round,b_total_str_landed,32,366
round,b_total_str_landed,35,328
round,b_total_str_landed,33,326
round,b_total_str_landed,34,325
round,b_total_str_landed,36,314
round,b_total_str_landed,37,244
round,b_total_str_landed,38,240
round,b_total_str_landed,39,239
round,b_total_str_landed,40,197
round,b_total_str_landed,41,181
round,b_total_str_landed,42,179
round,b_total_str_landed,44,175
round,b_total_str_landed,43,163
round,b_total_str_landed,45,145
round,b_total_str_landed,47,132
round,b_total_str_landed,48,126
round,b_total_str_landed,46,124
round,b_total_str_landed,50,105
round,b_total_str_landed,49,104
round,b_total_str_landed,52,97
round,b_total_str_landed,51,91
round,b_total_str_landed,55,75
round,b_total_str_landed,54,73
round,b_total_str_landed,57,59
round,b_total_str_landed,53,58
round,b_total_str_landed,56,54
round,b_total_str_landed,58,53
round,b_total_str_landed,61,48
round,b_total_str_landed,60,45
round,b_total_str_landed,62,45
round,b_total_str_landed,65,41
round,b_total_str_landed,59,34
round,b_total_str_landed,64,34
round,b_total_str_landed,68,29
round,b_total_str_landed,63,28
round,b_total_str_landed,66,25
round,b_total_str_landed,71,23
round,b_total_str_landed,67,23
round,b_total_str_landed,69,22
round,b_total_str_landed,70,22
round,b_total_str_landed,73,20
round,b_total_str_landed,80,17
round,b_total_str_landed,74,17
round,b_total_str_landed,78,17
round,b_total_str_landed,79,16
round,b_total_str_landed,76,16
round,b_total_str_landed,77,13
round,b_total_str_landed,83,12
round,b_total_str_landed,81,12
round,b_total_str_landed,82,11
round,b_total_str_landed,91,11
round,b_total_str_landed,86,10
round,b_total_str_landed,75,9
round,b_total_str_landed,87,9
round,b_total_str_landed,72,8
round,b_total_str_landed,85,8
round,b_total_str_landed,94,6
round,b_total_str_landed,101,6
round,b_total_str_landed,104,5
round,b_total_str_landed,84,4
round,b_total_str_landed,114,4
round,b_total_str_landed,92,4
round,b_total_str_landed,109,4
round,b_total_str_landed,103,4
round,b_total_str_landed,88,4
round,b_total_str_landed,102,3
round,b_total_str_landed,95,3
round,b_total_str_landed,93,3
round,b_total_str_landed,116,3
round,b_total_str_landed,100,3
round,b_total_str_landed,99,3
round,b_total_str_landed,107,3
round,b_total_str_landed,90,2
round,b_total_str_landed,115,2
round,b_total_str_landed,142,2
round,b_total_str_landed,105,2
round,b_total_str_landed,130,2
round,b_total_str_landed,97,2
round,b_total_str_landed,98,2
round,b_total_str_landed,184,2
round,b_total_str_landed,96,2
round,b_total_str_landed,122,2
round,b_total_str_landed,120,1
round,b_total_str_landed,140,1
round,b_total_str_landed,117,1
round,b_total_str_landed,149,1
round,b_total_str_landed,121,1
round,b_total_str_landed,344,1
round,b_total_str_landed,108,1
round,b_total_str_landed,131,1
round,b_total_str_landed,156,1
round,b_total_str_landed,118,1
round,b_total_str_landed,89,1
round,b_total_str_landed,123,1
round,b_total_str_landed,110,1
round,b_total_str_landed,127,1
round,b_total_str_landed,119,1
round,b_total_str_atmp,35,414
round,b_total_str_atmp,39,411
round,b_total_str_atmp,30,405
round,b_total_str_atmp,33,402
round,b_total_str_atmp,37,397
round,b_total_str_atmp,34,397
round,b_total_str_atmp,31,393
round,b_total_str_atmp,26,393
round,b_total_str_atmp,40,392
round,b_total_str_atmp,28,391
round,b_total_str_atmp,38,388
round,b_total_str_atmp,46,385
round,b_total_str_atmp,22,380
round,b_total_str_atmp,41,380
round,b_total_str_atmp,29,378
round,b_total_str_atmp,25,375
round,b_total_str_atmp,27,373
round,b_total_str_atmp,32,372
round,b_total_str_atmp,45,367
round,b_total_str_atmp,23,364
round,b_total_str_atmp,24,364
round,b_total_str_atmp,48,362
round,b_total_str_atmp,47,360
round,b_total_str_atmp,42,352
round,b_total_str_atmp,36,351
round,b_total_str_atmp,44,347
round,b_total_str_atmp,43,342
round,b_total_str_atmp,16,341
round,b_total_str_atmp,49,339
round,b_total_str_atmp,20,339
round,b_total_str_atmp,17,335
round,b_total_str_atmp,18,330
round,b_total_str_atmp,19,329
round,b_total_str_atmp,15,328
round,b_total_str_atmp,21,327
round,b_total_str_atmp,10,315
round,b_total_str_atmp,55,315
round,b_total_str_atmp,51,313
round,b_total_str_atmp,13,306
round,b_total_str_atmp,50,302
round,b_total_str_atmp,6,300
round,b_total_str_atmp,14,298
round,b_total_str_atmp,52,296
round,b_total_str_atmp,53,292
round,b_total_str_atmp,8,287
round,b_total_str_atmp,12,285
round,b_total_str_atmp,7,284
round,b_total_str_atmp,9,276
round,b_total_str_atmp,58,273
round,b_total_str_atmp,54,272
round,b_total_str_atmp,11,271
round,b_total_str_atmp,5,267
round,b_total_str_atmp,57,263
round,b_total_str_atmp,56,257
round,b_total_str_atmp,3,256
round,b_total_str_atmp,62,252
round,b_total_str_atmp,2,250
round,b_total_str_atmp,1,248
round,b_total_str_atmp,4,242
round,b_total_str_atmp,59,239
round,b_total_str_atmp,61,235
round,b_total_str_atmp,60,234
round,b_total_str_atmp,63,219
round,b_total_str_atmp,65,200
round,b_total_str_atmp,69,187
round,b_total_str_atmp,68,186
round,b_total_str_atmp,66,186
round,b_total_str_atmp,64,178
round,b_total_str_atmp,67,172
round,b_total_str_atmp,70,164
round,b_total_str_atmp,71,156
round,b_total_str_atmp,73,149
round,b_total_str_atmp,75,148
round,b_total_str_atmp,72,135
round,b_total_str_atmp,77,127
round,b_total_str_atmp,79,121
round,b_total_str_atmp,74,119
round,b_total_str_atmp,0,116
round,b_total_str_atmp,78,108
round,b_total_str_atmp,76,106
round,b_total_str_atmp,80,106
round,b_total_str_atmp,86,101
round,b_total_str_atmp,81,95
round,b_total_str_atmp,83,94
round,b_total_str_atmp,82,93
round,b_total_str_atmp,84,84
round,b_total_str_atmp,91,73
round,b_total_str_atmp,89,70
round,b_total_str_atmp,85,61
round,b_total_str_atmp,87,58
round,b_total_str_atmp,90,57
round,b_total_str_atmp,95,55
round,b_total_str_atmp,88,55
round,b_total_str_atmp,93,55
round,b_total_str_atmp,94,54
round,b_total_str_atmp,92,52
round,b_total_str_atmp,96,51
round,b_total_str_atmp,101,39
round,b_total_str_atmp,100,39
round,b_total_str_atmp,103,37
round,b_total_str_atmp,97,36
round,b_total_str_atmp,102,35
round,b_total_str_atmp,98,35
round,b_total_str_atmp,99,30
round,b_total_str_atmp,106,29
round,b_total_str_atmp,104,29
round,b_total_str_atmp,114,28
round,b_total_str_atmp,109,28
round,b_total_str_atmp,107,26
round,b_total_str_atmp,105,25
round,b_total_str_atmp,108,21
round,b_total_str_atmp,111,21
round,b_total_str_atmp,113,20
round,b_total_str_atmp,112,19
round,b_total_str_atmp,120,18
round,b_total_str_atmp,123,17
round,b_total_str_atmp,117,17
round,b_total_str_atmp,116,14
round,b_total_str_atmp,129,12
round,b_total_str_atmp,110,12
round,b_total_str_atmp,115,12
round,b_total_str_atmp,119,12
round,b_total_str_atmp,124,11
round,b_total_str_atmp,118,11
round,b_total_str_atmp,121,10
round,b_total_str_atmp,125,10
round,b_total_str_atmp,122,9
round,b_total_str_atmp,139,9
round,b_total_str_atmp,126,8
round,b_total_str_atmp,136,8
round,b_total_str_atmp,130,7
round,b_total_str_atmp,132,7
round,b_total_str_atmp,128,6
round,b_total_str_atmp,133,6
round,b_total_str_atmp,138,5
round,b_total_str_atmp,142,5
round,b_total_str_atmp,131,5
round,b_total_str_atmp,164,4
round,b_total_str_atmp,144,4
round,b_total_str_atmp,137,4
round,b_total_str_atmp,141,3
round,b_total_str_atmp,146,3
round,b_total_str_atmp,155,3
round,b_total_str_atmp,145,3
round,b_total_str_atmp,157,3
round,b_total_str_atmp,148,3
round,b_total_str_atmp,127,3
round,b_total_str_atmp,172,2
round,b_total_str_atmp,166,2
round,b_total_str_atmp,163,2
round,b_total_str_atmp,162,2
round,b_total_str_atmp,143,2
round,b_total_str_atmp,151,2
round,b_total_str_atmp,150,2
round,b_total_str_atmp,190,2
round,b_total_str_atmp,134,2
round,b_total_str_atmp,173,2
round,b_total_str_atmp,140,2
round,b_total_str_atmp,152,2
round,b_total_str_atmp,169,1
round,b_total_str_atmp,170,1
round,b_total_str_atmp,177,1
round,b_total_str_atmp,223,1
round,b_total_str_atmp,179,1
round,b_total_str_atmp,181,1
round,b_total_str_atmp,187,1
round,b_total_str_atmp,165,1
round,b_total_str_atmp,351,1
round,b_total_str_atmp,159,1
round,b_total_str_atmp,154,1
round,b_total_str_atmp,183,1
round,b_total_str_atmp,160,1
round,b_total_str_atmp,203,1
round,b_total_str_atmp,168,1
round,b_total_str_atmp,149,1
round,b_total_str_atmp,182,1
round,b_total_str_atmp,147,1
round,b_total_str_atmp,232,1
round,b_total_str_atmp,188,1
round,b_total_str_atmp,176,1
round,b_total_str_atmp,153,1
round,b_total_str_atmp,156,1
round,b_total_str_atmp,191,1
round,r_td_success,0,15880
round,r_td_success,1,6276
round,r_td_success,2,2076
round,r_td_success,3,618
round,r_td_success,4,185
round,r_td_success,5,65
round,r_td_success,6,16
round,r_td_success,8,7
round,r_td_success,7,6
round,r_td_success,9,2
round,r_td_atmp,0,10976
round,r_td_atmp,1,6032
round,r_td_atmp,2,3562
round,r_td_atmp,3,2116
round,r_td_atmp,4,1118
round,r_td_atmp,5,628
round,r_td_atmp,6,346
round,r_td_atmp,7,172
round,r_td_atmp,8,83
round,r_td_atmp,9,43
round,r_td_atmp,10,26
round,r_td_atmp,11,17
round,r_td_atmp,12,9
round,r_td_atmp,13,2
round,r_td_atmp,14,1
round,b_td_success,0,18143
round,b_td_success,1,4976
round,b_td_success,2,1448
round,b_td_success,3,401
round,b_td_success,4,106
round,b_td_success,5,36
round,b_td_success,6,12
round,b_td_success,7,7
round,b_td_success,8,1
round,b_td_success,9,1
round,b_td_atmp,0,12264
round,b_td_atmp,1,5647
round,b_td_atmp,2,3112
round,b_td_atmp,3,1835
round,b_td_atmp,4,1004
round,b_td_atmp,5,599
round,b_td_atmp,6,346
round,b_td_atmp,7,155
round,b_td_atmp,8,74
round,b_td_atmp,9,58
round,b_td_atmp,10,18
round,b_td_atmp,11,10
round,b_td_atmp,12,6
round,b_td_atmp,16,1
round,b_td_atmp,14,1
round,b_td_atmp,13,1
round,r_sub_att,0,21158
round,r_sub_att,1,2952
round,r_sub_att,2,766
round,r_sub_att,3,181
round,r_sub_att,4,48
round,r_sub_att,5,17
round,r_sub_att,6,7
round,r_sub_att,8,1
round,r_sub_att,10,1
round,b_sub_att,0,22326
round,b_sub_att,1,2185
round,b_sub_att,2,496
round,b_sub_att,3,101
round,b_sub_att,4,16
round,b_sub_att,5,6
round,b_sub_att,6,1
round,r_rev,0,23658
round,r_rev,1,1370
round,r_rev,2,96
round,r_rev,3,6
round,r_rev,4,1
round,b_rev,0,23629
round,b_rev,1,1401
round,b_rev,2,96
round,b_rev,3,4
round,b_rev,4,1
round,r_sig_str_landed_head,4,1617
round,r_sig_str_landed_head,5,1581
round,r_sig_str_landed_head,2,1573
round,r_sig_str_landed_head,3,1570
round,r_sig_str_landed_head,6,1502
round,r_sig_str_landed_head,1,1447
round,r_sig_str_landed_head,7,1381
round,r_sig_str_landed_head,0,1294
round,r_sig_str_landed_head,8,1279
round,r_sig_str_landed_head,9,1197
round,r_sig_str_landed_head,10,1111
round,r_sig_str_landed_head,11,964
round,r_sig_str_landed_head,12,899
round,r_sig_str_landed_head,13,842
round,r_sig_str_landed_head,14,675
round,r_sig_str_landed_head,15,649
round,r_sig_str_landed_head,16,612
round,r_sig_str_landed_head,17,537
round,r_sig_str_landed_head,19,433
round,r_sig_str_landed_head,18,432
round,r_sig_str_landed_head,20,411
round,r_sig_str_landed_head,21,352
round,r_sig_str_landed_head,22,296
round,r_sig_str_landed_head,23,247
round,r_sig_str_landed_head,25,238
round,r_sig_str_landed_head,24,224
round,r_sig_str_landed_head,26,186
round,r_sig_str_landed_head,27,173
round,r_sig_str_landed_head,28,160
round,r_sig_str_landed_head,29,130
round,r_sig_str_landed_head,30,121
round,r_sig_str_landed_head,31,114
round,r_sig_str_landed_head,32,97
round,r_sig_str_landed_head,33,83
round,r_sig_str_landed_head,34,77
round,r_sig_str_landed_head,35,74
round,r_sig_str_landed_head,38,61
round,r_sig_str_landed_head,37,57
round,r_sig_str_landed_head,36,56
round,r_sig_str_landed_head,42,38
round,r_sig_str_landed_head,39,33
round,r_sig_str_landed_head,40,30
round,r_sig_str_landed_head,43,29
round,r_sig_str_landed_head,41,27
round,r_sig_str_landed_head,44,25
round,r_sig_str_landed_head,46,23
round,r_sig_str_landed_head,45,20
round,r_sig_str_landed_head,48,17
round,r_sig_str_landed_head,50,14
round,r_sig_str_landed_head,53,12
round,r_sig_str_landed_head,47,12
round,r_sig_str_landed_head,51,11
round,r_sig_str_landed_head,56,10
round,r_sig_str_landed_head,52,8
round,r_sig_str_landed_head,49,7
round,r_sig_str_landed_head,58,7
round,r_sig_str_landed_head,55,6
round,r_sig_str_landed_head,57,5
round,r_sig_str_landed_head,60,5
round,r_sig_str_landed_head,54,5
round,r_sig_str_landed_head,59,3
round,r_sig_str_landed_head,68,3
round,r_sig_str_landed_head,65,3
round,r_sig_str_landed_head,70,2
round,r_sig_str_landed_head,61,2
round,r_sig_str_landed_head,81,2
round,r_sig_str_landed_head,67,2
round,r_sig_str_landed_head,71,2
round,r_sig_str_landed_head,77,2
round,r_sig_str_landed_head,62,2
round,r_sig_str_landed_head,75,2
round,r_sig_str_landed_head,64,1
round,r_sig_str_landed_head,63,1
round,r_sig_str_landed_head,66,1
round,r_sig_str_landed_head,89,1
round,r_sig_str_landed_head,110,1
round,r_sig_str_landed_head,86,1
round,r_sig_str_landed_head,69,1
round,r_sig_str_landed_head,78,1
round,r_sig_str_landed_head,72,1
round,r_sig_str_landed_head,76,1
round,r_sig_str_atmp_head,13,630
round,r_sig_str_atmp_head,11,628
round,r_sig_str_atmp_head,14,615
round,r_sig_str_atmp_head,8,608
round,r_sig_str_atmp_head,16,607
round,r_sig_str_atmp_head,12,603
round,r_sig_str_atmp_head,10,587
round,r_sig_str_atmp_head,15,587
round,r_sig_str_atmp_head,18,584
round,r_sig_str_atmp_head,19,584
round,r_sig_str_atmp_head,9,580
round,r_sig_str_atmp_head,7,565
round,r_sig_str_atmp_head,6,560
round,r_sig_str_atmp_head,17,557
round,r_sig_str_atmp_head,4,556
round,r_sig_str_atmp_head,21,556
round,r_sig_str_atmp_head,5,552
round,r_sig_str_atmp_head,22,550
round,r_sig_str_atmp_head,20,543
round,r_sig_str_atmp_head,24,526
round,r_sig_str_atmp_head,25,513
round,r_sig_str_atmp_head,23,484
round,r_sig_str_atmp_head,3,470
round,r_sig_str_atmp_head,26,448
round,r_sig_str_atmp_head,27,437
round,r_sig_str_atmp_head,29,433
round,r_sig_str_atmp_head,28,432
round,r_sig_str_atmp_head,30,412
round,r_sig_str_atmp_head,32,393
round,r_sig_str_atmp_head,2,390
round,r_sig_str_atmp_head,1,388
round,r_sig_str_atmp_head,33,383
round,r_sig_str_atmp_head,31,373
round,r_sig_str_atmp_head,35,370
round,r_sig_str_atmp_head,34,344
round,r_sig_str_atmp_head,36,322
round,r_sig_str_atmp_head,38,302
round,r_sig_str_atmp_head,39,295
round,r_sig_str_atmp_head,37,293
round,r_sig_str_atmp_head,0,290
round,r_sig_str_atmp_head,42,281
round,r_sig_str_atmp_head,41,262
round,r_sig_str_atmp_head,40,261
round,r_sig_str_atmp_head,43,243
round,r_sig_str_atmp_head,46,237
round,r_sig_str_atmp_head,45,232
round,r_sig_str_atmp_head,44,231
round,r_sig_str_atmp_head,47,228
round,r_sig_str_atmp_head,48,189
round,r_sig_str_atmp_head,51,186
round,r_sig_str_atmp_head,52,176
round,r_sig_str_atmp_head,50,174
round,r_sig_str_atmp_head,49,172
round,r_sig_str_atmp_head,53,149
round,r_sig_str_atmp_head,56,145
round,r_sig_str_atmp_head,55,135
round,r_sig_str_atmp_head,54,127
round,r_sig_str_atmp_head,61,120
round,r_sig_str_atmp_head,57,115
round,r_sig_str_atmp_head,59,108
round,r_sig_str_atmp_head,63,106
round,r_sig_str_atmp_head,58,105
round,r_sig_str_atmp_head,60,103
round,r_sig_str_atmp_head,64,86
round,r_sig_str_atmp_head,69,86
round,r_sig_str_atmp_head,62,86
round,r_sig_str_atmp_head,66,83
round,r_sig_str_atmp_head,65,75
round,r_sig_str_atmp_head,71,72
round,r_sig_str_atmp_head,67,67
round,r_sig_str_atmp_head,70,62
round,r_sig_str_atmp_head,78,59
round,r_sig_str_atmp_head,68,58
round,r_sig_str_atmp_head,72,57
round,r_sig_str_atmp_head,75,57
round,r_sig_str_atmp_head,74,52
round,r_sig_str_atmp_head,73,48
round,r_sig_str_atmp_head,77,46
round,r_sig_str_atmp_head,76,45
round,r_sig_str_atmp_head,81,42
round,r_sig_str_atmp_head,84,36
round,r_sig_str_atmp_head,83,33
round,r_sig_str_atmp_head,80,32
round,r_sig_str_atmp_head,79,27
round,r_sig_str_atmp_head,82,27
round,r_sig_str_atmp_head,92,26
round,r_sig_str_atmp_head,86,26
round,r_sig_str_atmp_head,87,25
round,r_sig_str_atmp_head,88,23
round,r_sig_str_atmp_head,89,23
round,r_sig_str_atmp_head,85,22
round,r_sig_str_atmp_head,93,21
round,r_sig_str_atmp_head,96,18
round,r_sig_str_atmp_head,100,18
round,r_sig_str_atmp_head,91,16
round,r_sig_str_atmp_head,98,14
round,r_sig_str_atmp_head,95,13
round,r_sig_str_atmp_head,97,13
round,r_sig_str_atmp_head,99,12
round,r_sig_str_atmp_head,94,11
round,r_sig_str_atmp_head,103,10
round,r_sig_str_atmp_head,101,10
round,r_sig_str_atmp_head,102,10
round,r_sig_str_atmp_head,105,9
round,r_sig_str_atmp_head,90,9
round,r_sig_str_atmp_head,106,9
round,r_sig_str_atmp_head,110,8
round,r_sig_str_atmp_head,111,8
round,r_sig_str_atmp_head,107,8
round,r_sig_str_atmp_head,116,6
round,r_sig_str_atmp_head,115,5
round,r_sig_str_atmp_head,109,5
round,r_sig_str_atmp_head,121,5
round,r_sig_str_atmp_head,120,5
round,r_sig_str_atmp_head,104,4
round,r_sig_str_atmp_head,114,4
round,r_sig_str_atmp_head,113,4
round,r_sig_str_atmp_head,126,4
round,r_sig_str_atmp_head,108,4
round,r_sig_str_atmp_head,129,4
round,r_sig_str_atmp_head,117,3
round,r_sig_str_atmp_head,128,3
round,r_sig_str_atmp_head,123,3
round,r_sig_str_atmp_head,134,3
round,r_sig_str_atmp_head,144,2
round,r_sig_str_atmp_head,160,2
round,r_sig_str_atmp_head,125,2
round,r_sig_str_atmp_head,112,2
round,r_sig_str_atmp_head,127,2
round,r_sig_str_atmp_head,124,2
round,r_sig_str_atmp_head,118,2
round,r_sig_str_atmp_head,137,2
round,r_sig_str_atmp_head,139,2
round,r_sig_str_atmp_head,140,1
round,r_sig_str_atmp_head,157,1
round,r_sig_str_atmp_head,133,1
round,r_sig_str_atmp_head,142,1
round,r_sig_str_atmp_head,151,1
round,r_sig_str_atmp_head,165,1
round,r_sig_str_atmp_head,135,1
round,r_sig_str_atmp_head,166,1
round,r_sig_str_atmp_head,179,1
round,r_sig_str_atmp_head,138,1
round,r_sig_str_atmp_head,159,1
round,r_sig_str_atmp_head,152,1
round,r_sig_str_atmp_head,132,1
round,r_sig_str_atmp_head,155,1
round,r_sig_str_atmp_head,187,1
round,r_sig_str_atmp_head,150,1
round,r_sig_str_atmp_head,163,1
round,r_sig_str_atmp_head,164,1
round,b_sig_str_landed_head,0,2396
round,b_sig_str_landed_head,1,2190
round,b_sig_str_landed_head,2,1920
round,b_sig_str_landed_head,3,1799
round,b_sig_str_landed_head,4,1652
round,b_sig_str_landed_head,5,1545
round,b_sig_str_landed_head,6,1425
round,b_sig_str_landed_head,7,1265
round,b_sig_str_landed_head,8,1194
round,b_sig_str_landed_head,9,1033
round,b_sig_str_landed_head,10,947
round,b_sig_str_landed_head,11,777
round,b_sig_str_landed_head,12,775
round,b_sig_str_landed_head,13,717
round,b_sig_str_landed_head,14,643
round,b_sig_str_landed_head,15,541
round,b_sig_str_landed_head,16,473
round,b_sig_str_landed_head,17,403
round,b_sig_str_landed_head,18,385
round,b_sig_str_landed_head,19,329
round,b_sig_str_landed_head,21,298
round,b_sig_str_landed_head,20,288
round,b_sig_str_landed_head,23,231
round,b_sig_str_landed_head,22,207
round,b_sig_str_landed_head,25,181
round,b_sig_str_landed_head,24,168
round,b_sig_str_landed_head,26,146
round,b_sig_str_landed_head,27,139
round,b_sig_str_landed_head,28,135
round,b_sig_str_landed_head,29,107
round,b_sig_str_landed_head,30,97
round,b_sig_str_landed_head,32,77
round,b_sig_str_landed_head,31,71
round,b_sig_str_landed_head,33,59
round,b_sig_str_landed_head,35,57
round,b_sig_str_landed_head,36,47
round,b_sig_str_landed_head,34,47
round,b_sig_str_landed_head,39,43
round,b_sig_str_landed_head,37,39
round,b_sig_str_landed_head,40,25
round,b_sig_str_landed_head,38,24
round,b_sig_str_landed_head,43,21
round,b_sig_str_landed_head,41,20
round,b_sig_str_landed_head,42,20
round,b_sig_str_landed_head,45,17
round,b_sig_str_landed_head,48,15
round,b_sig_str_landed_head,47,14
round,b_sig_str_landed_head,49,13
round,b_sig_str_landed_head,52,12
round,b_sig_str_landed_head,46,12
round,b_sig_str_landed_head,44,10
round,b_sig_str_landed_head,54,8
round,b_sig_str_landed_head,50,8
round,b_sig_str_landed_head,53,7
round,b_sig_str_landed_head,60,5
round,b_sig_str_landed_head,55,5
round,b_sig_str_landed_head,58,5
round,b_sig_str_landed_head,51,5
round,b_sig_str_landed_head,73,4
round,b_sig_str_landed_head,57,4
round,b_sig_str_landed_head,63,4
round,b_sig_str_landed_head,64,3
round,b_sig_str_landed_head,59,3
round,b_sig_str_landed_head,65,3
round,b_sig_str_landed_head,66,2
round,b_sig_str_landed_head,79,2
round,b_sig_str_landed_head,61,2
round,b_sig_str_landed_head,105,1
round,b_sig_str_landed_head,56,1
round,b_sig_str_landed_head,97,1
round,b_sig_str_landed_head,120,1
round,b_sig_str_landed_head,78,1
round,b_sig_str_landed_head,74,1
round,b_sig_str_landed_head,70,1
round,b_sig_str_landed_head,72,1
round,b_sig_str_landed_head,62,1
round,b_sig_str_landed_head,71,1
round,b_sig_str_landed_head,75,1
round,b_sig_str_landed_head,93,1
round,b_sig_str_atmp_head,4,694
round,b_sig_str_atmp_head,5,690
round,b_sig_str_atmp_head,6,681
round,b_sig_str_atmp_head,3,667
round,b_sig_str_atmp_head,8,662
round,b_sig_str_atmp_head,2,650
round,b_sig_str_atmp_head,1,647
round,b_sig_str_atmp_head,9,628
round,b_sig_str_atmp_head,7,625
round,b_sig_str_atmp_head,11,607
round,b_sig_str_atmp_head,14,602
round,b_sig_str_atmp_head,15,590
round,b_sig_str_atmp_head,10,579
round,b_sig_str_atmp_head,13,577
round,b_sig_str_atmp_head,16,565
round,b_sig_str_atmp_head,12,541
round,b_sig_str_atmp_head,19,529
round,b_sig_str_atmp_head,17,520
round,b_sig_str_atmp_head,0,498
round,b_sig_str_atmp_head,20,489
round,b_sig_str_atmp_head,18,486
round,b_sig_str_atmp_head,22,485
round,b_sig_str_atmp_head,23,464
round,b_sig_str_atmp_head,25,459
round,b_sig_str_atmp_head,27,457
round,b_sig_str_atmp_head,21,457
round,b_sig_str_atmp_head,29,445
round,b_sig_str_atmp_head,24,438
round,b_sig_str_atmp_head,26,408
round,b_sig_str_atmp_head,28,380
round,b_sig_str_atmp_head,32,373
round,b_sig_str_atmp_head,31,365
round,b_sig_str_atmp_head,33,362
round,b_sig_str_atmp_head,30,354
round,b_sig_str_atmp_head,36,346
round,b_sig_str_atmp_head,34,342
round,b_sig_str_atmp_head,35,328
round,b_sig_str_atmp_head,37,321
round,b_sig_str_atmp_head,38,279
round,b_sig_str_atmp_head,39,266
round,b_sig_str_atmp_head,43,254
round,b_sig_str_atmp_head,44,244
round,b_sig_str_atmp_head,42,242
round,b_sig_str_atmp_head,40,237
round,b_sig_str_atmp_head,41,231
round,b_sig_str_atmp_head,45,217
round,b_sig_str_atmp_head,47,212
round,b_sig_str_atmp_head,46,202
round,b_sig_str_atmp_head,50,184
round,b_sig_str_atmp_head,49,172
round,b_sig_str_atmp_head,48,167
round,b_sig_str_atmp_head,51,158
round,b_sig_str_atmp_head,55,151
round,b_sig_str_atmp_head,52,138
round,b_sig_str_atmp_head,54,129
round,b_sig_str_atmp_head,53,121
round,b_sig_str_atmp_head,57,116
round,b_sig_str_atmp_head,56,114
round,b_sig_str_atmp_head,58,112
round,b_sig_str_atmp_head,61,105
round,b_sig_str_atmp_head,59,103
round,b_sig_str_atmp_head,63,99
round,b_sig_str_atmp_head,60,95
round,b_sig_str_atmp_head,62,84
round,b_sig_str_atmp_head,66,79
round,b_sig_str_atmp_head,67,78
round,b_sig_str_atmp_head,65,76
round,b_sig_str_atmp_head,71,73
round,b_sig_str_atmp_head,70,65
round,b_sig_str_atmp_head,64,63
round,b_sig_str_atmp_head,72,60
round,b_sig_str_atmp_head,68,58
round,b_sig_str_atmp_head,69,53
round,b_sig_str_atmp_head,73,52
round,b_sig_str_atmp_head,75,43
round,b_sig_str_atmp_head,74,42
round,b_sig_str_atmp_head,80,40
round,b_sig_str_atmp_head,78,38
round,b_sig_str_atmp_head,76,35
round,b_sig_str_atmp_head,82,32
round,b_sig_str_atmp_head,85,30
round,b_sig_str_atmp_head,81,29
round,b_sig_str_atmp_head,77,28
round,b_sig_str_atmp_head,83,24
round,b_sig_str_atmp_head,86,24
round,b_sig_str_atmp_head,90,22
round,b_sig_str_atmp_head,79,21
round,b_sig_str_atmp_head,89,21
round,b_sig_str_atmp_head,88,20
round,b_sig_str_atmp_head,87,18
round,b_sig_str_atmp_head,91,14
round,b_sig_str_atmp_head,84,13
round,b_sig_str_atmp_head,93,12
round,b_sig_str_atmp_head,98,11
round,b_sig_str_atmp_head,104,11
round,b_sig_str_atmp_head,96,11
round,b_sig_str_atmp_head,102,11
round,b_sig_str_atmp_head,92,11
round,b_sig_str_atmp_head,95,11
round,b_sig_str_atmp_head,97,10
round,b_sig_str_atmp_head,94,9
round,b_sig_str_atmp_head,99,8
round,b_sig_str_atmp_head,105,7
round,b_sig_str_atmp_head,118,7
round,b_sig_str_atmp_head,106,7
round,b_sig_str_atmp_head,111,7
round,b_sig_str_atmp_head,101,7
round,b_sig_str_atmp_head,112,6
round,b_sig_str_atmp_head,100,6
round,b_sig_str_atmp_head,103,6
round,b_sig_str_atmp_head,107,5
round,b_sig_str_atmp_head,110,5
round,b_sig_str_atmp_head,119,5
round,b_sig_str_atmp_head,116,4
round,b_sig_str_atmp_head,115,4
round,b_sig_str_atmp_head,109,4
round,b_sig_str_atmp_head,108,4
round,b_sig_str_atmp_head,132,3
round,b_sig_str_atmp_head,120,3
round,b_sig_str_atmp_head,114,3
round,b_sig_str_atmp_head,139,3
round,b_sig_str_atmp_head,121,3
round,b_sig_str_atmp_head,127,2
round,b_sig_str_atmp_head,133,2
round,b_sig_str_atmp_head,130,2
round,b_sig_str_atmp_head,147,2
round,b_sig_str_atmp_head,122,2
round,b_sig_str_atmp_head,146,2
round,b_sig_str_atmp_head,113,2
round,b_sig_str_atmp_head,148,2
round,b_sig_str_atmp_head,125,2
round,b_sig_str_atmp_head,154,1
round,b_sig_str_atmp_head,129,1
round,b_sig_str_atmp_head,213,1
round,b_sig_str_atmp_head,145,1
round,b_sig_str_atmp_head,124,1
round,b_sig_str_atmp_head,128,1
round,b_sig_str_atmp_head,170,1
round,b_sig_str_atmp_head,131,1
round,b_sig_str_atmp_head,142,1
round,b_sig_str_atmp_head,208,1
round,b_sig_str_atmp_head,169,1
round,b_sig_str_atmp_head,137,1
round,b_sig_str_atmp_head,149,1
round,b_sig_str_atmp_head,167,1
round,b_sig_str_atmp_head,136,1
round,r_sig_str_landed_body,0,5409
round,r_sig_str_landed_body,1,4414
round,r_sig_str_landed_body,2,3577
round,r_sig_str_landed_body,3,2737
round,r_sig_str_landed_body,4,2161
round,r_sig_str_landed_body,5,1613
round,r_sig_str_landed_body,6,1265
round,r_sig_str_landed_body,7,956
round,r_sig_str_landed_body,8,722
round,r_sig_str_landed_body,9,511
round,r_sig_str_landed_body,10,415
round,r_sig_str_landed_body,11,342
round,r_sig_str_landed_body,12,233
round,r_sig_str_landed_body,13,177
round,r_sig_str_landed_body,14,133
round,r_sig_str_landed_body,15,97
round,r_sig_str_landed_body,16,79
round,r_sig_str_landed_body,17,75
round,r_sig_str_landed_body,18,53
round,r_sig_str_landed_body,19,34
round,r_sig_str_landed_body,21,29
round,r_sig_str_landed_body,20,24
round,r_sig_str_landed_body,23,18
round,r_sig_str_landed_body,24,13
round,r_sig_str_landed_body,22,12
round,r_sig_str_landed_body,25,7
round,r_sig_str_landed_body,27,5
round,r_sig_str_landed_body,29,4
round,r_sig_str_landed_body,28,3
round,r_sig_str_landed_body,35,3
round,r_sig_str_landed_body,31,2
round,r_sig_str_landed_body,33,1
round,r_sig_str_landed_body,26,1
round,r_sig_str_landed_body,30,1
round,r_sig_str_landed_body,45,1
round,r_sig_str_landed_body,37,1
round,r_sig_str_landed_body,47,1
round,r_sig_str_landed_body,32,1
round,r_sig_str_landed_body,34,1
round,r_sig_str_atmp_body,0,3883
round,r_sig_str_atmp_body,1,3520
round,r_sig_str_atmp_body,2,2958
round,r_sig_str_atmp_body,3,2573
round,r_sig_str_atmp_body,4,2148
round,r_sig_str_atmp_body,5,1809
round,r_sig_str_atmp_body,6,1540
round,r_sig_str_atmp_body,7,1286
round,r_sig_str_atmp_body,8,994
round,r_sig_str_atmp_body,9,825
round,r_sig_str_atmp_body,10,725
round,r_sig_str_atmp_body,11,578
round,r_sig_str_atmp_body,12,441
round,r_sig_str_atmp_body,13,320
round,r_sig_str_atmp_body,14,308
round,r_sig_str_atmp_body,15,220
round,r_sig_str_atmp_body,16,197
round,r_sig_str_atmp_body,17,135
round,r_sig_str_atmp_body,18,118
round,r_sig_str_atmp_body,19,101
round,r_sig_str_atmp_body,20,83
round,r_sig_str_atmp_body,21,67
round,r_sig_str_atmp_body,22,51
round,r_sig_str_atmp_body,23,50
round,r_sig_str_atmp_body,24,45
round,r_sig_str_atmp_body,25,36
round,r_sig_str_atmp_body,27,21
round,r_sig_str_atmp_body,26,17
round,r_sig_str_atmp_body,30,15
round,r_sig_str_atmp_body,28,14
round,r_sig_str_atmp_body,29,11
round,r_sig_str_atmp_body,33,7
round,r_sig_str_atmp_body,35,6
round,r_sig_str_atmp_body,37,5
round,r_sig_str_atmp_body,31,4
round,r_sig_str_atmp_body,36,4
round,r_sig_str_atmp_body,40,3
round,r_sig_str_atmp_body,34,3
round,r_sig_str_atmp_body,42,2
round,r_sig_str_atmp_body,32,2
round,r_sig_str_atmp_body,39,2
round,r_sig_str_atmp_body,52,1
round,r_sig_str_atmp_body,48,1
round,r_sig_str_atmp_body,45,1
round,r_sig_str_atmp_body,47,1
round,b_sig_str_landed_body,0,6473
round,b_sig_str_landed_body,1,4636
round,b_sig_str_landed_body,2,3540
round,b_sig_str_landed_body,3,2705
round,b_sig_str_landed_body,4,2023
round,b_sig_str_landed_body,5,1530
round,b_sig_str_landed_body,6,1134
round,b_sig_str_landed_body,7,780
round,b_sig_str_landed_body,8,570
round,b_sig_str_landed_body,9,454
round,b_sig_str_landed_body,10,305
round,b_sig_str_landed_body,11,257
round,b_sig_str_landed_body,12,183
round,b_sig_str_landed_body,13,139
round,b_sig_str_landed_body,15,95
round,b_sig_str_landed_body,14,88
round,b_sig_str_landed_body,16,60
round,b_sig_str_landed_body,17,32
round,b_sig_str_landed_body,18,32
round,b_sig_str_landed_body,19,18
round,b_sig_str_landed_body,23,14
round,b_sig_str_landed_body,21,14
round,b_sig_str_landed_body,20,13
round,b_sig_str_landed_body,24,9
round,b_sig_str_landed_body,22,9
round,b_sig_str_landed_body,26,3
round,b_sig_str_landed_body,28,3
round,b_sig_str_landed_body,25,3
round,b_sig_str_landed_body,30,2
round,b_sig_str_landed_body,29,2
round,b_sig_str_landed_body,33,1
round,b_sig_str_landed_body,49,1
round,b_sig_str_landed_body,37,1
round,b_sig_str_landed_body,35,1
round,b_sig_str_landed_body,43,1
round,b_sig_str_atmp_body,0,4581
round,b_sig_str_atmp_body,1,3685
round,b_sig_str_atmp_body,2,3109
round,b_sig_str_atmp_body,3,2497
round,b_sig_str_atmp_body,4,2236
round,b_sig_str_atmp_body,5,1786
round,b_sig_str_atmp_body,6,1480
round,b_sig_str_atmp_body,7,1108
round,b_sig_str_atmp_body,8,934
round,b_sig_str_atmp_body,9,766
round,b_sig_str_atmp_body,10,605
round,b_sig_str_atmp_body,11,489
round,b_sig_str_atmp_body,12,399
round,b_sig_str_atmp_body,13,282
round,b_sig_str_atmp_body,14,247
round,b_sig_str_atmp_body,15,196
round,b_sig_str_atmp_body,16,156
round,b_sig_str_atmp_body,17,119
round,b_sig_str_atmp_body,18,98
round,b_sig_str_atmp_body,19,76
round,b_sig_str_atmp_body,20,64
round,b_sig_str_atmp_body,21,47
round,b_sig_str_atmp_body,22,29
round,b_sig_str_atmp_body,24,25
round,b_sig_str_atmp_body,23,21
round,b_sig_str_atmp_body,25,17
round,b_sig_str_atmp_body,27,14
round,b_sig_str_atmp_body,26,12
round,b_sig_str_atmp_body,28,10
round,b_sig_str_atmp_body,29,9
round,b_sig_str_atmp_body,31,9
round,b_sig_str_atmp_body,30,5
round,b_sig_str_atmp_body,33,4
round,b_sig_str_atmp_body,32,3
round,b_sig_str_atmp_body,35,3
round,b_sig_str_atmp_body,34,2
round,b_sig_str_atmp_body,39,2
round,b_sig_str_atmp_body,49,1
round,b_sig_str_atmp_body,37,1
round,b_sig_str_atmp_body,51,1
round,b_sig_str_atmp_body,38,1
round,b_sig_str_atmp_body,42,1
round,b_sig_str_atmp_body,44,1
round,r_sig_str_landed_leg,0,8438
round,r_sig_str_landed_leg,1,4700
round,r_sig_str_landed_leg,2,3185
round,r_sig_str_landed_leg,3,2216
round,r_sig_str_landed_leg,4,1706
round,r_sig_str_landed_leg,5,1202
round,r_sig_str_landed_leg,6,893
round,r_sig_str_landed_leg,7,704
round,r_sig_str_landed_leg,8,491
round,r_sig_str_landed_leg,9,419
round,r_sig_str_landed_leg,10,310
round,r_sig_str_landed_leg,11,213
round,r_sig_str_landed_leg,12,163
round,r_sig_str_landed_leg,13,115
round,r_sig_str_landed_leg,14,85
round,r_sig_str_landed_leg,15,66
round,r_sig_str_landed_leg,16,53
round,r_sig_str_landed_leg,17,47
round,r_sig_str_landed_leg,19,33
round,r_sig_str_landed_leg,18,31
round,r_sig_str_landed_leg,20,16
round,r_sig_str_landed_leg,21,13
round,r_sig_str_landed_leg,23,9
round,r_sig_str_landed_leg,22,6
round,r_sig_str_landed_leg,24,5
round,r_sig_str_landed_leg,25,3
round,r_sig_str_landed_leg,27,2
round,r_sig_str_landed_leg,30,1
round,r_sig_str_landed_leg,31,1
round,r_sig_str_landed_leg,29,1
round,r_sig_str_landed_leg,28,1
round,r_sig_str_landed_leg,38,1
round,r_sig_str_landed_leg,33,1
round,r_sig_str_landed_leg,32,1
round,r_sig_str_atmp_leg,0,7395
round,r_sig_str_atmp_leg,1,4366
round,r_sig_str_atmp_leg,2,3064
round,r_sig_str_atmp_leg,3,2293
round,r_sig_str_atmp_leg,4,1723
round,r_sig_str_atmp_leg,5,1345
round,r_sig_str_atmp_leg,6,1015
round,r_sig_str_atmp_leg,7,825
round,r_sig_str_atmp_leg,8,665
round,r_sig_str_atmp_leg,9,530
round,r_sig_str_atmp_leg,10,386
round,r_sig_str_atmp_leg,11,325
round,r_sig_str_atmp_leg,12,251
round,r_sig_str_atmp_leg,13,207
round,r_sig_str_atmp_leg,14,163
round,r_sig_str_atmp_leg,15,111
round,r_sig_str_atmp_leg,16,94
round,r_sig_str_atmp_leg,17,73
round,r_sig_str_atmp_leg,18,59
round,r_sig_str_atmp_leg,19,50
round,r_sig_str_atmp_leg,21,38
round,r_sig_str_atmp_leg,20,34
round,r_sig_str_atmp_leg,22,26
round,r_sig_str_atmp_leg,23,22
round,r_sig_str_atmp_leg,24,21
round,r_sig_str_atmp_leg,25,15
round,r_sig_str_atmp_leg,26,8
round,r_sig_str_atmp_leg,27,5
round,r_sig_str_atmp_leg,29,3
round,r_sig_str_atmp_leg,36,3
round,r_sig_str_atmp_leg,30,2
round,r_sig_str_atmp_leg,33,2
round,r_sig_str_atmp_leg,43,2
round,r_sig_str_atmp_leg,38,2
round,r_sig_str_atmp_leg,35,2
round,r_sig_str_atmp_leg,31,2
round,r_sig_str_atmp_leg,28,1
round,r_sig_str_atmp_leg,42,1
round,r_sig_str_atmp_leg,32,1
round,r_sig_str_atmp_leg,34,1
round,b_sig_str_landed_leg,0,8755
round,b_sig_str_landed_leg,1,4889
round,b_sig_str_landed_leg,2,3207
round,b_sig_str_landed_leg,3,2161
round,b_sig_str_landed_leg,4,1578
round,b_sig_str_landed_leg,5,1203
round,b_sig_str_landed_leg,6,863
round,b_sig_str_landed_leg,7,651
round,b_sig_str_landed_leg,8,487
round,b_sig_str_landed_leg,9,327
round,b_sig_str_landed_leg,10,263
round,b_sig_str_landed_leg,11,182
round,b_sig_str_landed_leg,12,127
round,b_sig_str_landed_leg,13,106
round,b_sig_str_landed_leg,14,91
round,b_sig_str_landed_leg,15,78
round,b_sig_str_landed_leg,16,44
round,b_sig_str_landed_leg,17,30
round,b_sig_str_landed_leg,18,27
round,b_sig_str_landed_leg,19,14
round,b_sig_str_landed_leg,22,12
round,b_sig_str_landed_leg,20,8
round,b_sig_str_landed_leg,21,7
round,b_sig_str_landed_leg,24,4
round,b_sig_str_landed_leg,27,3
round,b_sig_str_landed_leg,23,3
round,b_sig_str_landed_leg,25,3
round,b_sig_str_landed_leg,32,2
round,b_sig_str_landed_leg,29,2
round,b_sig_str_landed_leg,34,2
round,b_sig_str_landed_leg,31,1
round,b_sig_str_landed_leg,28,1
round,b_sig_str_atmp_leg,0,7543
round,b_sig_str_atmp_leg,1,4507
round,b_sig_str_atmp_leg,2,3092
round,b_sig_str_atmp_leg,3,2341
round,b_sig_str_atmp_leg,4,1678
round,b_sig_str_atmp_leg,5,1341
round,b_sig_str_atmp_leg,6,986
round,b_sig_str_atmp_leg,7,782
round,b_sig_str_atmp_leg,8,661
round,b_sig_str_atmp_leg,9,493
round,b_sig_str_atmp_leg,10,363
round,b_sig_str_atmp_leg,11,291
round,b_sig_str_atmp_leg,12,225
round,b_sig_str_atmp_leg,13,185
round,b_sig_str_atmp_leg,14,119
round,b_sig_str_atmp_leg,15,112
round,b_sig_str_atmp_leg,16,91
round,b_sig_str_atmp_leg,18,67
round,b_sig_str_atmp_leg,17,57
round,b_sig_str_atmp_leg,19,54
round,b_sig_str_atmp_leg,20,36
round,b_sig_str_atmp_leg,21,24
round,b_sig_str_atmp_leg,23,15
round,b_sig_str_atmp_leg,22,14
round,b_sig_str_atmp_leg,25,12
round,b_sig_str_atmp_leg,24,11
round,b_sig_str_atmp_leg,27,6
round,b_sig_str_atmp_leg,28,5
round,b_sig_str_atmp_leg,29,3
round,b_sig_str_atmp_leg,31,3
round,b_sig_str_atmp_leg,26,3
round,b_sig_str_atmp_leg,41,2
round,b_sig_str_atmp_leg,33,2
round,b_sig_str_atmp_leg,30,2
round,b_sig_str_atmp_leg,35,2
round,b_sig_str_atmp_leg,39,1
round,b_sig_str_atmp_leg,37,1
round,b_sig_str_atmp_leg,36,1
round,r_sig_str_landed_distance,1,2069
round,r_sig_str_landed_distance,0,1870
round,r_sig_str_landed_distance,2,1816
round,r_sig_str_landed_distance,3,1514
round,r_sig_str_landed_distance,4,1288
round,r_sig_str_landed_distance,5,1244
round,r_sig_str_landed_distance,6,1119
round,r_sig_str_landed_distance,7,1018
round,r_sig_str_landed_distance,8,954
round,r_sig_str_landed_distance,9,924
round,r_sig_str_landed_distance,10,862
round,r_sig_str_landed_distance,11,786
round,r_sig_str_landed_distance,12,704
round,r_sig_str_landed_distance,14,704
round,r_sig_str_landed_distance,13,642
round,r_sig_str_landed_distance,15,637
round,r_sig_str_landed_distance,17,611
round,r_sig_str_landed_distance,16,554
round,r_sig_str_landed_distance,18,491
round,r_sig_str_landed_distance,19,478
round,r_sig_str_landed_distance,20,441
round,r_sig_str_landed_distance,21,383
round,r_sig_str_landed_distance,22,374
round,r_sig_str_landed_distance,23,352
round,r_sig_str_landed_distance,24,312
round,r_sig_str_landed_distance,25,294
round,r_sig_str_landed_distance,26,270
round,r_sig_str_landed_distance,27,231
round,r_sig_str_landed_distance,29,209
round,r_sig_str_landed_distance,28,178
round,r_sig_str_landed_distance,30,176
round,r_sig_str_landed_distance,32,155
round,r_sig_str_landed_distance,31,141
round,r_sig_str_landed_distance,34,126
round,r_sig_str_landed_distance,36,115
round,r_sig_str_landed_distance,35,105
round,r_sig_str_landed_distance,33,105
round,r_sig_str_landed_distance,37,102
round,r_sig_str_landed_distance,38,85
round,r_sig_str_landed_distance,40,76
round,r_sig_str_landed_distance,39,71
round,r_sig_str_landed_distance,42,48
round,r_sig_str_landed_distance,41,48
round,r_sig_str_landed_distance,45,42
round,r_sig_str_landed_distance,44,40
round,r_sig_str_landed_distance,43,37
round,r_sig_str_landed_distance,46,35
round,r_sig_str_landed_distance,47,31
round,r_sig_str_landed_distance,50,28
round,r_sig_str_landed_distance,51,25
round,r_sig_str_landed_distance,48,21
round,r_sig_str_landed_distance,56,17
round,r_sig_str_landed_distance,49,17
round,r_sig_str_landed_distance,53,16
round,r_sig_str_landed_distance,54,16
round,r_sig_str_landed_distance,63,11
round,r_sig_str_landed_distance,55,10
round,r_sig_str_landed_distance,64,10
round,r_sig_str_landed_distance,60,10
round,r_sig_str_landed_distance,59,9
round,r_sig_str_landed_distance,52,8
round,r_sig_str_landed_distance,57,7
round,r_sig_str_landed_distance,61,6
round,r_sig_str_landed_distance,65,5
round,r_sig_str_landed_distance,58,5
round,r_sig_str_landed_distance,71,4
round,r_sig_str_landed_distance,62,4
round,r_sig_str_landed_distance,68,4
round,r_sig_str_landed_distance,70,3
round,r_sig_str_landed_distance,67,3
round,r_sig_str_landed_distance,77,3
round,r_sig_str_landed_distance,83,3
round,r_sig_str_landed_distance,73,2
round,r_sig_str_landed_distance,84,2
round,r_sig_str_landed_distance,66,2
round,r_sig_str_landed_distance,89,1
round,r_sig_str_landed_distance,74,1
round,r_sig_str_landed_distance,75,1
round,r_sig_str_landed_distance,79,1
round,r_sig_str_landed_distance,87,1
round,r_sig_str_landed_distance,139,1
round,r_sig_str_landed_distance,126,1
round,r_sig_str_landed_distance,69,1
round,r_sig_str_landed_distance,82,1
round,r_sig_str_landed_distance,78,1
round,r_sig_str_landed_distance,85,1
round,r_sig_str_landed_distance,91,1
round,r_sig_str_landed_distance,81,1
round,r_sig_str_atmp_distance,2,850
round,r_sig_str_atmp_distance,1,834
round,r_sig_str_atmp_distance,3,798
round,r_sig_str_atmp_distance,4,781
round,r_sig_str_atmp_distance,6,736
round,r_sig_str_atmp_distance,5,705
round,r_sig_str_atmp_distance,7,643
round,r_sig_str_atmp_distance,8,580
round,r_sig_str_atmp_distance,9,576
round,r_sig_str_atmp_distance,11,562
round,r_sig_str_atmp_distance,12,523
round,r_sig_str_atmp_distance,10,510
round,r_sig_str_atmp_distance,0,509
round,r_sig_str_atmp_distance,13,494
round,r_sig_str_atmp_distance,15,476
round,r_sig_str_atmp_distance,14,466
round,r_sig_str_atmp_distance,18,434
round,r_sig_str_atmp_distance,16,428
round,r_sig_str_atmp_distance,17,428
round,r_sig_str_atmp_distance,21,410
round,r_sig_str_atmp_distance,25,407
round,r_sig_str_atmp_distance,20,392
round,r_sig_str_atmp_distance,19,391
round,r_sig_str_atmp_distance,22,380
round,r_sig_str_atmp_distance,23,377
round,r_sig_str_atmp_distance,26,374
round,r_sig_str_atmp_distance,24,362
round,r_sig_str_atmp_distance,28,340
round,r_sig_str_atmp_distance,33,327
round,r_sig_str_atmp_distance,31,326
round,r_sig_str_atmp_distance,30,324
round,r_sig_str_atmp_distance,29,323
round,r_sig_str_atmp_distance,37,302
round,r_sig_str_atmp_distance,27,299
round,r_sig_str_atmp_distance,41,297
round,r_sig_str_atmp_distance,32,296
round,r_sig_str_atmp_distance,36,287
round,r_sig_str_atmp_distance,35,281
round,r_sig_str_atmp_distance,39,281
round,r_sig_str_atmp_distance,34,270
round,r_sig_str_atmp_distance,38,258
round,r_sig_str_atmp_distance,44,246
round,r_sig_str_atmp_distance,40,245
round,r_sig_str_atmp_distance,42,233
round,r_sig_str_atmp_distance,43,229
round,r_sig_str_atmp_distance,45,224
round,r_sig_str_atmp_distance,46,208
round,r_sig_str_atmp_distance,50,201
round,r_sig_str_atmp_distance,47,201
round,r_sig_str_atmp_distance,48,198
round,r_sig_str_atmp_distance,49,198
round,r_sig_str_atmp_distance,51,193
round,r_sig_str_atmp_distance,53,190
round,r_sig_str_atmp_distance,54,186
round,r_sig_str_atmp_distance,57,160
round,r_sig_str_atmp_distance,52,159
round,r_sig_str_atmp_distance,56,158
round,r_sig_str_atmp_distance,55,157
round,r_sig_str_atmp_distance,58,154
round,r_sig_str_atmp_distance,60,137
round,r_sig_str_atmp_distance,64,126
round,r_sig_str_atmp_distance,62,126
round,r_sig_str_atmp_distance,66,120
round,r_sig_str_atmp_distance,65,119
round,r_sig_str_atmp_distance,59,119
round,r_sig_str_atmp_distance,61,109
round,r_sig_str_atmp_distance,68,102
round,r_sig_str_atmp_distance,70,102
round,r_sig_str_atmp_distance,67,99
round,r_sig_str_atmp_distance,71,87
round,r_sig_str_atmp_distance,63,87
round,r_sig_str_atmp_distance,69,83
round,r_sig_str_atmp_distance,75,79
round,r_sig_str_atmp_distance,72,78
round,r_sig_str_atmp_distance,76,68
round,r_sig_str_atmp_distance,73,66
round,r_sig_str_atmp_distance,78,60
round,r_sig_str_atmp_distance,74,57
round,r_sig_str_atmp_distance,80,56
round,r_sig_str_atmp_distance,82,52
round,r_sig_str_atmp_distance,77,51
round,r_sig_str_atmp_distance,79,49
round,r_sig_str_atmp_distance,81,49
round,r_sig_str_atmp_distance,95,45
round,r_sig_str_atmp_distance,84,42
round,r_sig_str_atmp_distance,83,40
round,r_sig_str_atmp_distance,87,38
round,r_sig_str_atmp_distance,85,38
round,r_sig_str_atmp_distance,86,37
round,r_sig_str_atmp_distance,88,33
round,r_sig_str_atmp_distance,89,33
round,r_sig_str_atmp_distance,91,31
round,r_sig_str_atmp_distance,96,28
round,r_sig_str_atmp_distance,94,25
round,r_sig_str_atmp_distance,93,25
round,r_sig_str_atmp_distance,102,24
round,r_sig_str_atmp_distance,101,24
round,r_sig_str_atmp_distance,98,24
round,r_sig_str_atmp_distance,90,24
round,r_sig_str_atmp_distance,92,21
round,r_sig_str_atmp_distance,99,20
round,r_sig_str_atmp_distance,104,20
round,r_sig_str_atmp_distance,106,18
round,r_sig_str_atmp_distance,97,18
round,r_sig_str_atmp_distance,105,15
round,r_sig_str_atmp_distance,109,15
round,r_sig_str_atmp_distance,113,14
round,r_sig_str_atmp_distance,103,13
round,r_sig_str_atmp_distance,100,12
round,r_sig_str_atmp_distance,108,12
round,r_sig_str_atmp_distance,120,10
round,r_sig_str_atmp_distance,114,10
round,r_sig_str_atmp_distance,107,9
round,r_sig_str_atmp_distance,118,8
round,r_sig_str_atmp_distance,117,8
round,r_sig_str_atmp_distance,112,8
round,r_sig_str_atmp_distance,137,7
round,r_sig_str_atmp_distance,119,7
round,r_sig_str_atmp_distance,122,7
round,r_sig_str_atmp_distance,121,7
round,r_sig_str_atmp_distance,129,6
round,r_sig_str_atmp_distance,111,6
round,r_sig_str_atmp_distance,116,5
round,r_sig_str_atmp_distance,123,5
round,r_sig_str_atmp_distance,127,5
round,r_sig_str_atmp_distance,124,5
round,r_sig_str_atmp_distance,130,4
round,r_sig_str_atmp_distance,133,4
round,r_sig_str_atmp_distance,126,4
round,r_sig_str_atmp_distance,128,4
round,r_sig_str_atmp_distance,115,4
round,r_sig_str_atmp_distance,110,4
round,r_sig_str_atmp_distance,132,3
round,r_sig_str_atmp_distance,131,3
round,r_sig_str_atmp_distance,143,3
round,r_sig_str_atmp_distance,170,2
round,r_sig_str_atmp_distance,135,2
round,r_sig_str_atmp_distance,148,2
round,r_sig_str_atmp_distance,139,2
round,r_sig_str_atmp_distance,134,2
round,r_sig_str_atmp_distance,142,2
round,r_sig_str_atmp_distance,166,1
round,r_sig_str_atmp_distance,181,1
round,r_sig_str_atmp_distance,146,1
round,r_sig_str_atmp_distance,147,1
round,r_sig_str_atmp_distance,158,1
round,r_sig_str_atmp_distance,163,1
round,r_sig_str_atmp_distance,171,1
round,r_sig_str_atmp_distance,152,1
round,r_sig_str_atmp_distance,141,1
round,r_sig_str_atmp_distance,136,1
round,r_sig_str_atmp_distance,161,1
round,r_sig_str_atmp_distance,189,1
round,r_sig_str_atmp_distance,188,1
round,r_sig_str_atmp_distance,169,1
round,r_sig_str_atmp_distance,145,1
round,r_sig_str_atmp_distance,159,1
round,r_sig_str_atmp_distance,157,1
round,r_sig_str_atmp_distance,138,1
round,r_sig_str_atmp_distance,174,1
round,r_sig_str_atmp_distance,144,1
round,r_sig_str_atmp_distance,150,1
round,r_sig_str_atmp_distance,198,1
round,r_sig_str_atmp_distance,125,1
round,r_sig_str_atmp_distance,156,1
round,r_sig_str_atmp_distance,165,1
round,r_sig_str_atmp_distance,172,1
round,b_sig_str_landed_distance,0,2193
round,b_sig_str_landed_distance,1,2191
round,b_sig_str_landed_distance,2,1833
round,b_sig_str_landed_distance,3,1590
round,b_sig_str_landed_distance,4,1411
round,b_sig_str_landed_distance,5,1226
round,b_sig_str_landed_distance,6,1171
round,b_sig_str_landed_distance,7,1092
round,b_sig_str_landed_distance,9,927
round,b_sig_str_landed_distance,8,923
round,b_sig_str_landed_distance,10,877
round,b_sig_str_landed_distance,11,784
round,b_sig_str_landed_distance,12,731
round,b_sig_str_landed_distance,13,697
round,b_sig_str_landed_distance,14,658
round,b_sig_str_landed_distance,15,624
round,b_sig_str_landed_distance,16,554
round,b_sig_str_landed_distance,18,505
round,b_sig_str_landed_distance,17,491
round,b_sig_str_landed_distance,19,417
round,b_sig_str_landed_distance,20,415
round,b_sig_str_landed_distance,21,359
round,b_sig_str_landed_distance,22,318
round,b_sig_str_landed_distance,23,299
round,b_sig_str_landed_distance,24,284
round,b_sig_str_landed_distance,25,252
round,b_sig_str_landed_distance,26,235
round,b_sig_str_landed_distance,27,200
round,b_sig_str_landed_distance,28,181
round,b_sig_str_landed_distance,29,178
round,b_sig_str_landed_distance,30,157
round,b_sig_str_landed_distance,31,146
round,b_sig_str_landed_distance,32,120
round,b_sig_str_landed_distance,33,119
round,b_sig_str_landed_distance,34,106
round,b_sig_str_landed_distance,35,88
round,b_sig_str_landed_distance,36,88
round,b_sig_str_landed_distance,38,72
round,b_sig_str_landed_distance,37,67
round,b_sig_str_landed_distance,39,54
round,b_sig_str_landed_distance,42,53
round,b_sig_str_landed_distance,43,47
round,b_sig_str_landed_distance,40,46
round,b_sig_str_landed_distance,41,43
round,b_sig_str_landed_distance,44,28
round,b_sig_str_landed_distance,46,26
round,b_sig_str_landed_distance,48,25
round,b_sig_str_landed_distance,45,21
round,b_sig_str_landed_distance,47,19
round,b_sig_str_landed_distance,49,17
round,b_sig_str_landed_distance,50,17
round,b_sig_str_landed_distance,51,16
round,b_sig_str_landed_distance,52,15
round,b_sig_str_landed_distance,53,13
round,b_sig_str_landed_distance,54,12
round,b_sig_str_landed_distance,55,10
round,b_sig_str_landed_distance,62,10
round,b_sig_str_landed_distance,58,10
round,b_sig_str_landed_distance,67,6
round,b_sig_str_landed_distance,56,6
round,b_sig_str_landed_distance,59,6
round,b_sig_str_landed_distance,64,6
round,b_sig_str_landed_distance,57,6
round,b_sig_str_landed_distance,60,5
round,b_sig_str_landed_distance,69,4
round,b_sig_str_landed_distance,70,4
round,b_sig_str_landed_distance,63,3
round,b_sig_str_landed_distance,71,2
round,b_sig_str_landed_distance,72,2
round,b_sig_str_landed_distance,84,2
round,b_sig_str_landed_distance,88,2
round,b_sig_str_landed_distance,68,2
round,b_sig_str_landed_distance,81,1
round,b_sig_str_landed_distance,125,1
round,b_sig_str_landed_distance,78,1
round,b_sig_str_landed_distance,74,1
round,b_sig_str_landed_distance,76,1
round,b_sig_str_landed_distance,94,1
round,b_sig_str_landed_distance,73,1
round,b_sig_str_landed_distance,83,1
round,b_sig_str_landed_distance,82,1
round,b_sig_str_landed_distance,92,1
round,b_sig_str_landed_distance,96,1
round,b_sig_str_landed_distance,66,1
round,b_sig_str_landed_distance,90,1
round,b_sig_str_landed_distance,65,1
round,b_sig_str_atmp_distance,2,889
round,b_sig_str_atmp_distance,1,840
round,b_sig_str_atmp_distance,3,821
round,b_sig_str_atmp_distance,4,786
round,b_sig_str_atmp_distance,5,734
round,b_sig_str_atmp_distance,6,698
round,b_sig_str_atmp_distance,7,625
round,b_sig_str_atmp_distance,8,574
round,b_sig_str_atmp_distance,10,563
round,b_sig_str_atmp_distance,9,551
round,b_sig_str_atmp_distance,11,543
round,b_sig_str_atmp_distance,0,507
round,b_sig_str_atmp_distance,12,502
round,b_sig_str_atmp_distance,13,499
round,b_sig_str_atmp_distance,14,490
round,b_sig_str_atmp_distance,16,479
round,b_sig_str_atmp_distance,15,471
round,b_sig_str_atmp_distance,17,430
round,b_sig_str_atmp_distance,21,426
round,b_sig_str_atmp_distance,22,421
round,b_sig_str_atmp_distance,19,416
round,b_sig_str_atmp_distance,18,388
round,b_sig_str_atmp_distance,20,381
round,b_sig_str_atmp_distance,24,377
round,b_sig_str_atmp_distance,28,375
round,b_sig_str_atmp_distance,25,366
round,b_sig_str_atmp_distance,23,359
round,b_sig_str_atmp_distance,27,356
round,b_sig_str_atmp_distance,26,356
round,b_sig_str_atmp_distance,29,337
round,b_sig_str_atmp_distance,30,327
round,b_sig_str_atmp_distance,36,326
round,b_sig_str_atmp_distance,31,324
round,b_sig_str_atmp_distance,32,313
round,b_sig_str_atmp_distance,33,312
round,b_sig_str_atmp_distance,34,307
round,b_sig_str_atmp_distance,37,283
round,b_sig_str_atmp_distance,35,276
round,b_sig_str_atmp_distance,38,270
round,b_sig_str_atmp_distance,40,261
round,b_sig_str_atmp_distance,41,261
round,b_sig_str_atmp_distance,42,255
round,b_sig_str_atmp_distance,39,254
round,b_sig_str_atmp_distance,46,238
round,b_sig_str_atmp_distance,44,237
round,b_sig_str_atmp_distance,45,231
round,b_sig_str_atmp_distance,43,228
round,b_sig_str_atmp_distance,51,205
round,b_sig_str_atmp_distance,48,200
round,b_sig_str_atmp_distance,49,197
round,b_sig_str_atmp_distance,50,195
round,b_sig_str_atmp_distance,47,192
round,b_sig_str_atmp_distance,52,184
round,b_sig_str_atmp_distance,54,176
round,b_sig_str_atmp_distance,53,169
round,b_sig_str_atmp_distance,59,160
round,b_sig_str_atmp_distance,57,149
round,b_sig_str_atmp_distance,56,148
round,b_sig_str_atmp_distance,55,148
round,b_sig_str_atmp_distance,58,139
round,b_sig_str_atmp_distance,60,139
round,b_sig_str_atmp_distance,61,125
round,b_sig_str_atmp_distance,63,112
round,b_sig_str_atmp_distance,64,101
round,b_sig_str_atmp_distance,65,98
round,b_sig_str_atmp_distance,62,95
round,b_sig_str_atmp_distance,68,90
round,b_sig_str_atmp_distance,66,90
round,b_sig_str_atmp_distance,72,87
round,b_sig_str_atmp_distance,70,87
round,b_sig_str_atmp_distance,69,85
round,b_sig_str_atmp_distance,71,85
round,b_sig_str_atmp_distance,67,82
round,b_sig_str_atmp_distance,73,77
round,b_sig_str_atmp_distance,75,73
round,b_sig_str_atmp_distance,76,68
round,b_sig_str_atmp_distance,78,68
round,b_sig_str_atmp_distance,81,57
round,b_sig_str_atmp_distance,77,56
round,b_sig_str_atmp_distance,79,56
round,b_sig_str_atmp_distance,74,48
round,b_sig_str_atmp_distance,84,47
round,b_sig_str_atmp_distance,83,45
round,b_sig_str_atmp_distance,80,41
round,b_sig_str_atmp_distance,82,36
round,b_sig_str_atmp_distance,86,36
round,b_sig_str_atmp_distance,89,35
round,b_sig_str_atmp_distance,88,35
round,b_sig_str_atmp_distance,87,35
round,b_sig_str_atmp_distance,85,31
round,b_sig_str_atmp_distance,90,30
round,b_sig_str_atmp_distance,96,25
round,b_sig_str_atmp_distance,95,24
round,b_sig_str_atmp_distance,93,22
round,b_sig_str_atmp_distance,99,21
round,b_sig_str_atmp_distance,97,21
round,b_sig_str_atmp_distance,92,21
round,b_sig_str_atmp_distance,91,20
round,b_sig_str_atmp_distance,94,20
round,b_sig_str_atmp_distance,102,20
round,b_sig_str_atmp_distance,107,16
round,b_sig_str_atmp_distance,108,15
round,b_sig_str_atmp_distance,100,14
round,b_sig_str_atmp_distance,98,12
round,b_sig_str_atmp_distance,105,12
round,b_sig_str_atmp_distance,101,12
round,b_sig_str_atmp_distance,103,12
round,b_sig_str_atmp_distance,109,11
round,b_sig_str_atmp_distance,104,11
round,b_sig_str_atmp_distance,123,10
round,b_sig_str_atmp_distance,106,10
round,b_sig_str_atmp_distance,113,10
round,b_sig_str_atmp_distance,111,8
round,b_sig_str_atmp_distance,118,7
round,b_sig_str_atmp_distance,114,7
round,b_sig_str_atmp_distance,110,6
round,b_sig_str_atmp_distance,112,5
round,b_sig_str_atmp_distance,125,5
round,b_sig_str_atmp_distance,115,5
round,b_sig_str_atmp_distance,116,5
round,b_sig_str_atmp_distance,120,5
round,b_sig_str_atmp_distance,117,5
round,b_sig_str_atmp_distance,122,4
round,b_sig_str_atmp_distance,124,4
round,b_sig_str_atmp_distance,129,3
round,b_sig_str_atmp_distance,134,3
round,b_sig_str_atmp_distance,148,3
round,b_sig_str_atmp_distance,128,3
round,b_sig_str_atmp_distance,140,2
round,b_sig_str_atmp_distance,142,2
round,b_sig_str_atmp_distance,133,2
round,b_sig_str_atmp_distance,143,2
round,b_sig_str_atmp_distance,135,2
round,b_sig_str_atmp_distance,141,2
round,b_sig_str_atmp_distance,119,2
round,b_sig_str_atmp_distance,137,1
round,b_sig_str_atmp_distance,161,1
round,b_sig_str_atmp_distance,139,1
round,b_sig_str_atmp_distance,130,1
round,b_sig_str_atmp_distance,218,1
round,b_sig_str_atmp_distance,159,1
round,b_sig_str_atmp_distance,146,1
round,b_sig_str_atmp_distance,127,1
round,b_sig_str_atmp_distance,165,1
round,b_sig_str_atmp_distance,154,1
round,b_sig_str_atmp_distance,183,1
round,b_sig_str_atmp_distance,166,1
round,b_sig_str_atmp_distance,138,1
round,b_sig_str_atmp_distance,145,1
round,b_sig_str_atmp_distance,152,1
round,b_sig_str_atmp_distance,126,1
round,b_sig_str_atmp_distance,147,1
round,b_sig_str_atmp_distance,199,1
round,b_sig_str_atmp_distance,169,1
round,b_sig_str_atmp_distance,156,1
round,b_sig_str_atmp_distance,153,1
round,b_sig_str_atmp_distance,131,1
round,b_sig_str_atmp_distance,136,1
round,b_sig_str_atmp_distance,149,1
round,b_sig_str_atmp_distance,188,1
round,r_sig_str_landed_clinch,0,11172
round,r_sig_str_landed_clinch,1,4351
round,r_sig_str_landed_clinch,2,2583
round,r_sig_str_landed_clinch,3,1757
round,r_sig_str_landed_clinch,4,1234
round,r_sig_str_landed_clinch,5,928
round,r_sig_str_landed_clinch,6,662
round,r_sig_str_landed_clinch,7,496
round,r_sig_str_landed_clinch,8,412
round,r_sig_str_landed_clinch,9,285
round,r_sig_str_landed_clinch,10,231
round,r_sig_str_landed_clinch,11,193
round,r_sig_str_landed_clinch,12,176
round,r_sig_str_landed_clinch,13,103
round,r_sig_str_landed_clinch,15,85
round,r_sig_str_landed_clinch,14,83
round,r_sig_str_landed_clinch,17,65
round,r_sig_str_landed_clinch,16,59
round,r_sig_str_landed_clinch,20,35
round,r_sig_str_landed_clinch,18,33
round,r_sig_str_landed_clinch,19,32
round,r_sig_str_landed_clinch,21,27
round,r_sig_str_landed_clinch,22,25
round,r_sig_str_landed_clinch,23,21
round,r_sig_str_landed_clinch,25,13
round,r_sig_str_landed_clinch,24,9
round,r_sig_str_landed_clinch,26,9
round,r_sig_str_landed_clinch,31,8
round,r_sig_str_landed_clinch,27,7
round,r_sig_str_landed_clinch,28,6
round,r_sig_str_landed_clinch,29,4
round,r_sig_str_landed_clinch,34,4
round,r_sig_str_landed_clinch,39,3
round,r_sig_str_landed_clinch,30,3
round,r_sig_str_landed_clinch,35,3
round,r_sig_str_landed_clinch,38,2
round,r_sig_str_landed_clinch,44,2
round,r_sig_str_landed_clinch,45,2
round,r_sig_str_landed_clinch,32,2
round,r_sig_str_landed_clinch,41,1
round,r_sig_str_landed_clinch,37,1
round,r_sig_str_landed_clinch,49,1
round,r_sig_str_landed_clinch,69,1
round,r_sig_str_landed_clinch,36,1
round,r_sig_str_landed_clinch,33,1
round,r_sig_str_atmp_clinch,0,9437
round,r_sig_str_atmp_clinch,1,3795
round,r_sig_str_atmp_clinch,2,2684
round,r_sig_str_atmp_clinch,3,1893
round,r_sig_str_atmp_clinch,4,1485
round,r_sig_str_atmp_clinch,5,1043
round,r_sig_str_atmp_clinch,6,865
round,r_sig_str_atmp_clinch,7,693
round,r_sig_str_atmp_clinch,8,552
round,r_sig_str_atmp_clinch,9,430
round,r_sig_str_atmp_clinch,10,408
round,r_sig_str_atmp_clinch,11,287
round,r_sig_str_atmp_clinch,12,248
round,r_sig_str_atmp_clinch,13,193
round,r_sig_str_atmp_clinch,14,158
round,r_sig_str_atmp_clinch,15,129
round,r_sig_str_atmp_clinch,16,117
round,r_sig_str_atmp_clinch,18,92
round,r_sig_str_atmp_clinch,17,89
round,r_sig_str_atmp_clinch,19,69
round,r_sig_str_atmp_clinch,20,57
round,r_sig_str_atmp_clinch,21,52
round,r_sig_str_atmp_clinch,24,45
round,r_sig_str_atmp_clinch,22,43
round,r_sig_str_atmp_clinch,23,35
round,r_sig_str_atmp_clinch,25,27
round,r_sig_str_atmp_clinch,27,25
round,r_sig_str_atmp_clinch,29,20
round,r_sig_str_atmp_clinch,28,18
round,r_sig_str_atmp_clinch,26,17
round,r_sig_str_atmp_clinch,33,17
round,r_sig_str_atmp_clinch,30,13
round,r_sig_str_atmp_clinch,32,12
round,r_sig_str_atmp_clinch,36,10
round,r_sig_str_atmp_clinch,34,9
round,r_sig_str_atmp_clinch,31,8
round,r_sig_str_atmp_clinch,37,7
round,r_sig_str_atmp_clinch,41,6
round,r_sig_str_atmp_clinch,39,6
round,r_sig_str_atmp_clinch,40,5
round,r_sig_str_atmp_clinch,46,4
round,r_sig_str_atmp_clinch,38,4
round,r_sig_str_atmp_clinch,35,4
round,r_sig_str_atmp_clinch,45,4
round,r_sig_str_atmp_clinch,42,3
round,r_sig_str_atmp_clinch,48,2
round,r_sig_str_atmp_clinch,62,2
round,r_sig_str_atmp_clinch,43,2
round,r_sig_str_atmp_clinch,50,2
round,r_sig_str_atmp_clinch,57,2
round,r_sig_str_atmp_clinch,65,1
round,r_sig_str_atmp_clinch,91,1
round,r_sig_str_atmp_clinch,61,1
round,b_sig_str_landed_clinch,0,11747
round,b_sig_str_landed_clinch,1,4390
round,b_sig_str_landed_clinch,2,2635
round,b_sig_str_landed_clinch,3,1655
round,b_sig_str_landed_clinch,4,1210
round,b_sig_str_landed_clinch,5,843
round,b_sig_str_landed_clinch,6,616
round,b_sig_str_landed_clinch,7,454
round,b_sig_str_landed_clinch,8,366
round,b_sig_str_landed_clinch,9,230
round,b_sig_str_landed_clinch,10,224
round,b_sig_str_landed_clinch,11,191
round,b_sig_str_landed_clinch,12,130
round,b_sig_str_landed_clinch,13,74
round,b_sig_str_landed_clinch,14,73
round,b_sig_str_landed_clinch,15,50
round,b_sig_str_landed_clinch,16,50
round,b_sig_str_landed_clinch,17,35
round,b_sig_str_landed_clinch,18,25
round,b_sig_str_landed_clinch,19,19
round,b_sig_str_landed_clinch,20,18
round,b_sig_str_landed_clinch,21,18
round,b_sig_str_landed_clinch,22,15
round,b_sig_str_landed_clinch,23,9
round,b_sig_str_landed_clinch,25,9
round,b_sig_str_landed_clinch,24,8
round,b_sig_str_landed_clinch,26,7
round,b_sig_str_landed_clinch,32,4
round,b_sig_str_landed_clinch,29,4
round,b_sig_str_landed_clinch,27,4
round,b_sig_str_landed_clinch,37,3
round,b_sig_str_landed_clinch,34,2
round,b_sig_str_landed_clinch,45,2
round,b_sig_str_landed_clinch,33,2
round,b_sig_str_landed_clinch,30,2
round,b_sig_str_landed_clinch,48,1
round,b_sig_str_landed_clinch,51,1
round,b_sig_str_landed_clinch,36,1
round,b_sig_str_landed_clinch,28,1
round,b_sig_str_landed_clinch,38,1
round,b_sig_str_landed_clinch,39,1
round,b_sig_str_landed_clinch,35,1
round,b_sig_str_atmp_clinch,0,9760
round,b_sig_str_atmp_clinch,1,3927
round,b_sig_str_atmp_clinch,2,2645
round,b_sig_str_atmp_clinch,3,1970
round,b_sig_str_atmp_clinch,4,1438
round,b_sig_str_atmp_clinch,5,1116
round,b_sig_str_atmp_clinch,6,813
round,b_sig_str_atmp_clinch,7,660
round,b_sig_str_atmp_clinch,8,486
round,b_sig_str_atmp_clinch,9,424
round,b_sig_str_atmp_clinch,10,324
round,b_sig_str_atmp_clinch,11,258
round,b_sig_str_atmp_clinch,12,220
round,b_sig_str_atmp_clinch,13,190
round,b_sig_str_atmp_clinch,14,159
round,b_sig_str_atmp_clinch,15,128
round,b_sig_str_atmp_clinch,16,108
round,b_sig_str_atmp_clinch,17,77
round,b_sig_str_atmp_clinch,18,57
round,b_sig_str_atmp_clinch,20,56
round,b_sig_str_atmp_clinch,19,54
round,b_sig_str_atmp_clinch,21,47
round,b_sig_str_atmp_clinch,22,34
round,b_sig_str_atmp_clinch,24,27
round,b_sig_str_atmp_clinch,25,22
round,b_sig_str_atmp_clinch,29,15
round,b_sig_str_atmp_clinch,30,12
round,b_sig_str_atmp_clinch,23,12
round,b_sig_str_atmp_clinch,31,12
round,b_sig_str_atmp_clinch,27,11
round,b_sig_str_atmp_clinch,26,10
round,b_sig_str_atmp_clinch,28,7
round,b_sig_str_atmp_clinch,32,6
round,b_sig_str_atmp_clinch,37,5
round,b_sig_str_atmp_clinch,42,5
round,b_sig_str_atmp_clinch,36,5
round,b_sig_str_atmp_clinch,38,4
round,b_sig_str_atmp_clinch,33,3
round,b_sig_str_atmp_clinch,34,3
round,b_sig_str_atmp_clinch,39,3
round,b_sig_str_atmp_clinch,35,3
round,b_sig_str_atmp_clinch,51,2
round,b_sig_str_atmp_clinch,41,2
round,b_sig_str_atmp_clinch,40,2
round,b_sig_str_atmp_clinch,46,2
round,b_sig_str_atmp_clinch,57,1
round,b_sig_str_atmp_clinch,86,1
round,b_sig_str_atmp_clinch,73,1
round,b_sig_str_atmp_clinch,54,1
round,b_sig_str_atmp_clinch,48,1
round,b_sig_str_atmp_clinch,43,1
round,b_sig_str_atmp_clinch,44,1
round,r_sig_str_landed_ground,0,14502
round,r_sig_str_landed_ground,1,2160
round,r_sig_str_landed_ground,2,1547
round,r_sig_str_landed_ground,3,1098
round,r_sig_str_landed_ground,4,910
round,r_sig_str_landed_ground,5,728
round,r_sig_str_landed_ground,6,609
round,r_sig_str_landed_ground,7,522
round,r_sig_str_landed_ground,8,408
round,r_sig_str_landed_ground,9,365
round,r_sig_str_landed_ground,10,285
round,r_sig_str_landed_ground,11,259
round,r_sig_str_landed_ground,12,238
round,r_sig_str_landed_ground,13,181
round,r_sig_str_landed_ground,14,173
round,r_sig_str_landed_ground,15,162
round,r_sig_str_landed_ground,16,135
round,r_sig_str_landed_ground,17,126
round,r_sig_str_landed_ground,18,102
round,r_sig_str_landed_ground,19,74
round,r_sig_str_landed_ground,20,65
round,r_sig_str_landed_ground,21,63
round,r_sig_str_landed_ground,22,47
round,r_sig_str_landed_ground,23,42
round,r_sig_str_landed_ground,25,39
round,r_sig_str_landed_ground,24,32
round,r_sig_str_landed_ground,26,32
round,r_sig_str_landed_ground,27,23
round,r_sig_str_landed_ground,28,21
round,r_sig_str_landed_ground,32,20
round,r_sig_str_landed_ground,30,17
round,r_sig_str_landed_ground,33,16
round,r_sig_str_landed_ground,31,15
round,r_sig_str_landed_ground,34,13
round,r_sig_str_landed_ground,29,13
round,r_sig_str_landed_ground,35,10
round,r_sig_str_landed_ground,36,10
round,r_sig_str_landed_ground,37,9
round,r_sig_str_landed_ground,40,8
round,r_sig_str_landed_ground,39,7
round,r_sig_str_landed_ground,45,6
round,r_sig_str_landed_ground,44,5
round,r_sig_str_landed_ground,43,5
round,r_sig_str_landed_ground,51,4
round,r_sig_str_landed_ground,42,4
round,r_sig_str_landed_ground,46,3
round,r_sig_str_landed_ground,38,3
round,r_sig_str_landed_ground,57,2
round,r_sig_str_landed_ground,56,2
round,r_sig_str_landed_ground,47,2
round,r_sig_str_landed_ground,41,2
round,r_sig_str_landed_ground,60,1
round,r_sig_str_landed_ground,50,1
round,r_sig_str_landed_ground,49,1
round,r_sig_str_landed_ground,52,1
round,r_sig_str_landed_ground,59,1
round,r_sig_str_landed_ground,68,1
round,r_sig_str_landed_ground,48,1
round,r_sig_str_atmp_ground,0,13657
round,r_sig_str_atmp_ground,1,1976
round,r_sig_str_atmp_ground,2,1369
round,r_sig_str_atmp_ground,3,974
round,r_sig_str_atmp_ground,4,911
round,r_sig_str_atmp_ground,5,687
round,r_sig_str_atmp_ground,6,609
round,r_sig_str_atmp_ground,7,542
round,r_sig_str_atmp_ground,8,440
round,r_sig_str_atmp_ground,9,396
round,r_sig_str_atmp_ground,10,348
round,r_sig_str_atmp_ground,12,300
round,r_sig_str_atmp_ground,11,294
round,r_sig_str_atmp_ground,13,231
round,r_sig_str_atmp_ground,14,210
round,r_sig_str_atmp_ground,15,192
round,r_sig_str_atmp_ground,16,175
round,r_sig_str_atmp_ground,17,167
round,r_sig_str_atmp_ground,18,151
round,r_sig_str_atmp_ground,20,143
round,r_sig_str_atmp_ground,19,142
round,r_sig_str_atmp_ground,21,120
round,r_sig_str_atmp_ground,22,111
round,r_sig_str_atmp_ground,23,82
round,r_sig_str_atmp_ground,26,81
round,r_sig_str_atmp_ground,24,71
round,r_sig_str_atmp_ground,27,70
round,r_sig_str_atmp_ground,25,67
round,r_sig_str_atmp_ground,29,49
round,r_sig_str_atmp_ground,30,46
round,r_sig_str_atmp_ground,28,45
round,r_sig_str_atmp_ground,31,41
round,r_sig_str_atmp_ground,32,35
round,r_sig_str_atmp_ground,33,34
round,r_sig_str_atmp_ground,35,29
round,r_sig_str_atmp_ground,34,27
round,r_sig_str_atmp_ground,39,23
round,r_sig_str_atmp_ground,36,23
round,r_sig_str_atmp_ground,37,21
round,r_sig_str_atmp_ground,40,20
round,r_sig_str_atmp_ground,38,19
round,r_sig_str_atmp_ground,43,13
round,r_sig_str_atmp_ground,46,13
round,r_sig_str_atmp_ground,44,13
round,r_sig_str_atmp_ground,41,13
round,r_sig_str_atmp_ground,42,10
round,r_sig_str_atmp_ground,45,10
round,r_sig_str_atmp_ground,48,10
round,r_sig_str_atmp_ground,50,10
round,r_sig_str_atmp_ground,49,9
round,r_sig_str_atmp_ground,47,8
round,r_sig_str_atmp_ground,52,8
round,r_sig_str_atmp_ground,51,8
round,r_sig_str_atmp_ground,54,8
round,r_sig_str_atmp_ground,56,6
round,r_sig_str_atmp_ground,53,6
round,r_sig_str_atmp_ground,57,5
round,r_sig_str_atmp_ground,60,5
round,r_sig_str_atmp_ground,77,4
round,r_sig_str_atmp_ground,71,4
round,r_sig_str_atmp_ground,59,4
round,r_sig_str_atmp_ground,55,3
round,r_sig_str_atmp_ground,65,3
round,r_sig_str_atmp_ground,61,3
round,r_sig_str_atmp_ground,70,3
round,r_sig_str_atmp_ground,63,3
round,r_sig_str_atmp_ground,64,3
round,r_sig_str_atmp_ground,84,2
round,r_sig_str_atmp_ground,74,2
round,r_sig_str_atmp_ground,62,2
round,r_sig_str_atmp_ground,58,2
round,r_sig_str_atmp_ground,68,1
round,r_sig_str_atmp_ground,69,1
round,r_sig_str_atmp_ground,76,1
round,r_sig_str_atmp_ground,81,1
round,r_sig_str_atmp_ground,73,1
round,r_sig_str_atmp_ground,88,1
round,r_sig_str_atmp_ground,89,1
round,r_sig_str_atmp_ground,83,1
round,r_sig_str_atmp_ground,66,1
round,r_sig_str_atmp_ground,105,1
round,b_sig_str_landed_ground,0,17348
round,b_sig_str_landed_ground,1,2175
round,b_sig_str_landed_ground,2,1334
round,b_sig_str_landed_ground,3,909
round,b_sig_str_landed_ground,4,669
round,b_sig_str_landed_ground,5,491
round,b_sig_str_landed_ground,6,367
round,b_sig_str_landed_ground,7,279
round,b_sig_str_landed_ground,8,211
round,b_sig_str_landed_ground,9,197
round,b_sig_str_landed_ground,10,148
round,b_sig_str_landed_ground,11,138
round,b_sig_str_landed_ground,12,114
round,b_sig_str_landed_ground,14,96
round,b_sig_str_landed_ground,13,86
round,b_sig_str_landed_ground,15,78
round,b_sig_str_landed_ground,16,59
round,b_sig_str_landed_ground,17,57
round,b_sig_str_landed_ground,18,51
round,b_sig_str_landed_ground,19,45
round,b_sig_str_landed_ground,20,36
round,b_sig_str_landed_ground,21,31
round,b_sig_str_landed_ground,22,27
round,b_sig_str_landed_ground,23,24
round,b_sig_str_landed_ground,26,16
round,b_sig_str_landed_ground,24,14
round,b_sig_str_landed_ground,25,12
round,b_sig_str_landed_ground,28,12
round,b_sig_str_landed_ground,30,12
round,b_sig_str_landed_ground,34,11
round,b_sig_str_landed_ground,27,9
round,b_sig_str_landed_ground,33,8
round,b_sig_str_landed_ground,31,8
round,b_sig_str_landed_ground,29,7
round,b_sig_str_landed_ground,32,6
round,b_sig_str_landed_ground,41,5
round,b_sig_str_landed_ground,37,5
round,b_sig_str_landed_ground,39,5
round,b_sig_str_landed_ground,38,4
round,b_sig_str_landed_ground,35,4
round,b_sig_str_landed_ground,43,3
round,b_sig_str_landed_ground,36,3
round,b_sig_str_landed_ground,51,2
round,b_sig_str_landed_ground,40,2
round,b_sig_str_landed_ground,47,2
round,b_sig_str_landed_ground,48,2
round,b_sig_str_landed_ground,92,1
round,b_sig_str_landed_ground,46,1
round,b_sig_str_landed_ground,66,1
round,b_sig_str_landed_ground,56,1
round,b_sig_str_landed_ground,52,1
round,b_sig_str_landed_ground,42,1
round,b_sig_str_landed_ground,67,1
round,b_sig_str_landed_ground,49,1
round,b_sig_str_landed_ground,55,1
round,b_sig_str_atmp_ground,0,16367
round,b_sig_str_atmp_ground,1,2064
round,b_sig_str_atmp_ground,2,1331
round,b_sig_str_atmp_ground,3,888
round,b_sig_str_atmp_ground,4,689
round,b_sig_str_atmp_ground,5,580
round,b_sig_str_atmp_ground,6,439
round,b_sig_str_atmp_ground,7,369
round,b_sig_str_atmp_ground,8,281
round,b_sig_str_atmp_ground,9,239
round,b_sig_str_atmp_ground,10,186
round,b_sig_str_atmp_ground,11,186
round,b_sig_str_atmp_ground,12,166
round,b_sig_str_atmp_ground,13,132
round,b_sig_str_atmp_ground,14,126
round,b_sig_str_atmp_ground,16,99
round,b_sig_str_atmp_ground,17,98
round,b_sig_str_atmp_ground,15,95
round,b_sig_str_atmp_ground,19,80
round,b_sig_str_atmp_ground,20,66
round,b_sig_str_atmp_ground,18,65
round,b_sig_str_atmp_ground,21,50
round,b_sig_str_atmp_ground,22,47
round,b_sig_str_atmp_ground,24,42
round,b_sig_str_atmp_ground,26,41
round,b_sig_str_atmp_ground,25,38
round,b_sig_str_atmp_ground,23,37
round,b_sig_str_atmp_ground,27,36
round,b_sig_str_atmp_ground,28,26
round,b_sig_str_atmp_ground,30,24
round,b_sig_str_atmp_ground,31,20
round,b_sig_str_atmp_ground,29,20
round,b_sig_str_atmp_ground,32,17
round,b_sig_str_atmp_ground,35,15
round,b_sig_str_atmp_ground,37,14
round,b_sig_str_atmp_ground,38,13
round,b_sig_str_atmp_ground,34,12
round,b_sig_str_atmp_ground,33,12
round,b_sig_str_atmp_ground,43,10
round,b_sig_str_atmp_ground,36,9
round,b_sig_str_atmp_ground,42,7
round,b_sig_str_atmp_ground,41,7
round,b_sig_str_atmp_ground,39,7
round,b_sig_str_atmp_ground,54,7
round,b_sig_str_atmp_ground,46,6
round,b_sig_str_atmp_ground,48,6
round,b_sig_str_atmp_ground,49,6
round,b_sig_str_atmp_ground,40,6
round,b_sig_str_atmp_ground,47,5
round,b_sig_str_atmp_ground,44,5
round,b_sig_str_atmp_ground,50,4
round,b_sig_str_atmp_ground,45,4
round,b_sig_str_atmp_ground,52,4
round,b_sig_str_atmp_ground,53,3
round,b_sig_str_atmp_ground,55,3
round,b_sig_str_atmp_ground,51,3
round,b_sig_str_atmp_ground,57,2
round,b_sig_str_atmp_ground,64,2
round,b_sig_str_atmp_ground,58,2
round,b_sig_str_atmp_ground,56,2
round,b_sig_str_atmp_ground,61,1
round,b_sig_str_atmp_ground,104,1
round,b_sig_str_atmp_ground,66,1
round,b_sig_str_atmp_ground,60,1
round,b_sig_str_atmp_ground,63,1
round,b_sig_str_atmp_ground,71,1
round,b_sig_str_atmp_ground,97,1
round,b_sig_str_atmp_ground,73,1
round,b_sig_str_atmp_ground,65,1
round,b_sig_str_atmp_ground,72,1
round,b_sig_str_atmp_ground,75,1
scrape_error,entity_type,fight,330
scrape_error,context,<missing>,330
scrape_error,error_name,PartialFightParse,330
scrape_error,description,"expected 2 round-by-round tables, found 0 -- this fight likely has no round stats on ufcstats.com (common for older fights)",330
scrape_error,resolved,0,330
