fight_id,event_id,event_date,r_days_since,b_days_since,rest_gap,age_gap,elo_gap,longer_rest_won
4cd909fa0d3e0483,baf942f4bcb09894,2006-11-11,462.0,1142.0,680.0,11.693600826847916,16.82178766057268,False
84b04e8d6b251c54,49c29e57d4e2be6f,2022-10-15,175.0,266.0,91.0,11.647056407729114,16.73630679352209,True
1bf7f647f309464e,2ce6541127b0e232,2015-08-23,120.0,302.0,182.0,8.69833056120249,12.697362416364967,True
97ad3419f2029ba1,a8d521d913df4e31,2014-01-25,126.0,224.0,98.0,5.076079590956695,37.99154179671905,False
78f1457371e2ef6b,997b4f52f76a0b53,2015-04-25,315.0,168.0,147.0,12.169996646063915,12.537757496581435,False
e0e41464c1bc7ee1,8caca5857ce0e30b,2012-05-15,157.0,318.0,161.0,0.824110009103542,2.076660866694965,False
3ef7c2b26af8cf22,31652c9267606d54,2000-09-22,364.0,161.0,203.0,8.920101028768556,6.698360459792866,True
fb1fe28a5d97db51,c75b99887c8c3f5a,2001-09-28,147.0,371.0,224.0,10.185014065997247,12.79535951844855,False
c88a7dbe7717d2da,2e2cdb6e9eb84bb9,2023-01-14,224.0,119.0,105.0,2.9925323586384422,20.377120943382124,True
35c8223cc967fe0a,daff32bc96d1eabf,2024-11-16,217.0,98.0,119.0,4.941922147614257,50.05169654563497,True
1b0d5e65fdfc62cf,6f81b6de2557739a,2023-08-05,112.0,203.0,91.0,0.33402465485259825,6.517821441850174,False
aa08ebe1a69c76ca,831b937811804dad,2020-09-19,224.0,1694.0,1470.0,2.5243502604434056,58.90173975202856,True
5cad3ab6553e9ec9,1f9344211ca7fd60,2022-03-12,154.0,280.0,126.0,5.678419132494167,13.93359134846537,False
4669c07f3cc9e35f,997b4f52f76a0b53,2015-04-25,819.0,182.0,637.0,1.7413088564446966,19.211910555333816,True
df16b9c2fc9722e9,d247691a6c0e9034,2021-10-09,105.0,308.0,203.0,1.9576035099967868,19.802708537520402,True
3046c0d0208a65f1,bfc2fc38a0e20211,2010-05-29,448.0,147.0,301.0,1.2649130372286912,55.61653717037211,False
638093bc4f69f639,738acab0c6934dd8,2013-01-26,336.0,105.0,231.0,1.3552639684593117,25.510950859572176,False
49458279eafdaf94,0aa92558424ced9e,2007-09-08,105.0,3403.0,3298.0,7.822200318966168,5.743132456761259,False
034cbbec91f67852,6fb1ba67bef41b37,2023-04-22,518.0,161.0,357.0,7.614119386435039,42.48495306979771,False
5eebde8fb4d67259,66e0a70352fef46a,2024-07-13,448.0,329.0,119.0,2.29984188587035,77.19332045619217,True
bee95769a221af9a,b3b6e80b7d5f8f0d,2022-11-12,217.0,420.0,203.0,2.4914953763595378,16.693390144869227,True
737e2781e4a7db5c,44aa652b181bcf68,2020-01-25,287.0,189.0,98.0,1.9329623469338877,17.16655145992536,True
5ce29056e0cd2df9,de20ffb3fc2e7629,2025-05-03,294.0,140.0,154.0,0.8679165212153563,27.23700186004612,True
6baa381a75582d98,2549d63da9c456cb,2008-05-24,147.0,245.0,98.0,0.6735251237191768,72.09278222184457,False
99dc6d45cbdfa322,dba230fe33011201,2024-03-30,329.0,140.0,189.0,5.270470988452878,24.581606993990818,True
0eccebee160137b1,22f4b6cb6b1bd7fd,2025-04-12,140.0,266.0,126.0,1.045880476669609,15.14862293146075,True
0344687c9852b1d2,232c582f29f8f65e,2016-08-06,167.0,434.0,267.0,2.7296932859675387,42.07829930677963,False
7d3da3c4153717de,7956f026e2672c47,2025-10-25,196.0,287.0,91.0,4.8159784252927835,20.774244169850135,True
d84968d7e9fcb4f3,3974fa35c917af1d,2021-10-30,280.0,133.0,147.0,5.240354011376006,25.152285907534633,True
5f44d6d9e6bbecff,3c6976f8182d9527,2023-05-06,182.0,357.0,175.0,1.086949081774442,47.499886724755015,True
b40bed83fc062380,30e8b4505f5ccf92,2017-12-01,230.0,138.0,92.0,6.628472863919175,30.82957136902519,False
5081319e58f9759f,bda04c573563cc2e,2020-08-15,679.0,252.0,427.0,3.6961744594344808,25.772197751698286,False
4db2d86ebe8c8abd,118463dd8db16e7f,2025-05-10,245.0,98.0,147.0,2.56815677255522,3.2933910980891596,False
91bf33ada75d6061,80dbeb1dd5b53e64,2025-02-01,91.0,217.0,126.0,2.4750679343176074,44.36171745746719,False
bcec26b425194e40,8fa2b06572365321,2023-09-16,497.0,98.0,399.0,4.777647727194946,28.381840840040013,True
47a5d4bb68352055,b6c6d1731ff00eeb,2023-06-10,217.0,105.0,112.0,8.334188929273019,15.23804692235376,False
98b7dd0ddc52cffb,be5aab761c40ef35,2022-10-29,105.0,231.0,126.0,1.897369555843035,49.138425010974515,True
a5d2f0fed3ce2899,8fd76e1b49c00ae2,2022-07-16,133.0,245.0,112.0,5.675681225487178,12.647546651558514,False
2d12ae4683bbf433,cba3a2dfbc06ce79,2024-06-08,574.0,175.0,399.0,1.7276193214097475,3.2961172179163896,True
88cc78d2d5d6bcaa,48e093ea1f43a053,2021-11-06,70.0,336.0,266.0,4.887164007474489,33.07505795559723,False
783761d95060ffc4,ad044be25c94dcfd,2020-10-31,3199.0,287.0,2912.0,0.484609540236967,26.760241674387544,True
464cc19d42446da9,a1153013cb5f628f,2021-02-06,539.0,63.0,476.0,3.969965160133338,30.955227533162088,True
74c58b9d638c5eaa,8753e125f4499816,2022-04-16,770.0,210.0,560.0,3.559279109085061,65.42235539272497,True
1308213458d8596b,7a82635ffa9b59fe,2020-08-08,378.0,49.0,329.0,3.1485930580367842,0.8978404687363764,True
ef270d8cf29d071b,6085ceb59087514b,2023-07-08,217.0,84.0,133.0,0.8350616371314956,28.50599449853189,False
2cec230248d7eb97,b23388ff8ac6637b,2022-12-03,112.0,231.0,119.0,6.601093793849291,49.307640621310156,False
6e4acb2aaa2cee56,902ab9197b83d0db,2024-02-24,231.0,322.0,91.0,6.669541469024008,19.193431109804123,False
4305cb30533dac77,3a24769a4855040a,2022-06-11,217.0,826.0,609.0,1.9877204870736591,22.66087861576898,False
f61f5adf7e0a80c4,0941df56f6ac954b,2019-10-12,308.0,196.0,112.0,1.612627227116235,26.33500213156617,True
48a2a476d3b59866,2a74bbba57058f12,2018-12-08,308.0,133.0,175.0,0.5530572154116769,57.33739881246265,True
6ab9d2d334f613c8,cd42bbe8887bba90,2016-07-08,237.0,342.0,105.0,1.305981642333517,61.09462768005233,False
bfff6cf22c1c569c,32ba186f4b0e3267,2024-08-17,343.0,140.0,203.0,5.752342621682857,30.857176814053446,True
2f0cbf0502173a79,194fc025f9355db6,2015-06-20,98.0,190.0,92.0,4.547663538607914,31.26369320647791,False
43e8fcd8e4d015fb,279093302a6f44b3,2008-09-17,116.0,333.0,217.0,1.0349288486416555,60.26702506076754,False
5aef2af22f5f2fbd,2db7fa8db6bc9632,2011-04-30,357.0,189.0,168.0,2.299841885870343,24.38419819540877,True
c33671cab408184b,60884f31ead1609c,2013-10-26,252.0,133.0,119.0,1.7741637405285502,15.403932452960134,True
37835a0f9bbb4d4e,30e8b4505f5ccf92,2017-12-01,265.0,138.0,127.0,4.920018891558346,18.05377465026868,False
2fef7ac78df0cccc,d7907a9a968e4d29,2017-07-16,239.0,134.0,105.0,0.7447107059008751,12.213040781219433,True
238c274c90587e21,6436029b50a9c255,2025-11-08,91.0,189.0,98.0,1.0623079187115394,27.723764598471917,True
c816a969cb001168,883922e5cd6d8473,2022-02-05,182.0,350.0,168.0,2.280676536821428,28.91027518982196,True
594435375d641f63,012fc7cd0779c09a,2022-11-19,182.0,287.0,105.0,3.3785772466238164,22.268257882903526,True
6bdb93f9b4581bf6,9c5828c6fd9dc948,2024-06-15,399.0,84.0,315.0,8.769516143384188,5.949768014620986,False
1f63949591ad61bd,05fbfe628658c538,2014-07-26,91.0,539.0,448.0,7.759228457805428,20.52382491722483,False
f47a32ec7dfda660,706404da0775dcbc,2015-01-24,322.0,182.0,140.0,2.8611128223029922,17.301937745781288,False
60f3232bc7a73b15,8a59d346dc976a10,2011-03-26,490.0,161.0,329.0,1.804280717605426,9.380503263478431,True
9a1d57966d8a17a4,4f2fcbefb668689d,2014-04-26,266.0,833.0,567.0,0.5557951224186688,57.044110994269886,True
f914dd2414f9a0ae,44f9c777fed7ca03,2011-10-01,189.0,97.0,92.0,3.0691937548341173,12.150358156560287,True
7a72d7448159fb59,7c0847d3854a95f2,2009-10-24,259.0,154.0,105.0,9.823610341074769,11.301052477094345,True
1e2677e481a587fd,f62850b3c7480db9,2012-08-04,910.0,112.0,798.0,3.025387242722303,75.17827328519752,True
bc7743819590b193,1c061eb6e29eaa0a,2011-11-12,231.0,56.0,175.0,1.7549983914796314,3.8127280036583215,True
02822c35ffef5a50,bd4389b71fdc0ce2,2016-12-03,224.0,658.0,434.0,0.36414163192947413,187.307959247408,False
6c2097664ac1bf16,997b4f52f76a0b53,2015-04-25,210.0,112.0,98.0,4.164356557629521,64.64637851867178,True
9890835f4c1c6b75,53e533db1b8e9712,2012-09-22,204.0,106.0,98.0,2.0342649061924583,15.844493984707015,False
9c24c03131d5b49a,72c9c2eadfc3277e,2024-12-14,308.0,518.0,210.0,3.7153398084833995,6.67170916887153,False
a95b03e9b5a91e47,b8e2f10efb6eca85,2025-07-19,217.0,308.0,91.0,13.089933400412054,5.34333723099985,False
12683e06369d1a83,6f812143641ceff8,2023-05-20,518.0,168.0,350.0,1.3744293175082305,48.320914601155664,True
8a1aa64eb1f17913,60ba33c3f555a7a3,2022-05-14,462.0,343.0,119.0,2.8775402643449226,46.28976095258963,True
5c70b175f08ca141,9649d75defe0dedb,2019-03-30,399.0,154.0,245.0,1.2512235021937457,14.081517206655917,True
e202f273220aa533,33a331684283900f,2018-10-27,63.0,371.0,308.0,0.18617767647521788,58.22080041658455,False
c26806c2d554e50c,4956f60b7fa57c1a,2016-11-12,210.0,56.0,154.0,2.2971039788633583,44.239625901349655,True
320580a92d5c2924,cf1a88371c8cb690,2013-08-17,231.0,133.0,98.0,2.034264906192462,51.07816718199433,False
692241119228cc82,d6455cb4bee503ce,2016-09-17,105.0,273.0,168.0,2.628390726708968,79.11609329054,True
4942323a5d5a6594,80d918336163b80c,2015-12-19,133.0,371.0,238.0,1.1334935008932412,3.575982691044146,True
d785f22c4cc99a3d,0577808d22dfe79c,2015-02-22,92.0,351.0,259.0,0.36687953893645897,43.39993833420613,True
6aa873e65d880322,44f9c777fed7ca03,2011-10-01,97.0,350.0,253.0,2.1684223495348967,14.491998940745361,True
85f67de8e9dc5689,c6e6926a81adcd00,2012-12-29,85.0,211.0,126.0,2.409358166149886,20.937661151544944,True
cce5b9dfe84630fa,d86e913c548c07c2,2017-09-09,714.0,336.0,378.0,1.3470502474383466,22.01174698130285,True
ba33d0868b25483b,8d49545dadf9b919,2018-09-15,378.0,49.0,329.0,2.538039795478344,61.429676890717246,True
7580c93fec606442,a71feb7ea7592a71,2014-09-13,174.0,77.0,97.0,0.5667467504466188,2.1088803670279503,True
0da43c3ec0e11650,7cf20446453f852b,2018-02-03,196.0,98.0,98.0,7.51007892016948,14.757968558337552,True
97c302628f231da3,b1605ea39fba6af6,2015-05-16,118.0,336.0,218.0,5.883762158018303,31.29753282747538,True
b82b243982fcb2ac,a4dd5c9a75763295,2015-09-26,336.0,133.0,203.0,2.36828956104506,59.18957120787718,False
84f236d6c57d7cfb,7929be8290289a47,2018-03-03,239.0,392.0,153.0,1.3799051315222073,17.380294262259667,False
c1aef0f60a5b62e3,3feed7d02711d8b7,2023-11-18,434.0,98.0,336.0,8.465608465608462,15.908982266375233,False
8a3281b0d7c168af,81ddc98fceb30086,2025-01-11,210.0,364.0,154.0,5.555213317179682,0.8655111650905383,True
3b1438e9ec64990e,9c5828c6fd9dc948,2024-06-15,98.0,210.0,112.0,1.3141953633544858,31.835928960020055,False
503d7342cc08109f,6a0047ac8c99fece,2024-10-19,98.0,315.0,217.0,5.026797264830904,25.715006062238672,False
80108a70c4afa6c2,66e0a70352fef46a,2024-07-13,182.0,63.0,119.0,10.749022909436881,39.8260128847553,False
ca7d61e167d7789c,cce79e827569f26e,2024-02-03,203.0,77.0,126.0,4.06305399837095,46.785350154480966,False
4b45f190122a1ce1,5dfe71ade71f3a4b,2024-05-11,98.0,280.0,182.0,5.563427038200647,12.664098670690919,False
b6723b9c6ff4d594,2e2cdb6e9eb84bb9,2023-01-14,56.0,756.0,700.0,0.3422383758735634,16.684154934501066,False
63670e1b8f164d4a,806975e1b4f47b27,2023-02-25,196.0,42.0,154.0,0.996598150543818,18.84077455780266,True
ca63933f8c898fa2,51b1e2fd9872005b,2023-04-29,182.0,63.0,119.0,0.21355674654510182,17.231410754192666,True
f3bb58f485dc2008,6a8a06b542e1516d,2017-02-04,531.0,70.0,461.0,5.481289827990995,15.26369320647791,False
66eee2320e900a8a,b5abaa65f87938eb,2021-11-13,245.0,385.0,140.0,7.879696366112924,19.58581794479187,False
b35e47f2f58ef026,daff32bc96d1eabf,2024-11-16,623.0,1330.0,707.0,4.914543077544373,107.25639974311298,False
636fd144716a3084,1ccff7f0cfdf85eb,2023-03-04,1120.0,182.0,938.0,2.7324311929745235,138.07761818773224,True
fae99a4089f8abb0,b26d3e3746fb4024,2020-02-08,217.0,113.0,104.0,2.439475143226762,150.81891910711806,True
05c8aeb2806be99c,3d481aa374c954a1,2016-04-23,476.0,77.0,399.0,4.2793486519230335,133.21110224171161,True
834968d130e1f0e9,6d7886b094b471ac,2011-12-10,77.0,224.0,147.0,9.136395682320646,8.802606908849384,False
dc2a3aeac1441991,1411c630ba711b64,2011-03-19,315.0,42.0,273.0,5.645564248410302,47.44866054502609,False
8af511cc6e6a9678,53e533db1b8e9712,2012-09-22,154.0,252.0,98.0,10.297268253283779,60.61795422129126,False
0aa5be9d0e75dd42,df5a77121ba84a5d,2013-09-21,147.0,287.0,140.0,0.5065127962928742,72.38954964073673,False
3f0826158f87f41d,91d73ee59347ac16,2009-12-05,273.0,147.0,126.0,10.78461570052773,11.190431100050773,True
9039959b41901412,de20ffb3fc2e7629,2025-05-03,1386.0,1015.0,371.0,8.92010102876856,1.243522815957249,False
afb9d3476c5caafa,2a542ee8a8b83559,2009-01-31,175.0,469.0,294.0,10.289054532262814,18.322633030733414,False
b0d06858fb725654,319c15b8aac5bfde,2022-07-23,273.0,140.0,133.0,0.1724881414402759,0.44921840525194057,False
ec490d4224d3bc78,1ccff7f0cfdf85eb,2023-03-04,448.0,154.0,294.0,0.9226746613551278,66.28391956754695,True
c096342c57a6f2c4,6e2b1d631832921d,2021-03-06,392.0,196.0,196.0,2.907657241421795,18.197453363172144,False
53c3565ee1d3411a,46effbd1135423c5,2017-01-15,211.0,379.0,168.0,0.16427442041931073,1.4325520675258758,True
b6a609806d44659f,0577808d22dfe79c,2015-02-22,372.0,253.0,119.0,9.021403588027134,13.891914532452347,True
473b9b56cdaedba3,32541eb5d12668b4,2016-12-17,163.0,70.0,93.0,9.804444992025843,12.502526006592461,True
7dc87736c304b3dd,b0550072e5f0afa7,2019-04-13,413.0,49.0,364.0,2.803616775156236,43.59468360032338,False
4b790d75c4bc694c,119ebea97e914dcf,2015-10-03,119.0,315.0,196.0,2.097236767353195,19.27552505913104,True
7e6f91cbf8e93210,c0231720fe516994,2017-03-18,314.0,91.0,223.0,6.672279376030996,0.8614568819746182,True
ee31f081cf576273,e60201cfab7d656d,2016-03-19,315.0,168.0,147.0,5.5771165732355925,15.355987500408446,False
ffd8e8575a551875,d57e6a8971b6d2bd,2021-05-01,168.0,350.0,182.0,1.5250142028925993,21.416558191995136,False
2615d94ab16380f9,119ebea97e914dcf,2015-10-03,80.0,252.0,172.0,10.083711506738673,1.1858372183453412,True
362a5b3cd4a70330,5df10509264586e5,2017-05-13,175.0,2263.0,2088.0,7.896123808154858,71.7388089012793,True
7094c05bf73eee81,1979c80150f630c4,2017-09-16,126.0,301.0,175.0,5.051438427893796,61.23588419205453,True
2af50cc7f34f6fc2,39c568f8c579913e,2016-02-27,294.0,126.0,168.0,0.15332279239135715,29.3510793001019,False
a5827bfce19e63ea,d5f820c11a121050,2014-03-23,200.0,99.0,101.0,2.5736325865691967,9.466286784374688,True
3e39829aedc9346f,f3155a94ca420126,2015-10-24,126.0,385.0,259.0,1.2484855951867608,13.894887900678441,True
5b6405eeb6757637,b757c73f443d4fca,2014-05-31,273.0,176.0,97.0,7.359494034785108,15.91099302076259,True
ed697b0ef9d455e4,49590e0508b2c19f,2012-06-08,299.0,125.0,174.0,1.7741637405285537,45.0340462231984,True
332432834ece3bc7,8788beb528894f33,2011-10-29,147.0,2828.0,2681.0,5.0404867998658425,32.622227287714395,False
3f76035e52e8819b,b9532d815060de7f,2021-09-04,77.0,175.0,98.0,6.324565186143452,29.096540238700754,False
173d576e6247a88a,236a37d96d476164,2022-04-23,343.0,126.0,217.0,3.7043881804554495,2.525640763193678,False
45f00a42a17f8e2a,079488710f012779,2024-09-28,294.0,196.0,98.0,1.388118852543176,23.827991197606707,False
a18edcb638ba7e39,38e5d9dcb0fddc42,2025-10-18,350.0,84.0,266.0,9.94134034237527,30.40835970353055,True
6e1bf1b163b3aeab,c945adc22c2bfe8f,2023-09-23,462.0,140.0,322.0,0.3230730268246411,44.85133807213106,False
997ab1ea9fab5643,74fefd43f073cd2f,2019-12-21,706.0,217.0,489.0,4.632538655824554,33.11080401680124,False
0c6e3c1f03cd4061,3c6976f8182d9527,2023-05-06,1302.0,245.0,1057.0,7.37865938383403,10.653540445880026,False
d439374c1fc95581,8fd76e1b49c00ae2,2022-07-16,252.0,84.0,168.0,4.692772609978302,40.792648707337094,True
fd0fd9a2d6ef8c4f,3cf68c1d17f66af7,2019-10-05,602.0,161.0,441.0,0.9692190804739305,31.46918204608619,False
da7afd49fefe6a46,9211aae062b799d6,2017-09-22,727.0,104.0,623.0,2.198539326611769,13.966354232469484,True
75c5f923f966b53b,13a0fb8fbdafb54f,2023-10-21,70.0,259.0,189.0,5.730439365626946,61.506381751759136,False
a3d75cc363a6544b,ece280745f8727b8,2023-09-09,119.0,217.0,98.0,3.0828832898690592,20.923555486938312,False
3599e9de4ae0e171,079488710f012779,2024-09-28,133.0,385.0,252.0,1.9548656029897948,4.724652942664761,False
50cae63d530ede7c,9ddfb3369a3b0394,2021-06-19,245.0,98.0,147.0,4.388864932202573,19.272779110114016,True
96704d7ba3a452d9,89a407032911e27e,2023-08-26,133.0,504.0,371.0,4.717413773041198,108.82087206577421,False
dc0ab34f1952cb48,3a97fda0de6f1fa4,2022-04-09,196.0,294.0,98.0,1.5387037379275412,87.67808957926059,False
5a440bdee19efaab,d4f364dd076bb0e2,2020-10-17,679.0,301.0,378.0,3.9343723690424888,17.413004983677865,True
0ccd16201ac41ef8,42c96a9c4802e2e1,2018-11-10,644.0,546.0,98.0,5.55795122418667,23.1547221656449,False
8c220d4c96895a98,6a8a06b542e1516d,2017-02-04,182.0,1281.0,1099.0,0.25736325865691967,50.30524259609024,True
72e1b3e1224f5314,ebc5af72ad5a28cb,2013-08-03,182.0,445.0,263.0,0.5174644243208277,21.71111959953396,False
5ff8463edf8155c0,b5882371e2a3900d,2019-02-09,91.0,364.0,273.0,4.887164007474485,0.2838045199659973,False
ba27835ff05df0c9,9211aae062b799d6,2017-09-22,97.0,293.0,196.0,9.965981505438165,24.47334805117771,True
c3939438ae7934df,b45d6b73f4ca4467,2018-07-14,196.0,946.0,750.0,3.5017830619382977,22.750994240788486,True
d1b2ce8ee57307c0,53f02bbc41d99432,2014-10-25,301.0,63.0,238.0,3.9097312059795897,48.69546593803534,False
147d2ab0230af48d,04076783ca83d6ae,2017-12-30,266.0,112.0,154.0,0.44627884213912594,56.04505281523848,True
23ba0218f9f65e33,e7bfdb5e0112891e,2017-04-08,476.0,196.0,280.0,2.108188395381152,73.72280808125856,True
164f56eb25d6a9b4,80d918336163b80c,2015-12-19,118.0,350.0,232.0,0.9610053594529688,24.234128920278863,False
240e9389cca3bd18,abcf7e55a0a9ed89,2019-07-27,210.0,70.0,140.0,5.390938896760371,43.807038369081056,True
c795c4b7beb89bee,d0c29452d3272603,2010-05-08,385.0,117.0,268.0,9.798969178011866,19.019856700796936,False
a7fca585b4fd4255,1ffc38f67785797b,2011-09-17,497.0,140.0,357.0,8.892721958698669,46.49472280244686,True
75e21e2f5f3be42e,563d051c9e769b24,2016-06-18,343.0,133.0,210.0,6.442295187443957,2.6319746867770846,False
64542fe846b9aea9,0313bf497de9c470,2014-10-04,112.0,273.0,161.0,2.874802357337934,80.51253271723658,False
3f14c96ea899321d,5330fe7e4c3af81c,2013-07-27,231.0,133.0,98.0,4.317679350020878,26.53483235411909,True
2adfc6444d1adc01,d1e6a6536ee62517,2012-12-08,406.0,231.0,175.0,10.606651745073478,34.37120040442392,False
0031c043c9f14eb8,cfb65863d5099327,2010-06-12,269.0,152.0,117.0,5.237616104369014,12.74879178248193,True
1569186ee820ea87,ad23903ef3af7406,2024-12-07,357.0,161.0,196.0,3.0691937548341173,15.144795766731477,True
4966e9d7479c8d8d,155bfc7ed36622df,2012-04-21,259.0,168.0,91.0,6.811912633387408,18.04406082551236,True
6f0dc5319bf900dc,2db7fa8db6bc9632,2011-04-30,119.0,322.0,203.0,4.265659116888095,54.80457688858269,True
b0f4c7788782e26e,901cddcbfa079097,2023-05-13,189.0,70.0,119.0,10.880442445772331,19.056410013349478,False
8fb0092430448368,dab0e6cb8c932162,2024-02-17,350.0,182.0,168.0,7.222598684435685,25.508916860847194,False
ed9f8f702585ed44,1ccff7f0cfdf85eb,2023-03-04,245.0,714.0,469.0,7.690780782630718,20.759469696908354,False
aa11f2375ee2118f,51b0bb73a1da34bc,2014-02-15,112.0,315.0,203.0,7.17331635830989,99.28386231374475,False
405c0b8d3960016d,a7724f51e32e763e,2017-10-28,140.0,854.0,714.0,5.5990198292915,9.77894065856026,False
7072a324a82c4297,67ec58d7cf599835,2018-05-12,343.0,98.0,245.0,1.1608725709631287,5.294483863408232,False
42d09ca167ecae07,86e388ed20761ad9,2015-06-27,70.0,273.0,203.0,1.0814732677604582,22.248278348811255,True
ee43dc83049ecc8d,09c44b317c98bf96,2013-02-23,203.0,462.0,259.0,7.7647042718194115,28.58305801705592,False
bd5edc0bfa0db8c8,2549d63da9c456cb,2008-05-24,147.0,322.0,175.0,3.348460269546944,63.74710931335767,False
2c101a0bcf334d31,1c7cce2f5c17160d,2017-05-28,71.0,324.0,253.0,10.631292908136377,31.29230281204741,True
5ae114b3fdef6d2f,f3155a94ca420126,2015-10-24,147.0,931.0,784.0,8.506677070713295,12.068793175501014,False
3a9e0fed344fd07d,2f13e4020cea5b38,2021-08-21,196.0,532.0,336.0,2.7926651471282753,3.6019769029915096,True
4c025d1fff9e9fce,5a558ba1ff5e9121,2023-11-11,203.0,371.0,168.0,3.953537718091404,12.98793369144073,False
a822be2a017f329e,79ded75550efc139,2014-07-16,123.0,753.0,630.0,4.657179818887453,59.92924664778411,False
70e78fcf793bc82b,8a59d346dc976a10,2011-03-26,154.0,301.0,147.0,3.419645851728646,24.32589499459027,True
2fec2ba8ea346a3a,24b033b3daf1c9df,2010-04-10,126.0,301.0,175.0,6.581928444800372,46.17131276386999,False
4c6030fafb46330f,ebc5af72ad5a28cb,2013-08-03,98.0,378.0,280.0,11.740145245966723,14.231783619908128,True
3367081258d6ae12,53e533db1b8e9712,2012-09-22,130.0,1253.0,1123.0,5.497717270032922,53.18160809397341,True
208674403b0936d4,6ca68b636fbc1f18,2014-11-08,203.0,112.0,91.0,6.9378563557088775,26.958902515664704,True
6c25f8fd66f16d7e,9e30f69cc0869301,2017-12-02,273.0,874.0,601.0,8.221934741986487,15.294556500359022,False
f0b151cc6c91b259,5345f86680378fc1,2015-11-07,231.0,322.0,91.0,1.637268390179127,3.490202881086816,True
00494c77d2a88f8c,6083f497c22cc075,2016-11-05,154.0,364.0,210.0,4.432671444314394,18.055198378210434,False
f24c296256faeff2,ed069a95aaaf4f56,2017-04-15,315.0,161.0,154.0,1.7769016475355386,15.96105082871577,False
1c51f405e5c46572,5717efc6f271cd52,2023-01-21,287.0,77.0,210.0,1.0376667556486439,29.793203714514448,True
ac57250e3de89d5d,f2c934689243fe4e,2025-08-02,266.0,140.0,126.0,0.643408146642301,25.479363200904572,True
864cddd6e165ea2d,e29cf523ebd155c5,2020-08-29,392.0,84.0,308.0,5.371773547711449,53.394365085988284,False
61bedad39b15db7a,56116537d71a578c,2021-01-20,361.0,144.0,217.0,0.3449762828805518,50.96532085405693,True
8bede5047e97d602,4c12aa7ca246e7a4,2020-06-06,91.0,210.0,119.0,2.357337933017103,42.676264093083546,False
b6082b551288aa5a,d86e913c548c07c2,2017-09-09,253.0,84.0,169.0,2.7680239840653798,10.890620425382167,False
c381ad2c0bf34dd9,04076783ca83d6ae,2017-12-30,490.0,112.0,378.0,3.269060966344277,57.1514565268285,False
d66a8591af39ca7b,0b5b6876c2a4723f,2020-03-07,476.0,189.0,287.0,0.629718611607359,21.127547887384935,True
7e695ad026b2ec66,aa3153a9941b4d44,2018-11-17,174.0,336.0,162.0,0.851489079173426,25.21440564524005,True
2c01f4df404ff6ee,2ce6541127b0e232,2015-08-23,22.0,155.0,133.0,3.1157381739529235,33.298143486009394,False
a26db2cee9eab1f9,e60201cfab7d656d,2016-03-19,441.0,119.0,322.0,9.497799407243132,73.97093008686579,False
108434acbbd75d26,221b2a3070c7ce3e,2024-10-26,84.0,259.0,175.0,3.531900039015177,30.97260211644084,False
14a40f30e0cb22c9,b1605ea39fba6af6,2015-05-16,238.0,91.0,147.0,2.5435156094923244,47.25108950115282,False
107079f548338ac3,579fcdfcabd23a7b,2014-05-10,98.0,287.0,189.0,3.4497628288055218,0.8031609600002412,False
426e7a3de68117b0,80dbeb1dd5b53e64,2025-02-01,98.0,217.0,119.0,7.1076065901421615,54.433985030707845,True
582d66ce97309e29,28d8638ea0a71908,2025-07-26,175.0,77.0,98.0,4.238280046818208,60.57241578817411,True
954362efa4564d60,063649e21bc9d6d5,2014-08-23,56.0,161.0,105.0,0.054758140139767875,0.0029351639761898696,False
3846db1456151f80,ebc5af72ad5a28cb,2013-08-03,294.0,161.0,133.0,5.029535171837889,15.26369320647791,True
5deeecb6aaa5dfd1,8fd1f27e86661ede,2013-06-15,329.0,210.0,119.0,2.5188744464294253,34.83525191157992,True
c3bb60dc82345a9f,8d5daf67983b65ba,2019-11-09,252.0,154.0,98.0,2.929560497477702,23.1248217565485,True
f557405652165aa3,e9e1acc96536bb4f,2023-07-01,168.0,301.0,133.0,0.4873474472439554,93.395325381676,False
0b1460c666e66d39,754968e325d6f60d,2025-08-23,273.0,119.0,154.0,0.6187669835794019,1.07953324813775,False
43dfb2c1e5fecac9,0b64d0fed453ef7f,2021-06-12,455.0,91.0,364.0,10.6723615132412,40.697865594007,False
3ecccdab76baa59c,1fac46d466abd5b8,2022-03-26,70.0,161.0,91.0,1.3662155964872653,38.049019703971,True
c93eebe24aa0299d,bbb15f301e4a490a,2020-11-21,287.0,112.0,175.0,0.5831741924885492,78.81508693575506,True
dd9cbf6d6284de26,e4bb7e483c4ad318,2023-03-18,119.0,399.0,280.0,9.002238238978215,45.00747668208419,False
0976778a6e6cf8a8,a16ce18149021139,2024-04-27,105.0,343.0,238.0,11.460878731253892,13.99242815087814,True
86a2f07e0bf20297,e955046551f8c7dd,2024-11-23,210.0,315.0,105.0,6.809174726380419,4.6987021144555,True
ce246b336b6bd638,84283233ec42be5f,2019-02-02,259.0,91.0,168.0,7.5511475252743026,99.67980575202273,True
9231cef371b89a46,a4bf17bd3ba3423b,2016-05-14,154.0,308.0,154.0,3.178710035113653,48.10668435399998,False
6e3139f066149a81,5df10509264586e5,2017-05-13,259.0,105.0,154.0,7.0172556589115445,76.54506763463314,True
f19d1c8ca5660240,cfbccfed4e4796fe,2016-08-27,105.0,238.0,133.0,6.469674257513844,95.73944833022028,False
a41ba2624191bf23,43612456979e5d5e,2013-10-09,249.0,116.0,133.0,1.1745621059980706,87.7664841932251,False
bfd846ad4d597bbb,a2b06ca02bca14c0,2008-11-15,98.0,210.0,112.0,5.637350527389341,13.039837171816771,False
995d42d9ff422ed1,7d21de9c6d7c98b2,2009-02-21,98.0,1001.0,903.0,0.5941258205165063,76.85415758667614,False
63f744d672fbb8b4,24b033b3daf1c9df,2010-04-10,245.0,63.0,182.0,2.5654188655482315,75.4167152971313,True
83a7cc0b0de904b9,15edcf67ccf5be84,2010-02-06,161.0,259.0,98.0,3.646892133308693,33.33522638052273,False
72d6996a60856b5f,86e388ed20761ad9,2015-06-27,189.0,42.0,147.0,4.561353073642852,6.765530567671931,True
856f6ee049373843,8db1b36dde268ef6,2025-11-15,189.0,301.0,112.0,4.87347447243954,94.90898155695368,True
0ea435ddf02deb60,13a0fb8fbdafb54f,2023-10-21,252.0,105.0,147.0,3.074669568848094,1.861000259955972,True
256894b49303537b,01dd4cdc2446f665,2023-02-11,112.0,224.0,112.0,3.074669568848094,22.25764593167378,False
daef1691c7d6b1e4,39f68882def7a507,2025-01-18,231.0,112.0,119.0,2.4339993292127886,108.50753642838208,True
1a0031e2072f21b6,6e4acc2c115215b5,2024-06-01,224.0,84.0,140.0,2.7680239840653798,24.749914491811978,True
2f4d42e0b9696f71,f6a7b02c42e9fc5b,2022-02-26,119.0,14.0,105.0,5.130837731096467,86.78571616670047,True
c06d7bb29bc24d00,6e2b1d631832921d,2021-03-06,546.0,297.0,249.0,3.019911428708319,30.48693202051595,True
144b0c1dd6c909f3,d6455cb4bee503ce,2016-09-17,132.0,350.0,218.0,4.0740056263989,42.92329132525947,True
b9726184624ac076,02177caefe7c07d4,2018-01-20,343.0,805.0,462.0,8.054922414560192,28.090785721150723,False
678db400f85ae15c,119ebea97e914dcf,2015-10-03,223.0,133.0,90.0,8.8626049816218,20.483493477163393,True
7bced112f3229b1b,00a905a4a4a2b071,2022-09-03,511.0,203.0,308.0,10.302744067297759,43.70487954417126,False
0aae15358d8606b9,ece280745f8727b8,2023-09-09,98.0,371.0,273.0,9.289718474712004,35.296142873125746,False
dc45c8d70e256749,53278852bcd91e11,2020-03-14,119.0,357.0,238.0,6.691444725079911,45.501959192797585,False
bee780601ad13583,4f7e290e71d60f87,2015-05-23,125.0,28.0,97.0,2.097236767353195,117.25559875792419,True
ced0e31df74f27d6,487c170da059857d,2019-03-23,238.0,126.0,112.0,11.137805704429248,28.097016775918746,True
fd0c847858bd346f,6d7886b094b471ac,2011-12-10,224.0,126.0,98.0,9.418400104040469,49.07067717358268,False
6257627ba49e42ab,4f7e290e71d60f87,2015-05-23,350.0,98.0,252.0,1.4401390856759555,30.70106728114729,True
93ac52a9fdca03e1,f9c7fe2682af3802,2015-02-14,182.0,294.0,112.0,3.682484924399546,28.027043930468608,False
d573e571d8349b5d,6e3282d57d2467a0,2016-12-10,308.0,77.0,231.0,5.686632853515132,2.5549912731496534,False
98035e427b476717,de99da2c0d18d34a,2016-02-06,126.0,259.0,133.0,1.28407838627761,96.68565066869951,False
8c140756bf43dcc2,400c7b43c86d27d3,2025-06-21,154.0,504.0,350.0,3.490831433910344,63.23772204003103,False
0339f66f18a3e0bf,5345f86680378fc1,2015-11-07,196.0,63.0,133.0,9.516964756292055,23.396914635672374,False
fecf9c7a4e965690,43612456979e5d5e,2013-10-09,144.0,299.0,155.0,1.727619321409744,19.55810191800697,False
303db84673492cd6,8caca5857ce0e30b,2012-05-15,157.0,346.0,189.0,1.204679083074943,6.23732295454306,False
35e23b1917b59132,3ba3b5cc94498437,2011-06-04,231.0,119.0,112.0,2.012361650136551,15.969458566538606,False
e64d80dcc6853ea0,992c82450d96f726,2020-11-28,650.0,119.0,531.0,5.538785875137755,9.544166352740149,False
28bd070f7ab0a0b9,eb42d4febfafefd1,2022-06-25,280.0,112.0,168.0,4.520284468538026,13.318492261167421,False
3adecfc4727a8d73,756f45905fb20cb5,2022-11-05,245.0,133.0,112.0,0.1122541872865277,18.590218076972405,True
6f31285305881fe3,9c5828c6fd9dc948,2024-06-15,147.0,252.0,105.0,0.8022067530476349,29.864867331137475,True
1496969c1497dc85,c945adc22c2bfe8f,2023-09-23,343.0,91.0,252.0,1.2786025722636332,50.80659892585095,False
576b795e33ddd62d,4c27ca8c8481f79a,2021-09-18,294.0,154.0,140.0,0.2546253516499313,14.965447198052061,True
00a94d5fc7ce55cf,806975e1b4f47b27,2023-02-25,322.0,168.0,154.0,0.7693518689637706,17.70197839990942,True
cdfaa6f4154a0ee9,7d21de9c6d7c98b2,2009-02-21,126.0,441.0,315.0,4.613373306775635,13.860863611997274,False
4915c8a588513c22,a16ce18149021139,2024-04-27,224.0,329.0,105.0,1.4538286207108975,0.732254190317235,True
5f19b0135414b454,eed2b71d77d95416,2018-03-17,231.0,91.0,140.0,3.017173521701338,42.5939926751696,False
37a7dc68f3a0e65d,2a74bbba57058f12,2018-12-08,266.0,77.0,189.0,3.885090042916694,54.373032534588674,False
451d7d8c2a6bacb3,154a6b3ffae264cd,2016-10-08,168.0,399.0,231.0,3.1349035230018387,25.931549252211198,True
b2bb725b17ab51b8,5de61b03868035ff,2015-04-11,399.0,189.0,210.0,3.017173521701338,17.252378080130484,True
4f7ec66199bba232,94a5aaf573f780ad,2019-09-21,490.0,224.0,266.0,9.52517847731302,17.72689042411207,True
e976815e397c40e1,cba3a2dfbc06ce79,2024-06-08,210.0,119.0,91.0,1.218368618109885,4.2012858333221175,False
283c0b3b7e425252,d5f820c11a121050,2014-03-23,137.0,232.0,95.0,4.287562372944006,47.63329245882528,True
b35f2071e6dd4b12,35dc6220b113b7ec,2013-11-06,291.0,200.0,91.0,10.976269191016929,33.91268214436718,False
dff7ce155b47442c,56f4b81ec4db61af,2013-01-19,339.0,192.0,147.0,2.264249094779494,0.551583050689942,True
9379672d351808a3,7d21de9c6d7c98b2,2009-02-21,126.0,217.0,91.0,0.14510907137039197,0.7701534006430393,False
0ae251dd5c0b5304,c80095f6092271a7,2010-03-27,75.0,399.0,324.0,3.060980033813152,39.92622289748442,False
e4c4c54a10e06973,b4ad3a06ee4d660c,2017-02-19,302.0,183.0,119.0,2.1656844425279083,32.834425365629386,False
7fe0cec2b0f1c146,6c9383ffab2725a5,2019-07-06,210.0,105.0,105.0,3.3265570134910334,17.05814460463762,True
abfd5ac6cf186d8a,ee0b69e307c857e5,2024-09-07,175.0,329.0,154.0,0.4763958192159983,16.26909771342298,False
a7d42315236560e9,04d5718ed2661e8c,2009-04-01,109.0,676.0,567.0,2.360075840024095,29.379992732459414,False
dab2d3e9f2052047,2e04a3b4a2011b97,2007-05-26,51.0,147.0,96.0,2.316269327912277,13.931433770783315,False
2606c3853a8c0b62,ee5df903f80c6816,2006-12-30,217.0,77.0,140.0,1.6947644373258868,12.456262701613468,True
3b12094dd48c2dc5,cba3a2dfbc06ce79,2024-06-08,462.0,189.0,273.0,3.876876321895722,10.737651595744182,False
c29e2c49e1e417c8,1ccff7f0cfdf85eb,2023-03-04,259.0,168.0,91.0,0.2162946535520902,32.83354201326756,False
5095f6290670009d,a0a680fe2f6cc8e6,2022-06-18,434.0,112.0,322.0,1.7796395545425305,13.259938653759946,False
646eeca9447c6965,9114c8ded5ccd71d,2021-04-10,168.0,56.0,112.0,4.0055579512241835,6.005817613195859,False
9201312dd860fa5a,3f7c14c7eca7195d,2021-02-13,168.0,953.0,785.0,0.5475814013977001,29.517052991242963,True
7ad85c84025c0db0,d856a0080ac09ed7,2017-11-11,161.0,265.0,104.0,5.8262661108715434,22.701232608281316,True
5adcbd20eed3795d,f1b2a4365799c48b,2013-03-16,162.0,728.0,566.0,5.938520298158071,8.420585250430122,False
171007deb1cc56aa,2efbc83a6b9b7f86,2008-06-07,287.0,126.0,161.0,2.381979096080002,28.81357654874091,True
c1b0670419fa0894,7d21de9c6d7c98b2,2009-02-21,168.0,70.0,98.0,0.5448434943907152,1.621979457707539,True
8f560a1fa19c122a,597db668b01c442c,2008-02-02,210.0,616.0,406.0,3.65236794732267,6.046495190616497,False
fee1d48d7bc17e56,577ec7e108b94be3,2006-10-10,220.0,54.0,166.0,3.441549107784553,48.187090143143905,True
560f1e26c2a6690a,be8ad887e4d674b0,2024-08-24,147.0,378.0,231.0,1.4182358296200483,4.001884374983547,True
a941c4e25ddddfff,6fb1ba67bef41b37,2023-04-22,140.0,231.0,91.0,1.7194056003887823,1.3970812594084236,True
7aede55e4e47c698,20821819c401ced8,2018-11-03,175.0,371.0,196.0,0.7912551250196778,2.182895365935792,False
09f5fb0bec3c948a,ad044be25c94dcfd,2020-10-31,735.0,483.0,252.0,1.190989548040001,74.26636485172367,True
3fc8afbb23b9ac16,509697e08673d2e5,2021-12-04,126.0,294.0,168.0,1.4018083875781144,18.122118784586064,False
e1e31a8dfa9c27f6,e29cf523ebd155c5,2020-08-29,266.0,77.0,189.0,1.5934618780673127,16.84734550368762,True
1ac335f049ed4e5e,2e04a3b4a2011b97,2007-05-26,112.0,658.0,546.0,9.746948944879087,30.663321198461745,False
c742bd1673635ded,63b65af1c5cb02cb,2007-02-03,294.0,84.0,210.0,8.61619335099283,34.01076275915807,True
7929542a0003799f,597db668b01c442c,2008-02-02,364.0,136.0,228.0,9.34173870784479,32.84949974526785,True
3fe41b95899316d5,03688dc3c3af3ac1,2006-04-15,42.0,238.0,196.0,5.355346105669518,32.74044984390821,False
1317d7cd79495a0e,8d5daf67983b65ba,2019-11-09,420.0,133.0,287.0,2.554467237520278,11.190760883794837,False
52e4f12eaeffd142,1979c80150f630c4,2017-09-16,83.0,280.0,197.0,0.7967309390336546,21.16511793502309,True
eafda776967c6444,99bf06f20491cb54,2017-06-25,161.0,463.0,302.0,0.4544925631600947,37.88573990485202,False
60cc0ac9ace28324,d1d20e651e6cbc02,2018-12-01,161.0,56.0,105.0,4.6872967959643255,20.069585285708172,False
4cc9ef5e68009fd4,53f02bbc41d99432,2014-10-25,301.0,63.0,238.0,10.968055469995964,9.582914249373516,False
f602cc168383432f,8d04923f2db59b7f,2015-11-14,372.0,140.0,232.0,1.9877204870736591,31.152222575012047,False
1af23e7aa71a1d17,49c29e57d4e2be6f,2022-10-15,301.0,147.0,154.0,10.464280580710078,10.541039798612474,False
70aa6b8f863e6861,8c90c1563972e44d,2021-03-13,147.0,245.0,98.0,8.336926836280004,29.38178907977681,True
b3d88eaea611a4a8,981ab7a0576f76a0,2024-05-04,623.0,203.0,420.0,7.611381479428047,10.033402575979835,True
2a930e2d7e1f87a9,daff32bc96d1eabf,2024-11-16,196.0,308.0,112.0,3.953537718091404,48.622692017032705,True
94b48b98d0292720,3746e21bb508391a,2020-08-01,497.0,175.0,322.0,13.686797127935549,13.386501541079042,False
e4d0be5ae320c4ae,d4f364dd076bb0e2,2020-10-17,1001.0,77.0,924.0,2.721479564946577,9.517811599293509,False
326b843cb2b7fd94,b26d3e3746fb4024,2020-02-08,119.0,210.0,91.0,6.245165882940789,12.460291731533516,False
f6472ca263a863d1,3bc27ec15facbcf3,2020-11-14,182.0,63.0,119.0,5.870072622983361,14.56122603395329,True
4277b02a4dadac40,6a0047ac8c99fece,2024-10-19,770.0,84.0,686.0,5.330704942606623,0.041067322378467,True
8252a314c778b8e6,49c29e57d4e2be6f,2022-10-15,245.0,364.0,119.0,5.881024251011315,51.10955522046061,False
b5df5a0a0bda9256,46baf0f57edfa4df,2024-05-18,448.0,126.0,322.0,8.643572421062718,1.3354465607715156,False
19e742ccaa09cf08,cbb682f5fcc44bfc,2022-02-12,168.0,350.0,182.0,3.781049576651128,0.524987814099859,True
e54fe354981fe3e7,aae0897825336b1a,2015-05-30,217.0,126.0,91.0,2.2642490947794975,12.640371386185734,False
ffd3e3d37cba32da,53f02bbc41d99432,2014-10-25,273.0,101.0,172.0,4.4901674914611505,19.613396968022244,True
0dff8509f6a861f1,79ded75550efc139,2014-07-16,315.0,88.0,227.0,0.054758140139767875,3.299916872417498,True
42afd8c4fc85f485,4887e5bc4dbb73ff,2016-04-10,169.0,316.0,147.0,5.585330294256554,1.2705828880584704,True
eacfc05c3e5ead5e,030f08370fd1c2bb,2013-05-18,119.0,351.0,232.0,4.484691677447174,2.0582134531825886,False
14b450e4ff3c5b97,7d5b12de1625984e,2011-10-08,219.0,119.0,100.0,4.101384696468784,2.3374047718427846,False
1878e37418f1dfcd,aac5ac38148f0528,2011-06-11,314.0,210.0,104.0,5.2485677323969675,55.376674666551025,False
a28c80463d7d0c03,5898357a45a73674,2012-05-05,112.0,265.0,153.0,2.669459331813794,10.178885622914095,True
a3902e22c10725c4,f12f979b657ab876,2010-08-01,176.0,582.0,406.0,2.1027125813671717,0.6734328455236209,False
71ea7d7985dad804,3dc3022232b79c7a,2023-04-08,77.0,399.0,322.0,1.6838128092979332,69.52402714290997,False
d03d0abf331df751,75e0d3cc2262b732,2022-03-05,119.0,315.0,196.0,3.2772746873652423,53.03375025900186,False
c6dd17ab89437805,80eacd4da0617c57,2019-03-16,189.0,497.0,308.0,8.115156368713937,15.13895922219558,True
6a5eb525331fa1fc,27541033b97c076d,2021-04-24,70.0,287.0,217.0,2.4914953763595378,109.37849387075471,False
634dbcef5111f939,16d09e800ad7ec79,2015-04-04,189.0,63.0,126.0,2.461378399282669,1.7774529290563805,False
dbc3afd71525c83d,35dc6220b113b7ec,2013-11-06,102.0,193.0,91.0,1.976768859045702,2.8407207520547217,True
982f4f96b6d0f346,4d636c3aa1105950,2015-11-28,287.0,139.0,148.0,0.9911223365298376,45.4610681108511,True
4ce53d8a26693f06,e6015889f50075d2,2025-02-08,252.0,350.0,98.0,7.824938225973156,87.62213934325905,False
b7575b0ec9f81741,6e4acc2c115215b5,2024-06-01,343.0,196.0,147.0,4.087695161433839,38.32782675926637,False
d7a7ba46c4f075d7,3a24769a4855040a,2022-06-11,35.0,462.0,427.0,0.36687953893645897,49.550500302696264,True
3bd20b66b585d621,33b2f68ef95252e0,2020-02-22,140.0,580.0,440.0,5.996016345304831,67.67726669157469,False
ab6cd718c5459eeb,ac5f67109accb482,2018-06-23,274.0,133.0,141.0,8.714758003244423,29.173289388844978,False
344bfe9c1ff511bb,caced97768818230,2017-11-18,357.0,77.0,280.0,5.6674675044662095,13.244917965484774,True
1cb7138b107b93b5,3cf68c1d17f66af7,2019-10-05,308.0,126.0,182.0,2.6667214248068056,60.2888813297493,True
2faa7b48b4d51cab,371a1c91b24dec2b,2014-11-07,132.0,996.0,864.0,12.202851530147779,30.519468551469572,False
afed0bac5ce5a2f3,60ba33c3f555a7a3,2022-05-14,98.0,196.0,98.0,6.532646118674581,2.3288031399279134,True
e5f9d59d00fe3c73,72c9c2eadfc3277e,2024-12-14,147.0,42.0,105.0,7.255453568519545,43.92885373621448,True
74fef059e229d217,ccd58ff71e260ed5,2023-07-29,49.0,350.0,301.0,8.865342888628785,7.977404328982175,False
520de85f6d492264,2db7fa8db6bc9632,2011-04-30,168.0,336.0,168.0,4.503857026496092,34.60768032262081,False
607722017a9d7e22,91720876db0ee468,2011-12-30,244.0,146.0,98.0,16.030445525917713,11.875342644066677,False
fdb4ea9783c4452a,c61f66d8c3fd5f07,2003-09-26,308.0,210.0,98.0,8.085039391637068,32.284010477727634,True
97cec48c97e7ea31,738acab0c6934dd8,2013-01-26,175.0,393.0,218.0,12.421884090706858,12.375965072909139,False
8153c30fad5b2ad8,ad047e3073a775f3,2008-04-19,154.0,525.0,371.0,1.437401178668967,45.10561900835728,False
38957d8eb185391c,d247691a6c0e9034,2021-10-09,224.0,413.0,189.0,0.03559279109084912,19.459467639619334,True
51f955029dbf6978,70167689d6a01793,2019-08-17,140.0,490.0,350.0,7.9864747393854785,15.402599214038673,False
a7315147a7022a93,81b57acd6975ac06,2021-02-27,581.0,168.0,413.0,12.471166416832652,29.539797662382625,True
80cf37627a129145,6bf5a7d3e081ade2,2022-04-30,350.0,210.0,140.0,2.5051849113944833,11.667727703142873,False
97125cd6a94b6394,1e13936d708bcff7,2020-06-13,343.0,469.0,126.0,0.2737907006988536,45.01442955951825,False
8adc6266a7c2fd40,2d5fbe2103f97053,2019-03-02,279.0,92.0,187.0,2.935036311491679,31.182919337996964,False
bfd672cac0726a9a,744f50016c39c26c,2021-05-15,168.0,448.0,280.0,0.0,1.8399101330307985,True
711f00d287344c77,992c82450d96f726,2020-11-28,168.0,679.0,511.0,2.518874446429429,28.151125588434752,False
5459c3bb88d031f9,7abe471b61725980,2023-06-03,217.0,98.0,119.0,12.94756223604865,86.9530546624494,False
a760d0f5de2e1aaa,2a470ad41c22c25a,2021-12-18,399.0,182.0,217.0,2.5517293305132895,12.421474520110905,True
efa3f3c8945cad0a,fd7acf42bd6e7e95,2014-08-16,259.0,70.0,189.0,5.385463082746391,41.12675523489679,False
9bc042a700d9a531,1ef0eae31904e534,2018-10-06,456.0,127.0,329.0,5.264995174438901,8.564721188856538,False
36388dce4a8cc18f,cd42bbe8887bba90,2016-07-08,461.0,342.0,119.0,2.798140961142259,61.908397984258045,True
019983faebec6d64,bd4389b71fdc0ce2,2016-12-03,148.0,358.0,210.0,5.793411226787683,43.08720597091997,True
9dd931fd20d6c886,3c241737a6069b9f,2013-05-25,337.0,119.0,218.0,4.802288890257842,53.72440102733549,False
cf18911df2052826,bc7f7f0ba3db74d2,2017-04-22,126.0,224.0,98.0,2.4394751432267583,9.355156680388518,False
b4a81d7eb4e42c1c,a8ea84cbe1655f0a,2009-09-16,193.0,403.0,210.0,4.0301991142870826,8.749010224752055,False
a57969d4ba7d4a79,319c15b8aac5bfde,2022-07-23,126.0,308.0,182.0,2.039740720206442,44.69788719057101,False
06c0c7dda5a5909d,b9532d815060de7f,2021-09-04,210.0,371.0,161.0,0.5421055873837233,3.4599443944935047,False
a2f4acc81f7886a2,80eacd4da0617c57,2019-03-16,293.0,406.0,113.0,1.7057160653538403,0.3315808113889034,False
15def71ff1679e06,18f5669a92e99d92,2020-07-15,271.0,529.0,258.0,3.1349035230018387,47.28136002903102,True
d65da3a3bc675449,a1153013cb5f628f,2021-02-06,206.0,525.0,319.0,5.530572154116786,29.111490993138204,True
774f7eed6b0180be,8a59d346dc976a10,2011-03-26,105.0,231.0,126.0,10.143945460892422,15.964666050067308,True
857e8facd8ff7c36,6cd3dfc54f01287f,2025-08-09,56.0,168.0,112.0,4.019247486259125,20.865280382149194,True
e2a61ec3bc83da98,19ffeb5e3fffd6d5,2008-08-09,266.0,161.0,105.0,6.524432397653612,0.7124919519987998,True
7c883cf0b5eedc59,80d918336163b80c,2015-12-19,160.0,2324.0,2164.0,1.3552639684593117,48.540850572496765,True
5f2065f737591226,ebc5af72ad5a28cb,2013-08-03,182.0,77.0,105.0,3.614037249224829,13.208054462510518,True
0836a9bdd8942bb3,073eee4e62f0d988,2014-07-19,133.0,350.0,217.0,5.618185178340422,31.29033556757645,True
40cc0ccf580a4836,601cf40c09090853,2013-02-02,133.0,239.0,106.0,0.23272209559402057,43.72623321177139,False
3dbf17b9946d26db,4679a38cced7c64a,2013-02-16,210.0,301.0,91.0,3.9562756250983924,0.733606774791042,False
bbe3d2a2ad8d204e,bf12aca029bfcc47,2008-07-05,168.0,457.0,289.0,3.244419803281378,10.56052254162637,False
a19d619f1b9bee7b,380e8b023290d091,2016-01-02,749.0,171.0,578.0,8.156224973818766,41.49976549216308,True
08c6b88ac22717ed,5e7a28f20927d64a,2016-07-13,193.0,60.0,133.0,0.5941258205165063,27.900924022731715,False
2c160a1d1fdbf0b0,d2fa318f34d0aadc,2023-08-12,413.0,105.0,308.0,5.9823268102698925,61.12443808942021,False
03de7404decde12f,010986ee359fb863,2024-01-13,154.0,273.0,119.0,2.357337933017103,14.05907247966843,False
62fbd9d089a9a306,c4b6099f0d25f75e,2009-05-23,210.0,35.0,175.0,3.934372369042485,0.22088841423192207,True
3feb2a8de9cf37da,c670aa48827d6be6,2008-10-25,140.0,38.0,102.0,3.1130002669459316,52.066745578442124,True
62ed2b178310306e,bba678d312590087,2003-02-28,154.0,889.0,735.0,2.275200722807451,19.52337041671126,False
56ba0c15cf501669,0cf935519d439ba6,2002-09-27,679.0,189.0,490.0,2.551729330513286,77.7830050594091,True
b302e12550278ffd,354808cf38d9d73c,2015-12-12,413.0,154.0,259.0,1.845349322710252,16.730784444577466,False
3eea92e7f26fb05b,1ef0eae31904e534,2018-10-06,182.0,693.0,511.0,0.18617767647521788,22.422604790394416,False
eed6c9aff2234b7a,0c1773639c795466,2020-01-18,469.0,126.0,343.0,5.29511215151577,15.82130100740369,True
3d3e7dc7b4bf2bc4,4304992c2acc187b,2021-01-23,210.0,371.0,161.0,0.5174644243208277,38.703343281576736,False
6bcea00473e43a59,3bb030257966b022,2014-09-27,164.0,70.0,94.0,0.5174644243208277,36.22009060757023,False
1e603e6aa6d1a750,073eee4e62f0d988,2014-07-19,336.0,203.0,133.0,1.1334935008932447,2.7085072058537207,True
0b9cd718d7e329e8,899eaba48fa864a6,2024-04-06,329.0,182.0,147.0,5.675681225487175,93.57536912694627,False
3738135e4c9d8273,f5585e675af7afd4,2022-01-15,238.0,147.0,91.0,7.931716599245707,7.067315898138531,True
24ff0bb908095565,805ad1801eb26abb,2020-10-03,644.0,351.0,293.0,0.6297186116073519,10.933394619933324,True
8a08b8043f83d245,33a331684283900f,2018-10-27,189.0,350.0,161.0,2.5845842145971503,14.277090539794472,True
8edb831924d69dd9,46effbd1135423c5,2017-01-15,162.0,364.0,202.0,1.6673853672560028,9.329547081194733,True
d48f938269b8ed0b,354808cf38d9d73c,2015-12-12,728.0,357.0,371.0,4.394340746216557,56.68533034638176,True
f18ea0d8b472dc1e,e5c38954c006f15c,2013-08-28,186.0,95.0,91.0,6.0206575083677265,6.414863354673798,True
3c552514bb9b5c98,abbc4fc02e0d84b3,2012-07-21,141.0,301.0,160.0,5.837217738899501,12.911479830012013,True
032a61c6f9439b1d,1ffc38f67785797b,2011-09-17,329.0,198.0,131.0,0.013689535034941969,28.86672268829807,True
c960184a583f1861,56ec58954158966a,2022-12-17,378.0,133.0,245.0,4.043888649322028,0.7269237022960624,False
1be27d95bba03f17,ef61d9f5176b3200,2023-09-02,378.0,1022.0,644.0,2.4805437483315913,29.148530458737696,False
d80fd2ec736f7df2,3bc27ec15facbcf3,2020-11-14,280.0,112.0,168.0,5.067865869935726,52.14650918316215,True
66873dde4077bd5d,c398235fcaf8d71d,2024-03-16,217.0,455.0,238.0,4.046626556329013,30.6775263648085,False
48dd2c9cb39bd2d4,5bdcbd8dd681a257,2024-10-12,119.0,210.0,91.0,1.3497881544453314,28.261191714174856,False
b5274277ef6707c9,8f6a18831a120817,2022-08-06,140.0,630.0,490.0,7.241764033484603,18.581250528806095,False
44ad16cd4e6c93d7,ea0ad155451ed1f5,2013-04-27,119.0,294.0,175.0,8.42453986050364,45.29862881415329,True
d1268ffa059f9d42,e8efeb9cf33b1941,2012-07-07,175.0,53.0,122.0,2.6256528197019797,13.831333316106338,True
5e378c52f26935d6,1d00756835ca67c9,2022-03-19,490.0,238.0,252.0,6.595617979835314,32.85004917259994,False
5dc4552c9288441a,1ffc38f67785797b,2011-09-17,238.0,98.0,140.0,5.527834247109798,16.359298303855667,False
43313a340ff0d2b5,f3155a94ca420126,2015-10-24,476.0,196.0,280.0,2.893967706386853,16.0,False
6d47170d069df8bb,a314687f372b2cec,2016-05-08,582.0,197.0,385.0,0.3942586090063429,31.31087542228761,True
8d9bcbb48888a5a3,5dfe71ade71f3a4b,2024-05-11,210.0,308.0,98.0,1.6153651341232198,26.98324164056089,True
e97e71a593e4c28d,80dbeb1dd5b53e64,2025-02-01,266.0,924.0,658.0,8.10420474068598,18.6128875047375,False
9576d9cba5cf5c4e,d2fa318f34d0aadc,2023-08-12,28.0,469.0,441.0,5.401890524788328,28.4664819606503,False
b530bb13aac1e48b,8f6a18831a120817,2022-08-06,147.0,294.0,147.0,2.653031889771867,30.745436832276255,False
463fac0e48505b62,1f9344211ca7fd60,2022-03-12,273.0,14.0,259.0,5.905665414074207,4.722305865306225,True
bb31c77bddd1317e,1fac46d466abd5b8,2022-03-26,427.0,175.0,252.0,14.264495506410125,54.64182145300106,True
83da743f6dda7dcc,4304992c2acc187b,2021-01-23,112.0,364.0,252.0,8.900935679719638,22.63109229926863,False
a716172939767cab,bd4389b71fdc0ce2,2016-12-03,188.0,588.0,400.0,4.027461207280098,44.44379933055416,False
79161bde28636128,44aa652b181bcf68,2020-01-25,700.0,119.0,581.0,1.4647802487388475,16.35558510961573,True
654127f5b9140be2,3138fab619faf4d1,2014-02-22,56.0,301.0,245.0,6.354682163220328,14.53049847102443,False
1bc662949337a8c4,a0a680fe2f6cc8e6,2022-06-18,357.0,105.0,252.0,8.70928218923044,4.542370064526267,False
6f1892ed71d943d7,7a82635ffa9b59fe,2020-08-08,175.0,287.0,112.0,9.02140358802713,6.683615714591042,False
e8190df7465ba2df,4f732e58ed907eff,2018-07-22,189.0,974.0,785.0,2.319007234919269,27.328412690742653,True
bd246b9789f88e1c,bc7cf284c1c2f16e,2015-04-18,217.0,49.0,168.0,2.940512125505659,2.121011702066653,False
f767243bb48ab9d7,fc1868f56d3036eb,2018-01-14,120.0,400.0,280.0,1.2786025722636332,77.8010031418828,False
9f66d450af690df5,0f7210aa8d61af8d,2025-03-29,420.0,175.0,245.0,4.941922147614257,41.5882305417274,True
7d923267c44dd93b,6cd3dfc54f01287f,2025-08-09,210.0,553.0,343.0,2.945987939519636,29.34633798122968,False
eab100e978c730c5,5df17b3620145578,2020-02-15,140.0,392.0,252.0,4.517546561531038,44.509527568170824,False
7abc4520f63f2c06,0eec866a077889f0,2021-09-25,203.0,378.0,175.0,2.0616439762623457,3.8122482334183587,True
1c85f793ea4f9caa,2dc7f1762dc0a7ef,2016-09-10,119.0,217.0,98.0,0.20260511851714824,16.068420980108385,False
0261adcfc6e49150,d4da8995fc91e7ef,2019-01-19,232.0,335.0,103.0,0.8158962880825733,36.38078248475222,False
3de326b65aa6245d,ccd58ff71e260ed5,2023-07-29,98.0,434.0,336.0,0.418899772069242,16.49043901454388,True
f930743af6564795,06dc1a58663579d2,2015-06-06,63.0,176.0,113.0,1.3689535034942537,72.43644561196584,False
9f7c28381b6913c8,2719f300b0439039,2023-08-19,280.0,133.0,147.0,3.482617712889386,32.95281146952652,True
004885f7983f4658,aa79d5399571068e,2013-04-20,133.0,35.0,98.0,8.747612887328284,43.359765372571474,True
0a2f344e419bd4fd,43563a32c3f10e95,2015-01-31,161.0,287.0,126.0,6.02065750836773,52.308224858435096,True
94c7e64ce88c9b9e,d86e913c548c07c2,2017-09-09,147.0,413.0,266.0,4.117812138510715,41.29301002711168,False
c48af5eafb532d0a,6c9383ffab2725a5,2019-07-06,665.0,112.0,553.0,11.781213851071549,119.19298544311437,False
b1dee00c3052e65e,8a028648f3f0761d,2016-07-23,91.0,406.0,315.0,3.7783116696441432,115.06841419771081,False
4da34f2980b5c58d,68c6cd5287b473a7,2009-01-17,122.0,238.0,116.0,3.57844445813398,15.45811473095705,False
d1d3b6ab8a56e973,902ab9197b83d0db,2024-02-24,231.0,140.0,91.0,2.8474232872680467,30.5479028916302,True
631f0721b3fc56dc,480b702debcb5433,2013-12-14,105.0,210.0,105.0,0.7145937288239992,4.539337280303471,False
b60bbec8ec98941b,46effbd1135423c5,2017-01-15,176.0,329.0,153.0,2.554467237520278,29.855126822004195,True
d13ea6559225991f,aa79d5399571068e,2013-04-20,127.0,35.0,92.0,0.9582674524459804,30.56027168438004,True
4f1a8eade87e928e,445a98acb8985970,2006-06-28,83.0,1370.0,1287.0,3.3402465485259825,31.816414938211437,False
20a6710c50698166,0cf935519d439ba6,2002-09-27,140.0,259.0,119.0,1.716667693381794,2.7522923491708298,False
785c0e68b34ea383,09c44b317c98bf96,2013-02-23,217.0,98.0,119.0,3.0445525917712217,30.427406019462296,True
74e92a66b29674a9,0a97691039c4bbfb,2012-02-15,193.0,74.0,119.0,4.372437490160646,1.5688741126955392,True
de41ca23c9a13bfb,f1f9e48a0d150757,2011-08-06,98.0,245.0,147.0,4.881688193460512,15.127325072661279,False
ec2034b134ae71cd,de277a4abcfeea46,2025-06-14,112.0,259.0,147.0,8.093253112658026,24.123335387658017,False
870d374f8d9af65a,92c96df8bdab5fea,2025-11-22,364.0,161.0,203.0,1.9220107189059306,36.313644273284126,True
a049c12f43914449,5dfe71ade71f3a4b,2024-05-11,147.0,245.0,98.0,3.0555042197991753,12.536403106959824,True
fbbb703581440496,fe435e440b5de0ff,2024-08-03,476.0,84.0,392.0,1.4839455977877662,8.924747364414088,True
dcd0793ff1a43b68,972197a8c61ac413,2021-08-07,133.0,329.0,196.0,7.04189682197444,29.69010476201902,False
59695aae245cca73,49c29e57d4e2be6f,2022-10-15,231.0,133.0,98.0,0.6379323326283242,34.24591474808199,False
5fdf6611815efdfb,4c12aa7ca246e7a4,2020-06-06,343.0,112.0,231.0,2.483281655338576,15.748120942423839,False
a4816be2c49e3942,d4a12dfa4067742f,2014-12-13,203.0,332.0,129.0,7.9098133431898,16.0,False
2c0a58ef0324e18b,73e09f837f3b5ecc,2016-11-26,252.0,161.0,91.0,1.3278848983894243,0.25656240153602994,False
53a736ebc356cc4a,08ae5cd9aef7ddd3,2000-12-16,190.0,393.0,203.0,8.339664743286995,55.705357199180526,False
710c7f8c7dc2af46,e96d8538d3f9d0ed,2019-03-09,168.0,70.0,98.0,0.9719569874809224,25.703065074870437,True
34ab72077963ee74,20bd6c3e03c46ee6,2001-05-04,1085.0,139.0,946.0,8.44096730254557,100.40066064787607,True
3c2ac653409cf5f2,02fc8f50f56eb307,2002-03-22,140.0,266.0,126.0,2.1875876985838154,49.0789361275788,False
de8e1dd07ad49c94,4985113c0928aa62,2012-05-26,175.0,286.0,111.0,2.6256528197019797,37.63309637059251,True
f182b13c6e07dfb1,1f5f75658551f2d3,2011-12-03,280.0,2422.0,2142.0,1.82070815964736,117.57082873694935,False
ecb9c5ae7fd7a5cc,505934897b8b4824,2012-06-22,300.0,160.0,140.0,0.8761302422363215,43.95218951220227,True
44e3a7b4f4c7d95d,a890f9a791ed615d,2015-07-12,848.0,246.0,602.0,0.4818716332299786,6.798444213904531,False
469f887278324e63,de20ffb3fc2e7629,2025-05-03,630.0,182.0,448.0,1.9055832768640038,0.8798998273252892,True
53d6d5ad08ac0694,e4bb7e483c4ad318,2023-03-18,224.0,1099.0,875.0,0.5202023313278161,57.823943371070754,True
509bd83b00e4ab7c,f9c7fe2682af3802,2015-02-14,133.0,395.0,262.0,7.605905665414074,18.008208242943056,False
0f74449bf6f64616,cf1a88371c8cb690,2013-08-17,378.0,126.0,252.0,2.967891195575543,61.873348495688106,True
54b7b3378e394070,b5ea750025697880,2012-03-02,201.0,90.0,111.0,2.806354682163221,38.90277086689753,False
47245dd345d9ef7e,a6d8bfe9e0c8153b,2010-01-02,105.0,1176.0,1071.0,3.92615864802152,42.65549745759449,False
4b35edc671de861f,32541eb5d12668b4,2016-12-17,196.0,448.0,252.0,2.976104916596505,40.65482761770522,True
dc58af0c02a42743,282fa667ff9c51ed,2011-01-22,129.0,224.0,95.0,0.6023395415374715,15.522714877519093,True
33e576af1d064e4e,04d5718ed2661e8c,2009-04-01,270.0,109.0,161.0,0.04380651211181785,13.955150833925472,True
0051d7fbb7893d27,60884f31ead1609c,2013-10-26,252.0,70.0,182.0,4.810502611278807,15.123623100955001,False
656e1040e6e007b2,896c322f56b8be5a,2009-09-19,280.0,171.0,109.0,1.7221435073957707,29.312837769968155,True
682ff095649c9a5c,f21a3d68fb9df387,2023-02-18,231.0,70.0,161.0,9.089851263201844,69.32831032659146,False
640f2ae3995b3b4f,010986ee359fb863,2024-01-13,224.0,518.0,294.0,4.794075169236876,65.76180598216843,False
459bc7c0b47719c3,4a9e305633f3ef47,2022-07-02,133.0,420.0,287.0,0.42163767907623395,9.252511714856837,False
9b39e15b42422a08,2eab7a6c8b0ed8cc,2020-06-20,126.0,21.0,105.0,10.45332895268212,9.170955856528735,True
054794810817c1cc,bda04c573563cc2e,2020-08-15,56.0,413.0,357.0,0.7666139619567858,20.86889314791688,True
3b6c18a966a2cea4,c912f676692c353a,2019-04-27,133.0,588.0,455.0,6.49979123459072,57.60372761759095,False
e40a5bd62ce710ac,d5ae8074631762fc,2018-09-08,140.0,237.0,97.0,5.147265173138393,61.931146561935975,False
bed03663bc577f02,a7724f51e32e763e,2017-10-28,231.0,112.0,119.0,5.015845636802943,20.03489862978904,True
39be68189f2d5074,83d0de122f2f9664,2013-12-28,245.0,539.0,294.0,4.684558888957337,119.34100863259891,False
433e3fd8782b6e0e,aa5b4eff51bdc7d1,2016-07-09,126.0,350.0,224.0,4.93644633360028,80.9151145146891,False
ef80a6eea892c296,4956f60b7fa57c1a,2016-11-12,77.0,532.0,455.0,0.09308883823760539,12.989948270855393,False
2bcb878e9d02b8f7,bc7cf284c1c2f16e,2015-04-18,276.0,35.0,241.0,5.68389494650814,63.506206805754346,False
045c298c72fe196a,dd39f1ca787a3d9d,2015-12-10,138.0,250.0,112.0,4.271134930902072,61.1485548467972,True
6275b448b6c35f1f,0c3838c8f7c620c2,2015-07-25,98.0,203.0,105.0,4.013771672245152,67.2730058542943,False
5d7a720a2e2f4749,c6e6926a81adcd00,2012-12-29,238.0,147.0,91.0,0.7282832638589412,24.563220232895446,True
d90567f7d4372160,30cd319d39ee689b,2008-12-10,53.0,186.0,133.0,0.05475814013977143,32.30521512459609,False
9d2c9d2249d4fe50,a6d8bfe9e0c8153b,2010-01-02,105.0,1447.0,1342.0,5.070603776942718,15.630517008787137,False
53d6a7634c7fc036,67ec58d7cf599835,2018-05-12,674.0,203.0,471.0,5.056914241907773,28.49301716266018,False
16a0352f3e19b931,5df10509264586e5,2017-05-13,245.0,398.0,153.0,1.4483528066969171,6.250644840853283,False
8da75fd76a9b8e1d,e49c2db95e572dc8,2020-12-19,490.0,119.0,371.0,3.255371431309335,8.067030781031917,True
1bde9cb65d31cc76,e57f0b06ea39e360,2021-07-24,259.0,154.0,105.0,5.949471926186028,51.61149924924689,True
2664805fde34fb1b,756f45905fb20cb5,2022-11-05,329.0,133.0,196.0,4.016509579252137,22.602667304472334,False
82243207b4dfce87,bfe95ec546692b13,2021-02-20,252.0,154.0,98.0,3.6770091103855655,6.018454161968293,False
b1eff235241e719b,6597b611f1c32555,2021-03-27,224.0,322.0,98.0,4.0466265563290165,43.65948994831956,True
6921344f8e706d0f,70167689d6a01793,2019-08-17,287.0,406.0,119.0,3.4169079447216575,29.068799047854327,True
8238f9d2fd961757,02177caefe7c07d4,2018-01-20,252.0,49.0,203.0,4.046626556329013,51.66017072859995,True
f2916c10b7ecfcee,380e8b023290d091,2016-01-02,238.0,119.0,119.0,3.537375853029154,63.24020744773793,True
2ab2753040f455e0,d4a12dfa4067742f,2014-12-13,420.0,196.0,224.0,1.4483528066969207,35.83914917467155,True
77d82e8a220053ea,a8d521d913df4e31,2014-01-25,224.0,98.0,126.0,3.255371431309335,13.63765937378139,True
e27504d07ebbc441,a4bf17bd3ba3423b,2016-05-14,336.0,133.0,203.0,5.054176334900788,9.034081022921782,False
a4daf2f24acdcd43,8fd1f27e86661ede,2013-06-15,49.0,259.0,210.0,6.1630286727311265,23.38124067015906,True
aac887ea8a83d7a4,980b4e712489098e,2013-08-31,133.0,4180.0,4047.0,1.5332279239135644,22.618324364080763,True
223f9a750428e1d0,0577808d22dfe79c,2015-02-22,162.0,386.0,224.0,0.3093834917897027,37.525656497554564,True
92d0c39f0df77c7e,6d7886b094b471ac,2011-12-10,196.0,105.0,91.0,2.9733670095895235,54.158620851719206,True
5755a68d39867abc,c80095f6092271a7,2010-03-27,105.0,385.0,280.0,4.3833891181885996,39.765072968051754,True
e7ff18a0cfa09702,a5c53b3ddb31cc7d,2007-08-25,280.0,142.0,138.0,3.296440036414161,53.23863025811215,True
dffef4343e822399,429e7d3725852ce9,2004-06-19,140.0,267.0,127.0,3.2170407332114976,8.448658738176391,False
2a2f50039ac636d0,1dc56b59cb28425d,2002-07-13,659.0,113.0,546.0,12.534138277993389,13.861771395876758,True
a85a0831580696ff,bba678d312590087,2003-02-28,230.0,1596.0,1366.0,14.075579922927915,1.1881723327987856,False
44592a74cda71275,977081bc01197656,2006-02-04,120.0,595.0,475.0,1.0814732677604582,58.15364394148537,False
e2e2537a345367d4,0f7210aa8d61af8d,2025-03-29,364.0,182.0,182.0,0.6680493097051965,4.5252373832991,True
f114929ed709606e,079488710f012779,2024-09-28,175.0,385.0,210.0,5.5880682012635425,1.368088100236946,False
5d481ff494bf40da,ece280745f8727b8,2023-09-09,210.0,371.0,161.0,3.351198176553936,14.736676092496737,True
37e2f89510cc0bba,cfb65863d5099327,2010-06-12,420.0,73.0,347.0,0.432589307104184,18.191399896771145,False
3d1f83264d87c529,99bf06f20491cb54,2017-06-25,392.0,177.0,215.0,14.532810393094998,18.092245820478183,False
49f83168974fb60f,db1f2ed63b54b9a7,2016-03-05,217.0,616.0,399.0,4.293038186957979,4.7419694726299895,False
3b21a9f48bac4a44,a8e8587a06e73c87,2023-12-16,175.0,84.0,91.0,9.585412431466764,8.800127243555835,True
0292b9c31c0089ac,ad23903ef3af7406,2024-12-07,357.0,581.0,224.0,6.2314763479058435,87.94753711847011,False
da1b37edb8ccd3e6,c945adc22c2bfe8f,2023-09-23,287.0,105.0,182.0,3.162282593071726,9.142262819090547,True
721b23d896a44e2e,487c170da059857d,2019-03-23,260.0,133.0,127.0,4.342320513083774,16.0,True
abd45edc07a8d9e3,75e0d3cc2262b732,2022-03-05,189.0,490.0,301.0,8.701068468209474,8.222086257074352,True
83f6a6fc79036749,738acab0c6934dd8,2013-01-26,126.0,518.0,392.0,4.38886493220258,31.42408252145492,True
c0ca4c201d086ea8,8fa2b06572365321,2023-09-16,161.0,70.0,91.0,14.773746209709984,12.476850021738755,True
fd4d5685c2e207b5,9bcfb40dbcd50568,2014-09-05,188.0,61.0,127.0,6.568238909765434,20.463237754117472,True
5bcc7204a43cf34e,c6da1c24fe473418,2012-12-15,203.0,413.0,210.0,2.0671197902763296,36.85517370360185,False
09f67db0cfaee022,06dc1a58663579d2,2015-06-06,274.0,175.0,99.0,3.2581093383163235,58.07891070985602,True
5a346087f4120fa3,d4a12dfa4067742f,2014-12-13,322.0,99.0,223.0,0.8405374511454724,20.34977729946081,False
a60ba933a7ea898e,282fa667ff9c51ed,2011-01-22,119.0,259.0,140.0,4.8159784252927835,79.10943172392535,False
ef1519c8c1d20977,7956f026e2672c47,2025-10-25,182.0,763.0,581.0,0.8460132651594492,33.481862115240574,True
adb411b0f418ce33,c945adc22c2bfe8f,2023-09-23,1127.0,427.0,700.0,2.2532974667515404,29.28155169871866,True
0a3e48cdd97267f4,af1e5c64b8663aa0,2020-08-22,245.0,357.0,112.0,7.244501940491595,14.53674426737598,False
72656e864ca1c972,3bb030257966b022,2014-09-27,1092.0,126.0,966.0,1.2293202461378385,42.51217668353547,True
b951f2d4080ef172,ee457ef1e1c326c1,2013-12-06,100.0,363.0,263.0,0.7611381479428054,73.32429452362385,False
7af713ee9e3006eb,83c6c3e0f8bde8ee,2013-03-02,112.0,224.0,112.0,0.6351944256213358,15.95877721306124,False
dbc72a4092a0b296,5da4e8dc02e50ac0,2016-08-20,83.0,329.0,246.0,7.556623339288279,10.145442335208827,False
e7e244a0bf244e61,a4dd5c9a75763295,2015-09-26,161.0,448.0,287.0,2.097236767353195,61.31038428713282,False
f046dfa306dc7acb,68c6cd5287b473a7,2009-01-17,196.0,385.0,189.0,4.134239580552645,14.709855474415463,False
764012f51c7dc223,9c37681096c6f3a9,2020-09-12,84.0,217.0,133.0,6.384799140297197,34.416340374719994,False
760b5b16b4931a77,0c1773639c795466,2020-01-18,182.0,92.0,90.0,15.647138544939317,75.74811844464466,True
5a82757b553c40fc,e4a9dbade7c7e1a7,2024-03-02,581.0,133.0,448.0,8.358830092335914,26.049767838938806,False
d6e240c47ba6034d,026b4f7049085842,2024-07-27,147.0,322.0,175.0,6.707872167121842,50.949363973670415,False
b90a5b9061ec54a5,caced97768818230,2017-11-18,350.0,161.0,189.0,3.9425860900634504,5.276404541278225,True
1e8c33b1917fe1b7,885e7f70dcac0007,2022-10-22,91.0,259.0,168.0,10.198703601032193,27.883006481834627,False
8ba31cf0b3164b72,8ad022dd81224f61,2025-05-17,329.0,126.0,203.0,6.540859839695546,2.59235556598901,True
dfa8fd0b82b37fa1,ef61d9f5176b3200,2023-09-02,63.0,224.0,161.0,0.7392348918868983,7.384641262779496,False
0273dbd5dedbdbe0,b5abaa65f87938eb,2021-11-13,119.0,385.0,266.0,2.056168162248369,5.70521026380834,True
1ea9ad3b6e1cba79,66766984842c13dc,2025-06-28,574.0,161.0,413.0,0.04106860510483301,38.89315656299755,True
6915d46b49999f60,ad044be25c94dcfd,2020-10-31,49.0,171.0,122.0,8.534056140783179,48.847558481851365,True
1f922cfe6178e830,b3b6e80b7d5f8f0d,2022-11-12,133.0,252.0,119.0,2.360075840024095,17.4431995807804,True
733e675fd7c0052a,cce79e827569f26e,2024-02-03,448.0,119.0,329.0,0.5859120994955447,12.220983766117797,True
838bb84a5a976a9c,75e0d3cc2262b732,2022-03-05,476.0,21.0,455.0,4.566828887656833,53.13972051770611,True
238832b58a66ae07,cbb682f5fcc44bfc,2022-02-12,133.0,231.0,98.0,3.364887711588878,3.060670475825418,True
4341ebb5a56e6943,a1d6b308781aa2f5,2021-06-26,196.0,336.0,140.0,1.0212393136067135,43.0259712243178,False
cb7616f92a9a4e5b,d0d43cb9b14f231c,2020-12-12,273.0,147.0,126.0,3.7892632976720932,31.600998291787846,False
4924d7a980f4cde2,ff9578cdbfabd323,2017-07-29,420.0,105.0,315.0,1.754998391479635,3.7793321438850853,True
958f3b45c132c3b7,a4bf17bd3ba3423b,2016-05-14,511.0,156.0,355.0,1.6536958322210609,29.28996568344178,True
d764ef3e078c96c8,ed069a95aaaf4f56,2017-04-15,154.0,336.0,182.0,2.9897944516314503,6.646303582856035,True
95edc0b6438f2592,49e7e05f902479ca,2018-04-07,252.0,77.0,175.0,1.1526588499421635,1.7489136465387674,True
6ea23c2c30f85a89,74fefd43f073cd2f,2019-12-21,147.0,385.0,238.0,0.3915207019993545,15.321034826251434,False
96740aa476055413,a890f9a791ed615d,2015-07-12,428.0,211.0,217.0,0.7830414039987126,14.907788667619343,False
d49bc8e4e5613614,977081bc01197656,2006-02-04,1485.0,120.0,1365.0,2.527088167450394,31.20247271335711,True
0ff019f37961b954,946f341df6472ee0,2002-01-11,70.0,391.0,321.0,6.5846663518073605,32.66504749168712,False
9ea4087371f7a892,08ae5cd9aef7ddd3,2000-12-16,449.0,85.0,364.0,1.0869490817744385,0.5906664990393438,True
30b33d032605c885,d6455cb4bee503ce,2016-09-17,301.0,154.0,147.0,4.632538655824554,16.664585607504023,False
4df1d3183929d021,d6455cb4bee503ce,2016-09-17,462.0,72.0,390.0,3.7043881804554495,15.296414397906346,False
60be02c5566c8348,2f8f3c69522db931,2019-07-13,896.0,589.0,307.0,0.6735251237191733,27.44636883277599,True
3aace29fcc65ec51,8a028648f3f0761d,2016-07-23,153.0,252.0,99.0,0.1341574433424384,19.982594983956233,False
30f6cf4253b13b76,32541eb5d12668b4,2016-12-17,147.0,350.0,203.0,2.3491242119961413,30.11022147171184,True
bc276e0f07e30a54,0eec866a077889f0,2021-09-25,280.0,147.0,133.0,2.7077900299116386,29.66286270385831,False
8955ea3c7c332e6c,e49c2db95e572dc8,2020-12-19,70.0,378.0,308.0,0.837799544138484,13.541507470570423,True
727ecd251325b6a8,fd4578cac86d75ca,2020-10-10,301.0,126.0,175.0,3.98365469516828,0.9706447668995679,False
69b147aaaafeb47d,d29b5c4f22c6357d,2018-06-01,314.0,174.0,140.0,1.174562105998067,54.725740750940304,False
1aaa1a9ceecd6063,bcd124bcd3d5be46,2017-12-09,28.0,133.0,105.0,1.2621751302217028,56.742096443136234,False
aa232e53d285cc6d,81ca2c245b19b3c5,2019-11-16,189.0,448.0,259.0,3.8659246938677683,11.701340885272884,True
2b038a467a89c73c,9de7c97e1c0d7927,2019-05-11,259.0,63.0,196.0,8.45191893057352,28.039634485653096,True
b509c337d181c567,852454c572675334,2018-09-22,231.0,113.0,118.0,0.7228074498449715,32.96441767218971,True
edcf1d6a1bd8acc7,5cde96e0a1a1fffe,2016-11-19,189.0,49.0,140.0,4.416244002272464,31.76869348484115,True
eea06604a47ea9a8,30a09e43f15f1d75,2014-01-15,172.0,67.0,105.0,4.766696099166992,3.391305143616364,True
9275134accfb1adc,cd42bbe8887bba90,2016-07-08,412.0,244.0,168.0,8.799633120461063,18.698634708850932,False
ac656cebef8cf0a4,5cde96e0a1a1fffe,2016-11-19,174.0,63.0,111.0,0.18343976946822949,41.8066762134049,True
f7e9bd2d6f81aeae,6436029b50a9c255,2025-11-08,196.0,84.0,112.0,4.599683771740697,6.088079481001387,False
fc91f1e448f35797,4d74641fac830182,2012-01-20,111.0,208.0,97.0,7.1733163583098865,1.61394400203244,False
0f20c1d7c44fa5fe,0f7210aa8d61af8d,2025-03-29,196.0,42.0,154.0,13.905829688494627,95.22360749376503,True
d063d46208c560b1,079488710f012779,2024-09-28,112.0,679.0,567.0,1.4045462945851028,68.39214348320843,False
1ce1a43ef68ffc7d,509697e08673d2e5,2021-12-04,364.0,119.0,245.0,0.6735251237191733,23.799882623739677,False
3d75081ce43774ca,972197a8c61ac413,2021-08-07,434.0,168.0,266.0,5.593544015277523,11.747081982567579,True
c936527df280b8b4,351264d11286d09a,2019-05-04,546.0,161.0,385.0,2.981580730610485,14.60212574848083,False
0548a24a9bf8d7a0,e9e1acc96536bb4f,2023-07-01,245.0,336.0,91.0,13.566329219628056,4.662923134072798,True
7484298ad57099be,0eec866a077889f0,2021-09-25,301.0,182.0,119.0,6.538121932688554,29.844372957711357,True
918103d82ecbed75,5f8e00c27b7e7410,2020-05-13,270.0,144.0,126.0,2.6612456107928253,13.205924482264436,False
a773883743242df9,d86e913c548c07c2,2017-09-09,787.0,147.0,640.0,0.8104204740685965,1.3053492635788189,True
d447919ec1a9f34c,36877f0e62b25b96,2015-07-15,143.0,374.0,231.0,3.403218409686712,1.4123733296476075,False
3011439ecaf74180,351264d11286d09a,2019-05-04,63.0,189.0,126.0,3.238943989267405,48.74611883546686,False
4f6d3cdf2c77fb57,56116537d71a578c,2021-01-20,151.0,487.0,336.0,4.903591449516416,13.689432817044008,False
c6fc43c351b08bda,75e0d3cc2262b732,2022-03-05,721.0,147.0,574.0,5.579854480242577,15.55536624436536,True
6c9bf1d285cf5dd4,e96d8538d3f9d0ed,2019-03-09,182.0,329.0,147.0,1.9192728118989422,16.029676263566216,False
f329bd89e375d6df,2719f300b0439039,2023-08-19,77.0,273.0,196.0,2.2341321177026217,4.876351082341898,False
3677ce6c1ee06a83,a9df5ae20a97b090,2024-03-09,357.0,203.0,154.0,5.7085361095710425,8.914639604790864,True
fbbb9e72900b71f5,bd92cf5da5413d2a,2025-12-06,252.0,126.0,126.0,6.1383875096682345,14.36381840383001,False
2a1826612a7d739c,53278852bcd91e11,2020-03-14,539.0,350.0,189.0,0.04654441911880269,4.313348283761343,False
1bd52b0c01018f4a,99bf06f20491cb54,2017-06-25,126.0,323.0,197.0,3.912469112986578,32.548205340146524,False
037c68d03c970609,daa89f01e1c0f42a,2018-02-24,244.0,105.0,139.0,6.653114026982074,44.3973236328618,False
799acf3ae8a5df0a,3ab0df1ddd5f1dc2,2024-11-02,252.0,518.0,266.0,0.1122541872865277,4.219284114579295,False
0462bcc27498f7c4,5717efc6f271cd52,2023-01-21,364.0,175.0,189.0,5.971375182241932,34.12033222257082,False
74f5cbecac011abb,902ab9197b83d0db,2024-02-24,231.0,70.0,161.0,1.3087195493405055,49.903564673131314,False
0f24f3bc1b39ea45,6085ceb59087514b,2023-07-08,168.0,343.0,175.0,3.6441542263017013,19.8724129237371,True
8d5ea3bf3be7cb91,bbb15f301e4a490a,2020-11-21,252.0,56.0,196.0,1.3087195493405055,20.001492209519938,True
49b47b5b5f15c7c0,3144121470023e9a,2018-05-19,287.0,119.0,168.0,3.644154226301705,19.123354343113306,False
b3c74554c871fbf8,53278852bcd91e11,2020-03-14,259.0,91.0,168.0,8.649048235076695,39.91794116841538,False
b5d5b8e06ccb70a3,6e4acc2c115215b5,2024-06-01,329.0,56.0,273.0,0.8788681492433099,80.31988621294613,True
253e42894852b26a,f4a031ac205ac580,2017-08-05,202.0,105.0,97.0,0.3039076777757259,9.348736475633814,True
579b5770129b328a,b0a6124751a56bc4,2022-07-30,238.0,140.0,98.0,2.2724628158004627,35.933529873406314,True
db2c805201a3116e,58a36b4ccf5dc30e,2021-05-08,231.0,140.0,91.0,7.384135197848003,57.59951741552277,False
f09912e9d8eaa968,b9532d815060de7f,2021-09-04,119.0,231.0,112.0,0.04106860510482946,76.81082008068256,False
1c4602efe5587902,e49c2db95e572dc8,2020-12-19,224.0,35.0,189.0,3.5510653880640923,3.8380779073715985,True
296cc69bcc3c1635,9211aae062b799d6,2017-09-22,356.0,230.0,126.0,6.234214254912832,69.29115506623361,True
98458778348ea5d7,b9415726dc3ec526,2023-06-17,399.0,273.0,126.0,2.121877930416094,12.070842210783894,True
f6454f2e508626ec,de277a4abcfeea46,2025-06-14,49.0,1190.0,1141.0,1.817970252640368,47.238902485009476,False
46bc1338a50cbeac,7b03d9df5910917d,2025-07-12,903.0,238.0,665.0,10.59296221003854,26.413453418776953,False
c931097a857ed60c,35585d970300d45a,2018-07-07,399.0,218.0,181.0,2.1848497915768306,14.690379426900336,False
b873c116e39c9920,118463dd8db16e7f,2025-05-10,287.0,427.0,140.0,8.1726524158607,74.70037327304749,True
6d4b6224f26572f9,8753e125f4499816,2022-04-16,252.0,119.0,133.0,3.3840530606377968,27.33403911472169,False
d325a1483d78ae75,885e7f70dcac0007,2022-10-22,189.0,336.0,147.0,4.375175397167638,60.28400348768196,False
ed707998b13d0101,3c6976f8182d9527,2023-05-06,196.0,28.0,168.0,1.9712930450317216,9.52042989802294,True
8cf076524cad5a55,3f7c14c7eca7195d,2021-02-13,238.0,497.0,259.0,0.5640088434396375,79.86288422904022,False
ec5163539a133f17,026b4f7049085842,2024-07-27,224.0,448.0,224.0,3.1266898019808735,23.245261984756098,True
2cc1fe3570999428,d4da8995fc91e7ef,2019-01-19,232.0,133.0,99.0,2.135567465451036,24.176645345130055,False
1caec47dc08613a7,b1605ea39fba6af6,2015-05-16,112.0,371.0,259.0,5.67294331848019,19.947457927304413,False
c910d2fe570b368a,706404da0775dcbc,2015-01-24,245.0,141.0,104.0,14.938020630129298,23.765278730390037,False
80faf0c138d20999,9bcfb40dbcd50568,2014-09-05,202.0,97.0,105.0,5.651040062424276,34.33050607979658,True
5d7c91acbcddda2f,b757c73f443d4fca,2014-05-31,217.0,105.0,112.0,7.474486129078624,65.48812949360035,False
d1a93a55c8063ff3,de25520d54eab12d,2018-11-24,364.0,224.0,140.0,4.4244577232934255,33.43283237965193,True
e2dc4fb7b5c0ce76,ed220e87bef0cc64,2025-09-27,511.0,420.0,91.0,2.409358166149886,36.135025102852524,True
57785c9be5b4526d,c9885b1b7c7055a0,2023-07-15,819.0,140.0,679.0,0.2601011656639116,16.059815523706675,True
43d7d4b67be48553,57591bbf1623574e,2022-06-04,301.0,133.0,168.0,1.3881188525431725,17.09830300993076,False
af9927b5589e708b,972197a8c61ac413,2021-08-07,371.0,273.0,98.0,0.432589307104184,2.7462804732190307,True
62fbdd4f0bcd3c2a,b2e3aca4cd363477,2025-04-26,308.0,504.0,196.0,2.803616775156229,41.29185726299602,False
31cb98ce37fd87dd,756f45905fb20cb5,2022-11-05,427.0,154.0,273.0,3.074669568848094,1.129253402141103,False
2ba11e0bf32829d6,806975e1b4f47b27,2023-02-25,238.0,147.0,91.0,5.859120994955404,9.87450283934595,False
5ee83e03aaff5fa1,c8a49ff2acb6f3c5,2023-10-07,140.0,840.0,700.0,4.8816881934605085,16.85833945172044,False
99ac96bb67e5c5e4,4a9e305633f3ef47,2022-07-02,336.0,203.0,133.0,5.549737503165709,7.360654705871639,False
ca22bafab913aae7,744f50016c39c26c,2021-05-15,154.0,252.0,98.0,10.198703601032193,18.810201170796745,True
e8206c7380441fbb,542db012217ecb83,2020-09-05,294.0,658.0,364.0,3.813904460734989,17.19076936643546,False
3b463d688d598a72,b1605ea39fba6af6,2015-05-16,77.0,175.0,98.0,10.174062437969294,20.20276566634766,False
fe49ef11584415d0,ad4e9055bf8cd04d,2015-02-28,273.0,2366.0,2093.0,0.3093834917897027,65.91772178969268,True
8c124a6196e39ad8,e0b74df14f52cd15,2013-07-06,360.0,189.0,171.0,2.9678911955755396,18.969663613147986,True
d856812dc733690a,15b1b21cd743d652,2023-04-15,287.0,154.0,133.0,4.6215870277966005,51.13584265200552,True
abb8c6c0a057184e,ef927e4fe2117ab8,2021-12-11,126.0,280.0,154.0,1.4976351328227153,16.04944136523045,True
dfe14e13aa727a0c,af1e5c64b8663aa0,2020-08-22,441.0,245.0,196.0,4.8926398214884586,44.25627720272905,False
39fa341fb9161d6f,2d5fbe2103f97053,2019-03-02,210.0,92.0,118.0,4.8296679603277255,2.5280184335413196,False
aa7d691fc6385acb,c7ac79839e86ce33,2018-11-30,118.0,272.0,154.0,2.091760953339218,6.928066463347477,False
30a2c7e5b90e6d74,5cde96e0a1a1fffe,2016-11-19,135.0,287.0,152.0,5.651040062424283,24.51493603377139,False
a815119606930378,45a2ba3ef82b9700,2016-07-07,361.0,243.0,118.0,0.0684476751747134,11.360444440399988,False
d2198a7ae05b24c1,5345f86680378fc1,2015-11-07,399.0,112.0,287.0,2.8090925891702057,12.858633643520989,False
81af3b60203d92df,b09890ba7ce1d1e2,2019-12-07,70.0,357.0,287.0,9.092589170208836,22.877822522344786,False
8b341eb556c97c23,1174782eacde9b0c,2023-07-22,273.0,126.0,147.0,0.7693518689637671,13.063395788061825,True
2d36e2c10ee349fe,885e7f70dcac0007,2022-10-22,420.0,105.0,315.0,2.9377742184986673,2.8173714888635004,False
65352221c0bfe52d,4304992c2acc187b,2021-01-23,168.0,413.0,245.0,1.8371356016892904,2.959100757192573,True
86a1be10255eea4e,86b30a86664cb6e4,2025-04-05,476.0,161.0,315.0,6.382061233290216,12.415049903861927,False
d27ac1bc677b89cf,56116537d71a578c,2021-01-20,189.0,431.0,242.0,6.080891462521475,1.5775131126501947,False
156f2425a937b22f,3974fa35c917af1d,2021-10-30,147.0,283.0,136.0,2.69957630889067,12.991040947895499,True
dad034faf3d62cb9,6810d8d2dd557cf9,2016-11-19,134.0,343.0,209.0,4.090433068440831,28.556968930916355,False
6d48f75153e4ad6b,33b2f68ef95252e0,2020-02-22,140.0,308.0,168.0,3.159544686064738,17.183147125426785,False
34cb6e9952cd30a4,0b64d0fed453ef7f,2021-06-12,231.0,140.0,91.0,2.409358166149886,8.400419067356097,True
e3acb789f7dcd34c,03da33a102d9a45f,2019-08-03,428.0,182.0,246.0,2.852899101282027,44.35349587495625,True
8cf571afc2618df4,16d09e800ad7ec79,2015-04-04,350.0,231.0,119.0,0.5667467504466224,15.326918458919181,True
ef12d2aaaadaf6d0,7956f026e2672c47,2025-10-25,364.0,140.0,224.0,2.8200442171981663,42.307600641549016,False
01100a90b584215d,18c49685296c60e6,2025-06-07,308.0,84.0,224.0,7.408776360910906,64.26522691322407,True
9c3f3bc7f7472e0c,1c7cce2f5c17160d,2017-05-28,855.0,162.0,693.0,2.7050521229046467,14.90619022572082,False
55139052f4641670,30a09e43f15f1d75,2014-01-15,98.0,284.0,186.0,2.03700281319945,19.226390045666676,False
245009a9e1a0f60b,06dc1a58663579d2,2015-06-06,252.0,154.0,98.0,6.8721465875411525,28.855045713702566,False
fc45644c62643c71,3bb030257966b022,2014-09-27,169.0,315.0,146.0,2.256035373758529,6.216618093332272,True
9bec9d2d0dd1d7f7,28f3c2258a1d8874,2013-11-16,483.0,175.0,308.0,3.7509325995742557,0.4869332159798887,False
27593cd1cda3cc2f,f1f9e48a0d150757,2011-08-06,259.0,161.0,98.0,4.988466566733063,20.31893308419467,False
dbe53d31f4c1ccf7,6d7886b094b471ac,2011-12-10,224.0,126.0,98.0,0.4544925631600947,14.709065190824049,False
c556a9d615f11483,59aaf2730b84698a,2014-05-31,269.0,91.0,178.0,1.3333607124034046,0.7686569400614189,True
e3fb9146a7eaaa47,e60201cfab7d656d,2016-03-19,168.0,308.0,140.0,3.991868416189245,14.97326067311974,False
e7423a91a253b416,e15d0a2519d6a0b5,2021-10-02,819.0,1219.0,400.0,11.08304756428948,64.51128277276075,False
23e96ddeb14b5936,579fcdfcabd23a7b,2014-05-10,105.0,725.0,620.0,5.897451693053242,11.420439493633921,True
02b39d683f027517,5cde96e0a1a1fffe,2016-11-19,345.0,217.0,128.0,2.762548170051403,5.476403577212977,True
5574c020655b435e,dd39f1ca787a3d9d,2015-12-10,236.0,579.0,343.0,10.99269663305886,34.67797824204831,False
09afa6ce4747a1a2,b3b6e80b7d5f8f0d,2022-11-12,371.0,231.0,140.0,9.514226849285063,16.521230078424423,False
c634ed84212723ca,48e093ea1f43a053,2021-11-06,273.0,140.0,133.0,11.129591983408279,36.95705426749555,False
c4704eab5e2f51b8,abcf7e55a0a9ed89,2019-07-27,105.0,462.0,357.0,10.132993832864464,21.098992020585456,False
2361b51aa72e5551,7929be8290289a47,2018-03-03,294.0,84.0,210.0,9.349952428865755,67.77661819482728,False
bdcb43bf1daa790b,1c5879330d42255f,2014-07-06,365.0,575.0,210.0,2.8419474732540735,21.218448093183724,False
1c4e4b3358089960,601cf40c09090853,2013-02-02,385.0,175.0,210.0,4.898115635502439,38.19184534684041,True
6453b20a65c62cfe,e0b74df14f52cd15,2013-07-06,154.0,287.0,133.0,8.002902181427405,55.020014645549054,False
5ab4bdec4db84f7d,91d73ee59347ac16,2009-12-05,196.0,301.0,105.0,0.3778311669644161,48.47195213247028,False
9f14f080b08e6869,46f11d15c0134fe3,2008-07-19,108.0,378.0,270.0,7.140461474226026,0.5071273784701589,False
eb23f3574b656624,c4b6099f0d25f75e,2009-05-23,308.0,210.0,98.0,8.197293578923595,18.10737093318221,True
9caaca5748ea9086,d1e6a6536ee62517,2012-12-08,371.0,207.0,164.0,9.648384292627501,28.530622568296167,True
44e24628e8eda0b1,aac5ac38148f0528,2011-06-11,140.0,231.0,91.0,7.562099153302256,47.369509535631096,True
25137d9cc8b47f57,acff437707625fc7,2010-09-15,1530.0,88.0,1442.0,2.2642490947794975,26.37890018545636,True
2ea1f463620bcd3d,d4da8995fc91e7ef,2019-01-19,189.0,84.0,105.0,3.745456785560279,33.8127766556529,True
3caa22209cb559b7,06dc1a58663579d2,2015-06-06,176.0,507.0,331.0,2.538039795478344,43.65128784047738,False
b56d1822b9f9a35f,6a0b80a24f22e152,2012-10-05,119.0,335.0,216.0,0.15606069939834555,11.9029398700593,True
0366e183296fea07,b0a6124751a56bc4,2022-07-30,49.0,154.0,105.0,5.94673401917904,33.86322840265166,False
69167b996ce7a7e4,8a9c6c4301f6d088,2021-10-23,399.0,259.0,140.0,7.835889854001106,10.952983593879708,True
5f4a107d930e4852,3a24769a4855040a,2022-06-11,105.0,231.0,126.0,7.0145177519045525,0.32560259368938205,True
8c34e1e0d842618d,a1153013cb5f628f,2021-02-06,210.0,21.0,189.0,0.7474486129078635,14.542589638984055,True
3c60884853766487,8db1b36dde268ef6,2025-11-15,238.0,91.0,147.0,1.9795067660526868,86.11879290213756,False
b070b8c2c489d838,0b64d0fed453ef7f,2021-06-12,91.0,588.0,497.0,6.357420070227317,57.41675176195781,False
f70c817388602681,4f853e98886283cf,2022-08-20,287.0,434.0,147.0,4.290300279950987,79.29400340071265,True
e068f14acd47ed69,80eacd4da0617c57,2019-03-16,266.0,98.0,168.0,3.074669568848094,18.942112311319534,True
3fa8ee3fdc04fe36,a8e8587a06e73c87,2023-12-16,273.0,651.0,378.0,3.504520968945293,36.16445590939952,False
e84fa12d87993ec5,eed2b71d77d95416,2018-03-17,196.0,293.0,97.0,4.618849120789612,53.77335009751232,False
5a6e894e4b6cc703,5ef0088c1b19beeb,2023-12-09,119.0,224.0,105.0,11.677173384805986,14.981530543163672,False
c1e5859053263811,e15d0a2519d6a0b5,2021-10-02,357.0,595.0,238.0,2.5243502604434056,0.507923751049475,False
235e4c69d5d945e8,977081bc01197656,2006-02-04,124.0,245.0,121.0,0.7145937288239992,29.67112261450052,False
25747d81ae5c6564,66e0a70352fef46a,2024-07-13,364.0,154.0,210.0,2.628390726708968,13.153161160119453,True
08e7a39eb7482ebf,22f4b6cb6b1bd7fd,2025-04-12,175.0,273.0,98.0,5.207499127292138,54.99840531590712,True
3a8af8ee23444b72,f3a078277b3b8ff4,2023-10-14,315.0,182.0,133.0,6.015181694353757,76.14699365054344,True
0599f35e6679de02,6a0047ac8c99fece,2024-10-19,371.0,84.0,287.0,1.2238444321238688,98.50858279166027,True
760e3f292b834637,6bf5a7d3e081ade2,2022-04-30,133.0,371.0,238.0,1.5742965290183903,66.31427849842134,False
f039c93516e48253,dfb965c9824425db,2020-05-16,308.0,112.0,196.0,4.05757818435697,92.75431990619063,False
69fa167ba5d0fd82,41dca66f9dadfc86,2020-11-07,175.0,357.0,182.0,5.032273078844874,55.95073222131418,False
cf3a93dd5460593c,f3155a94ca420126,2015-10-24,308.0,98.0,210.0,1.0951628027954001,32.42000362506383,True
1eb0491642f276ed,8a028648f3f0761d,2016-07-23,140.0,490.0,350.0,3.1266898019808735,60.0776956990162,False
9f5c84d05107f42b,4e5bbc4566049cbf,2014-12-20,56.0,175.0,119.0,0.08487511721664376,78.76233143747709,True
a730a20ab0c61499,7d5b12de1625984e,2011-10-08,224.0,119.0,105.0,5.8098386688296095,1.37891266787733,False
29bf7862fb1c28d6,aac5ac38148f0528,2011-06-11,314.0,126.0,188.0,8.408112418461709,45.164260735008384,True
aa91cb7567d6c48a,c0342805a1948cbb,2018-08-25,85.0,357.0,272.0,4.0986467894617995,24.64472981956601,True
54a15700ab185420,a890f9a791ed615d,2015-07-12,134.0,288.0,154.0,2.1246158374230824,0.8733735769824307,True
82d057278298846f,72cbe507644a587c,2016-07-30,77.0,182.0,105.0,4.210900976748324,45.00690178607715,True
c3e3d5ef06a45616,9ca265dfe8323db3,2014-05-24,70.0,301.0,231.0,3.022649335715311,28.11048226503226,False
b7c7707ccea492c7,d29b5c4f22c6357d,2018-06-01,405.0,97.0,308.0,1.9576035099967868,12.47878375253822,False
44c6d87116bb3a10,b3fb8d2293e17a59,2016-01-30,483.0,202.0,281.0,1.442876992682944,39.988815824348876,True
3e50773520e7a218,0a97691039c4bbfb,2012-02-15,349.0,151.0,198.0,3.238943989267405,41.615723342716365,False
618b581f14a37e06,ad4e9055bf8cd04d,2015-02-28,105.0,469.0,364.0,7.323901243694259,28.528584706748006,False
8802182074bf4a3a,6a0b80a24f22e152,2012-10-05,126.0,2559.0,2433.0,8.66273777011164,96.53717230960251,False
d1cda3a0c148b725,65ddc8a9ac4e8531,2011-02-05,188.0,84.0,104.0,3.7098639944694263,3.627936273772548,True
18dde81d45ac2232,0941df56f6ac954b,2019-10-12,77.0,651.0,574.0,0.982908615508876,79.13418741421219,False
913d8a35095591d5,7abe471b61725980,2023-06-03,455.0,70.0,385.0,4.082219347419866,29.412306788662818,True
7dbf23cb872edc9c,18f5669a92e99d92,2020-07-15,46.0,207.0,161.0,2.6694593318137905,44.67340584812996,False
fbedeb4e4b019b94,5ef0088c1b19beeb,2023-12-09,49.0,511.0,462.0,9.073423821159913,22.816849284193495,False
82338ba457fbe87f,421ccfc6ddb17958,2025-08-16,616.0,252.0,364.0,6.852981238492234,17.20620772133202,True
2dfa31667cee74c3,90e7447d8b7f3f35,2017-06-10,56.0,196.0,140.0,1.609889320109243,47.536978144446266,True
336670b46f343d65,980b4e712489098e,2013-08-31,483.0,259.0,224.0,2.3217451419262574,0.7378650066732462,False
926977ec3ed0ebe1,236a37d96d476164,2022-04-23,154.0,567.0,413.0,6.163028672731134,16.638756422078586,False
3fcd53eb27945231,307064d3e0f036c2,2021-01-16,434.0,175.0,259.0,3.1923995701485985,59.882532817246556,False
f115a91066a77ee7,3a24769a4855040a,2022-06-11,140.0,238.0,98.0,9.30340800974695,29.12012302965354,False
e3881a6895be3e9e,8f4616698508f24d,2021-10-16,707.0,273.0,434.0,0.14237116436340358,37.7656258135537,True
840863604b38a33f,15edcf67ccf5be84,2010-02-06,140.0,259.0,119.0,2.513398632415452,28.835196347497003,False
636b01ee49925e49,dba230fe33011201,2024-03-30,294.0,140.0,154.0,1.1307555938862563,17.226703517819033,True
e3d657dd88864ba7,6436029b50a9c255,2025-11-08,133.0,224.0,91.0,0.8432753581524608,26.82456232373511,True
6537a32e7af905b0,ef927e4fe2117ab8,2021-12-11,539.0,175.0,364.0,6.423129838395038,21.995925539956488,True
ef4484943b1c68a9,0db9d2486d564a3c,2021-08-28,392.0,126.0,266.0,1.2950300143055635,15.382352777558026,False
138cb102906573f2,2f8f3c69522db931,2019-07-13,105.0,399.0,294.0,5.954947740200005,26.020980010963513,False
4f99b4a39925cb47,2eab7a6c8b0ed8cc,2020-06-20,343.0,231.0,112.0,6.039822857416652,8.648722466720528,True
8b10419db5bffe28,d6b68eaf4b68b160,2017-10-21,350.0,196.0,154.0,2.935036311491679,0.6481030978368381,False
288c942b0ad152a6,eed2b71d77d95416,2018-03-17,91.0,293.0,202.0,4.0740056263989,28.602947197467074,False
d1d7400c131ed40e,4887e5bc4dbb73ff,2016-04-10,484.0,141.0,343.0,2.787189333114302,11.69182962255718,False
bf8c5effd23f69c4,32ba186f4b0e3267,2024-08-17,441.0,105.0,336.0,2.3354346769611958,6.050145097707173,True
024beecfd3f0ed7a,e4a9dbade7c7e1a7,2024-03-02,455.0,112.0,343.0,5.527834247109798,10.15739567452647,False
47cabf79c3340581,c0ed7b208197e8de,2014-06-28,483.0,147.0,336.0,8.139797531776832,13.060800289563758,True
9c1a2ac64c98d2f6,56ec58954158966a,2022-12-17,280.0,98.0,182.0,1.1115902448373376,23.28094598241637,True
8c8337ce8437fe2e,79ff6545b0abc685,2024-03-23,182.0,329.0,147.0,6.001492159318811,38.57816402626713,True
8a8fea2c10512434,c32eab6c2119e989,2020-06-27,253.0,406.0,153.0,2.852899101282027,60.67439221505265,True
115fa6f5f3e51bbb,6b8f28da9a483049,2019-05-18,196.0,70.0,126.0,0.2409358166149893,45.18671629562118,True
72d2ab073f4120a4,a71feb7ea7592a71,2014-09-13,174.0,875.0,701.0,5.943996112172055,34.452214195979195,False
ad101f8850eff427,155bfc7ed36622df,2012-04-21,203.0,113.0,90.0,6.03708495040966,11.679502149700511,True
46bea6d63ffe17e4,91720876db0ee468,2011-12-30,138.0,471.0,333.0,5.360821919683499,23.15996994749912,False
8e7b2d62f834b417,e69c5ce12f4e762b,2020-09-26,666.0,336.0,330.0,7.603167758407089,47.297601336647176,True
c300085cc08357b5,c912f676692c353a,2019-04-27,35.0,287.0,252.0,1.3141953633544858,11.430067994682076,False
7fe2b6a9fc4748fa,b45d6b73f4ca4467,2018-07-14,427.0,266.0,161.0,3.9973442302032254,16.732929136981056,True
36807d8a7ebc84a5,831b937811804dad,2020-09-19,98.0,189.0,91.0,2.5736325865691967,14.909867529863732,True
58e5fc1914c4e641,eee8efec7b951d84,2024-10-05,693.0,147.0,546.0,1.8508251367242252,61.43884753406519,False
2ae33fce63a75df9,ce7871949b0ed2bf,2025-02-15,455.0,182.0,273.0,0.4106860510482768,15.930512039596124,True
7dcd5d8a44a284e5,44aa652b181bcf68,2020-01-25,175.0,301.0,126.0,2.3655516540380717,47.90879754394359,True
9d61012a6020516e,253d3f9e97ca149a,2022-05-07,182.0,350.0,168.0,4.720151680048186,24.10732194208981,True
5632f2364016e879,dde70a112e053a6c,2020-07-25,77.0,231.0,154.0,0.4490167491461179,19.431970214211105,False
16369fa06392f6a0,277ffed20cf07aea,2021-05-22,196.0,301.0,105.0,1.6838128092979332,19.03070907863753,True
c3425412e4f2f486,2eae41f61776c60f,2018-06-09,260.0,161.0,99.0,1.1608725709631287,14.959528214149714,True
cae7de0873e03947,c9885b1b7c7055a0,2023-07-15,959.0,315.0,644.0,7.241764033484603,14.947467239793923,False
5d000de6fa836f66,d56bb6dff2ae77eb,2016-02-21,221.0,442.0,221.0,10.050856622654809,31.33414674521964,True
2a7909acde26a240,992c82450d96f726,2020-11-28,650.0,273.0,377.0,3.230730268246436,1.097189943374815,False
e842c6f63fa2e27a,e69c5ce12f4e762b,2020-09-26,287.0,14.0,273.0,6.330041000157429,14.106299659879596,True
92030ef8b5796b0a,e780ccc79a209985,2011-11-05,574.0,132.0,442.0,1.4921593188087385,46.38693299854435,True
0d09e95e85efad69,cb6783c39c01d896,2009-06-13,112.0,343.0,231.0,2.390192817100967,14.84169100274471,False
e27a9b4b4a46f091,4679a38cced7c64a,2013-02-16,399.0,126.0,273.0,1.204679083074943,44.46875977524678,False
02d2da0420fbdd39,2549d63da9c456cb,2008-05-24,35.0,259.0,224.0,9.782541735969936,20.818712779868747,False
e2e23aee91e27847,119ebea97e914dcf,2015-10-03,252.0,686.0,434.0,3.6989123664414763,33.936475500394636,False
8f9b16f170dbdbb6,2eae41f61776c60f,2018-06-09,308.0,126.0,182.0,8.835225911551916,57.744699771709065,False
e3ca9462ad0d7685,20e403a1acfef130,2017-03-04,322.0,98.0,224.0,1.9001074628500234,53.880181378238376,False
031eac0f0f85d0bf,601cf40c09090853,2013-02-02,287.0,420.0,133.0,3.3128674784560985,121.02631696464664,True
e0df5f84686586a1,c3c23c99477c041b,2012-01-28,175.0,308.0,133.0,5.002156101768001,75.83775639187002,False
68ac97071275099f,f1f9e48a0d150757,2011-08-06,434.0,35.0,399.0,4.670869353922395,50.08686163521088,True
57dca2ebe96ed622,a6d8bfe9e0c8153b,2010-01-02,224.0,126.0,98.0,3.1321656159948503,48.0112912623149,True
d66164d2c770da68,0b64d0fed453ef7f,2021-06-12,140.0,259.0,119.0,2.614701191674026,2.714994098412035,False
aacb47949a572f25,57591bbf1623574e,2022-06-04,175.0,357.0,182.0,2.518874446429429,34.72967796647822,True
32b0e450b11b32fe,dde70a112e053a6c,2020-07-25,273.0,497.0,224.0,7.1076065901421615,16.3311062475409,False
f3ccbfd7036f3cf3,4304992c2acc187b,2021-01-23,364.0,182.0,182.0,9.497799407243132,13.786091237987648,False
f8bb0aed83bd8638,fc1868f56d3036eb,2018-01-14,99.0,491.0,392.0,0.010951628027953575,39.82909809086118,True
a4527094aa107b55,df05aa15b2d66f57,2019-10-26,77.0,189.0,112.0,4.791337262229888,38.52660232202879,True
1c85003f6ec59c9d,4a9e305633f3ef47,2022-07-02,357.0,70.0,287.0,11.808592921141432,84.9721510633708,False
bdc1561ed4c6e22f,119ebea97e914dcf,2015-10-03,70.0,182.0,112.0,3.0637179408201405,45.02710478610061,True
971d9fa5947a4bb7,2dc7f1762dc0a7ef,2016-09-10,98.0,224.0,126.0,10.127518018850488,16.613149228414386,True
75b1533cc3cafae9,2f8f3c69522db931,2019-07-13,938.0,154.0,784.0,13.300752239950171,11.803304013721345,True
07f9fc40f1e6aa87,59851163aaf1aed8,2014-11-15,266.0,122.0,144.0,3.942586090063454,15.297329880039342,True
cade0268dec56f3d,e57f0b06ea39e360,2021-07-24,630.0,161.0,469.0,1.765950019507585,7.327174576428206,True
3a38b0b566f3045d,831b937811804dad,2020-09-19,224.0,42.0,182.0,1.0677837327255162,17.566731286914774,True
61bf6748cf85eb84,c046100aea0dba9a,2018-12-29,211.0,98.0,113.0,5.295112151515774,1.8842703819093458,True
fcf385ae75191b57,5717efc6f271cd52,2023-01-21,329.0,1057.0,728.0,10.03716708761987,64.39489557296929,False
2a702055a79d95a7,243b07fc65ccbb16,2015-11-21,371.0,224.0,147.0,1.3935946665571493,1.4065542751006888,False
4b1aec2395ebca14,86b30a86664cb6e4,2025-04-05,154.0,364.0,210.0,5.240354011376006,37.656072743776576,False
d56a59a4c79cf515,6e380a4d73ab4f0e,2025-09-06,91.0,315.0,224.0,0.6023395415374679,63.823137051493404,True
962e74250884e4c1,e9e1acc96536bb4f,2023-07-01,672.0,196.0,476.0,0.9363641963900697,31.826650903981317,False
0165bd3c26f0c076,307064d3e0f036c2,2021-01-16,105.0,343.0,238.0,1.0814732677604617,0.062064078415460244,False
9115354413739aa8,c0342805a1948cbb,2018-08-25,405.0,223.0,182.0,0.5804362854815608,34.38394116110135,True
c83487136636e9bf,9e30f69cc0869301,2017-12-02,238.0,139.0,99.0,5.478551920984007,1.7033435853027186,False
6ef50ed03b116b60,6cd3dfc54f01287f,2025-08-09,259.0,553.0,294.0,0.3477141898875402,50.889206967883865,False
9cfb84817a43b63c,b9415726dc3ec526,2023-06-17,210.0,112.0,98.0,8.298596138182166,0.8054661131398007,True
f1eca70738ca073e,ccd58ff71e260ed5,2023-07-29,322.0,98.0,224.0,2.5736325865691967,74.32991838903877,False
323dc938d93a849b,e31502e3f79d00c5,2019-06-08,245.0,35.0,210.0,0.8761302422363215,17.77059428983239,True
03aec9073946907f,cc5834a495d1ea08,2017-10-07,336.0,104.0,232.0,8.561435210853062,48.64672728475557,True
a2ebb5f86eb64f22,253d3f9e97ca149a,2022-05-07,182.0,357.0,175.0,2.195801419604784,144.70199289154561,False
ac8628d945a78b03,a8e8587a06e73c87,2023-12-16,140.0,371.0,231.0,10.891394073800281,18.395075784805613,True
8f6dda53ea3b09c7,1ef0eae31904e534,2018-10-06,364.0,91.0,273.0,2.9569395675475896,113.92229162637773,True
d395828f5cb045a5,898337ef520fe4d3,2020-05-09,336.0,238.0,98.0,4.755744471139035,142.3533310077596,False
7e8fd03e070d0c25,93bf96be327fcd98,2022-09-10,455.0,126.0,329.0,1.1745621059980706,59.48023023935684,True
2d39c26876246223,fe435e440b5de0ff,2024-08-03,231.0,371.0,140.0,3.816642367741977,2.1762203235509787,True
c0e8095c91c39b06,36877f0e62b25b96,2015-07-15,354.0,137.0,217.0,5.393676803767356,97.76521362832364,False
16e28dd989ee1dea,b4ad3a06ee4d660c,2017-02-19,246.0,92.0,154.0,3.288226315393196,12.187047853586591,True
7e8f4240725316a4,dfdd0c5dd0d4bc23,2014-12-06,98.0,308.0,210.0,0.4024723300273081,42.53744065415094,False
9b0de83b4e504bf6,2f8f3c69522db931,2019-07-13,455.0,238.0,217.0,8.594290094936923,49.12472269206319,True
3f7c7917a57d2782,73ef22f25d0f70e2,2011-09-24,112.0,483.0,371.0,3.175972128106668,23.640672105249905,False
12bf24fa110513d0,c0ed7b208197e8de,2014-06-28,97.0,245.0,148.0,0.9144609403341626,11.734834712025076,False
3daf1c5fb854e626,e7e970d508529bf3,2016-04-16,55.0,279.0,224.0,2.4641163062896574,10.80921648120784,True
58b7b23b46f4ccd6,eae4aec1a5a8ff01,2013-10-19,532.0,154.0,378.0,2.6037495636460726,30.363542291851445,True
1574bb7476c9e556,0577808d22dfe79c,2015-02-22,239.0,107.0,132.0,1.218368618109885,44.24378882689484,False
aa3fca085d476636,39f68882def7a507,2025-01-18,98.0,252.0,154.0,9.089851263201844,46.390190676887414,False
202c47db69768356,5efaaf313b652dd7,2025-09-13,28.0,238.0,210.0,7.701732410658671,19.68014853906834,False
295a0bf12a7373c0,58a36b4ccf5dc30e,2021-05-08,91.0,553.0,462.0,1.8179702526403645,11.155101772322723,True
6c67aa7063717a0c,5dfe71ade71f3a4b,2024-05-11,357.0,182.0,175.0,7.707208224672648,17.05180005072043,True
07f234a488661125,d181689653115b6a,2018-02-18,113.0,750.0,637.0,3.6332025982737512,11.945967850033412,True
bbade63ca780668f,a1153013cb5f628f,2021-02-06,385.0,182.0,203.0,4.295776093964967,29.564912247640223,False
b810951e39a0af1b,b3fb8d2293e17a59,2016-01-30,160.0,301.0,141.0,4.098646789461796,30.29851516926078,True
8accd04438b91262,a79bfbc01b2264d6,2019-09-07,357.0,196.0,161.0,3.5538032950710843,19.012822020122485,False
7e4b7a70838e5ba4,6bf5a7d3e081ade2,2022-04-30,189.0,287.0,98.0,6.617521235891221,12.374111657312596,True
6b9f82291930bfec,4f853e98886283cf,2022-08-20,574.0,112.0,462.0,4.011033765238164,17.961922731763025,True
681cd3cc6299d652,a16ce18149021139,2024-04-27,252.0,602.0,350.0,4.648966097866484,11.226597547677784,False
42eba784becde9ad,601cf40c09090853,2013-02-02,364.0,196.0,168.0,2.8118304961771976,15.329553695231652,False
8b08b73f16ff7b3b,8fd1f27e86661ede,2013-06-15,329.0,133.0,196.0,0.6187669835794019,33.97683069642608,True
d019250cc6d93527,df2cf66d8c0123db,2012-02-04,84.0,174.0,90.0,3.887827949923679,14.631873255772007,True
9b3bade95e1dd484,de20ffb3fc2e7629,2025-05-03,273.0,161.0,112.0,4.339582606076789,23.94170808151648,True
f53573316a4f349f,e955046551f8c7dd,2024-11-23,259.0,112.0,147.0,5.15274098715237,64.86414952837208,True
2ca4a039c07acd38,cbc071cb20ea59c7,2019-06-01,370.0,98.0,272.0,3.5757065511269914,44.07934953686413,True
246d06693b5ca1e8,53e4e21f4c688801,2023-12-02,119.0,315.0,196.0,0.4818716332299786,37.71171795661576,True
819f51ef9d945a46,18f5669a92e99d92,2020-07-15,242.0,410.0,168.0,3.7481946925672673,16.113482149803303,False
e8219ea7da46f67f,fc9a9559a05f2704,2020-02-29,245.0,140.0,105.0,3.3813151536308084,77.20103276723921,False
5182daf3d8726f6d,598a58db87b890ee,2008-03-01,263.0,164.0,99.0,0.7392348918868983,28.61889224315587,True
c827f5212a34bf2e,6546af7ab545b90c,2019-02-23,267.0,119.0,148.0,4.339582606076785,15.3660852962837,False
baa2ee0bf7f97079,2a898bf9fb7710b3,2025-05-31,441.0,868.0,427.0,1.648220018207077,0.4288197019288873,True
766b0b26c40525de,9336e86cfd4ceaa1,2025-10-11,133.0,266.0,133.0,3.0965728249040048,12.815793706880868,False
9e9d1764a015f313,118463dd8db16e7f,2025-05-10,238.0,406.0,168.0,1.9493897889758216,31.466758715627748,False
756cae177016ebf1,505934897b8b4824,2012-06-22,160.0,300.0,140.0,7.956357762308599,3.994743265344596,False
4eaf54ad3c82b6fa,ef61d9f5176b3200,2023-09-02,315.0,483.0,168.0,2.3628137470310797,11.456688542304846,False
b193e2317b21125c,8f4616698508f24d,2021-10-16,133.0,231.0,98.0,1.508586760850669,15.052724984787801,False
9b38456520395242,9bcf8603ceb25680,2010-06-19,238.0,80.0,158.0,2.680410959841751,47.853725628493976,False
cfacff39c9f3b2f9,cb6783c39c01d896,2009-06-13,231.0,2087.0,1856.0,1.0048118715647831,49.49302113759768,False
07018cb7ae879456,304fcd812f12c589,2007-06-12,138.0,353.0,215.0,7.956357762308603,25.275141795758145,False
52125c3e41a1bd1e,2ee09ec2a0695eb9,2006-01-16,105.0,1347.0,1242.0,4.585994236705751,32.0,False
08489fdfb56ee19c,f3743d8ef5dde970,2024-06-29,322.0,140.0,182.0,6.644900305961109,54.1542296239993,False
632c2d4ed12f2bdf,6bf5a7d3e081ade2,2022-04-30,308.0,105.0,203.0,4.632538655824554,49.97606016231293,False
27901ef9e82d5690,602bb270f2bdbf02,2018-01-27,189.0,98.0,91.0,3.5319000390151736,36.09708434639447,False
e716f8079c60bc66,49efbdc6c9f650c4,2010-02-20,154.0,1148.0,994.0,1.9302244399269028,19.58310066539366,False
3b44d0179f94726c,cb6783c39c01d896,2009-06-13,644.0,168.0,476.0,1.1581346639561403,1.4462059795889672,True
06287b822837a616,d6b68eaf4b68b160,2017-10-21,182.0,84.0,98.0,3.8714005078817486,9.620136173480432,False
2ff09ddaa2b78cc4,896c322f56b8be5a,2009-09-19,210.0,98.0,112.0,9.388283126963593,29.148527480793064,True
6a7892754af30685,5de61b03868035ff,2015-04-11,119.0,1260.0,1141.0,4.684558888957341,55.03577816368488,True
9ae6a6f0f0730fa1,cfb65863d5099327,2010-06-12,112.0,231.0,119.0,4.82145423930676,11.96341950819783,False
c92c53954903554a,2f3f12002564bb55,2010-08-07,133.0,392.0,259.0,5.6044956433054764,49.41390121569384,False
034ce0af4dedbfd7,96d173b7f92aa520,2012-10-13,288.0,127.0,161.0,6.321827279136468,121.41472006975346,True
b9508f47504ccc59,91720876db0ee468,2011-12-30,307.0,146.0,161.0,5.546999596158717,82.52728522037751,False
eeb77732d7c3389a,b361180739bed4b0,2006-04-06,185.0,80.0,105.0,2.1246158374230824,16.130158463049383,True
a2f31cf3a28a7730,ca936c67687789e9,2025-03-08,329.0,532.0,203.0,4.30398981498594,39.73993255223036,False
be69cbf1f1671c8e,31da66df48c0c1a0,2022-07-09,126.0,217.0,91.0,8.35609218532893,60.77950715192969,True
ab105e5a56b5ee90,bd85ca0bb4f26cfc,2024-01-20,308.0,217.0,91.0,0.3039076777757259,9.483010226560737,False
c1039954c3457fe7,aac5ac38148f0528,2011-06-11,287.0,161.0,126.0,6.513480769625659,84.2720815762193,True
7cdb56b2f207a41b,1dab0d1d81dd06db,2006-06-24,231.0,112.0,119.0,7.9098133431898,0.0005447621888379217,True
c2fd7ee22721846c,19ffeb5e3fffd6d5,2008-08-09,129.0,245.0,116.0,6.981662867820692,7.853274419281888,False
b9ff9ebe19ae6358,b09890ba7ce1d1e2,2019-12-07,357.0,147.0,210.0,5.1855958712362344,17.492007600966417,True
4da4c5ef6a4ffc5b,7a703c565ccaa18f,2018-12-15,161.0,70.0,91.0,6.149339137696188,25.52128092291423,True
889207e3c622a5aa,02177caefe7c07d4,2018-01-20,182.0,84.0,98.0,4.098646789461796,10.63245119847943,False
f01b97e864cb4b8b,6a0047ac8c99fece,2024-10-19,322.0,224.0,98.0,7.964571483329564,22.00051862660257,True
040f227553de7838,a4bf17bd3ba3423b,2016-05-14,252.0,118.0,134.0,2.9651532885685548,40.26117114162207,True
d16f7ab4e28171ea,277ffed20cf07aea,2021-05-22,154.0,350.0,196.0,4.032937021294067,13.501898899131675,False
f338da998c4fdf53,58bc81376286b3d3,2010-01-11,135.0,1297.0,1162.0,3.145855151029796,0.06295743564896839,False
3b89556b3f177b7b,9211aae062b799d6,2017-09-22,195.0,97.0,98.0,4.481953770440189,19.0583641720209,True
74d4e37b97866514,47b7e4e60813b7b2,2017-03-11,168.0,71.0,97.0,8.306809859203131,6.048071989201844,False
8f5482992dad74d2,1ef0eae31904e534,2018-10-06,119.0,238.0,119.0,8.345140557300972,22.80333270776714,True
f8fce67abe0ab922,15515e797aedc137,2018-02-10,141.0,245.0,104.0,3.3046537574351262,6.082618484887689,False
88ef809a0fde3900,acff437707625fc7,2010-09-15,207.0,74.0,133.0,8.53131823377619,16.081837369265713,True
3b0258eb19d66f8f,49efbdc6c9f650c4,2010-02-20,245.0,91.0,154.0,9.626481036571594,15.335712597579686,True
6a9e343bd12dfa64,2a6f8136da1e52c0,2007-07-07,266.0,163.0,103.0,1.0568321046975697,0.2741724367178904,True
b272e9a4ed7a1b23,896c322f56b8be5a,2009-09-19,171.0,329.0,158.0,9.65112219963449,27.719588711387814,False
ae54f944d1ba378f,31652c9267606d54,2000-09-22,105.0,196.0,91.0,3.107524452931955,14.491998940745361,False
9d9c2c8802d21887,e06fd1260ac865a7,2002-11-22,245.0,132.0,113.0,12.23570641423164,48.54723892420884,True
1b80d5696c2dc640,3da19339ee7051d5,2012-06-23,217.0,504.0,287.0,1.7440467634516779,96.81710675975137,True
d2246624da1c4e38,65ddc8a9ac4e8531,2011-02-05,441.0,238.0,203.0,4.443623072342351,46.34041577774042,True
ec271393bc31ab72,896c322f56b8be5a,2009-09-19,1687.0,98.0,1589.0,2.4887574693525565,66.96966220066042,True
8c3179f0fd62af14,cfb65863d5099327,2010-06-12,420.0,266.0,154.0,4.799550983250853,9.5664578944004,False
6ae2cd7feede5a33,ad047e3073a775f3,2008-04-19,182.0,441.0,259.0,1.399070480571126,114.63367142844277,False
84efac79989f4d0a,13b2f59210dda9cc,2006-10-14,108.0,224.0,116.0,0.522940238334801,92.38096677033832,False
c50a3025d1519fc8,fbbde91f7bc2d3c5,2005-04-09,169.0,294.0,125.0,10.647720350178307,16.24639040718762,False
b76a722dd429612e,ce783bf73b5131f9,2004-10-22,392.0,265.0,127.0,2.6010116566390806,34.45144785580874,True
2c73bf152247f25a,eb42d4febfafefd1,2022-06-25,154.0,329.0,175.0,3.3429844555329638,0.25574553216665663,False
dfc62aa72446e4a8,7abe471b61725980,2023-06-03,112.0,210.0,98.0,7.545671711260329,17.1321819113964,False
87105c63df95f929,805ad1801eb26abb,2020-10-03,224.0,98.0,126.0,10.664147792220238,15.59517150373631,True
d8e8d41282fc90dc,66e0a70352fef46a,2024-07-13,301.0,105.0,196.0,2.5955358426251074,55.070337265174885,False
6a7db3750822d7be,be5aab761c40ef35,2022-10-29,203.0,112.0,91.0,0.4298514000971956,14.67310431702299,False
ab7bc93bdf4132c4,9c5828c6fd9dc948,2024-06-15,119.0,371.0,252.0,4.06852981238492,4.1862104943179475,True
0d15b14d1215c853,ce783bf73b5131f9,2004-10-22,756.0,853.0,97.0,0.20260511851714824,13.943056581305655,False
d806aacf5b6ba7f6,079488710f012779,2024-09-28,217.0,322.0,105.0,6.776319842296559,23.909966169509744,False
9fe98de1eac21f2e,5a558ba1ff5e9121,2023-11-11,189.0,70.0,119.0,5.519620526088833,10.500895875009292,False
40707ddc9fdea500,b3b6e80b7d5f8f0d,2022-11-12,294.0,791.0,497.0,0.3039076777757259,28.198189753313954,False
99dbe9669f31ed91,4304992c2acc187b,2021-01-23,189.0,469.0,280.0,6.335516814171406,3.6854964741039566,False
31b283a5559ad44d,b0550072e5f0afa7,2019-04-13,63.0,161.0,98.0,4.933708426593292,18.380652916637473,True
fb57dcc651894ae9,8377c5572cb356f3,2012-02-25,364.0,140.0,224.0,5.919354949109152,31.767439856233068,True
f126491f024c1563,18524b46c570730b,2012-01-14,581.0,161.0,420.0,4.906329356523408,50.36289091109279,False
27bfb9205119f23b,dfb965c9824425db,2020-05-16,315.0,84.0,231.0,3.9015174849586245,22.02151429007631,True
c27e33ee8ef53866,ccd58ff71e260ed5,2023-07-29,259.0,133.0,126.0,0.1807018624612411,101.90999621821561,False
b309cdde35310875,9649d75defe0dedb,2019-03-30,105.0,217.0,112.0,2.814568403184186,89.65765479331435,True
59eea37af7efb06c,c3c38c86f5ab9b5c,2020-10-24,413.0,168.0,245.0,0.15058488538436876,103.68864086336384,True
999a0fad4c82148d,48e093ea1f43a053,2021-11-06,378.0,175.0,203.0,2.5599430515342547,56.260415941583005,True
53e818dd5abdf787,4e5bbc4566049cbf,2014-12-20,210.0,77.0,133.0,2.308055606891312,39.67428137710067,True
b121f30d7fc9ea6c,6e3282d57d2467a0,2016-12-10,721.0,150.0,571.0,2.2806765368214243,46.422108841785075,False
e5e3d396a9b1c5ae,39f68882def7a507,2025-01-18,336.0,210.0,126.0,1.15265884994216,52.9726506505001,False
0d857bd8245f9d31,df5a77121ba84a5d,2013-09-21,364.0,231.0,133.0,4.610635399768647,16.06355661093471,True
2aff05a835ed715e,53e533db1b8e9712,2012-09-22,63.0,220.0,157.0,0.23546000260101252,2.113474770478888,False
1be65a0d2c1383f6,e57f0b06ea39e360,2021-07-24,392.0,294.0,98.0,1.2758646652566448,40.64609589474935,True
f2d9814936a6eb35,c32eab6c2119e989,2020-06-27,196.0,329.0,133.0,0.353190003901517,28.163274361646245,False
7d9bb6fda0ea1ee0,6e4acc2c115215b5,2024-06-01,784.0,322.0,462.0,0.024641163062895544,19.84965188227079,False
f4bd11655adeb078,03da33a102d9a45f,2019-08-03,154.0,245.0,91.0,2.316269327912277,60.09622294733117,False
70ddd13934e6c0e9,d023ae89a2a4a41e,2011-06-26,218.0,876.0,658.0,2.951463753533613,38.15121759877866,False
b89dea8c3e6bba6f,b9e871af730f826c,2008-04-02,95.0,295.0,200.0,12.764122466580421,16.748386729146432,False
72105dd82d964e7a,40389d39a92f5bfa,2021-07-17,434.0,98.0,336.0,4.547663538607914,3.5098152233767905,False
d6d034e98ce85246,1ccff7f0cfdf85eb,2023-03-04,133.0,245.0,112.0,4.432671444314398,22.048349395678315,False
059f5cf0e9e37627,32ba186f4b0e3267,2024-08-17,161.0,406.0,245.0,0.824110009103542,8.96461768627978,True
69f39e5d959311b1,885e7f70dcac0007,2022-10-22,525.0,119.0,406.0,1.5989376920812894,106.02031740444545,True
92c49cb075f612d7,3974fa35c917af1d,2021-10-30,721.0,217.0,504.0,4.539449817586945,0.5624560520693649,False
f706508c52f337a6,ad23903ef3af7406,2024-12-07,462.0,168.0,294.0,1.4647802487388475,6.505197683789447,True
e786542667fdecf0,335ad945324c3a2e,2022-01-22,301.0,168.0,133.0,3.600347714189887,33.85934005919307,True
1714950933f88ab9,de277a4abcfeea46,2025-06-14,427.0,147.0,280.0,4.183521906678436,0.24428053647011438,False
f8a8871d167fc929,a8e8587a06e73c87,2023-12-16,287.0,539.0,252.0,4.881688193460505,34.138408705465736,False
0ddf834a47533d15,4c12aa7ca246e7a4,2020-06-06,294.0,462.0,168.0,8.966645447887366,39.357477663844975,True
d5778494ce663d7f,380e8b023290d091,2016-01-02,266.0,413.0,147.0,0.4928232612579322,13.119088499091731,False
4a704dae3091adaf,81b57acd6975ac06,2021-02-27,196.0,77.0,119.0,2.0698576972833145,5.533062224813193,False
bf732e22055e8634,972197a8c61ac413,2021-08-07,168.0,42.0,126.0,5.174644243208281,52.333193907544455,False
fe3ff5b1d9135add,d0d43cb9b14f231c,2020-12-12,119.0,357.0,238.0,6.198621463821983,45.137335319334625,True
8d9b460143ae19bc,990060b2a68a7b82,2016-05-29,204.0,98.0,106.0,0.06570976816772145,12.00575680630709,False
a6d07c32a1cb9730,49590e0508b2c19f,2012-06-08,244.0,348.0,104.0,2.0424786272134305,15.976667665670675,True
31acf87e89a4a401,4b2390cfaceb91d8,2016-12-30,176.0,313.0,137.0,11.81954454916939,19.419484893529216,True
ef86720364837f68,ad99fa5325519169,2018-04-21,273.0,147.0,126.0,3.7837874836581165,28.439611050643407,True
824368db1ed8191f,3be081c29bf734d9,2015-07-11,945.0,322.0,623.0,8.06861194959513,55.63603811431426,False
80538f958af30aa0,7d5b12de1625984e,2011-10-08,196.0,63.0,133.0,3.663319575350627,21.155093874913064,False
f368475c366c6d85,7b03d9df5910917d,2025-07-12,147.0,308.0,161.0,4.156142836608552,42.456377314273595,True
453e6f2665c85fd7,ee0b69e307c857e5,2024-09-07,49.0,161.0,112.0,1.0896869887814233,34.5489775229687,False
120ec60ad18cf6c5,c11036da9162cb5f,2024-07-20,224.0,329.0,105.0,0.45175465615310273,45.370866332632886,False
5ac1725f775c6f00,5ef0088c1b19beeb,2023-12-09,245.0,147.0,98.0,4.314941443013886,17.342914603399777,True
ddb927b0dfcfac2a,d247691a6c0e9034,2021-10-09,588.0,343.0,245.0,0.8843439632572867,2.075010129969769,True
a3696c847ef6c7f9,012fc7cd0779c09a,2022-11-19,448.0,196.0,252.0,7.047372635988417,1.3771329071312266,True
0987b3f785e26d1c,8753e125f4499816,2022-04-16,147.0,630.0,483.0,8.613455443985849,33.44989554492645,False
12ceec9431fb0827,320edfb0332b7073,2021-07-31,273.0,140.0,133.0,8.137059624769847,2.6617026180338144,True
7e3fc760b26b6ae4,0f7210aa8d61af8d,2025-03-29,168.0,329.0,161.0,11.699076640861893,32.17542966858127,False
98c29ba02cee5ba3,5bdcbd8dd681a257,2024-10-12,133.0,546.0,413.0,0.4544925631600947,90.90959479764683,False
ea29714dcfb07ce2,e9e1acc96536bb4f,2023-07-01,112.0,420.0,308.0,2.264249094779494,21.969986009260538,False
f81cd5b3903bccf8,a72d260b436924c4,2015-01-03,105.0,301.0,196.0,6.121960067626301,57.87818746990888,False
60d9d50b763adc62,253d3f9e97ca149a,2022-05-07,385.0,140.0,245.0,2.3929307241079556,13.795759268220763,True
92f27d13fc502d33,b71667c778b6d9e5,2015-08-08,259.0,27.0,232.0,1.9274865329199073,16.923239743949352,True
39c4ae4624052f9f,53e4e21f4c688801,2023-12-02,406.0,238.0,168.0,1.08421117476745,6.505117108189779,True
8ddd53a7ed3754d5,b12a1d19ee383b7c,2024-06-22,203.0,406.0,203.0,4.813240518285795,14.344683422529897,False
bbc76ff9e1b1b142,3dc3022232b79c7a,2023-04-08,119.0,595.0,476.0,4.276610744916049,5.190421416782101,True
f536ba47f006474a,2f13e4020cea5b38,2021-08-21,301.0,126.0,175.0,7.605905665414074,29.651321805886937,True
f67aa0b16e16a9ea,4a35913bd9aa4161,2021-04-17,175.0,63.0,112.0,0.8432753581524608,78.21074361580258,True
07b98dbf5d2c62a2,6e3282d57d2467a0,2016-12-10,805.0,154.0,651.0,12.145355483001019,43.695086174632024,False
9bfda7c26578aaac,b0550072e5f0afa7,2019-04-13,336.0,63.0,273.0,2.256035373758529,26.558601927358268,False
32ad75f6c8ca7e9f,e7bc606d269896aa,2017-11-25,21.0,126.0,105.0,12.651868279293897,62.54699400779191,True
e8307c7686c42d8c,92c96df8bdab5fea,2025-11-22,21.0,294.0,273.0,1.6427442041931002,49.77689790385989,False
5f8a92f10e5451ce,f3743d8ef5dde970,2024-06-29,98.0,301.0,203.0,3.6249888772527825,46.40252715266115,False
838fd9d2b14e0790,e4a9dbade7c7e1a7,2024-03-02,294.0,77.0,217.0,1.9028453698570118,21.181874929980722,True
68b141785f76575b,e06fd1260ac865a7,2002-11-22,153.0,637.0,484.0,5.1061965680335675,61.79419167750234,False
eecbc6c850e62d97,e8fb8e53bc2e29d6,2004-04-02,133.0,497.0,364.0,2.4805437483315878,14.3568638138172,False
16628e25a043043a,6fb1ba67bef41b37,2023-04-22,546.0,301.0,245.0,0.783041403998709,34.1962701897462,False
de332779baa1b103,744f50016c39c26c,2021-05-15,147.0,2309.0,2162.0,0.2984318637617491,54.086350759964034,False
13a8ddb1c3f55ed4,4c27ca8c8481f79a,2021-09-18,238.0,126.0,112.0,6.716085888142807,17.704468805996157,True
25e1d17d072227c6,70167689d6a01793,2019-08-17,77.0,245.0,168.0,1.8754662997871279,42.68981809386173,True
69279781a89c893e,d1d20e651e6cbc02,2018-12-01,294.0,70.0,224.0,8.720233817258396,14.701703141880671,False
ba766bd03090dab9,852454c572675334,2018-09-22,105.0,1204.0,1099.0,0.2683148866848768,67.01774161069375,False
019eca4a900ed793,08ae5cd9aef7ddd3,2000-12-16,652.0,281.0,371.0,0.22724628158004734,15.26369320647791,True
970f083af8368f57,38e5d9dcb0fddc42,2025-10-18,217.0,399.0,182.0,5.787935412773706,23.90353195956277,True
c9cef59a5de32219,3ab0df1ddd5f1dc2,2024-11-02,231.0,105.0,126.0,0.7775655899847393,40.22761782013981,False
40c18c6d64463809,c11036da9162cb5f,2024-07-20,217.0,119.0,98.0,1.0623079187115394,60.19242550081549,False
e9754f597ec50f6f,2719f300b0439039,2023-08-19,1435.0,3100.0,1665.0,4.271134930902068,27.99635520239417,False
10cff9ac7ce89c28,0577808d22dfe79c,2015-02-22,372.0,148.0,224.0,2.2204425826676797,0.3069365617152471,True
11f7bac5037a184c,b26d3e3746fb4024,2020-02-08,189.0,84.0,105.0,6.173980300759084,80.27166916417468,True
35f80e003d16a439,6b8f28da9a483049,2019-05-18,154.0,525.0,371.0,8.011115902448378,27.034069499419275,False
7a57289563f9d974,bcd124bcd3d5be46,2017-12-09,1260.0,154.0,1106.0,4.772171913180966,14.56809109269193,False
46b9acec12a35d37,8d477c3fbe001f9d,2022-09-17,238.0,665.0,427.0,3.0555042197991718,31.09586090442781,False
858feabaf429a963,8a0be41c0380188d,2021-07-10,112.0,273.0,161.0,1.4401390856759555,34.905653380286594,True
07e39fd5f4f23270,aec273fcb765330d,2023-03-25,189.0,336.0,147.0,2.937774218498671,26.937124890317136,False
d5955b81c26230ff,fd87b1bbfcde9d5e,2019-11-02,168.0,287.0,119.0,5.809838668829613,10.809834744043656,False
c5d5fcf290cc029e,f6a7b02c42e9fc5b,2022-02-26,42.0,182.0,140.0,5.64282634140331,1.0640539837920642,False
1e9f081a84e7ec18,9ddfb3369a3b0394,2021-06-19,686.0,932.0,246.0,0.1807018624612411,22.962900257947695,True
8375f311e8c6c079,a25b71fe5e31fa97,2017-11-04,28.0,245.0,217.0,0.4517546561530992,21.149853084777988,True
305d8c85b35a7d4e,2a898bf9fb7710b3,2025-05-31,385.0,196.0,189.0,5.582592387249566,0.6830663604250731,False
ec5d705232983b87,5dfe71ade71f3a4b,2024-05-11,259.0,378.0,119.0,3.32108119947706,1.4761951516998124,True
450534f9fb9b13cd,c95fbc085e17a532,2021-11-20,203.0,35.0,168.0,2.3655516540380717,45.38607332937795,False
924f982f0d9d2142,6f812143641ceff8,2023-05-20,168.0,42.0,126.0,0.3203351198176563,17.851945396096653,False
be8bee783d22bee2,8f4616698508f24d,2021-10-16,7.0,168.0,161.0,0.2381979096080009,14.662797806621256,True
eb10feae98ea7d36,4c27ca8c8481f79a,2021-09-18,385.0,56.0,329.0,0.9856465225158644,16.254013382929315,False
40ce202eaa78860c,e57f0b06ea39e360,2021-07-24,374.0,721.0,347.0,4.106860510482761,15.364619733324162,False
187681b2843174b5,d6455cb4bee503ce,2016-09-17,469.0,244.0,225.0,4.019247486259129,15.273616893583494,True
2eeb1656692bd967,56f4b81ec4db61af,2013-01-19,371.0,273.0,98.0,2.417571887170851,31.433287140000175,True
fde66b153c65e25d,73ef22f25d0f70e2,2011-09-24,147.0,266.0,119.0,6.565501002758442,42.24435966385022,False
f9b600343a31227b,a24e080000fa7a35,2008-01-19,273.0,147.0,126.0,1.7988049035914493,59.17237493185212,True
5ba1e6f5519074c9,ce47f49e5c386a9c,2013-04-13,190.0,84.0,106.0,3.165020500078711,5.817300924155916,True
1acde2739237c4f8,83c6c3e0f8bde8ee,2013-03-02,112.0,381.0,269.0,3.2745367803582575,75.18689276897203,True
19706d8ba0edf9cd,079488710f012779,2024-09-28,392.0,147.0,245.0,2.3354346769611993,20.957424728541355,True
23861a2085ea34a3,4f2fcbefb668689d,2014-04-26,420.0,101.0,319.0,0.45723047016708307,1.9580755932911416,True
bb56f4e502512ad0,0c3838c8f7c620c2,2015-07-25,175.0,308.0,133.0,5.664729597459225,44.884271263854544,False
fc2585e234e49dee,353de740bb6c7e75,2017-06-17,343.0,203.0,140.0,5.933044484144098,5.90962257766455,False
c5de5c3633a0bfce,e0b74df14f52cd15,2013-07-06,84.0,266.0,182.0,5.3799872687324175,63.001221199207976,False
7aa7b0c5706a0492,3795fca327cbcf23,2010-03-21,78.0,204.0,126.0,4.703724238006256,6.9160598578171175,False
8787d56f59bfb4c3,afdb76fbd86f6d11,2010-10-23,112.0,216.0,104.0,3.833069809783911,22.088891831990395,False
f466cd99d02644e9,3a24769a4855040a,2022-06-11,413.0,140.0,273.0,11.638842686708148,15.882376206646995,False
657fd7ab7bdf9f15,9f3d6ddef3d3cccc,2017-07-22,738.0,294.0,444.0,1.544179551941518,0.395968102369352,False
b8b2cdf962cc65a0,20821819c401ced8,2018-11-03,469.0,42.0,427.0,2.119140023409102,26.1520069490723,True
a6c29d2cb319d923,fd87b1bbfcde9d5e,2019-11-02,273.0,119.0,154.0,1.598937692081293,13.546281179563266,True
4b3af85b0df51d09,6597b611f1c32555,2021-03-27,126.0,504.0,378.0,4.060316091363955,2.491323174936042,True
8868957c1735bcf0,992c82450d96f726,2020-11-28,455.0,133.0,322.0,5.672943318480186,15.301062596465727,True
32813f5f46f045e8,53e4e21f4c688801,2023-12-02,161.0,266.0,105.0,2.628390726708968,19.47947853078449,True
e3ecb94228c2739f,320edfb0332b7073,2021-07-31,371.0,126.0,245.0,0.9363641963900697,16.505649246044868,False
ee5c0b8a757992af,5bdcbd8dd681a257,2024-10-12,196.0,315.0,119.0,4.928232612579311,22.56470451100131,False
d5ffdb5388ffabc6,d247691a6c0e9034,2021-10-09,168.0,70.0,98.0,3.4114321307076807,66.15830153485717,True
ccb5e29cd0347110,35080a7f406f9ab3,2023-03-11,399.0,518.0,119.0,6.409440303360096,43.39051804351152,False
642a8cc1195c5198,bc7cf284c1c2f16e,2015-04-18,133.0,273.0,140.0,4.13150167354566,15.941652867644507,True
acc987adeab45bfc,dfdd0c5dd0d4bc23,2014-12-06,153.0,602.0,449.0,4.646228190859496,0.0,True
5b51610a9c8c88ef,86e388ed20761ad9,2015-06-27,189.0,70.0,119.0,6.6503761199750855,16.828950601589895,True
582846744e379178,585f9ffdb0cd0466,2024-11-09,742.0,140.0,602.0,3.5401137600361423,1.363586311010522,True
0cf7a4593fd44e59,4f853e98886283cf,2022-08-20,259.0,112.0,147.0,8.586076373915958,31.132716097793946,False
b7ab4cd6ce7a71dd,a3244e3238541482,2017-09-02,371.0,147.0,224.0,1.0568321046975662,47.116306991175406,True
00742aea8da72a35,cfbccfed4e4796fe,2016-08-27,161.0,70.0,91.0,0.5996016345304831,46.96747329717391,True
59f77a6ecd041dff,d0c29452d3272603,2010-05-08,168.0,514.0,346.0,5.883762158018303,45.96380886539964,False
b0f68344e01884ff,0e2c2daf11b5d8f2,2025-11-01,630.0,329.0,301.0,4.232804232804227,3.0450348101599047,True
20220ace492af368,46baf0f57edfa4df,2024-05-18,105.0,812.0,707.0,1.817970252640368,15.361471946800293,False
3d7ea6012fd8f786,33a331684283900f,2018-10-27,251.0,97.0,154.0,8.482035907650399,39.938109423021615,False
4914f7bd073c6359,ad23903ef3af7406,2024-12-07,252.0,56.0,196.0,0.8432753581524608,68.06848551144344,True
4cff9aeef3ac75c1,cce79e827569f26e,2024-02-03,259.0,476.0,217.0,5.807100761822621,2.5407230424350473,False
8502f245aabd64ac,6f812143641ceff8,2023-05-20,287.0,91.0,196.0,0.6242427975933822,7.84855851729094,False
f9e07282f3444d09,a7724f51e32e763e,2017-10-28,392.0,125.0,267.0,4.224590511783266,21.592977940677656,False
88295b0ab9868db5,f341f9551ba744e2,2007-09-19,95.0,398.0,303.0,6.7954851913454775,16.52056159098015,False
392089df68b1a721,2ee09ec2a0695eb9,2006-01-16,997.0,105.0,892.0,0.9391021033970581,1.437147446743893,True
7f9a1b6d83d08c42,821cd80aab70d5f9,2009-12-12,154.0,294.0,140.0,5.55795122418667,26.98290088074077,False
ed3ae3852fe549d4,a54a35a670d8e852,2006-05-27,189.0,4068.0,3879.0,6.836553796450303,12.296463558840287,False
4f07c6724682cd00,9f3d6ddef3d3cccc,2017-07-22,357.0,70.0,287.0,9.514226849285066,14.978481275940567,False
60e1b3ac3182f5b3,74fefd43f073cd2f,2019-12-21,140.0,888.0,748.0,4.895377728495454,31.966088592557526,True
34db1e0e2499e7ae,3bc27ec15facbcf3,2020-11-14,91.0,329.0,238.0,4.481953770440189,41.12981897966392,False
5af6a54d7e0f2b7f,53e533db1b8e9712,2012-09-22,130.0,238.0,108.0,2.1903256055908074,30.934636394622657,False
4655930eb83446c7,8caca5857ce0e30b,2012-05-15,227.0,122.0,105.0,2.672197238820786,0.1322898892046851,True
cdedc8f026307dd7,44f9c777fed7ca03,2011-10-01,91.0,294.0,203.0,4.621587027796604,3.4576879541252765,True
9b8a82276f06829f,236a37d96d476164,2022-04-23,182.0,896.0,714.0,7.677091247595776,3.6482472121235787,True
9f3326195672c2b9,8fd76e1b49c00ae2,2022-07-16,84.0,210.0,126.0,7.16784054429591,35.24750326299363,True
b40e4deb48658851,72c9c2eadfc3277e,2024-12-14,511.0,329.0,182.0,8.060398228574165,5.90913288314573,True
017a825c7820d12e,28d8638ea0a71908,2025-07-26,224.0,91.0,133.0,8.649048235076698,11.855765169208553,True
cfa0dbc7534f3545,af1e5c64b8663aa0,2020-08-22,84.0,497.0,413.0,2.2943660718563663,14.023961623882997,False
c959b92fb36220a3,39c568f8c579913e,2016-02-27,819.0,203.0,616.0,6.957021704757796,16.068889105875087,True
804c350ce714770f,35080a7f406f9ab3,2023-03-11,147.0,301.0,154.0,3.4169079447216575,62.71062722905572,True
5d6fb4acfe5cc8a1,dbd198f780286aca,2020-07-11,595.0,245.0,350.0,2.896705613393838,2.0015433397754805,False
f0418c2c989a5cde,8d5daf67983b65ba,2019-11-09,154.0,475.0,321.0,1.6673853672560028,13.398343068368831,True
110a49a43aafe044,4f732e58ed907eff,2018-07-22,652.0,148.0,504.0,8.575124745888008,30.04579564862479,False
c5dfce1eaa2dc169,27541033b97c076d,2021-04-24,245.0,952.0,707.0,7.411514267917887,18.01913948621018,False
a69afe4a88c0ca12,1ccff7f0cfdf85eb,2023-03-04,266.0,140.0,126.0,5.423793780844235,85.60561633370412,False
24f2d2dd9fea5d79,3144121470023e9a,2018-05-19,287.0,189.0,98.0,2.6393423547369217,16.693412986867997,False
a4446299c1f85d74,e31502e3f79d00c5,2019-06-08,70.0,385.0,315.0,7.816724504952191,18.317520368837904,True
25b8c932da5e91f4,3f7c14c7eca7195d,2021-02-13,392.0,168.0,224.0,4.772171913180969,11.374544545754134,False
4a2e7e2c8cfdaf5f,6a8a06b542e1516d,2017-02-04,91.0,196.0,105.0,8.889984051691687,0.7026106899054412,True
1b650c76387c0f4b,1fac46d466abd5b8,2022-03-26,126.0,406.0,280.0,7.627808921469981,36.2814614027327,True
8d9c71e110196262,e7e970d508529bf3,2016-04-16,77.0,279.0,202.0,0.5037748892858858,0.6966683265761731,True
9e4dcac049327529,3bc27ec15facbcf3,2020-11-14,462.0,294.0,168.0,0.0054758140139767875,14.641517993692332,False
55bcf58be822d115,0ee783aa00e468f0,2009-07-11,259.0,154.0,105.0,0.4216376790762304,17.105821112982767,True
81fda78adcaedbc7,901cddcbfa079097,2023-05-13,147.0,315.0,168.0,1.3881188525431725,25.944102058124145,False
f56c6646b54c0662,8d49545dadf9b919,2018-09-15,378.0,106.0,272.0,1.174562105998067,64.36484553886771,True
681d77e5d5c0f0ee,371a1c91b24dec2b,2014-11-07,132.0,412.0,280.0,0.9938602435368296,1.3899551323979722,True
1332c1037c955d82,2c733e059462c1dc,2024-08-10,350.0,147.0,203.0,5.122624010075494,15.224179671662796,True
605c2ad801f594b3,a3244e3238541482,2017-09-02,266.0,147.0,119.0,2.9350363114916824,62.739561030231926,True
702759500d47a059,0c1773639c795466,2020-01-18,182.0,84.0,98.0,9.040568937076053,0.0102317601147206,True
9ce56acac775d386,c32eab6c2119e989,2020-06-27,490.0,161.0,329.0,0.8788681492433099,18.590726364423972,False
6e705b2365bc03fa,1d00756835ca67c9,2022-03-19,308.0,140.0,168.0,1.848087229717244,22.107359626468224,False
72d69e969eda8679,cfb65863d5099327,2010-06-12,266.0,152.0,114.0,2.338172583968184,27.142468576162628,False
a5c57b0f49e9f61c,ad23903ef3af7406,2024-12-07,126.0,301.0,175.0,2.0205753711575127,52.194703250830344,False
edac9fd482177a64,c36e1f4fa755ffb4,2021-03-20,392.0,133.0,259.0,4.276610744916052,57.845421899498206,False
cf04a408cedb37ff,e8efeb9cf33b1941,2012-07-07,315.0,210.0,105.0,4.14245330157361,11.086062017855284,True
9fa3f9f7caf429d6,84a067c46306a737,2009-11-21,105.0,546.0,441.0,4.142453301573614,58.84282899436175,False
9dd9affa41eead4c,a7724f51e32e763e,2017-10-28,98.0,357.0,259.0,1.0321909416346706,29.704772218233074,False
5f9b063630e52778,03688dc3c3af3ac1,2006-04-15,434.0,190.0,244.0,4.14245330157361,59.396710734333965,True
e917559aedf85a98,271fe91f4ba9d2c5,2005-10-07,125.0,1182.0,1057.0,8.085039391637064,56.87296175531969,False
de495aa2ec1f1e91,48d1f690b763934c,2009-08-08,112.0,224.0,112.0,3.9206828340075432,78.55390417873127,False
231968c02cdfe65e,ca936c67687789e9,2025-03-08,224.0,112.0,112.0,9.771590107941982,19.537068983808467,False
3e2bde19e752f64b,026b4f7049085842,2024-07-27,105.0,224.0,119.0,8.317761487231088,14.230969624224826,True
03eecf1926d9c77c,53e4e21f4c688801,2023-12-02,147.0,56.0,91.0,8.687378933174536,31.227398449217162,True
c335f44e4f3515ea,56ec58954158966a,2022-12-17,140.0,294.0,154.0,2.110926302388137,25.771165183547964,False
d851cbbbdfd05a49,2eab7a6c8b0ed8cc,2020-06-20,322.0,217.0,105.0,4.7530065641320505,32.56731141444243,False
d69e3677060af4c7,48e093ea1f43a053,2021-11-06,763.0,91.0,672.0,0.6379323326283242,49.82922736436262,False
06910bddb0745856,9c37681096c6f3a9,2020-09-12,42.0,707.0,665.0,3.143117244022804,8.613331456825563,False
22307b580e0c8d0d,81ca2c245b19b3c5,2019-11-16,119.0,336.0,217.0,8.043970786532235,74.20845542752818,False
0b21755eb0897396,3746e21bb508391a,2020-08-01,168.0,42.0,126.0,5.511406805067864,22.674375859741076,False
b69d3d55c84f5dd6,7a703c565ccaa18f,2018-12-15,322.0,161.0,161.0,1.4976351328227153,0.03489369746307602,False
04a1c5b7993fe4d5,602bb270f2bdbf02,2018-01-27,216.0,112.0,104.0,2.069857697283311,17.27784415151382,False
e86a77b69d50a834,ff4c3ab594c7fac3,2016-06-04,154.0,560.0,406.0,2.3628137470310833,60.5651899334141,False
2bcb1b0b05e2c739,35dc6220b113b7ec,2013-11-06,277.0,144.0,133.0,0.26557697967788485,1.0963819679420794,True
95beb5ec32718faf,ad044be25c94dcfd,2020-10-31,938.0,171.0,767.0,6.2944482090665765,28.104252559993483,False
478221ad98336565,6a8a06b542e1516d,2017-02-04,140.0,421.0,281.0,1.0979007098023885,32.05400891772956,False
99808befeece3a8a,7abe471b61725980,2023-06-03,105.0,476.0,371.0,1.2922921072985787,2.8544293208160525,False
6708f3a32861038a,cbb682f5fcc44bfc,2022-02-12,70.0,350.0,280.0,3.9206828340075432,49.49261451345137,True
74c98716b4a74a3d,a24e080000fa7a35,2008-01-19,350.0,147.0,203.0,10.705216397325064,40.83342759444122,True
17404e252bdab9e7,7269329bd87eb479,2007-12-29,98.0,268.0,170.0,6.995352402855637,26.308228867339494,False
a5a5e24f4dd40fbf,4908c5ee68a50ee5,2009-06-20,350.0,80.0,270.0,0.5229402383348045,21.761125644538197,True
e55b69543aa74907,2ee09ec2a0695eb9,2006-01-16,163.0,72.0,91.0,0.016427442041930362,32.703373220295816,True
72b12a837290b327,ad23903ef3af7406,2024-12-07,371.0,210.0,161.0,17.76354066134144,38.08772207299194,False
5d64044b985004e7,509697e08673d2e5,2021-12-04,105.0,259.0,154.0,1.8398735086962787,67.56339222579118,False
7bd6969c4ed979f9,b23388ff8ac6637b,2022-12-03,224.0,602.0,378.0,1.8097565316194064,8.777203726379412,False
0febad4c4a3d69fc,9de7c97e1c0d7927,2019-05-11,133.0,336.0,203.0,2.9870565446244584,32.35598142249751,True
a2e1e35e4e84e08d,d632d156c0549e07,2014-04-11,223.0,97.0,126.0,3.586658179154945,24.442706496937717,True
d036a7aeab47cf8c,598a58db87b890ee,2008-03-01,133.0,392.0,259.0,4.380651211181615,13.882018996347824,False
958bd435389dd12a,a2b06ca02bca14c0,2008-11-15,1034.0,133.0,901.0,3.8714005078817486,28.508704217241075,True
dd400f38c483f629,c4b6099f0d25f75e,2009-05-23,35.0,287.0,252.0,0.20534302552413664,47.26369320647791,False
a8bab8884249f634,2a6f8136da1e52c0,2007-07-07,287.0,154.0,133.0,5.240354011376002,17.535932002296477,True
f41e83de703acf85,a16ce18149021139,2024-04-27,245.0,77.0,168.0,1.0540941976905742,41.51660100687741,False
34644c44229e41a1,232c582f29f8f65e,2016-08-06,154.0,259.0,105.0,0.851489079173426,31.39013053594772,False
e53fd165a3bc1f8e,8944a0f9b2f0ce6d,2025-10-04,161.0,343.0,182.0,6.280758674031638,36.5935267830464,True
a74a8c1e0a49070d,f3a078277b3b8ff4,2023-10-14,182.0,399.0,217.0,0.6461460536492858,30.436289869580833,False
f9ec8bedc15ece93,5ef0088c1b19beeb,2023-12-09,224.0,56.0,168.0,6.614783328884233,13.318047892889354,True
1ff520024da5b3b2,319c15b8aac5bfde,2022-07-23,126.0,728.0,602.0,5.141789359124417,31.81063819625524,False
923d5041c3b6d763,1c7cce2f5c17160d,2017-05-28,267.0,106.0,161.0,7.217122870421708,23.039631243437952,True
f786136e55007e17,dde70a112e053a6c,2020-07-25,77.0,420.0,343.0,9.462206616152287,8.968410423800833,False
0549b655619774c5,2b4faacc16d66898,2016-09-03,336.0,146.0,190.0,3.8905658569306674,64.58274054326102,True
3b1aed7d00a775c6,d1e6a6536ee62517,2012-12-08,126.0,238.0,112.0,5.139051452117428,41.48773700413017,True
f5de8b2c81e91129,119ebea97e914dcf,2015-10-03,133.0,252.0,119.0,7.824938225973156,6.993665915904785,False
fec8b9760d6bb235,88a9bc81271ccd89,2011-02-26,133.0,371.0,238.0,5.295112151515774,1.5020952134300387,False
48ac0e2cf3681cca,f1f9e48a0d150757,2011-08-06,70.0,161.0,91.0,10.27810290423486,53.81171413983293,True
93096cfccdbf4fe8,21f2974fd08085e3,2012-04-14,106.0,469.0,363.0,4.175308185657471,20.105573082712,False
dd6dbe644f599795,319c15b8aac5bfde,2022-07-23,119.0,392.0,273.0,6.603831700856276,1.484067228024287,False
3ce7f58911773a56,4f732e58ed907eff,2018-07-22,71.0,169.0,98.0,2.2888902578423895,40.209604581484655,True
18d6df67968bf06b,6546af7ab545b90c,2019-02-23,216.0,405.0,189.0,1.7495225774656618,38.91324755232472,False
59b384dcc3ab49b2,7cf20446453f852b,2018-02-03,497.0,251.0,246.0,3.0555042197991718,47.40866580432021,True
07468b6347ac5e3d,8a0be41c0380188d,2021-07-10,728.0,217.0,511.0,11.912633387406999,34.113519255093934,False
bd7a8c6c74655afc,c046100aea0dba9a,2018-12-29,552.0,756.0,204.0,6.195883556814991,12.892081909982608,True
b166f1582946fbbc,1c7cce2f5c17160d,2017-05-28,133.0,413.0,280.0,5.4456970369001425,12.55909455400888,True
0ed093f6aaab94d3,dd992d569aaebee6,2010-11-20,658.0,105.0,553.0,6.737989144198721,94.71515970682367,False
314aea77cd24210f,73e09f837f3b5ecc,2016-11-26,252.0,112.0,140.0,2.633866540722945,0.7978971088245999,False
0f641756e99605ad,4d636c3aa1105950,2015-11-28,351.0,133.0,218.0,0.15879860640533394,0.03390813016926586,True
8bf419824ca91470,e60201cfab7d656d,2016-03-19,315.0,112.0,203.0,1.9329623469338877,0.0015615270963280636,True
1201d192092baacf,429e7d3725852ce9,2004-06-19,211.0,995.0,784.0,3.5702307371130146,15.46978471276202,False
0b0ba5238399545c,91d73ee59347ac16,2009-12-05,119.0,1520.0,1401.0,7.244501940491592,61.620911806834556,False
951d11f8684ed734,2f3f12002564bb55,2010-08-07,133.0,245.0,112.0,7.362231941792096,80.4562918394438,True
ece3a7a9e930ef9d,4834ff149dc9542a,2019-09-14,259.0,119.0,140.0,5.623660992354399,41.678291902785304,True
039c645e8f3ac00f,ad044be25c94dcfd,2020-10-31,413.0,539.0,126.0,9.297932195732976,74.30681306277779,False
06a75406d3dd5cfd,271fe91f4ba9d2c5,2005-10-07,350.0,475.0,125.0,3.7591463205952245,1.1172623147554077,False
f4cdc944e27c2cd2,d6455cb4bee503ce,2016-09-17,308.0,209.0,99.0,0.5722225644605956,54.84611250123157,False
766dc3c5592b4d0d,8d04923f2db59b7f,2015-11-14,49.0,189.0,140.0,6.387537047304189,13.59396527390686,True
dbe6c361530958bc,b9e871af730f826c,2008-04-02,207.0,60.0,147.0,4.31494144301389,13.802028827616141,True
47dd6356ceb2eba8,cf1a88371c8cb690,2013-08-17,126.0,783.0,657.0,1.4182358296200483,25.15010057394352,True
ec618a1214d4b171,afdb76fbd86f6d11,2010-10-23,336.0,126.0,210.0,1.7002402513398636,0.8911448686092172,False
adede42d4c20494c,43612456979e5d5e,2013-10-09,123.0,382.0,259.0,6.102794718577385,33.927769899448776,False
58112f9fc0058e68,dfdd0c5dd0d4bc23,2014-12-06,707.0,98.0,609.0,5.645564248410306,17.405446397185415,True
a39d0adbeffe49de,5de61b03868035ff,2015-04-11,365.0,126.0,239.0,2.3792411890730136,15.1635426420994,False
cb902d73389ed34b,7956f026e2672c47,2025-10-25,238.0,140.0,98.0,4.350534234104739,59.61295552432853,False
98903717ea3dfc24,980b4e712489098e,2013-08-31,385.0,504.0,119.0,0.09308883823761249,14.766973857367475,True
53b480b44b0b51f1,8a0be41c0380188d,2021-07-10,112.0,203.0,91.0,4.632538655824558,15.163943469389324,False
3cd1f2c31b4e325a,8d5daf67983b65ba,2019-11-09,399.0,22.0,377.0,0.2409358166149893,40.82783590372969,True
b972f998103731da,acff437707625fc7,2010-09-15,172.0,326.0,154.0,0.04106860510482946,0.003057764142567976,True
c68e57c19c82d500,c912f676692c353a,2019-04-27,98.0,832.0,734.0,5.979588903262901,16.031925299331988,False
74773b56e0b31c6b,4c8d6fde2dde07c4,2011-08-14,164.0,333.0,169.0,1.4264495506410135,45.81022556731591,True
98883348ddb3be33,8944a0f9b2f0ce6d,2025-10-04,322.0,896.0,574.0,7.241764033484607,28.489780981414015,False
4e22e3cdb8757be1,6546af7ab545b90c,2019-02-23,280.0,154.0,126.0,0.4544925631600911,45.029841869956726,False
8238c5f16d0b39c3,4985113c0928aa62,2012-05-26,286.0,127.0,159.0,3.78378748365812,7.879217163331759,True
4c0718f12ca664bb,60884f31ead1609c,2013-10-26,252.0,84.0,168.0,6.770844028282578,29.34701759440486,False
d0e4876ab954d27d,c80095f6092271a7,2010-03-27,259.0,133.0,126.0,0.9938602435368296,100.72607773852701,True
ce0748519d5ea5c6,dfb965c9824425db,2020-05-16,161.0,301.0,140.0,3.0637179408201405,48.160432503885204,False
3e9f3ce3a01bb97f,371a1c91b24dec2b,2014-11-07,132.0,286.0,154.0,5.911141228088184,48.047724765289786,False
9ea124a13d071186,eee8efec7b951d84,2024-10-05,441.0,175.0,266.0,1.149920942935175,53.96195560889146,False
e53c8a20819f9be6,a8d521d913df4e31,2014-01-25,56.0,147.0,91.0,8.742137073314307,0.7039509010078291,True
85ddb65429a9d517,46baf0f57edfa4df,2024-05-18,378.0,287.0,91.0,6.724299609163776,1.3547304168380379,True
be5cdd4872fbd0b7,1ffc38f67785797b,2011-09-17,105.0,455.0,350.0,1.08421117476745,32.0,True
0c58b5f37bfeb65a,3c48019bc387b80c,2012-08-11,98.0,204.0,106.0,0.758400240935817,18.08134780886894,False
32b058d82c9e38de,c1684f00c626f4c0,2007-04-07,283.0,179.0,104.0,2.743382821002484,15.900153156511124,True
897d9e21c59d0633,a0a680fe2f6cc8e6,2022-06-18,224.0,546.0,322.0,0.42711349309021074,30.204859610454605,False
00fbeda449926c13,58a36b4ccf5dc30e,2021-05-08,77.0,168.0,91.0,4.1369774875596335,29.732626037484124,False
e38d7761a92e1bf9,a26198ba5093147e,2014-03-01,143.0,518.0,375.0,5.678419132494167,11.97828284534512,False
920665daa1261dbc,5898357a45a73674,2012-05-05,406.0,539.0,133.0,0.26010116566390806,41.83000016617575,False
a2308473bcd77da8,21f2974fd08085e3,2012-04-14,161.0,308.0,147.0,5.612709364326442,2.90623906689234,True
e1f9390c465a2988,e5c38954c006f15c,2013-08-28,256.0,81.0,175.0,2.3272209559402306,36.06970224406541,False
94a3e3df3d28d8f0,132f860d02953f4c,2010-12-11,259.0,126.0,133.0,4.512070747517061,1.6584501122458732,True
57d481c10c842ba2,2f3f12002564bb55,2010-08-07,217.0,119.0,98.0,1.6673853672560028,2.255905259477913,False
b0271fa12935bf88,79ded75550efc139,2014-07-16,200.0,88.0,112.0,0.21629465355209376,117.65107754176233,True
c99370e3e54bd5fd,a6d8bfe9e0c8153b,2010-01-02,105.0,413.0,308.0,3.1841858491276334,30.73800608696979,False
5ea39e0fc3b64e83,67ec58d7cf599835,2018-05-12,154.0,616.0,462.0,2.5325639814643672,42.428184779767435,False
9fb9af6599d67b1d,6b8f28da9a483049,2019-05-18,399.0,182.0,217.0,1.609889320109243,57.44043655883479,False
159646a9d2ae8ea5,dbd198f780286aca,2020-07-11,252.0,483.0,231.0,0.31212139879668754,27.748349525082176,False
42ad1437a1280294,20e403a1acfef130,2017-03-04,210.0,105.0,105.0,7.781131713861342,16.548547759994335,True
bcef35d6e0964f01,80eacd4da0617c57,2019-03-16,364.0,91.0,273.0,3.052766312792187,15.96048598959419,False
fb5ce6329f243d8b,f9c7fe2682af3802,2015-02-14,27.0,462.0,435.0,1.6509579252140725,61.89674407724442,False
93569f4876c20488,f9aa6376ae16bfb4,2015-01-18,15.0,148.0,133.0,0.6351944256213322,36.96723777155535,False
7fda79ba69b06c0b,a8d521d913df4e31,2014-01-25,147.0,280.0,133.0,5.152740987152374,64.08336464259651,False
bc72dac46f0383f1,d1e6a6536ee62517,2012-12-08,119.0,217.0,98.0,1.4154979226130564,8.011197150031649,False
3cbbf947fd0d2144,de99da2c0d18d34a,2016-02-06,329.0,209.0,120.0,0.5831741924885492,59.397663907280275,False
66aa57912b5c5170,f54200f1dfb9b5d4,2015-03-14,98.0,231.0,133.0,2.669459331813794,37.53634608160792,False
a5d24caed8afbeef,b4ad3a06ee4d660c,2017-02-19,51.0,260.0,209.0,5.607233550312465,81.00506646297208,False
44fc830a664ed611,dfdd0c5dd0d4bc23,2014-12-06,266.0,133.0,133.0,1.4812076907807779,57.960618473391605,False
c33cc8b85b9a202c,ff4c3ab594c7fac3,2016-06-04,210.0,77.0,133.0,7.444369152001755,0.8452487678905527,True
6d1093a1c31dab94,0ee783aa00e468f0,2009-07-11,175.0,266.0,91.0,8.514890791734263,47.66260409350252,False
206db35805bb83dc,0ec821423baa26bd,2011-11-19,84.0,861.0,777.0,11.255535705729752,19.268765457402196,True
dba1add63d4bcbaa,96d173b7f92aa520,2012-10-13,308.0,140.0,168.0,8.336926836280007,44.60715726278886,True
55231cc4112334b4,a16ce18149021139,2024-04-27,371.0,189.0,182.0,2.6393423547369252,64.92369994518367,False
e93d07a18ca847c8,0a97691039c4bbfb,2012-02-15,137.0,249.0,112.0,3.375839339616828,28.56515438858264,False
6d7eecf4acecda2a,8a9c6c4301f6d088,2021-10-23,210.0,119.0,91.0,1.5770344360253787,23.8369088375066,False
c4caa8a4f32a0eed,1174782eacde9b0c,2023-07-22,126.0,322.0,196.0,8.854391260600835,20.99431522085365,True
a200b5dcbdd2506e,1d00756835ca67c9,2022-03-19,147.0,252.0,105.0,8.692854747188512,58.63225785448981,True
a1029686c3f1bead,319c15b8aac5bfde,2022-07-23,126.0,679.0,553.0,2.935036311491679,5.514396613780036,False
a1a5d06b0e7ada62,f65a0eb902f9476b,2022-12-10,399.0,301.0,98.0,3.8139044607349923,1.7371489696492972,True
c92308bbd6107b11,9e0f28d1f639ad73,2019-07-20,182.0,301.0,119.0,14.105696900004787,83.93176819178052,False
f87a3fa07f0009c9,dab0e6cb8c932162,2024-02-17,273.0,154.0,119.0,1.4565665277178859,15.428913372893248,True
46c050a827ee83d6,5f8e00c27b7e7410,2020-05-13,298.0,116.0,182.0,3.9507998110844156,5.408015168978864,False
3dd0951b8855137d,d4da8995fc91e7ef,2019-01-19,175.0,70.0,105.0,9.511488942278078,101.3532467864743,False
958522de54ccc536,66766984842c13dc,2025-06-28,504.0,133.0,371.0,3.6879607384135227,19.861850697536283,False
406f2aacd1d1faf9,eaea0fc7b76525a8,2024-02-10,434.0,126.0,308.0,8.271217068112282,17.370501651652603,True
925a36a4af600291,319c15b8aac5bfde,2022-07-23,168.0,28.0,140.0,0.9062472193131939,13.306562386128917,True
7f8340dfe4220c3e,277ffed20cf07aea,2021-05-22,168.0,294.0,126.0,9.445779174110353,15.321303205058484,False
b347480405118de5,43563a32c3f10e95,2015-01-31,266.0,154.0,112.0,3.255371431309335,20.289677347731413,False
f8ad660497e49187,c6becb722706c7d8,2016-01-17,225.0,351.0,126.0,0.32307302682464467,14.500830520669979,True
408fc024d3e91b0e,8d5daf67983b65ba,2019-11-09,70.0,175.0,105.0,14.631375045346587,32.22714391730324,True
53d6e37063f9c404,33a331684283900f,2018-10-27,148.0,477.0,329.0,4.876212379446535,26.114268587832157,False
ae6fb7829db7ecc7,72cbe507644a587c,2016-07-30,83.0,195.0,112.0,11.428023847170032,1.1560495478202029,False
50e675146cda6e7c,15b1b21cd743d652,2023-04-15,959.0,616.0,343.0,3.8330698097839146,40.69732643587645,True
a71764d5da04e3bc,b23388ff8ac6637b,2022-12-03,133.0,35.0,98.0,0.09582674524460089,20.27520329758977,False
7f3bd3b913df61f4,23bd78c3f89bdb54,2017-07-07,342.0,566.0,224.0,2.852899101282027,19.272082707252366,True
f0ca713121289d24,c912f676692c353a,2019-04-27,175.0,28.0,147.0,8.509414977720287,36.98064149359902,False
3901d9cdbb0949bc,9c37681096c6f3a9,2020-09-12,308.0,21.0,287.0,8.156224973818766,30.065502661230767,True
23243c27deb4d596,4c8d6fde2dde07c4,2011-08-14,71.0,169.0,98.0,0.5421055873837268,43.3418115824345,False
06142a1de3bbae75,1652f3213655b935,2009-04-18,213.0,938.0,725.0,0.7939930320266662,36.533464580873215,False
18a7dc86279066f8,8ad022dd81224f61,2025-05-17,525.0,175.0,350.0,2.026051185171493,28.434516526534935,True
bdd782059be98dfb,1d147d4163a6989b,2007-11-17,154.0,623.0,469.0,2.981580730610485,28.819236529768204,False
df7cf7ef41eccbe6,a8d521d913df4e31,2014-01-25,143.0,280.0,137.0,3.819380274748969,31.232085110478693,True
8ea12c7360fa0f6b,b9415726dc3ec526,2023-06-17,154.0,497.0,343.0,1.3278848983894278,15.934340352109302,False
c5ce4f39269c842c,20fbff570c678e1c,2015-12-11,327.0,125.0,202.0,1.075997453746485,15.251904346331003,False
7d26a6b4b6845e1b,c0ed7b208197e8de,2014-06-28,147.0,385.0,238.0,0.9363641963900697,31.17691975624507,False
adc1b34f6988bd68,ee457ef1e1c326c1,2013-12-06,100.0,237.0,137.0,7.017255658911541,14.717166784338133,True
4785bf265d05d85f,bc7cf284c1c2f16e,2015-04-18,273.0,399.0,126.0,0.03559279109084912,0.688723608371447,False
147e0b1c64cb7ef0,53e533db1b8e9712,2012-09-22,267.0,154.0,113.0,2.1738981635488734,1.4806668666778933,False
5a09a7a3f2792d1a,8a028648f3f0761d,2016-07-23,462.0,226.0,236.0,6.560025188744465,15.26369320647791,True
4f2501e804c84abe,57591bbf1623574e,2022-06-04,658.0,301.0,357.0,1.0732595467395,36.71171243208505,False
579f0be80b359d8b,c1684f00c626f4c0,2007-04-07,72.0,366.0,294.0,0.9692190804739305,16.699566084754224,False
277233ca9ea25674,6fb1ba67bef41b37,2023-04-22,154.0,315.0,161.0,9.820872434067777,0.08941982605188059,False
fea3a0643218e16b,9c5828c6fd9dc948,2024-06-15,420.0,147.0,273.0,2.554467237520278,0.5976078172539019,True
0e272af30a23e09b,7865707fd684d77b,2013-06-08,238.0,1165.0,927.0,2.6913625878697047,22.29795142200669,False
b97d2f97d109cfc8,1fcfc3709fe58151,2014-06-07,49.0,203.0,154.0,3.0390767777572414,70.04204767154306,False
8d4a475e48722fea,398b440e73d55b8b,2020-12-05,91.0,189.0,98.0,8.112418461706945,36.859093123826824,True
03bc32bdb5a33496,400c7b43c86d27d3,2025-06-21,154.0,259.0,105.0,1.2238444321238617,0.23133031135557758,True
e4931f3ab3bf4141,6750e338922a099d,2024-04-13,154.0,448.0,294.0,3.8659246938677683,10.57599739871307,False
8a1678a54dc82206,505934897b8b4824,2012-06-22,118.0,223.0,105.0,1.1581346639561367,1.663366565454453,True
903d2c361d005b70,972197a8c61ac413,2021-08-07,238.0,147.0,91.0,4.591470050719728,41.06772425717736,True
451525a1abe30a91,6a8a06b542e1516d,2017-02-04,147.0,490.0,343.0,6.69965844610088,61.529785460599896,False
af5b940f2c686524,33b2f68ef95252e0,2020-02-22,119.0,28.0,91.0,11.014599889114763,20.71172022918472,False
97c76d44699f7c93,e31502e3f79d00c5,2019-06-08,196.0,42.0,154.0,4.4244577232934255,70.93185275379574,True
32b030138bfd4f88,119ebea97e914dcf,2015-10-03,295.0,112.0,183.0,7.460796594043686,16.0,True
c536a1119406c0f0,f341f9551ba744e2,2007-09-19,263.0,167.0,96.0,7.293784266617386,30.05195196313184,True
c3b2a72cc291db4e,4dc496aa0cfc0d95,2001-11-02,126.0,252.0,126.0,9.035093123062072,33.89651315393235,False
d7507e2741fd4d05,b8e2f10efb6eca85,2025-07-19,266.0,413.0,147.0,2.872064450330946,13.929848442344564,False
4047e98132306cd5,4a9e305633f3ef47,2022-07-02,84.0,231.0,147.0,3.17871003511366,2.3080011251695396,False
6049301b4deea035,15b1b21cd743d652,2023-04-15,287.0,168.0,119.0,2.135567465451036,16.23752032852144,True
291bebbbf4f9128f,7865707fd684d77b,2013-06-08,203.0,98.0,105.0,1.2512235021937457,14.688567301491958,True
7006a98fe9944571,d856a0080ac09ed7,2017-11-11,127.0,300.0,173.0,0.8898197772712635,2.641657084483313,True
147e984aa34e3028,b5abaa65f87938eb,2021-11-13,301.0,757.0,456.0,0.8405374511454689,55.68944111671135,False
4e55251b7a0df0c2,2a74bbba57058f12,2018-12-08,371.0,280.0,91.0,0.7830414039987126,69.40164172537379,True
87126427cfcaee52,b0550072e5f0afa7,2019-04-13,126.0,259.0,133.0,2.872064450330946,33.8653508280056,True
9ed0c3acc436eb56,1507214bbc7a79e2,2017-06-03,329.0,175.0,154.0,5.234878197362029,27.53436899905273,False
2129acab2280bd29,18c49685296c60e6,2025-06-07,182.0,77.0,105.0,0.941840010404043,72.42471233137485,False
96c6be6b22385967,cc2ad11b1f9d818b,2025-03-22,735.0,63.0,672.0,4.27387283790906,41.833779776029814,False
ca16e203eb2bde60,8dc4f34c1f50d00d,2014-10-04,171.0,42.0,129.0,9.270553125663088,13.97959988412481,False
cbf1e76186a0c8b3,ccd58ff71e260ed5,2023-07-29,616.0,112.0,504.0,4.914543077544373,7.757930710671872,False
a419e6df765aa755,b23388ff8ac6637b,2022-12-03,350.0,84.0,266.0,9.733259409844145,2.5082615718977195,True
ddd63237f1b857a6,9114c8ded5ccd71d,2021-04-10,126.0,21.0,105.0,0.8733923352293331,7.260865924536802,True
4a172a5191cb8e60,d0d43cb9b14f231c,2020-12-12,42.0,392.0,350.0,12.91470735196479,8.543150619121661,False
2efbcd870f1f7bc7,c36e1f4fa755ffb4,2021-03-20,231.0,98.0,133.0,8.837963818558904,15.485971588016355,True
cbdfb3c648d7bada,a6c32678efd4f434,2022-05-21,126.0,966.0,840.0,7.241764033484603,15.655152805175021,False
02731f017c838ad4,de25520d54eab12d,2018-11-24,112.0,252.0,140.0,7.4087763609109025,2.7118682432337664,False
b1da312483a974b3,b16a7e6a627e9789,2019-06-22,84.0,351.0,267.0,2.8994435204008298,3.5943862323699705,False
486fbba33876da4b,ef7fa30364cbe7f2,2015-07-18,181.0,413.0,232.0,5.549737503165709,29.298238788806884,False
62d53ad8f8769666,2719f300b0439039,2023-08-19,1561.0,728.0,833.0,5.286898430494805,48.78544096772225,True
3729ff914eaede07,20821819c401ced8,2018-11-03,287.0,112.0,175.0,4.525760282552003,59.98696224217247,True
1c2d0db1c9eed052,aec273fcb765330d,2023-03-25,308.0,623.0,315.0,8.06861194959513,7.135265927503724,False
2d24929eaadf0351,f9aa6376ae16bfb4,2015-01-18,106.0,204.0,98.0,4.429933537307402,16.00081314814497,False
7a2c841693b54dd7,a6c32678efd4f434,2022-05-21,595.0,182.0,413.0,9.85646522515863,13.147066861861049,False
2521fed000747f47,2a898bf9fb7710b3,2025-05-31,77.0,560.0,483.0,8.731185445286354,64.29542441402054,True
de7cb625bdec0f91,79ff6545b0abc685,2024-03-23,217.0,126.0,91.0,3.184185849127637,25.82352892918584,False
9eaa33f874bbb999,c11036da9162cb5f,2024-07-20,119.0,259.0,140.0,4.569566794663821,39.85189605194091,False
7ffd80b65b0ff942,db1f2ed63b54b9a7,2016-03-05,112.0,224.0,112.0,4.835143774341702,17.363157002750995,True
69c06be4f87ccdab,6c9383ffab2725a5,2019-07-06,189.0,392.0,203.0,6.617521235891225,111.419735955247,False
6aea6d3e6944999c,9e30f69cc0869301,2017-12-02,469.0,188.0,281.0,3.18966166314161,13.878214813017394,False
9a71dc94152a76ac,282fa667ff9c51ed,2011-01-22,1669.0,532.0,1137.0,0.6954283797750804,48.54788148970374,True
5136dc566f46daf6,a6c32678efd4f434,2022-05-21,343.0,224.0,119.0,5.453910757921104,8.578306576075647,True
84cde29aebf6c00c,0b64d0fed453ef7f,2021-06-12,182.0,630.0,448.0,9.292456381718992,29.34101721749971,True
5f5b626e67529056,92c96df8bdab5fea,2025-11-22,588.0,462.0,126.0,6.658589840996047,20.999925091001387,True
f2cd665eab69876a,4c12aa7ca246e7a4,2020-06-06,322.0,175.0,147.0,11.230894542666856,7.499677738110677,True
b6ea8880cc7af439,6085ceb59087514b,2023-07-08,126.0,238.0,112.0,5.256781453417933,21.863487377153433,True
ce3d94186567a684,1d00756835ca67c9,2022-03-19,343.0,140.0,203.0,3.939848183056462,47.18859371397866,True
f8dd1e75978a3957,c32eab6c2119e989,2020-06-27,294.0,126.0,168.0,1.0677837327255197,54.447829674005334,True
4f60a7e7b848bc6d,73e09f837f3b5ecc,2016-11-26,252.0,126.0,126.0,2.4148339801638663,12.709136970045847,False
5a3fcd3d3a1e1c38,669a3cb6e394f515,2005-08-20,126.0,1639.0,1513.0,5.686632853515132,110.45473572859669,False
d1b8ff290d09013b,a54a35a670d8e852,2006-05-27,189.0,51.0,138.0,1.6071514131022546,21.738978956822166,True
f7ae397fefa57c70,99bf06f20491cb54,2017-06-25,161.0,435.0,274.0,0.5941258205165063,4.226295684023626,True
71170fb7ade3e1f4,bc0f994de0521926,2025-12-13,182.0,910.0,728.0,11.67169757079201,15.953415210520006,False
ab325ea526824723,de277a4abcfeea46,2025-06-14,182.0,70.0,112.0,1.516800481871634,10.063911769535252,True
f0723cda67db3954,3ab0df1ddd5f1dc2,2024-11-02,336.0,189.0,147.0,4.1999493487203665,0.16748780832199373,True
00ee51bba08b7a08,92c96df8bdab5fea,2025-11-22,154.0,3290.0,3136.0,0.8186341950895581,11.677950023616177,True
c2a36e996bba3a4a,2dea80c069847321,2014-09-20,133.0,259.0,126.0,3.1485930580367842,44.62608363002346,False
438fbdd4cf27e324,de25520d54eab12d,2018-11-24,364.0,168.0,196.0,13.358248287096924,31.865242891801472,False
4b9203b86f0aa870,04d5718ed2661e8c,2009-04-01,270.0,158.0,112.0,1.8398735086962752,0.9707926286009751,True
2c5d329bdf182468,3be081c29bf734d9,2015-07-11,28.0,174.0,146.0,4.506594933503081,71.3178247920132,True
a6e494c82d136172,83d0de122f2f9664,2013-12-28,133.0,301.0,168.0,1.1307555938862528,20.18489285922533,False
4a5e5232346993c7,3974fa35c917af1d,2021-10-30,1071.0,63.0,1008.0,3.819380274748969,50.28343694581645,False
755d84d5f4aa4dbf,2f13e4020cea5b38,2021-08-21,371.0,126.0,245.0,9.078899635173894,62.05494266299547,True
94608c62dd497366,30a09e43f15f1d75,2014-01-15,172.0,70.0,102.0,0.3039076777757188,0.912014150693949,True
23e548f618dd0e5f,af1e5c64b8663aa0,2020-08-22,63.0,259.0,196.0,1.6810749022909448,15.363022315084208,True
b3a3341a5db2d484,2efbc83a6b9b7f86,2008-06-07,66.0,161.0,95.0,9.971457319452146,52.48916483045036,False
f80143e1f3c3d319,fe435e440b5de0ff,2024-08-03,287.0,161.0,126.0,6.579190537793384,48.98005007389611,False
8062a7852a8b1560,c7e9d15cfce52f1d,2005-11-19,217.0,43.0,174.0,8.944742191831455,103.67895874256124,True
71e3272f7ebcca26,7269329bd87eb479,2007-12-29,126.0,301.0,175.0,7.597691944393109,51.09258766132007,False
148f5128a45e9212,3fed746acfd026dd,2006-11-18,259.0,56.0,203.0,7.597691944393112,78.60140573546346,True
4076a87092da5bfa,94609dd91731d428,2004-01-31,337.0,71.0,266.0,5.166430522187316,39.922310721426356,True
57f4aac17f067c11,4dc496aa0cfc0d95,2001-11-02,321.0,182.0,139.0,2.8446853802610583,7.310820508280358,True
0f6dd5d9a96ceb9d,1dc56b59cb28425d,2002-07-13,113.0,253.0,140.0,2.8446853802610583,40.0060239921811,False
b0bb09e4ca8343af,e06fd1260ac865a7,2002-11-22,132.0,315.0,183.0,7.97826101836451,56.924845933111555,False
5abcf9f282983acc,4f853e98886283cf,2022-08-20,119.0,245.0,126.0,2.7023142158976583,45.86695650367801,False
eebb4dde70a67369,8d49545dadf9b919,2018-09-15,217.0,126.0,91.0,3.2444198032813816,1.9823155895876425,False
cd67f6ddb2920193,15515e797aedc137,2018-02-10,245.0,98.0,147.0,16.909313675161023,25.610523022665575,False
70feb2bfc12b97d4,d1d20e651e6cbc02,2018-12-01,77.0,224.0,147.0,13.322655496006082,18.52248987274902,True
03a200326e56d597,59851163aaf1aed8,2014-11-15,210.0,56.0,154.0,3.3539360835609244,19.299989479662145,True
cca58aece2816dd1,73ef22f25d0f70e2,2011-09-24,469.0,210.0,259.0,7.570312874323228,2.776798048433193,False
ef3c1a2ac6510d26,2dea80c069847321,2014-09-20,288.0,162.0,126.0,2.2450837457305752,1.1754022537304536,True
c996b2ff10a915b1,83c6c3e0f8bde8ee,2013-03-02,154.0,371.0,217.0,13.90856759550162,53.57760103115493,True
5ed0027812582ad9,8dc4f34c1f50d00d,2014-10-04,126.0,483.0,357.0,1.935700253940876,16.08945130279153,True
220aa11288e919c6,a421465acbe59c77,2014-04-19,778.0,164.0,614.0,1.9357002539408725,43.8835272145775,True
8ef7723b6a8b45e1,c50ea21fe9ef478d,2025-02-22,224.0,588.0,364.0,4.914543077544373,19.212312703918542,False
106088694fa0c682,5cde96e0a1a1fffe,2016-11-19,77.0,189.0,112.0,7.011779844897568,98.62824319041897,False
8456a02bd3621837,b23fca14c7b79935,2013-09-04,102.0,221.0,119.0,3.608561435210852,8.803725188264707,False
34c6c06ba60a9ade,83fd97284f4bb4a4,2011-07-02,252.0,147.0,105.0,8.369781720363864,12.200218553097784,True
7e3679992f2c6ff6,ad32471f01e7b1a5,2010-09-25,119.0,217.0,98.0,7.011779844897568,26.520787728517462,True
8b7bc2af1e15b668,01dd4cdc2446f665,2023-02-11,245.0,462.0,217.0,2.3190072349192654,14.749425806662202,False
dbed6292db8b0212,ad99fa5325519169,2018-04-21,231.0,322.0,91.0,9.166512659397522,18.634886522283068,False
e0bdef2580715030,83c6c3e0f8bde8ee,2013-03-02,112.0,322.0,210.0,2.4148339801638627,54.10212809751397,False
e86f7b7f3a047d2a,db1f2ed63b54b9a7,2016-03-05,238.0,798.0,560.0,1.232058153144827,15.189416912206752,True
18d84b333b28de36,1bf49bf829964144,2019-09-28,273.0,84.0,189.0,12.33700897349021,16.0159097051519,False
a3cd6a65aaa9f104,ca936c67687789e9,2025-03-08,329.0,175.0,154.0,2.2779386298144395,13.320927163320675,False
393f9bc7b51791a6,cba3a2dfbc06ce79,2024-06-08,784.0,189.0,595.0,0.2491495376359545,20.744339909944983,False
d7022b6058dbb26b,3dc3022232b79c7a,2023-04-08,406.0,203.0,203.0,7.783869620868323,18.348767745548912,True
c43e99000f3c77b5,119ebea97e914dcf,2015-10-03,133.0,476.0,343.0,0.8597028001943912,63.71138633982741,False
8badcb2134c1cdaf,2f13e4020cea5b38,2021-08-21,343.0,133.0,210.0,3.5401137600361388,43.82640280643864,False
1e3c67921162561d,eaa0a728cc91ef60,2017-12-16,322.0,196.0,126.0,2.357337933017103,13.868842039855508,True
fdc82a98c68588c4,1ffc38f67785797b,2011-09-17,238.0,105.0,133.0,0.7611381479428054,15.78039138425811,True
6b581bb1bc9289ef,1507214bbc7a79e2,2017-06-03,84.0,413.0,329.0,3.7126019014764147,29.645155814743475,False
014a3acf91ada8af,d56bb6dff2ae77eb,2016-02-21,428.0,197.0,231.0,4.95287377564221,5.58446509697842,False
79c22394d9c2144d,3144121470023e9a,2018-05-19,161.0,287.0,126.0,6.22052471987789,12.981100948154563,False
1e176413438fabd5,b1605ea39fba6af6,2015-05-16,336.0,231.0,105.0,1.3716914105012457,1.467506406640041,False
50935ae1627fc89b,e18012194473e8b0,2016-09-24,118.0,289.0,171.0,2.9925323586384387,106.7412825376814,False
ac9e19a4075f6557,ff9578cdbfabd323,2017-07-29,105.0,308.0,203.0,2.496971190373518,28.80546762531344,False
f963d716384153ff,0c3838c8f7c620c2,2015-07-25,329.0,217.0,112.0,0.9801707085018876,22.266971776302626,True
b2c3f1783a0c8530,990060b2a68a7b82,2016-05-29,309.0,169.0,140.0,0.6872146587541152,64.94362294011125,False
019b4d006800504b,e4bb7e483c4ad318,2023-03-18,364.0,105.0,259.0,0.7638760549497974,21.37508393889948,True
12a33d16e1d4e2d9,4a9e305633f3ef47,2022-07-02,280.0,98.0,182.0,7.1212961251771105,44.16918013434156,False
9eef9b7967991296,320edfb0332b7073,2021-07-31,322.0,140.0,182.0,2.486019562345561,36.36525360777705,False
7d4e11c2a9485320,bc7f7f0ba3db74d2,2017-04-22,126.0,497.0,371.0,3.7290293435183486,11.007238317314432,False
f3c37e23ca30c87d,1fac46d466abd5b8,2022-03-26,280.0,112.0,168.0,8.309547766210116,31.360162943541127,False
463fc1fd1f17befb,9c37681096c6f3a9,2020-09-12,448.0,91.0,357.0,0.7255453568519528,22.344577976915616,True
4096b302747d47b3,b16a7e6a627e9789,2019-06-22,125.0,343.0,218.0,1.1800379200120474,7.7212952544239215,True
677588ea237aa5c0,32541eb5d12668b4,2016-12-17,217.0,119.0,98.0,1.1937274550469894,23.956981647421117,False
d2591df4fa9cc44e,b3fb8d2293e17a59,2016-01-30,51.0,280.0,229.0,6.828340075429338,29.83161959461313,True
ce0fda34122f3d48,a1d6b308781aa2f5,2021-06-26,231.0,140.0,91.0,2.721479564946577,60.094289768611134,False
76641669c1607b7a,86b30a86664cb6e4,2025-04-05,427.0,259.0,168.0,4.134239580552649,44.639280818926636,False
88020d22cf905792,421ccfc6ddb17958,2025-08-16,273.0,133.0,140.0,1.568820715004417,28.802481876154843,True
33658a3ca932d15d,a9df5ae20a97b090,2024-03-09,504.0,259.0,245.0,9.385545219956605,2.4015824647656245,False
e5cb9dfc1189d77d,6f81b6de2557739a,2023-08-05,539.0,203.0,336.0,8.115156368713937,10.3015777252906,True
a4c7d59d340794c0,2e2cdb6e9eb84bb9,2023-01-14,203.0,105.0,98.0,8.676427305146582,0.10338607537369171,True
d14f98b24691d082,39f68882def7a507,2025-01-18,203.0,329.0,126.0,11.359576171995318,11.833628769654524,True
75523d31940c9344,74fefd43f073cd2f,2019-12-21,224.0,322.0,98.0,4.930970519586303,11.969301692627596,False
47d978a984a163aa,079488710f012779,2024-09-28,434.0,217.0,217.0,2.119140023409109,1.9545351036376815,True
2417cc7bc1eea75b,bd92cf5da5413d2a,2025-12-06,637.0,112.0,525.0,4.457312607377286,45.34602686592302,True
55b53fdad307b708,487c170da059857d,2019-03-23,133.0,231.0,98.0,5.63187471337536,17.374699010419363,False
7510b0c96f5707ea,3ae10ac4df3df05c,2019-10-18,209.0,83.0,126.0,3.0034839866663923,8.991820594530509,True
a3b972117a3998ee,2b4faacc16d66898,2016-09-03,118.0,217.0,99.0,1.2347960601518153,54.57206063343483,True
df7928de73fc2fe8,221b2a3070c7ce3e,2024-10-26,224.0,777.0,553.0,5.9987542523118265,12.523915408437006,False
3fdb4c4b39218cf4,7956f026e2672c47,2025-10-25,126.0,364.0,238.0,6.6093075148702525,15.437604542058807,False
e25875165648162b,48e093ea1f43a053,2021-11-06,336.0,168.0,168.0,0.8213721020965536,24.067170871006056,False
6c1dba8a3ba4f42e,b3fb8d2293e17a59,2016-01-30,126.0,238.0,112.0,3.934372369042485,25.41121966006608,True
34fd6ac116645ae6,a4dd5c9a75763295,2015-09-26,637.0,196.0,441.0,1.3908567595501609,48.40923217743557,True
7af407397532f7cf,bd92cf5da5413d2a,2025-12-06,112.0,273.0,161.0,9.319835451788876,31.744107298962945,True
83c81018bb3aeebf,15b1b21cd743d652,2023-04-15,406.0,126.0,280.0,2.880278171351911,6.609434168459529,True
bc63f1b2e52f603e,421ccfc6ddb17958,2025-08-16,455.0,245.0,210.0,2.1300916514370627,17.77672581540014,False
6655a8da2655f2d0,744f50016c39c26c,2021-05-15,329.0,217.0,112.0,5.155478894159362,7.663771978476461,False
a88a4c126d585320,04076783ca83d6ae,2017-12-30,413.0,294.0,119.0,2.6639835177998172,1.7411448562043006,True
824859c7580eb35b,f3a078277b3b8ff4,2023-10-14,378.0,182.0,196.0,7.323901243694259,12.846859767011892,False
005723fb99440272,e0b74df14f52cd15,2013-07-06,168.0,364.0,196.0,3.9863926021752683,83.07108099210495,False
58540b24ed77d31b,dfb965c9824425db,2020-05-16,98.0,252.0,154.0,5.5387858751377514,2.463860050042058,False
4e7c06f8b2b8c24b,79ded75550efc139,2014-07-16,88.0,242.0,154.0,4.093170975447823,39.166558787212125,False
b47e4f0982938e5b,47b7e4e60813b7b2,2017-03-11,231.0,126.0,105.0,3.288226315393196,7.451079588090124,True
9cdeb62aa9092713,4985113c0928aa62,2012-05-26,133.0,1911.0,1778.0,1.2758646652566448,62.32939750825676,True
fc0f12be6552bfe5,84a067c46306a737,2009-11-21,105.0,1750.0,1645.0,4.364223769139684,24.994539990563226,False
fbc7d73f7bf60b9c,d1152823307d7e7c,2011-01-01,406.0,196.0,210.0,11.67991129181297,56.58178726745314,False
5311298f79414125,b6c6d1731ff00eeb,2023-06-10,98.0,189.0,91.0,2.830995845226113,12.591032617528754,False
41622791b276ad9e,6597b611f1c32555,2021-03-27,280.0,979.0,699.0,3.945323997070439,60.31515263146184,False
4d6f492092d827cf,d023ae89a2a4a41e,2011-06-26,253.0,155.0,98.0,4.139715394566622,33.720062033779186,True
6173056f0e080ca6,9649d75defe0dedb,2019-03-30,315.0,120.0,195.0,0.6379323326283242,42.02266451622427,False
4abf375aa97364f6,282fa667ff9c51ed,2011-01-22,224.0,119.0,105.0,2.423047701184828,15.572789126469843,True
bc6d70ab959dce70,c50ea21fe9ef478d,2025-02-22,238.0,357.0,119.0,3.0171735217013342,16.441464627578625,False
a7d397cd0f2ac93a,e4a9dbade7c7e1a7,2024-03-02,266.0,133.0,133.0,7.800297062910257,15.133341413651351,True
61f80a1732d37288,a314687f372b2cec,2016-05-08,259.0,112.0,147.0,12.022149667686538,3.1205889193684015,True
7c0d0a28a8fba102,ad23903ef3af7406,2024-12-07,189.0,70.0,119.0,4.205425162734343,50.95756177412159,False
4cf7792aef993be1,563d051c9e769b24,2016-06-18,300.0,168.0,132.0,1.623578855144185,41.019758859805734,False
e69f9b4b9cae12a4,7956f026e2672c47,2025-10-25,280.0,140.0,140.0,2.5079228184014717,37.272294051229665,True
3d7d82fff71e395a,eee8efec7b951d84,2024-10-05,154.0,266.0,112.0,6.809174726380419,22.19040605577402,True
a8239866e1222eae,010986ee359fb863,2024-01-13,259.0,147.0,112.0,0.8323237301245072,5.118457066952033,False
fd4d30036a3f3efb,2719f300b0439039,2023-08-19,7.0,161.0,154.0,1.1143281518443224,46.73480350377827,True
2ab395e21080b10a,756f45905fb20cb5,2022-11-05,133.0,1211.0,1078.0,0.7638760549497938,17.79110599797309,False
24bcade0007c2246,9e0f28d1f639ad73,2019-07-20,182.0,308.0,126.0,0.2491495376359545,0.8003661955203825,False
452a9728317893d7,c6da1c24fe473418,2012-12-15,378.0,175.0,203.0,3.088359103883036,0.0,True
77ed474dfc5359ea,de20ffb3fc2e7629,2025-05-03,252.0,105.0,147.0,4.569566794663817,0.7322606064642514,False
1676c64a94be0557,b6c6d1731ff00eeb,2023-06-10,476.0,203.0,273.0,0.4627062841810563,15.647220750011229,True
b8648b32caf36c5a,602bb270f2bdbf02,2018-01-27,329.0,189.0,140.0,3.6277267842597745,39.48824222391909,True
318460613b6018e9,4f7e290e71d60f87,2015-05-23,322.0,560.0,238.0,7.2116470564077275,26.30505091883242,False
23253ebb1d86d8b4,154a6b3ffae264cd,2016-10-08,497.0,93.0,404.0,4.512070747517061,63.688155738441765,True
eb3093e235f048c8,f1f9e48a0d150757,2011-08-06,182.0,294.0,112.0,1.675599088276968,64.90902631946551,False
87c73e2086214b5c,65ddc8a9ac4e8531,2011-02-05,182.0,504.0,322.0,1.965817231017752,106.6335341047295,False
9cd343b9d5d87528,94609dd91731d428,2004-01-31,239.0,127.0,112.0,13.777148059166173,47.17438460059657,True
2d1c4027b8e50a0d,9ccdd2ce45903f34,2002-06-22,162.0,1345.0,1183.0,7.288308452603406,12.887454725516818,False
23cdc3ef525ba8e4,c6e6926a81adcd00,2012-12-29,140.0,238.0,98.0,2.7598102630444146,20.22587349401556,False
704a089fde021153,5898357a45a73674,2012-05-05,112.0,231.0,119.0,4.158880743615541,13.397961990811382,True
44adac5d05f7e883,d0c29452d3272603,2010-05-08,560.0,147.0,413.0,4.150667022594575,29.551425523632588,False
f858f91453555291,a23e63184c65f5b8,2022-08-13,175.0,308.0,133.0,3.0500284057851985,23.3548960853102,False
ea43a5fe4ff9a3c4,70167689d6a01793,2019-08-17,455.0,140.0,315.0,4.925494705572326,12.992075935979756,False
25da52bc590ef664,77940e45bc86208e,2022-02-19,217.0,119.0,98.0,5.976850996255912,28.135337072196307,False
4738cd4cd8d33eeb,d4da8995fc91e7ef,2019-01-19,50.0,175.0,125.0,4.402554467237522,77.6482380717157,False
a6797238f9f98644,aa79d5399571068e,2013-04-20,77.0,197.0,120.0,4.794075169236876,12.505221027779953,False
5e2f2f5d9a756de9,2eae41f61776c60f,2018-06-09,553.0,189.0,364.0,9.048782658097018,78.32450129534459,False
5cf03fdfe557803f,45a2ba3ef82b9700,2016-07-07,222.0,341.0,119.0,3.4744039918684173,16.768585045746477,False
7ac1c2f87b795742,4d636c3aa1105950,2015-11-28,196.0,378.0,182.0,4.421719816286441,16.70246717252462,True
6597b770486021b8,1fcfc3709fe58151,2014-06-07,161.0,623.0,462.0,9.336262893830813,32.33041118159963,True
875304f54becda0e,f54200f1dfb9b5d4,2015-03-14,98.0,469.0,371.0,3.9809167881612915,46.1864809691549,True
15aa55a91cf848cf,74fefd43f073cd2f,2019-12-21,112.0,763.0,651.0,2.302579792877335,10.82646265920448,False
1978b44503c3d9ff,320edfb0332b7073,2021-07-31,381.0,192.0,189.0,2.9268225904707137,3.4537451051214703,False
0d698108c5f5d1d6,a7a79b8efbceaaac,2019-02-17,435.0,210.0,225.0,0.2765286077058384,13.909978928300234,False
076c98ac0561521f,3ae10ac4df3df05c,2019-10-18,923.0,62.0,861.0,7.893385901147866,39.513936611584086,True
3bd5dbc1598c409d,d56bb6dff2ae77eb,2016-02-21,225.0,72.0,153.0,8.5997659089509,21.32381008831271,True
738e0ccad2c9224b,fc1868f56d3036eb,2018-01-14,134.0,281.0,147.0,1.0623079187115394,16.732044866715796,True
194f8d501f318ada,312f47c3d2f83ffa,2008-10-18,231.0,133.0,98.0,,13.280830371348202,True
e1930496b33fa636,cce79e827569f26e,2024-02-03,364.0,238.0,126.0,5.338918663627588,19.246878029330674,True
d361b51952944a26,a25b71fe5e31fa97,2017-11-04,392.0,1449.0,1057.0,2.2204425826676797,80.26800672845116,True
a57b9c636ac198be,770b9d4813c25902,2014-08-23,129.0,651.0,522.0,6.76263030726161,66.20798143460274,False
0e9091311ca565ce,39c568f8c579913e,2016-02-27,392.0,224.0,168.0,3.876876321895722,64.11584966989926,False
3a5b53d1123d9f7e,f9f07bb5a43535ed,2014-04-16,354.0,161.0,193.0,0.5065127962928742,71.36625474613652,False
3d741cee0dffe165,371a1c91b24dec2b,2014-11-07,195.0,76.0,119.0,5.634612620382349,73.65946642860467,True
0f461c4ddf70eff9,88a9bc81271ccd89,2011-02-26,133.0,332.0,199.0,7.000828216869614,48.302055479428645,False
1776c84e3d22d7cc,312f47c3d2f83ffa,2008-10-18,133.0,231.0,98.0,1.3935946665571493,14.52426211022862,False
241a722f3b042c59,49efbdc6c9f650c4,2010-02-20,252.0,98.0,154.0,2.655769796778852,110.52036599590565,True
05b7bfd4fe75af69,4604ab1de9058474,2007-04-21,112.0,441.0,329.0,8.04123287952525,85.22576238188731,False
cad44cd2466fb68f,06dc1a58663579d2,2015-06-06,280.0,175.0,105.0,0.8487511721664376,3.724526998503279,False
cb720b01fd6f9785,41dca66f9dadfc86,2020-11-07,147.0,1584.0,1437.0,3.1157381739529235,16.58061984533947,False
6d9ea9f436ed354d,cc2ad11b1f9d818b,2025-03-22,602.0,119.0,483.0,7.701732410658671,5.408742089430007,False
95a0d706e1f4cfa2,45a2ba3ef82b9700,2016-07-07,243.0,341.0,98.0,1.6345304831721386,1.5560731825451057,False
531d9676d767da66,6c9383ffab2725a5,2019-07-06,133.0,511.0,378.0,1.6454821112000957,39.870546703487435,False
919fb76d2f3e5827,3974fa35c917af1d,2021-10-30,238.0,357.0,119.0,3.3265570134910405,31.153659888738048,True
800a35b3a7e52308,ccd58ff71e260ed5,2023-07-29,231.0,112.0,119.0,4.364223769139684,54.578900515481564,False
5c281439d20184f1,60ba33c3f555a7a3,2022-05-14,196.0,434.0,238.0,8.950218005845436,21.513915605267357,False
880f2bb0a639a5a0,8d49545dadf9b919,2018-09-15,182.0,644.0,462.0,9.032355216055088,22.420129363036267,False
26779cfb01372664,4887e5bc4dbb73ff,2016-04-10,477.0,218.0,259.0,4.145191208580599,28.154734663147565,False
e7ad1c3a763c7cae,e7bfdb5e0112891e,2017-04-08,329.0,217.0,112.0,2.272462815800459,15.470246092433399,True
01619207a811ef01,eaa0a728cc91ef60,2017-12-16,162.0,56.0,106.0,1.0568321046975626,30.092356746162523,False
a570acbbcbbd151d,58bc81376286b3d3,2010-01-11,51.0,205.0,154.0,3.2581093383163235,31.894230388897313,False
7d51649373d42571,b2e3aca4cd363477,2025-04-26,42.0,343.0,301.0,2.661245610792829,21.85599858690989,False
5531317352862978,89a407032911e27e,2023-08-26,189.0,441.0,252.0,5.864596808969381,44.77590144057035,False
909cd8633507a0c8,8db1b36dde268ef6,2025-11-15,378.0,140.0,238.0,5.396414710774348,23.02507948904986,True
18729b11614406bf,3ab0df1ddd5f1dc2,2024-11-02,217.0,112.0,105.0,6.8447675174712685,24.006378898434832,True
8410fb6d495a2cc2,a890f9a791ed615d,2015-07-12,295.0,140.0,155.0,2.935036311491679,1.7882371855557722,True
0a5a021cb11299bf,ce47f49e5c386a9c,2013-04-13,182.0,357.0,175.0,2.2971039788633583,15.26369320647791,True
59b2bbb251968ca9,57591bbf1623574e,2022-06-04,175.0,84.0,91.0,6.592880072828326,27.061620861548363,True
ea9059fd076a2f1e,c6e6926a81adcd00,2012-12-29,140.0,455.0,315.0,6.261593324982716,48.00324587021987,False
ec434314c5438fc7,026b4f7049085842,2024-07-27,259.0,140.0,119.0,2.1437811864720047,37.64978991107523,True
0133019a4f1055ee,a9df5ae20a97b090,2024-03-09,322.0,126.0,196.0,0.3504520968945286,28.807615169001565,True
c1c8b38d315d487b,155bfc7ed36622df,2012-04-21,133.0,2020.0,1887.0,2.3053176998843234,76.01121701630905,False
f4df74046a1c4364,0eec866a077889f0,2021-09-25,217.0,112.0,105.0,2.9240846834637253,31.480023567812395,True
856468ba24a37fcc,6fb1ba67bef41b37,2023-04-22,140.0,273.0,133.0,1.232058153144827,69.64002434315898,False
5f1a828f8d4c3b01,67ec58d7cf599835,2018-05-12,154.0,308.0,154.0,0.6461460536492893,0.8185729458739388,False
e0e22d7bc5a293e8,2a74bbba57058f12,2018-12-08,133.0,245.0,112.0,4.402554467237522,12.456166600152756,False
bcf842992f9accdc,9f3d6ddef3d3cccc,2017-07-22,329.0,133.0,196.0,5.612709364326442,31.073280528092255,False
fffa21388cdd78b7,eae4aec1a5a8ff01,2013-10-19,105.0,273.0,168.0,2.529826074457386,4.755537245418509,False
aaad7e29825b3264,e96d8538d3f9d0ed,2019-03-09,329.0,434.0,105.0,6.702396353107865,1.731082943625779,True
5164f1c4103616fd,620be7e0712d431b,2018-04-14,293.0,168.0,125.0,9.128181961299685,16.104764523336826,False
ced241b99eab5f22,865aa315ea62c511,2017-02-11,273.0,91.0,182.0,1.1444451289211983,47.26379463899093,True
8d89f3b8798f444d,f5585e675af7afd4,2022-01-15,147.0,245.0,98.0,0.3093834917897027,2.867814452441962,False
873306ad79b62f5e,6e2b1d631832921d,2021-03-06,385.0,161.0,224.0,0.917198847341151,9.695349003288811,False
ce1436a9b58902a7,ce7871949b0ed2bf,2025-02-15,287.0,462.0,175.0,1.6181030411302082,9.501113800789199,True
2a03bc4c491b4c9a,7b03d9df5910917d,2025-07-12,280.0,147.0,133.0,14.521858765067044,7.366628965589143,False
dad759ec50508147,66e0a70352fef46a,2024-07-13,252.0,119.0,133.0,4.424457723293429,4.384092861399722,True
cd137988da724076,e9e1acc96536bb4f,2023-07-01,161.0,301.0,140.0,0.027379070069883937,0.8009895327909362,True
89db7aca37b87711,981ab7a0576f76a0,2024-05-04,308.0,756.0,448.0,13.095409214426034,60.47976286912035,False
5ba7dd466e30169f,0f7210aa8d61af8d,2025-03-29,196.0,329.0,133.0,1.41549792261306,60.29423992359875,True
330506571d2778b1,4f670b7972fa0a2e,2022-10-01,619.0,189.0,430.0,0.7474486129078635,20.228662686551388,True
ab847a4cf397d7d5,4b2390cfaceb91d8,2016-12-30,90.0,328.0,238.0,2.0534302552413806,30.005208647077097,True
1a3572d1502efdf4,f9c7fe2682af3802,2015-02-14,231.0,133.0,98.0,12.449263160776745,16.0241062411651,True
526ab0f38313c630,96d173b7f92aa520,2012-10-13,98.0,329.0,231.0,1.97403095203871,169.7105573676704,False
50ffbc85d3c50604,0ec821423baa26bd,2011-11-19,350.0,168.0,182.0,4.9638254036701674,26.634542579776962,True
f4e5f49ca3831e64,91181b29be041f1c,2007-10-20,105.0,294.0,189.0,0.46270628418105986,19.172308777803437,False
cf13dd810b2bd061,e60201cfab7d656d,2016-03-19,630.0,266.0,364.0,0.16975023443328752,26.322432309339774,False
5bcd8abf6da01dae,6e380a4d73ab4f0e,2025-09-06,217.0,378.0,161.0,3.1212139879669003,1.6269332607407705,False
99bfad1679112591,aa3153a9941b4d44,2018-11-17,322.0,182.0,140.0,1.4264495506410135,2.075683430855179,True
9b6135943a4c8fe7,d4f364dd076bb0e2,2020-10-17,119.0,553.0,434.0,6.417654024381061,9.378302359927375,False
2ef09c8fe29251ac,d57e6a8971b6d2bd,2021-05-01,196.0,287.0,91.0,4.487429584454162,17.59087775813191,True
0716a38768a34789,3b2485c8d5c8b580,2021-06-05,210.0,483.0,273.0,9.013189867006165,5.3926120892483596,True
2c0496a5f39ab8a4,6f81b6de2557739a,2023-08-05,112.0,777.0,665.0,4.147929115587587,0.44931736118201115,False
d40eae4425092219,a1d6b308781aa2f5,2021-06-26,21.0,203.0,182.0,8.317761487231088,35.07075207277808,False
88d3b6b833e31712,dde70a112e053a6c,2020-07-25,28.0,273.0,245.0,2.3984065381219324,15.170007698055997,False
75570ea2da94a4fb,c32eab6c2119e989,2020-06-27,45.0,189.0,144.0,5.9576856472069935,14.643741446576769,True
1260d0031a5e469d,3c241737a6069b9f,2013-05-25,553.0,70.0,483.0,1.3853809455361876,39.86140834379739,False
50bf4bb2f8d9aba4,c95fbc085e17a532,2021-11-20,105.0,259.0,154.0,4.9638254036701674,34.661713994426464,True
ee9ade72b44dfa06,ee0b69e307c857e5,2024-09-07,182.0,280.0,98.0,6.34646844219936,28.417139937060483,True
47a157222b2c9092,2f13e4020cea5b38,2021-08-21,133.0,287.0,154.0,3.6770091103855655,16.672192469008678,True
b98bc1ecb94ef4a5,8944a0f9b2f0ce6d,2025-10-04,126.0,224.0,98.0,2.6612456107928324,0.6537475269815332,False
24438a644b975751,1979c80150f630c4,2017-09-16,469.0,126.0,343.0,3.0582421268061637,46.070950188492134,True
62aab95c866a9c5b,ad99fa5325519169,2018-04-21,217.0,77.0,140.0,2.2806765368214243,68.45199598899467,True
c5ba56d51f6b0171,e29cf523ebd155c5,2020-08-29,182.0,77.0,105.0,0.996598150543818,16.40053434235506,True
c4fa93a4f37a6ca7,58bc81376286b3d3,2010-01-11,114.0,233.0,119.0,2.187587698583819,3.915611198535771,False
71499934c065fecb,380e8b023290d091,2016-01-02,98.0,210.0,112.0,3.739980971546302,27.357847167005957,True
2f2ac4c08e763d38,acff437707625fc7,2010-09-15,172.0,74.0,98.0,0.32307302682464467,31.718790796641997,False
c3986c1a56a6e94d,eaea0fc7b76525a8,2024-02-10,364.0,203.0,161.0,2.3628137470310833,41.65209383950264,True
674f3fa16e717ff1,8215e4fe24e8e81b,2018-07-06,223.0,335.0,112.0,5.254043546410948,7.6428585167304846,False
49b2a6a93d529981,94a5aaf573f780ad,2019-09-21,442.0,63.0,379.0,3.3156053854630834,15.167241629578484,False
de767dd5216bcad9,fe435e440b5de0ff,2024-08-03,378.0,91.0,287.0,4.572304701670809,16.999666838937628,True
878941394f9e3538,f2c934689243fe4e,2025-08-02,364.0,154.0,210.0,1.4182358296200483,5.482072057127425,False
946cae1beed2baec,e6015889f50075d2,2025-02-08,77.0,196.0,119.0,1.3141953633544858,6.254220413156645,False
454265014520a3f8,e9e1acc96536bb4f,2023-07-01,378.0,140.0,238.0,5.7194877375989925,15.975494944457523,False
d9a218ac3e148541,fc9a9559a05f2704,2020-02-29,134.0,643.0,509.0,4.2547074888601415,28.905567999136565,False
8b1dc96a00a8e881,f5990c11974d8e9c,2018-05-27,190.0,722.0,532.0,13.903091781487639,14.845457023156314,True
207f105716df54f9,6ca68b636fbc1f18,2014-11-08,56.0,196.0,140.0,4.753006564132047,2.159894608217428,False
87790788d1bb3b75,53e533db1b8e9712,2012-09-22,204.0,106.0,98.0,0.8980334982922287,5.312048108988392,True
be7b9301e7c689c1,4d74641fac830182,2012-01-20,111.0,208.0,97.0,0.5147265173138393,19.332492175768493,False
0212461ac95ae690,d023ae89a2a4a41e,2011-06-26,155.0,29.0,126.0,3.5483274810571075,67.95088820385627,True
26025a42e011229f,bfc2fc38a0e20211,2010-05-29,69.0,189.0,120.0,0.9062472193131939,13.121975984948449,True
9cba1f0cdf10a8e5,53adf5b845d91e4a,2014-07-05,455.0,182.0,273.0,1.3525260614523233,13.03534341032605,False
19348172178f42ed,f4a031ac205ac580,2017-08-05,273.0,147.0,126.0,3.890565856930664,77.37752163629511,False
e6fdf9e67f84a0e0,3144121470023e9a,2018-05-19,287.0,161.0,126.0,0.19439139749618306,42.53823582382188,False
8762b96aaefb03af,946f341df6472ee0,2002-01-11,105.0,1400.0,1295.0,5.974113089248924,15.294499458695554,False
29df50b2ea446361,6083f497c22cc075,2016-11-05,483.0,622.0,139.0,4.665393539908418,0.04174554861356228,True
c456b1950208e0b2,981ab7a0576f76a0,2024-05-04,413.0,168.0,245.0,0.013689535034941969,20.996336092386855,False
62b64802ea49e2fd,3feed7d02711d8b7,2023-11-18,350.0,140.0,210.0,2.7817135191003217,34.310843479186815,False
b4daedb1e0c4ee02,1ffc38f67785797b,2011-09-17,287.0,182.0,105.0,3.143117244022804,0.0,False
9399c772adc7bcab,d5ae8074631762fc,2018-09-08,202.0,99.0,103.0,7.1596268232749445,16.582436622891237,False
9cb967c62498ff02,73ef22f25d0f70e2,2011-09-24,119.0,343.0,224.0,0.6269807046003706,19.63700204723841,False
6b0da0b1cda7799f,307064d3e0f036c2,2021-01-16,105.0,245.0,140.0,3.2909642224001843,40.80180356662072,False
b6b5ec324449befd,d856a0080ac09ed7,2017-11-11,336.0,203.0,133.0,0.9719569874809224,14.84352122684595,True
98dd88d83f57c17a,4565d435005319c0,2019-12-14,763.0,231.0,532.0,2.2532974667515404,68.0914294283532,True
103b36a1b9d98102,c80095f6092271a7,2010-03-27,231.0,133.0,98.0,4.115074231503726,25.811704115096518,True
f8cceeabeb2afd4d,579fcdfcabd23a7b,2014-05-10,266.0,84.0,182.0,3.4442870147915414,66.44238275900375,True
2c07f8ba25640237,fa8b9e6b0c2269f8,2009-11-14,252.0,147.0,105.0,2.688624680862713,13.985231438221035,True
3ce9e07f51239edd,a54fc2d6fc224dc3,2011-03-03,89.0,208.0,119.0,2.0534302552413806,12.61498020125191,False
d5457867cbd0caf7,4985113c0928aa62,2012-05-26,294.0,85.0,209.0,9.911223365298397,60.51491742441863,True
a497d4a83afe6f2d,505934897b8b4824,2012-06-22,62.0,300.0,238.0,0.02190325605590715,43.79872134044376,False
05dce98da0acefd8,cf1a88371c8cb690,2013-08-17,448.0,112.0,336.0,11.438975475197985,56.38343155726557,False
165d3a571fcc5e3c,90e7447d8b7f3f35,2017-06-10,196.0,1113.0,917.0,2.0890230463322297,0.45033859412660604,True
fbf83609dc96f32e,b2e3aca4cd363477,2025-04-26,140.0,308.0,168.0,5.640088434396326,47.58264206064882,False
09c092dc766fa3f9,72cbe507644a587c,2016-07-30,252.0,133.0,119.0,6.100056811570397,0.7913073513420841,False
2fb1abeb337e0ccc,3746e21bb508391a,2020-08-01,84.0,259.0,175.0,1.3881188525431725,62.3839713294758,False
fd2d814a8a23798f,6e4acc2c115215b5,2024-06-01,119.0,210.0,91.0,3.572968644120003,13.155547160307378,False
42922bab8a3e1828,a780d16cf7eed44d,2023-06-24,133.0,224.0,91.0,6.039822857416649,90.20477516576034,False
d72f9b3ac742a9e3,d57e6a8971b6d2bd,2021-05-01,154.0,259.0,105.0,4.624324934803589,31.09686885057772,True
3a8c0158d910546d,f5585e675af7afd4,2022-01-15,259.0,98.0,161.0,3.7427188785532906,5.0313006268122535,True
ab14dbff9d2ae41a,b4ad3a06ee4d660c,2017-02-19,72.0,162.0,90.0,2.562680958541243,28.148508043395623,False
1a66e67add5d55ef,aa5b4eff51bdc7d1,2016-07-09,392.0,174.0,218.0,0.03011697707687233,40.88158443817224,True
a9660625bab5d4a3,a421465acbe59c77,2014-04-19,315.0,112.0,203.0,4.963825403670164,33.30459935286649,True
e4420b9812501c17,d1759b2b7be9be56,2009-02-07,231.0,59.0,172.0,4.197211441713382,16.497726905904983,True
0c2e3988793b418c,6750e338922a099d,2024-04-13,280.0,133.0,147.0,1.664647460249011,26.07962461777879,True
14f2bb86fd888e91,b9532d815060de7f,2021-09-04,168.0,406.0,238.0,8.972121261901336,63.38251643809326,False
3a94bf34e62ae5fd,602bb270f2bdbf02,2018-01-27,287.0,91.0,196.0,4.076743533405889,9.494572628098013,True
e4e1d12441b90866,20821819c401ced8,2018-11-03,280.0,120.0,160.0,5.546999596158717,27.08384240204782,False
37ae5c09d6f03f33,51b1e2fd9872005b,2023-04-29,308.0,133.0,175.0,4.638014469838534,11.684956853829362,True
b3253e2c2d111030,6e380a4d73ab4f0e,2025-09-06,154.0,574.0,420.0,2.535301888471359,78.29753635475231,True
182ee320edb1b5ed,b8e2f10efb6eca85,2025-07-19,126.0,224.0,98.0,0.7310211708659295,77.57559562129313,False
c2fc4c1e0c769655,1ccff7f0cfdf85eb,2023-03-04,385.0,84.0,301.0,10.028953366598902,47.768073437532394,False
6d04fbef6b8e4551,73e09f837f3b5ecc,2016-11-26,217.0,70.0,147.0,6.959759611764788,7.7109654922492155,True
9900550cc697eef2,b71667c778b6d9e5,2015-08-08,189.0,91.0,98.0,2.3354346769611993,13.714472657924489,True
eadb215519406e92,d56bb6dff2ae77eb,2016-02-21,197.0,358.0,161.0,5.5908061082705345,59.85608650426775,False
bd83e4a6f216230f,269d103c96a4c3a5,2014-08-30,112.0,227.0,115.0,2.6639835177998172,39.32263567472387,True
d29750cee389a0b9,865aa315ea62c511,2017-02-11,217.0,77.0,140.0,8.725709631272373,62.17003776293063,True
eb94412f15c62650,ad23903ef3af7406,2024-12-07,42.0,133.0,91.0,0.07392348918869374,67.50478415382759,False
11e83902f5b8ff63,a0a680fe2f6cc8e6,2022-06-18,119.0,231.0,112.0,5.306063779543731,16.176009298550525,False
d75b3d3c2b209b75,de277a4abcfeea46,2025-06-14,602.0,182.0,420.0,6.962497518771777,49.92790902925299,True
f734b497add754af,ee0b69e307c857e5,2024-09-07,56.0,154.0,98.0,8.591552187929938,69.02202688820717,False
00c6a2ef07ca51da,72c9c2eadfc3277e,2024-12-14,364.0,70.0,294.0,6.1767182077660685,32.39019150660283,False
20f316f96c9e4458,00a905a4a4a2b071,2022-09-03,301.0,77.0,224.0,1.8453493227102555,13.407439493645825,True
69bca5091b2a31f6,eee8efec7b951d84,2024-10-05,294.0,147.0,147.0,11.206253379603965,6.961680947805462,False
a29236fcb395f443,821cd80aab70d5f9,2009-12-12,49.0,1407.0,1358.0,14.08926945796286,15.98634507561087,False
faf15b752fb8924c,bd85ca0bb4f26cfc,2024-01-20,371.0,189.0,182.0,2.9596774745545744,60.145148747778876,True
2e94ee4b9f5fddea,8753e125f4499816,2022-04-16,182.0,455.0,273.0,4.657179818887453,31.40441833250452,False
b6475543ab6d20c9,c50ea21fe9ef478d,2025-02-22,210.0,119.0,91.0,3.9097312059795932,20.671559446199353,True
026bb9fd1b3f239d,026b4f7049085842,2024-07-27,266.0,168.0,98.0,5.577116573235589,2.935358951179296,True
ca2672e68fedf4b7,01dd4cdc2446f665,2023-02-11,175.0,525.0,350.0,2.4011444451289243,59.08021884852724,True
6002c24f0b7f8cc7,6597b611f1c32555,2021-03-27,161.0,399.0,238.0,1.032190941634667,0.14262706256204183,True
948da1b7ebbb06b3,d4f364dd076bb0e2,2020-10-17,238.0,94.0,144.0,2.0616439762623457,17.651019147922398,True
ddb015ac5c067aa9,e7bfdb5e0112891e,2017-04-08,120.0,447.0,327.0,4.566828887656829,13.27656900122247,False
feaf740e3ae53b7c,351264d11286d09a,2019-05-04,273.0,182.0,91.0,7.375921476827042,15.748538686952998,False
f6efb09c01e4cac6,f5990c11974d8e9c,2018-05-27,435.0,133.0,302.0,0.11773000130050448,43.95096981183701,True
9f114a219523bf7d,9f3d6ddef3d3cccc,2017-07-22,105.0,301.0,196.0,3.712601901476418,10.75996889628459,False
3636e085c098dbda,ff9578cdbfabd323,2017-07-29,140.0,231.0,91.0,8.52584241976221,43.94755020778166,True
c2f0a53cd67e1736,4f7e290e71d60f87,2015-05-23,273.0,140.0,133.0,1.6044135060952698,98.80016051908751,True
4dd2bcd2b025204e,8fd76e1b49c00ae2,2022-07-16,182.0,700.0,518.0,1.349788154445335,9.472021385175822,False
976abc27a4e5e26a,dba230fe33011201,2024-03-30,504.0,623.0,119.0,1.7330951354237314,15.399431823029772,False
0d9e9127c62811f9,bda04c573563cc2e,2020-08-15,70.0,2345.0,2275.0,2.491495376359545,53.09602872607479,True
20ba608a6e717f05,4c12aa7ca246e7a4,2020-06-06,623.0,133.0,490.0,6.124697974633293,31.93735918229595,False
cfbeeffd65101ae1,c670aa48827d6be6,2008-10-25,402.0,126.0,276.0,2.3190072349192654,58.66040088528803,True
20fc3b3ab2d2fecf,33e33d51f289d2a1,2008-01-23,291.0,95.0,196.0,0.8104204740686001,12.406256790113503,True
394b0347b0438622,3a97fda0de6f1fa4,2022-04-09,273.0,161.0,112.0,7.781131713861338,73.14359444554339,False
68f7f992603192c6,a9df5ae20a97b090,2024-03-09,308.0,175.0,133.0,10.143945460892418,34.57468646023062,False
e9eab0fa03eecd9b,14b9e0f2679a2205,2020-05-30,455.0,77.0,378.0,4.284824465937014,1.7963584677793278,False
7410ac7e4e5acb74,1bf49bf829964144,2019-09-28,196.0,49.0,147.0,2.0233132781645047,21.212320489717513,False
a6ba04a54eb7e8fa,3c241737a6069b9f,2013-05-25,399.0,91.0,308.0,6.98440077482768,16.202804670357636,True
1019f2a9c012e949,e5d03e4d966126bd,2019-08-10,105.0,252.0,147.0,2.214966768653703,32.31512829374674,False
e71a155192ff2f6c,45a2ba3ef82b9700,2016-07-07,243.0,383.0,140.0,4.356010048118716,45.98704199326721,False
a6a4be467d12ea5c,c75b99887c8c3f5a,2001-09-28,147.0,532.0,385.0,3.3840530606377968,31.084476393332125,False
4c0adccb34c1d995,cba3a2dfbc06ce79,2024-06-08,140.0,371.0,231.0,0.429851400097192,7.689525160334824,False
1c7ea3928c7d0ad8,4c12aa7ca246e7a4,2020-06-06,462.0,245.0,217.0,7.1212961251771105,0.431094460727536,False
8cc43d79b61efc25,eb42d4febfafefd1,2022-06-25,280.0,98.0,182.0,5.089769125991637,16.46532080208408,False
abd50fad1e7b030b,a23e63184c65f5b8,2022-08-13,168.0,329.0,161.0,5.437483315879177,1.1155615675600075,False
1c62a7444808d97f,39f62b833e4cf126,2025-03-15,203.0,420.0,217.0,5.344394477641568,35.484588185496705,True
102fb91414fd24ab,33b2f68ef95252e0,2020-02-22,287.0,189.0,98.0,0.6105532625584367,28.08080151150284,True
c4eb14c3de579842,f6a7b02c42e9fc5b,2022-02-26,175.0,77.0,98.0,1.163610477970117,9.748703784504869,False
98842f17dfe4b4ef,8a9c6c4301f6d088,2021-10-23,238.0,126.0,112.0,4.372437490160646,34.01984184038588,True
dd617f6ab4916ec4,89a407032911e27e,2023-08-26,588.0,84.0,504.0,0.1807018624612411,8.382626093238287,True
7be3e513a31f6570,7abe471b61725980,2023-06-03,168.0,70.0,98.0,2.8720644503309387,63.18281672158059,True
dc4f7eaaa2c9d450,5345f86680378fc1,2015-11-07,378.0,147.0,231.0,6.127435881640277,32.945542532754416,False
8aa07b6cc40f0cb2,5dfe71ade71f3a4b,2024-05-11,259.0,112.0,147.0,3.9644893461193575,6.139849995321356,False
70b8d357e89383bd,1f9344211ca7fd60,2022-03-12,336.0,140.0,196.0,4.911805170537381,16.71359407611294,True
43682a646b9b956f,4512e46543b960ad,2017-01-28,175.0,63.0,112.0,4.065791905377935,11.102931122826021,False
a605d4153c7dbd84,df5a77121ba84a5d,2013-09-21,98.0,203.0,105.0,4.506594933503081,44.3855726317197,True
f4a2806f77ac1cdc,0eec866a077889f0,2021-09-25,154.0,308.0,154.0,4.2026872557273585,17.170599718159792,False
c0518d213b67e754,b5abaa65f87938eb,2021-11-13,49.0,182.0,133.0,1.585248157046344,27.160475940303968,True
08ef2ed7393efd24,bbb15f301e4a490a,2020-11-21,35.0,161.0,126.0,1.4620423417318626,28.146399283835535,False
b7f6d05d3afbb266,d7907a9a968e4d29,2017-07-16,309.0,99.0,210.0,1.5523932729624832,15.416886678553055,False
8986373b4a6e90b6,a23e63184c65f5b8,2022-08-13,273.0,490.0,217.0,1.6071514131022582,16.889317581689284,True
f23e2bed86b62462,602bb270f2bdbf02,2018-01-27,182.0,70.0,112.0,0.577698378474576,1.0771651105246747,True
e74e3c2a96fa9c55,c80095f6092271a7,2010-03-27,231.0,126.0,105.0,0.36961744594344736,50.87984554575087,True
71854cfe738d6ee1,73e09f837f3b5ecc,2016-11-26,252.0,112.0,140.0,9.054258472110998,32.977764525646535,True
78410b48feaba213,232c582f29f8f65e,2016-08-06,161.0,69.0,92.0,5.20476122028515,43.19096604393644,True
19eed5d9781b47ac,686cccbf1a4de453,2017-07-08,315.0,211.0,104.0,4.920018891558346,44.7477262627724,True
d9df78e82953bfe5,96d173b7f92aa520,2012-10-13,413.0,113.0,300.0,5.574378666228601,30.24066074700204,False
8abad36b4c5e4070,ed220e87bef0cc64,2025-09-27,231.0,539.0,308.0,4.681820981950349,1.7095061726170115,False
5724a9cf463c8390,990060b2a68a7b82,2016-05-29,750.0,98.0,652.0,1.702978158346852,13.259374094112445,True
2d23ca9d8abc0c97,2ce6541127b0e232,2015-08-23,120.0,246.0,126.0,0.3312867478456063,44.81789974460321,False
f4af2b4349b7b589,505934897b8b4824,2012-06-22,461.0,146.0,315.0,5.218450755320095,2.1416718567215867,False
744627aec853874e,9ddfb3369a3b0394,2021-06-19,266.0,826.0,560.0,1.0568321046975662,17.189168711365255,True
28c33e9353dac666,a58114c6dd0add64,2015-06-13,91.0,203.0,112.0,2.03700281319945,18.201425443331345,False
6c79db79da9ae874,4f670b7972fa0a2e,2022-10-01,203.0,294.0,91.0,14.546499928129936,8.502517971829775,False
467e08195b29e857,0b5b6876c2a4723f,2020-03-07,189.0,476.0,287.0,9.541605919354947,4.032329113436617,False
052f53e006b28132,cba3a2dfbc06ce79,2024-06-08,357.0,126.0,231.0,11.959177806525798,41.79109104106328,False
db8887f2085f7971,3144121470023e9a,2018-05-19,287.0,125.0,162.0,11.896205945365068,29.17172253680178,False
175d9e1ac0725145,b9415726dc3ec526,2023-06-17,91.0,182.0,91.0,9.514226849285066,11.778115573497871,True
1bf1a6fc9c9acc26,fc1868f56d3036eb,2018-01-14,1212.0,897.0,315.0,7.723635666714582,16.09465274359536,True
f7ffa11d592f4092,a9c45a8b21eabadc,2015-08-01,381.0,259.0,122.0,2.770761891072368,29.248845435610974,False
51108eabae8391ca,c3c38c86f5ab9b5c,2020-10-24,91.0,392.0,301.0,6.762630307261613,97.03157117082401,False
a08dffad240dc3d4,9de7c97e1c0d7927,2019-05-11,189.0,91.0,98.0,8.922838935775545,123.582437706257,True
9cad47cdd6351e50,bd4389b71fdc0ce2,2016-12-03,63.0,237.0,174.0,9.746948944879083,0.4747255486456652,True
244357514dd89bd6,865aa315ea62c511,2017-02-11,175.0,70.0,105.0,4.383389118188596,71.14951159365455,True
67afd8e69820ffa0,a54fc2d6fc224dc3,2011-03-03,533.0,138.0,395.0,13.17207061062171,16.60008762347229,False
410e3163827d6d3b,1fcfc3709fe58151,2014-06-07,203.0,406.0,203.0,5.292374244508785,11.750676524581195,True
06fab49a307ff3d2,0313bf497de9c470,2014-10-04,224.0,119.0,105.0,2.045216534220419,30.282460464275346,True
12a64dfb8147566b,7929be8290289a47,2018-03-03,643.0,147.0,496.0,5.264995174438905,32.210315110307874,False
6e093a1d4286dad6,990060b2a68a7b82,2016-05-29,171.0,309.0,138.0,4.988466566733059,16.77184206752986,True
23fd9d50a99665fe,0c3838c8f7c620c2,2015-07-25,441.0,294.0,147.0,0.10677837327255091,39.768952738740836,False
181c3312f14de5a8,992c82450d96f726,2020-11-28,182.0,91.0,91.0,3.9069932989725977,13.281762406124699,False
d9834a03626a3c06,df5a77121ba84a5d,2013-09-21,266.0,154.0,112.0,1.8672525787661627,7.764562982886446,False
9d80bd1f92d23dfa,e5d03e4d966126bd,2019-08-10,63.0,168.0,105.0,4.0466265563290165,49.349857229757845,False
10a1947cb3feabc1,bcd124bcd3d5be46,2017-12-09,231.0,392.0,161.0,0.6242427975933822,39.15471813398608,False
706228ddb6076b3f,4956f60b7fa57c1a,2016-11-12,588.0,122.0,466.0,4.8570470303976165,29.892390337752886,True
1f9ac1648b8e501e,865aa315ea62c511,2017-02-11,428.0,147.0,281.0,5.330704942606623,58.77725892539388,True
9a596aaa2b9a18db,0db70ca89e1c7374,2008-09-06,294.0,91.0,203.0,1.648220018207084,14.224698340379291,True
b03816c9ccd089d7,7269329bd87eb479,2007-12-29,200.0,364.0,164.0,3.8522351588328334,10.527779986924998,False
054f1423ba7c121e,d6455cb4bee503ce,2016-09-17,209.0,420.0,211.0,5.703060295557059,19.116017279860444,False
7add5901fac6ab82,0e2c2daf11b5d8f2,2025-11-01,210.0,532.0,322.0,2.0862851393252413,1.3797161376346594,False
28c6de749d0d0e9d,46baf0f57edfa4df,2024-05-18,399.0,742.0,343.0,0.016427442041930362,15.839515852204613,True
64fa0e558f5d1b24,abbc4fc02e0d84b3,2012-07-21,189.0,56.0,133.0,6.187669835794026,29.977335466676323,True
d9c61052035c9b69,140745cbbcb023ac,2010-07-03,357.0,98.0,259.0,2.518874446429429,23.023758432909744,True
e294a1e5723011db,39f68882def7a507,2025-01-18,399.0,98.0,301.0,4.840619588355683,14.747213186192766,True
ca3230227ee700b7,d3711d3784b76255,2005-06-04,56.0,1436.0,1380.0,0.1259437223214661,15.391963576649914,False
c4c379b8f99fea88,ddbd0d6259ce57cc,2020-07-18,245.0,434.0,189.0,0.626980704600367,27.745767484397447,False
a5155aef1093048b,21b8a0f5c231096f,2006-12-13,64.0,557.0,493.0,1.308719549340509,13.247727939173728,False
b2b6cf87cde17136,a58114c6dd0add64,2015-06-13,455.0,146.0,309.0,7.529244269218395,15.17966068515716,False
7bb335510a749419,b3fb8d2293e17a59,2016-01-30,252.0,51.0,201.0,1.5277521098995877,57.62782819982749,True
a16d8d0cc93372c4,36877f0e62b25b96,2015-07-15,375.0,165.0,210.0,1.42644955064101,41.7219244358339,True
90715135a543b6e3,2eab7a6c8b0ed8cc,2020-06-20,35.0,246.0,211.0,8.033019158504281,33.464458119657365,True
af2ef75664656957,5df10509264586e5,2017-05-13,651.0,175.0,476.0,4.991204473740051,1.5369084667638617,False
e8adfbbe0053c321,8c90c1563972e44d,2021-03-13,266.0,420.0,154.0,5.404628431795313,36.22615123876267,True
906283a2adcbc3e0,dfb965c9824425db,2020-05-16,454.0,91.0,363.0,0.9199367543481429,7.791503965376933,True
c145e4b6206d4c18,fc31f896cde2bc2e,2014-02-01,413.0,182.0,231.0,0.8624407072013831,3.2707271956098793,True
2d205cc1da2e7930,5e7a28f20927d64a,2016-07-13,228.0,94.0,134.0,6.89952565761104,16.095493254054645,True
68137e9ff22d426b,91720876db0ee468,2011-12-30,181.0,41.0,140.0,0.5174644243208242,16.789210465757606,False
58668a0736602842,ce7871949b0ed2bf,2025-02-15,441.0,140.0,301.0,9.30067010273996,37.29208240849675,False
a187670c5ee1ec5f,079488710f012779,2024-09-28,175.0,35.0,140.0,7.729111480728559,2.7300632892859085,False
903d588b30a471e8,be8ad887e4d674b0,2024-08-24,357.0,161.0,196.0,3.6824849243995423,13.604271560406914,True
2116affb9c8f193b,a9c45a8b21eabadc,2015-08-01,413.0,105.0,308.0,0.5913879135095215,30.41259697638452,False
1dc29f4c6fcdd356,bd92cf5da5413d2a,2025-12-06,287.0,161.0,126.0,11.581346639561385,45.847088507112176,False
b90eded8d6b65e8f,3be081c29bf734d9,2015-07-11,280.0,147.0,133.0,5.41010424580929,2.1750807595688,False
20af0f55d226f320,0313bf497de9c470,2014-10-04,171.0,80.0,91.0,1.4401390856759555,15.26369320647791,True
e3aad51099a23ba4,3c6976f8182d9527,2023-05-06,196.0,1092.0,896.0,2.472330027310619,30.61772425867707,False
4e77cc2c8d604241,898337ef520fe4d3,2020-05-09,336.0,1226.0,890.0,1.9220107189059306,55.614879192052285,False
fdde8777c7ae9769,d86e913c548c07c2,2017-09-09,280.0,147.0,133.0,2.091760953339218,9.83597903860641,True
dae8ad2e03aa4a9a,0c01568b1ac77bff,2024-09-14,203.0,63.0,140.0,5.703060295557062,25.57560954705218,False
a41384da70013373,14b9e0f2679a2205,2020-05-30,112.0,301.0,189.0,4.104122603475773,29.74414121111431,False
c5f0c83e303d80bf,602bb270f2bdbf02,2018-01-27,294.0,112.0,182.0,2.5708946795622083,2.7465013746668774,True
4e5d4a36eaaa3a78,7b03d9df5910917d,2025-07-12,217.0,112.0,105.0,7.386873104854992,15.655298857052912,False
81b7a6aa147bd912,c9885b1b7c7055a0,2023-07-15,84.0,287.0,203.0,0.14510907137039197,36.042516795363554,False
e0b14afd93af5638,2c733e059462c1dc,2024-08-10,406.0,147.0,259.0,1.032190941634667,27.105973203747,True
711ec0545552455b,c398235fcaf8d71d,2024-03-16,420.0,245.0,175.0,3.0828832898690592,45.80992858604395,False
4bf3010fdeea9d93,b3b6e80b7d5f8f0d,2022-11-12,336.0,189.0,147.0,2.740644913995496,159.12902934914428,True
67222a0d79c83086,28f3c2258a1d8874,2013-11-16,80.0,182.0,102.0,1.2758646652566448,11.07999412027425,False
bddf441908777c0c,738acab0c6934dd8,2013-01-26,336.0,168.0,168.0,3.833069809783911,55.21879440926705,True
b8c967c742d3c107,ff9578cdbfabd323,2017-07-29,364.0,182.0,182.0,1.0239772206137019,61.25266991651574,True
d05cb4c4135ce402,22f4b6cb6b1bd7fd,2025-04-12,147.0,259.0,112.0,8.6955926541955,93.92069495267606,True
4f4189009a190e35,daff32bc96d1eabf,2024-11-16,217.0,735.0,518.0,3.482617712889386,163.82292868426612,False
f23e9729b2b73c27,13a0fb8fbdafb54f,2023-10-21,217.0,406.0,189.0,6.973449146799727,86.8093068026742,True
1378fc2be3819b2b,a0a680fe2f6cc8e6,2022-06-18,231.0,322.0,91.0,8.383471255398806,39.59644190606832,False
b8bf186f884678ea,221b2a3070c7ce3e,2024-10-26,126.0,371.0,245.0,3.362149804581886,48.6378432415554,True
106918bfbe24335d,2a898bf9fb7710b3,2025-05-31,238.0,336.0,98.0,0.08213721020965181,14.878928682346213,False
75a88258eb967e0c,8dc4f34c1f50d00d,2014-10-04,231.0,126.0,105.0,7.553885432281291,15.289606126260878,True
24bb03f0a3415fbe,bc0f994de0521926,2025-12-13,231.0,133.0,98.0,13.287062704915225,37.29884112127934,False
4072abf0b0c179f2,b2e3aca4cd363477,2025-04-26,273.0,161.0,112.0,5.782459598759729,39.392445322778485,False
12cedec11b37ddc0,421ccfc6ddb17958,2025-08-16,189.0,294.0,105.0,0.29295604974777234,19.008017267071637,True
8a2e28da18ba6a25,026b4f7049085842,2024-07-27,189.0,336.0,147.0,5.41010424580929,7.016221336487661,False
987cdcbc809e210d,3974fa35c917af1d,2021-10-30,287.0,406.0,119.0,6.113746346605339,41.84743500692957,True
9dfcf675cf2c1575,f5585e675af7afd4,2022-01-15,364.0,140.0,224.0,0.41616186506225716,48.71759103850786,True
2f414494f2b6f426,c398235fcaf8d71d,2024-03-16,238.0,553.0,315.0,0.36687953893645897,17.32212419510961,True
989b8d362742f40b,93bf96be327fcd98,2022-09-10,427.0,126.0,301.0,3.3347707345120057,17.68927021186596,True
dcfbbebc0aee6ded,c36e1f4fa755ffb4,2021-03-20,273.0,399.0,126.0,14.100221085990814,46.50117891774471,True
85d9a516c3c6c205,2a470ad41c22c25a,2021-12-18,91.0,273.0,182.0,2.888491892372876,5.249350194723775,False
d3f26e0fbf694375,35585d970300d45a,2018-07-07,377.0,238.0,139.0,0.8597028001943912,24.68310372159658,False
7013a95ea4014606,99bf06f20491cb54,2017-06-25,435.0,106.0,329.0,4.744792843111085,13.164946006533683,False
9eb92b670eebdcd4,16d09e800ad7ec79,2015-04-04,211.0,315.0,104.0,2.034264906192462,26.365048206395613,False
c9733393385105cb,9bcfb40dbcd50568,2014-09-05,265.0,104.0,161.0,3.5428516670431307,2.9670255390406055,True
613a288e8819fead,e7e970d508529bf3,2016-04-16,252.0,128.0,124.0,1.4127600156060716,20.025606105889437,False
1789d630e31e9c77,9ca265dfe8323db3,2014-05-24,199.0,98.0,101.0,9.286980567705015,0.0299083446370787,True
c94b153951be7590,3a24769a4855040a,2022-06-11,231.0,385.0,154.0,1.5523932729624832,3.931093863599699,True
3bebd99d5f94bec7,cbb682f5fcc44bfc,2022-02-12,343.0,175.0,168.0,4.049364463336001,15.21664755571237,True
089388c9f00ce9c6,ad23903ef3af7406,2024-12-07,252.0,140.0,112.0,2.8419474732540735,20.428124722800476,False
ec8bc554a0646638,c11036da9162cb5f,2024-07-20,532.0,112.0,420.0,1.8343976946822949,21.768220934401825,True
86d6e09932c5b551,a1153013cb5f628f,2021-02-06,413.0,119.0,294.0,3.8358077167908995,41.84832566112118,True
25c4013fc187762a,abcf7e55a0a9ed89,2019-07-27,686.0,98.0,588.0,6.382061233290212,14.752400835849357,True
51e684bfce8d94aa,fc1868f56d3036eb,2018-01-14,127.0,400.0,273.0,4.876212379446532,9.753597731904165,False
a09bfdaa83d99efb,4d636c3aa1105950,2015-11-28,371.0,136.0,235.0,5.1855958712362344,3.4980703307787735,True
edc4e54d5258eea8,030f08370fd1c2bb,2013-05-18,105.0,378.0,273.0,0.1943913974961866,53.288678835938526,False
4944437e73071671,8c90c1563972e44d,2021-03-13,546.0,175.0,371.0,4.487429584454162,1.2540020003414156,False
a9a770bac1261af9,33a331684283900f,2018-10-27,315.0,189.0,126.0,6.280758674031635,13.15008705332366,True
7adaf85915993137,2d5fbe2103f97053,2019-03-02,126.0,28.0,98.0,5.087031218984645,12.48956328871077,False
3640defb8294bd37,14b9e0f2679a2205,2020-05-30,231.0,126.0,105.0,0.7419727988938867,16.412613906695697,True
0405e4446e8f239a,2d5fbe2103f97053,2019-03-02,210.0,112.0,98.0,0.03285488408386428,16.066362976421715,False
19d1ae54681bc722,2a74bbba57058f12,2018-12-08,245.0,139.0,106.0,1.8207081596473564,19.867548716687452,False
a072481f307dc8aa,cbc071cb20ea59c7,2019-06-01,314.0,175.0,139.0,1.8289218806683216,15.633668087853266,False
4291b38643547fa7,ed069a95aaaf4f56,2017-04-15,133.0,321.0,188.0,1.4620423417318626,0.5986260601698632,False
c5990f9767b16c48,a314687f372b2cec,2016-05-08,141.0,513.0,372.0,5.070603776942718,0.06767264275845264,False
b09f8cd4cbd7ba56,8753e125f4499816,2022-04-16,210.0,63.0,147.0,2.0233132781645082,15.114681756026584,True
4b5f9b7c31d1205d,4c27ca8c8481f79a,2021-09-18,140.0,294.0,154.0,3.674271203378577,22.668464130375696,False
94c0819fde11364d,5df17b3620145578,2020-02-15,126.0,21.0,105.0,3.920682834007547,33.91787485092732,True
bf6857338637013b,ebc5af72ad5a28cb,2013-08-03,154.0,609.0,455.0,3.1732342210996833,44.529860098620475,False
0820a29a03d58282,fc1868f56d3036eb,2018-01-14,393.0,57.0,336.0,6.324565186143452,11.196786131361023,False
a95be3943ea0f691,df5a77121ba84a5d,2013-09-21,427.0,119.0,308.0,7.006304030883591,2.026080104801622,False
c9721146eba68c2a,d1759b2b7be9be56,2009-02-07,217.0,105.0,112.0,7.518292641190438,18.592155654517455,True
c814ef3b3a26e2fe,8d5daf67983b65ba,2019-11-09,504.0,126.0,378.0,4.027461207280094,43.95482761065159,False
14df6d96c5f2d1df,13c4313ed0f744f3,2007-01-25,75.0,215.0,140.0,3.885090042916694,15.80207541161144,False
3d790112d2e6d851,d57e6a8971b6d2bd,2021-05-01,154.0,462.0,308.0,8.298596138182166,5.369035212158451,True
31c4518a1e71c050,d86e913c548c07c2,2017-09-09,429.0,237.0,192.0,2.9103951484287833,7.51273769019258,False
d39010c3511fb972,45a2ba3ef82b9700,2016-07-07,187.0,460.0,273.0,2.2341321177026217,28.458532876619984,False
4ead27d52c14697a,9ca265dfe8323db3,2014-05-24,112.0,343.0,231.0,1.429187457648002,46.51952301317556,True
f92e8d6c96306013,15edcf67ccf5be84,2010-02-06,84.0,210.0,126.0,1.4976351328227153,56.88165733758274,False
396214fd188c2549,68c6cd5287b473a7,2009-01-17,483.0,3662.0,3179.0,16.93121693121693,52.19822984110306,False
777df8b5e28f42ff,82f5c81f4e3c3eb5,2015-09-05,84.0,195.0,111.0,5.911141228088187,11.887099466360496,True
8801fbb87bdedbe3,aae0897825336b1a,2015-05-30,441.0,119.0,322.0,0.564008843439634,55.76321980815919,True
3266f569a6246d90,4d636c3aa1105950,2015-11-28,1292.0,175.0,1117.0,3.8823521359097057,28.913387254724967,True
c39da8538d9c0321,06dc1a58663579d2,2015-06-06,371.0,168.0,203.0,4.495643305475131,32.73630679352209,False
8d12287f672cabd8,d41937647eae9a34,2012-11-17,567.0,287.0,280.0,2.937774218498671,132.68798673738343,True
bfef39e6493f6487,e5c38954c006f15c,2013-08-28,165.0,284.0,119.0,2.0260511851714966,32.86913774811046,False
09a2909e1848be52,df2cf66d8c0123db,2012-02-04,98.0,217.0,119.0,0.7337590778729215,8.93403626296822,True
0e71e69359db4d1e,22f4b6cb6b1bd7fd,2025-04-12,196.0,714.0,518.0,2.1848497915768306,33.17492608935004,False
e9700d51ec2b940b,20821819c401ced8,2018-11-03,119.0,28.0,91.0,5.889237972032284,31.18892619027065,True
7ec70261afdecda8,67ec58d7cf599835,2018-05-12,70.0,161.0,91.0,1.4209737366270367,15.20477388451991,False
424221c96ee13ceb,aa5b4eff51bdc7d1,2016-07-09,280.0,133.0,147.0,3.931634462035497,64.31604841384978,True
60c62fb7bd17a8b3,a9c45a8b21eabadc,2015-08-01,154.0,336.0,182.0,3.614037249224829,30.66186484697846,False
16d31775a8dcb31d,e15d0a2519d6a0b5,2021-10-02,434.0,238.0,196.0,11.523850592414629,51.54422436192044,False
8cf4836e2b43c241,9de7c97e1c0d7927,2019-05-11,245.0,693.0,448.0,4.761220285153016,7.986296420787767,False
74bc22b367cca118,39f62b833e4cf126,2025-03-15,308.0,161.0,147.0,0.10951628027953575,16.333911675988702,True
5538d15c4eeac3b3,754968e325d6f60d,2025-08-23,203.0,77.0,126.0,0.6105532625584331,9.848242066185776,True
1394ce1832ddefe0,66e0a70352fef46a,2024-07-13,112.0,301.0,189.0,1.4483528066969242,14.082884808322888,False
815ff62ca8e217be,66766984842c13dc,2025-06-28,224.0,350.0,126.0,7.052848450002397,24.822267549526032,True
110f539523a4b571,012fc7cd0779c09a,2022-11-19,133.0,21.0,112.0,1.8782042067941163,73.86969710178482,False
7d583e4002622848,6f812143641ceff8,2023-05-20,294.0,630.0,336.0,1.7248814144027627,15.306452832104924,True
66f7bb31d24b3b36,b0a6124751a56bc4,2022-07-30,364.0,168.0,196.0,6.012443787346761,1.6254596557844252,True
6cd107e2f5886b25,c61f66d8c3fd5f07,2003-09-26,112.0,308.0,196.0,11.589560360582354,20.079147160677167,False
6f62436ae042009b,20bd6c3e03c46ee6,2001-05-04,168.0,70.0,98.0,10.864015003730401,0.4251889172576284,True
01432891260084a4,dab0e6cb8c932162,2024-02-17,224.0,546.0,322.0,0.33402465485259825,76.97174106247962,False
fd76b75c28dc247a,e69c5ce12f4e762b,2020-09-26,203.0,406.0,203.0,1.7467846704586663,57.39365565501157,False
2de6652160cc7b9f,4f853e98886283cf,2022-08-20,301.0,1141.0,840.0,6.508004955611678,0.43305059482395336,False
860be3cc82895177,8a9c6c4301f6d088,2021-10-23,392.0,133.0,259.0,2.417571887170851,4.383632755497047,False
42ecb9a94bebc24d,831b937811804dad,2020-09-19,224.0,337.0,113.0,5.330704942606623,13.372584101719667,True
75577b11361cb645,a2b06ca02bca14c0,2008-11-15,98.0,448.0,350.0,14.056414573879,114.28861606678583,False
7401d0f8ededa102,de3ed2e152520c8d,2007-03-03,392.0,105.0,287.0,12.703888512426676,6.626634744301327,True
43c391b251337c9b,e57f0b06ea39e360,2021-07-24,126.0,308.0,182.0,0.5996016345304831,17.177009652745937,False
10cca6f437922b6c,da6dfd09cca1d705,2000-11-17,1062.0,161.0,901.0,8.134321717762855,27.574827008092143,True
8bcdcfb0f93f1409,ef927e4fe2117ab8,2021-12-11,140.0,427.0,287.0,7.455320780029705,1.0153473644836595,True
23c963be9de38205,b8e2f10efb6eca85,2025-07-19,413.0,189.0,224.0,1.0376667556486439,9.24113059709407,True
94f5b35b2b6c72b1,9c5828c6fd9dc948,2024-06-15,189.0,434.0,245.0,2.3655516540380717,24.44670433413239,False
a68672f66e12a3c2,e7bfdb5e0112891e,2017-04-08,147.0,294.0,147.0,3.592133993168922,35.54000956581672,False
140e810f952714ea,2eae41f61776c60f,2018-06-09,203.0,741.0,538.0,2.5380397954783476,0.7218121742396306,True
64d4c58a37e1d29b,e8efeb9cf33b1941,2012-07-07,231.0,623.0,392.0,7.7647042718194115,10.03160094766713,False
1a6e7e7c98886198,f9f07bb5a43535ed,2014-04-16,396.0,571.0,175.0,0.04928232612579819,35.99927531418325,False
2a0d4dd0997bd712,ed069a95aaaf4f56,2017-04-15,147.0,419.0,272.0,6.02613332238171,44.772114710112646,False
94d708a8a8fefdef,d56bb6dff2ae77eb,2016-02-21,288.0,73.0,215.0,10.762712444471823,0.5091248564242505,False
9cd973a0a6c1cd5c,980b4e712489098e,2013-08-31,147.0,456.0,309.0,4.6736072609293835,2.0481515626324835,True
ca531425f5c042db,831b937811804dad,2020-09-19,280.0,112.0,168.0,5.878286344004323,28.73099932093146,True
e139628170777bef,03da33a102d9a45f,2019-08-03,420.0,154.0,266.0,5.927568670130121,35.65734061179592,True
82177c0f91d9618a,4565d435005319c0,2019-12-14,287.0,133.0,154.0,0.7857793110057045,11.704245821630366,True
31b3ae9352d9389b,48e093ea1f43a053,2021-11-06,196.0,413.0,217.0,0.7857793110057045,65.57523710666555,False
766b4f5e77ab0860,1d00756835ca67c9,2022-03-19,385.0,280.0,105.0,4.276610744916049,17.862849993256077,False
74dae3d87a99cf5d,dde70a112e053a6c,2020-07-25,252.0,462.0,210.0,0.7967309390336581,4.598277193474814,False
47b1cd4e3e2595f8,319c15b8aac5bfde,2022-07-23,126.0,266.0,140.0,1.8124944386263948,53.83258837009362,True
3183dfe66fcdd25f,026b4f7049085842,2024-07-27,189.0,322.0,133.0,6.069939834493521,16.009995488032473,False
ceb5b0f1f6daddf6,bc0f994de0521926,2025-12-13,56.0,210.0,154.0,9.013189867006169,27.410298694015637,True
fb7ebdda8658fa05,8753e125f4499816,2022-04-16,210.0,91.0,119.0,4.41624400227246,42.16553608253321,True
7c2a02b5ea169b54,f5585e675af7afd4,2022-01-15,147.0,322.0,175.0,0.9035093123062055,50.375350419324604,False
23201d09a78d446d,b2e3aca4cd363477,2025-04-26,315.0,161.0,154.0,0.9746948944879108,17.388278473084256,True
798652dbea086910,b8e2f10efb6eca85,2025-07-19,161.0,357.0,196.0,7.638760549497938,27.845730361058486,False
c4938baf92d2dc31,c6becb722706c7d8,2016-01-17,176.0,477.0,301.0,0.917198847341151,44.308012203417775,True
29d9c5a3f2b78903,39f62b833e4cf126,2025-03-15,112.0,378.0,266.0,1.2594372232147144,30.48029796742776,False
f4363f1317b47213,6e2b1d631832921d,2021-03-06,301.0,133.0,168.0,6.028871229388695,8.735801555406852,True
11cc331fa40ede63,a23e63184c65f5b8,2022-08-13,105.0,245.0,140.0,7.734587294742532,18.346641001842727,False
df0d4130944776d9,3144121470023e9a,2018-05-19,399.0,105.0,294.0,3.0226493357153075,28.2216371046552,False
5aa7ecc6507841bd,4887e5bc4dbb73ff,2016-04-10,169.0,260.0,91.0,0.2902181427407804,15.765460824483625,True
375c2ecb6fe54cc6,a4bf17bd3ba3423b,2016-05-14,287.0,189.0,98.0,4.45731260737729,6.400289816808254,True
a22add1024153ddb,ad99fa5325519169,2018-04-21,168.0,273.0,105.0,8.848915446586854,10.512845879331508,False
2310fbcb6fdf3b47,bc7f7f0ba3db74d2,2017-04-22,749.0,168.0,581.0,5.327967035599638,5.485569326581071,True
eab7b76e177e1903,49e7e05f902479ca,2018-04-07,98.0,350.0,252.0,1.3935946665571493,39.96504629919286,False
2e23e7ab6217c034,05fbfe628658c538,2014-07-26,665.0,49.0,616.0,1.3443123404313582,6.342582588436926,False
e80a8338d86e730b,ff9578cdbfabd323,2017-07-29,238.0,840.0,602.0,0.7419727988938867,61.15744821066414,True
8bfa9df5341c95c0,dd39f1ca787a3d9d,2015-12-10,215.0,363.0,148.0,9.741473130865106,16.0,False
9e5bbbacf1d92cb4,509697e08673d2e5,2021-12-04,133.0,28.0,105.0,8.454656837580508,46.840022437688276,False
3f38100fd8dae286,eb42d4febfafefd1,2022-06-25,203.0,343.0,140.0,2.1985393266117725,8.472111234154,False
bda97d9a44a89d52,c912f676692c353a,2019-04-27,98.0,273.0,175.0,14.130338063067686,73.13694012761607,False
d15a87087b6f1452,8c90c1563972e44d,2021-03-13,241.0,91.0,150.0,5.13631354511044,16.589888274697387,True
0f279b25ccbecc76,542db012217ecb83,2020-09-05,203.0,301.0,98.0,1.3032437353265287,18.741231101436597,False
d5176b45df32f67e,ac5f67109accb482,2018-06-23,259.0,371.0,112.0,7.411514267917891,28.484509110784984,False
5a4f6ff454b1eeb8,08ae5cd9aef7ddd3,2000-12-16,85.0,393.0,308.0,7.729111480728559,21.923364620504117,False
b1e7100c2ab1ab79,371a1c91b24dec2b,2014-11-07,336.0,124.0,212.0,13.64572852283072,7.077662155109692,True
868c83e734dbbceb,2e2cdb6e9eb84bb9,2023-01-14,28.0,133.0,105.0,5.007631915781978,44.23920262476008,False
275c22a93bdd84d8,3795fca327cbcf23,2010-03-21,225.0,610.0,385.0,2.97336700958952,14.019311036935278,False
f24144fbe9e32c10,2b4faacc16d66898,2016-09-03,287.0,399.0,112.0,8.553221489832097,13.19001969938472,False
8741e6a3a5a22a7f,d26394fc0e8e880a,2023-02-04,168.0,273.0,105.0,0.914460940334159,57.71689020711915,False
ff6c8dab41efcc09,253d3f9e97ca149a,2022-05-07,707.0,175.0,532.0,1.2895542002915903,46.534219847317445,True
cd2ceb5530529c9f,e31502e3f79d00c5,2019-06-08,189.0,91.0,98.0,6.434081466422992,28.54365608775265,False
f870cacadb058733,fd87b1bbfcde9d5e,2019-11-02,238.0,147.0,91.0,1.6673853672559957,70.89845525760347,True
4e6218b6b892b017,a0a680fe2f6cc8e6,2022-06-18,392.0,609.0,217.0,0.9281504753691046,43.794308026793715,False
4b1606ab1893c242,e96d8538d3f9d0ed,2019-03-09,238.0,1063.0,825.0,4.977514938705106,57.072889495302206,False
8e7b1dfc608a2ef4,e8efeb9cf33b1941,2012-07-07,280.0,84.0,196.0,1.952127695982803,25.352197351604445,True
50dae6b76c9c6490,902ab9197b83d0db,2024-02-24,441.0,126.0,315.0,7.395086825875957,52.266490252544145,False
bb881d4ee6dfbf86,ddbd0d6259ce57cc,2020-07-18,140.0,490.0,350.0,6.855719145499226,32.70299300563079,False
004b9368337d3cd6,2549d63da9c456cb,2008-05-24,147.0,245.0,98.0,4.758482378146027,0.6589808791800351,False
94dcbc64641cbb6e,d1d20e651e6cbc02,2018-12-01,224.0,406.0,182.0,5.352608198662534,17.89014086345037,False
23ba354e606df0ac,7dcf06c1967801c1,2019-04-20,343.0,140.0,203.0,0.32307302682464467,3.5532513818288862,True
85e1b21ea88fe7e3,a4dd5c9a75763295,2015-09-26,2793.0,133.0,2660.0,3.8275939957699343,61.657453054948064,True
093ca77f7f7219f6,b1605ea39fba6af6,2015-05-16,1925.0,441.0,1484.0,2.5517293305132895,63.402070748838696,True
87f39e0d82349c3b,02fc8f50f56eb307,2002-03-22,392.0,175.0,217.0,2.6804109598417476,2.1721796717984034,True
c3af2b6ab1262fef,35080a7f406f9ab3,2023-03-11,210.0,658.0,448.0,6.4422951874439605,5.417248263289366,True
0823f97be9c3a62e,a23e63184c65f5b8,2022-08-13,70.0,570.0,500.0,8.260265440084325,24.032302964125847,True
57e784028ef2c17d,56116537d71a578c,2021-01-20,396.0,123.0,273.0,6.278020767024646,15.553666746237695,True
1e525f9857019a2e,fd4578cac86d75ca,2020-10-10,56.0,147.0,91.0,3.1704963140926914,0.7024671725246208,False
6d8da45352344964,27541033b97c076d,2021-04-24,413.0,287.0,126.0,2.8775402643449226,6.6896998604452165,False
07c00213ec388e07,9de7c97e1c0d7927,2019-05-11,399.0,245.0,154.0,0.7611381479428054,16.9600444561554,False
e16f42a666e163d8,dbd198f780286aca,2020-07-11,315.0,427.0,112.0,0.7611381479428054,28.695137086265504,True
e52318719d839d2d,ed069a95aaaf4f56,2017-04-15,259.0,119.0,140.0,6.47788797853481,12.657904049965282,True
b2398418be9a3442,706404da0775dcbc,2015-01-24,189.0,707.0,518.0,10.242510113144007,1.4075307179566607,False
1ccde17f48fb709e,d7907a9a968e4d29,2017-07-16,281.0,169.0,112.0,2.6995763088906664,30.110629681992805,True
bde635a4f345bc3e,221b2a3070c7ce3e,2024-10-26,1701.0,210.0,1491.0,7.099392869121203,15.445125986438825,True
560a971c6ab8b854,d2fa318f34d0aadc,2023-08-12,294.0,413.0,119.0,2.7379070069885074,13.07802410903173,False
425e856cac6f521b,44f9c777fed7ca03,2011-10-01,707.0,2142.0,1435.0,1.4100221085990796,6.54329952969465,False
d06495deb1ff1750,4c27ca8c8481f79a,2021-09-18,224.0,133.0,91.0,5.875548436997338,28.50494599750664,False
42585ce706c086de,421ccfc6ddb17958,2025-08-16,294.0,112.0,182.0,2.9706291025825315,16.811298373242607,False
9103686732816d77,b9e871af730f826c,2008-04-02,585.0,196.0,389.0,6.483363792548786,46.84328241533922,True
eb5d62bda1581c62,27541033b97c076d,2021-04-24,413.0,175.0,238.0,3.745456785560279,16.182709504763807,True
0f2983fe7753403f,012fc7cd0779c09a,2022-11-19,133.0,574.0,441.0,0.1752260484472643,30.522017281365606,False
a6b328733d610e2b,8f6a18831a120817,2022-08-06,112.0,238.0,126.0,1.2484855951867608,68.66883535245165,True
8e9f2b82a7b87778,821cd80aab70d5f9,2009-12-12,238.0,126.0,112.0,1.1964653620539778,0.1137730919238038,True
bcd1e1d71a172d53,1d00756835ca67c9,2022-03-19,903.0,476.0,427.0,1.8645146717591743,46.27752816461748,True
3a42dd84680f444b,2a74bbba57058f12,2018-12-08,77.0,510.0,433.0,0.432589307104184,33.00770267418147,True
0b3c3d363c82835f,ebc1f40e00e0c481,2014-03-08,385.0,119.0,266.0,0.7939930320266662,12.207121901374194,True
4b997af9fb321123,3be081c29bf734d9,2015-07-11,280.0,147.0,133.0,3.04729049877821,24.90542962521772,True
7549887ba7ae86e6,4679a38cced7c64a,2013-02-16,140.0,497.0,357.0,7.800297062910257,56.34302807713175,False
c58aaabf2c5635d7,9c37681096c6f3a9,2020-09-12,105.0,357.0,252.0,2.3628137470310833,44.600025473145706,False
20d732758337f0a5,d632d156c0549e07,2014-04-11,307.0,174.0,133.0,0.04928232612579819,6.063294162429656,False
04e6a26fe2a4017d,ea0ad155451ed1f5,2013-04-27,133.0,280.0,147.0,1.0951628027954001,37.312014574023124,False
6bde0b88f21304d4,df2cf66d8c0123db,2012-02-04,98.0,1197.0,1099.0,1.108852337830342,14.834147592634508,True
fcfaa28ed6888088,898337ef520fe4d3,2020-05-09,315.0,154.0,161.0,1.530490016906576,52.710205068764026,True
a3731057c8775716,351264d11286d09a,2019-05-04,147.0,273.0,126.0,2.84194747325407,2.3366878661406645,True
4712708adb1507aa,9e30f69cc0869301,2017-12-02,147.0,308.0,161.0,6.302661930087545,10.706569338195777,True
a45596cda51a1816,4512e46543b960ad,2017-01-28,147.0,50.0,97.0,7.584002409358163,26.979342564695116,False
01983cba42704c49,a7a79b8efbceaaac,2019-02-17,85.0,953.0,868.0,4.106860510482761,62.05825715263245,False
292b83afa418635f,8db1b36dde268ef6,2025-11-15,196.0,105.0,91.0,6.302661930087549,0.33556599672260745,True
23ddf51ce630028d,28d8638ea0a71908,2025-07-26,357.0,490.0,133.0,1.0102876855787564,14.610396450943426,True
5a8f7afc5ea69537,b23388ff8ac6637b,2022-12-03,252.0,140.0,112.0,2.976104916596505,37.49537377319416,True
bbde45b2c766bb67,15b1b21cd743d652,2023-04-15,343.0,133.0,210.0,0.39152070199935807,52.977094056482656,True
82b2b97b85c7225c,1fac46d466abd5b8,2022-03-26,168.0,308.0,140.0,0.5886500065025295,12.278168997075909,False
a0cae57eae875820,a16ce18149021139,2024-04-27,378.0,56.0,322.0,0.7967309390336581,36.95125320548573,False
01f262b68a6a2223,8c90c1563972e44d,2021-03-13,35.0,959.0,924.0,0.8542269861804144,45.22686011881456,True
7e9ed49a1831056f,04076783ca83d6ae,2017-12-30,259.0,540.0,281.0,1.4784697837737966,23.46466888132045,True
11d2b546c8533c0f,9ca265dfe8323db3,2014-05-24,399.0,129.0,270.0,2.7296932859675387,4.488719399806087,False
2f382615155e32b9,aec273fcb765330d,2023-03-25,189.0,280.0,91.0,0.013689535034941969,14.763820495835034,True
d8287db48ec356df,83fd97284f4bb4a4,2011-07-02,105.0,231.0,126.0,1.6920265303188984,1.6735403236170896,False
2e209dc450b7ebe3,73e09f837f3b5ecc,2016-11-26,273.0,364.0,91.0,10.965317562988975,32.60446552753865,False
60de5efe5b439c8b,d856a0080ac09ed7,2017-11-11,329.0,139.0,190.0,11.189825937562027,28.62306668373617,True
ce75f5ecbc0d3dfd,32ba186f4b0e3267,2024-08-17,91.0,336.0,245.0,13.432171776285621,29.205268588045556,False
1669773acd404217,852454c572675334,2018-09-22,113.0,672.0,559.0,9.92491290033334,57.159965014143836,True
a3820f1eb82f2ba6,dde70a112e053a6c,2020-07-25,252.0,441.0,189.0,5.481289827990992,26.571849040609095,False
aa62b8f58fc09790,a9c45a8b21eabadc,2015-08-01,266.0,371.0,105.0,5.481289827990992,31.753057399942236,False
69d6d58d58cb81e3,6d7886b094b471ac,2011-12-10,126.0,259.0,133.0,1.3580018754663001,67.67690126450952,True
b0367c907cc549c0,a9c45a8b21eabadc,2015-08-01,231.0,477.0,246.0,11.712766175896835,39.12301638960639,False
8857bf28823b1b2d,7865707fd684d77b,2013-06-08,238.0,350.0,112.0,1.1581346639561403,3.1852521153659836,True
c8fbe7ade97e2055,18968f97ad34f15c,2011-08-27,553.0,161.0,392.0,6.790009377331497,21.29360389210069,True
fc6d1396755692b4,597db668b01c442c,2008-02-02,210.0,105.0,105.0,0.2436737236219777,77.29542460563289,True
fd92fe0c494d0959,6e2b1d631832921d,2021-03-06,273.0,371.0,98.0,1.702978158346852,148.00060438431342,False
3454f5c7203467aa,67ec58d7cf599835,2018-05-12,245.0,546.0,301.0,0.2683148866848768,41.69774607280169,False
0aad210fbaa1db6c,4b2390cfaceb91d8,2016-12-30,174.0,412.0,238.0,1.3251469913824359,1.8192268593288645,False
ba2f3b9a12400aa0,db1f2ed63b54b9a7,2016-03-05,210.0,77.0,133.0,0.22998418858703573,27.880756970931316,True
b1b82605646eb850,3bb030257966b022,2014-09-27,532.0,325.0,207.0,5.913879135095179,15.297601336647176,True
f2ac86cd3e863243,dd39f1ca787a3d9d,2015-12-10,432.0,208.0,224.0,6.948807983736835,59.80765091551689,True
ed9d7d85a5ae06b1,eae4aec1a5a8ff01,2013-10-19,309.0,147.0,162.0,5.412842152816278,62.58165678392993,False
bf658320ccd69021,aae0897825336b1a,2015-05-30,169.0,70.0,99.0,5.207499127292142,37.020470784946156,False
fd088ce1481315a5,86b30a86664cb6e4,2025-04-05,420.0,630.0,210.0,3.4880935269033557,116.69837586188874,False
70b8dca3addcf4de,80dbeb1dd5b53e64,2025-02-01,469.0,217.0,252.0,3.65236794732267,41.050958222808276,False
0992795fd0fa06d0,9114c8ded5ccd71d,2021-04-10,672.0,119.0,553.0,7.30473589464534,38.90998302777484,False
7651b2e09ea2c420,56f4b81ec4db61af,2013-01-19,371.0,196.0,175.0,3.865924693867772,9.833796615909932,False
56403d0fd259c5d9,e31502e3f79d00c5,2019-06-08,273.0,182.0,91.0,5.043224706872831,29.354116354555572,True
80f65ee9b6f8d63b,335ad945324c3a2e,2022-01-22,266.0,462.0,196.0,2.4038823521359056,2.1811726723979064,True
01a4827b3596d111,a79bfbc01b2264d6,2019-09-07,336.0,147.0,189.0,0.3312867478456063,5.826554742588996,True
cea6760d7bfbe19b,885e7f70dcac0007,2022-10-22,574.0,189.0,385.0,3.2827505013792226,14.847916191303284,True
a122968e96068800,7abe471b61725980,2023-06-03,224.0,581.0,357.0,2.9240846834637253,68.53252479705543,True
33655fd07cfbe034,fe435e440b5de0ff,2024-08-03,364.0,154.0,210.0,3.7043881804554495,43.66934180972612,False
59d44b6888885500,75e0d3cc2262b732,2022-03-05,49.0,409.0,360.0,9.374593591928651,33.83681043831939,True
fb3f5a65da9f2ac7,31da66df48c0c1a0,2022-07-09,147.0,322.0,175.0,3.419645851728646,14.43235349629117,True
d757f19f3d34934b,b71667c778b6d9e5,2015-08-08,167.0,42.0,125.0,9.141871496334627,19.400503492284088,True
35f9beb94b4ef9e2,c398235fcaf8d71d,2024-03-16,392.0,224.0,168.0,9.182940101439456,13.727999358872012,True
029f5c36820fdc09,3a24769a4855040a,2022-06-11,203.0,77.0,126.0,1.8179702526403645,30.616318357896944,True
1cd8f5a107f64e39,c95fbc085e17a532,2021-11-20,252.0,700.0,448.0,2.989794451631454,29.27881061978883,False
a4398b9257a93d78,2dea80c069847321,2014-09-20,98.0,259.0,161.0,3.0691937548341173,16.630589439001596,True
4d56bcd82438e632,992c82450d96f726,2020-11-28,407.0,105.0,302.0,2.680410959841751,31.539902908548584,True
89820fae001dd151,0ec821423baa26bd,2011-11-19,146.0,261.0,115.0,2.365551654038068,19.88928849494323,True
a5a81a39ccf9b680,bc0f994de0521926,2025-12-13,168.0,287.0,119.0,1.2457476881797689,2.5606984532673778,True
f87a7812733f7e8f,56ec58954158966a,2022-12-17,266.0,378.0,112.0,1.442876992682944,25.383688298830748,True
4a482ad5b021bb25,2efbc83a6b9b7f86,2008-06-07,462.0,140.0,322.0,10.132993832864464,43.471867035138075,True
8308464729ea7c40,66766984842c13dc,2025-06-28,203.0,315.0,112.0,2.943250032512644,83.84281333960098,False
d7ae0993c7a378ee,7abe471b61725980,2023-06-03,308.0,168.0,140.0,0.5886500065025295,3.0039464673277507,False
9e674a02db6c03c8,e69c5ce12f4e762b,2020-09-26,217.0,119.0,98.0,0.6078153555514483,27.70192300106646,False
410e65e4d1782bfc,1fac46d466abd5b8,2022-03-26,385.0,105.0,280.0,0.45996837717407146,3.295768069281621,False
c20bd12ae7f04eff,118463dd8db16e7f,2025-05-10,203.0,434.0,231.0,5.804362854815633,7.4054057518330865,True
fd1854062406d287,b5882371e2a3900d,2019-02-09,218.0,448.0,230.0,0.7501865199148519,16.66876431901551,False
a554a72bb0377213,be5aab761c40ef35,2022-10-29,133.0,224.0,91.0,5.82626611087154,69.02774437731432,True
68913a422f548ccc,ce7871949b0ed2bf,2025-02-15,308.0,105.0,203.0,8.443705209552558,7.492058825491085,False
d95f21817a56eb05,6750e338922a099d,2024-04-13,532.0,238.0,294.0,1.3470502474383466,117.49337870703948,False
c1322d09e8b6efca,194fc025f9355db6,2015-06-20,153.0,435.0,282.0,0.6844767517471269,60.43058505122576,True
ae7a8f19743e8154,6cd3dfc54f01287f,2025-08-09,175.0,364.0,189.0,5.308801686550716,29.609507526181687,False
b152646345037056,67ec58d7cf599835,2018-05-12,196.0,77.0,119.0,3.813904460734989,74.47479783963854,True
48231fbd1af53674,89a407032911e27e,2023-08-26,203.0,413.0,210.0,0.5968637275234947,0.02587626213380645,True
bfacb44c24bfe0e9,2f13e4020cea5b38,2021-08-21,189.0,560.0,371.0,3.3813151536308084,38.64943328031973,False
3ce634d03af7e14c,5f8e00c27b7e7410,2020-05-13,242.0,116.0,126.0,5.5360479681307595,5.267020095059706,False
54e2490959f66dc2,3f7c14c7eca7195d,2021-02-13,24.0,161.0,137.0,6.034347043402672,13.53172648664031,False
c6ca435e24c5f4e4,4c12aa7ca246e7a4,2020-06-06,182.0,24.0,158.0,3.225254454232463,15.191141842879915,True
f4273b2155fe20fe,56f4b81ec4db61af,2013-01-19,98.0,211.0,113.0,7.959095669315587,17.881677807879214,False
cc9cabc1fc747aaf,312f47c3d2f83ffa,2008-10-18,133.0,273.0,140.0,11.052930587212607,45.21679931038011,False
f281a6775bccb8df,8d04923f2db59b7f,2015-11-14,259.0,147.0,112.0,5.738653086647911,1.9482777908006028,True
f3a60ca18747aeac,15515e797aedc137,2018-02-10,84.0,203.0,119.0,3.964489346119361,1.8467932165503953,False
60820d105e57d5d6,f9c7fe2682af3802,2015-02-14,99.0,223.0,124.0,11.0775717502755,0.06782269284849463,False
51218519be104794,5df17b3620145578,2020-02-15,182.0,287.0,105.0,0.18891558348220983,32.89292937056189,True
57dec2b07b75dada,14b9e0f2679a2205,2020-05-30,259.0,105.0,154.0,0.32307302682464467,7.575660241029027,False
ac6b2a5f24c2b8bd,805ad1801eb26abb,2020-10-03,126.0,287.0,161.0,0.7364969848799099,1.6685477436465135,False
c8dfcbee63266273,8d5daf67983b65ba,2019-11-09,259.0,161.0,98.0,5.538785875137748,71.99091693567425,True
b29d4e0117776bb3,39c568f8c579913e,2016-02-27,126.0,370.0,244.0,0.13141953633544645,25.32125324527783,True
a7ac1dfcdc083694,2c733e059462c1dc,2024-08-10,238.0,147.0,91.0,3.0609800338131485,29.441143362230832,True
c20e6697335c3b3d,8753e125f4499816,2022-04-16,812.0,210.0,602.0,9.738735223858125,18.76918619272078,False
2d42742aade53799,4c27ca8c8481f79a,2021-09-18,98.0,455.0,357.0,3.2553714313093316,8.25630741770351,True
a0bc695b35f155f1,1174782eacde9b0c,2023-07-22,189.0,462.0,273.0,0.2847423287268036,21.048414061137464,False
7259a1046143e632,fa534853eb195270,2015-03-21,294.0,182.0,112.0,2.962415381561563,16.005965685067167,True
7cde85d46dc0bebe,770b9d4813c25902,2014-08-23,70.0,175.0,105.0,0.38604488798538483,90.94328217710836,False
3fc3179cd800128e,43612456979e5d5e,2013-10-09,123.0,221.0,98.0,2.5927979356181154,63.695548543808854,True
de7eec13356baebe,d1152823307d7e7c,2011-01-01,126.0,217.0,91.0,3.4114321307076807,8.642898730131037,True
96f51af6a93b94c6,bfc2fc38a0e20211,2010-05-29,138.0,322.0,184.0,1.2238444321238617,15.087855761833225,True
3d07a533feca7458,4b2390cfaceb91d8,2016-12-30,398.0,215.0,183.0,4.802288890257845,106.38339894454612,True
5b71958ee063a6e8,6085ceb59087514b,2023-07-08,483.0,126.0,357.0,2.0397407202064386,17.225679558725005,False
151c2bd6dfefb4b5,44aa652b181bcf68,2020-01-25,728.0,175.0,553.0,6.1657665797381185,28.841683361345304,True
e01019fbfe0e9528,079488710f012779,2024-09-28,112.0,322.0,210.0,1.0294530346276822,66.46408076896182,False
d0602cdc04d2c159,53e4e21f4c688801,2023-12-02,490.0,280.0,210.0,5.46760029295605,13.566793086810094,True
676320a61f800f10,9e30f69cc0869301,2017-12-02,273.0,148.0,125.0,1.1444451289211948,12.859697138459978,True
b0be38110c2d8b84,72c9c2eadfc3277e,2024-12-14,133.0,224.0,91.0,4.980252845712094,40.795542253439635,False
4ffbadfb86284af5,58a36b4ccf5dc30e,2021-05-08,224.0,721.0,497.0,3.145855151029796,1.5387212599803206,True
dffad417175400ba,ff9578cdbfabd323,2017-07-29,266.0,77.0,189.0,10.149421274906398,29.150233179096176,True
78bb2b441917848c,20821819c401ced8,2018-11-03,160.0,280.0,120.0,4.802288890257842,14.729617600474057,True
52565f62fb3822db,f5990c11974d8e9c,2018-05-27,169.0,435.0,266.0,3.679747017392554,9.380714243837701,True
4e87af7e5156bbf7,738acab0c6934dd8,2013-01-26,497.0,218.0,279.0,6.3738475122692435,13.974041223083077,False
d47fd8fc3886f86c,abcf7e55a0a9ed89,2019-07-27,546.0,189.0,357.0,0.32581093383163306,1.7330769403999966,True
2783ccf179321171,08ae5cd9aef7ddd3,2000-12-16,246.0,85.0,161.0,0.47913372622298667,22.09605482063239,True
18273af728dda0c8,9fd1f08dd4aec14a,2002-05-10,119.0,903.0,784.0,7.455320780029705,31.79850980235051,False
67160b93dec2b399,4604ab1de9058474,2007-04-21,189.0,329.0,140.0,0.9117230333271706,41.63296980441942,False
611ccad0fc46ba51,073eee4e62f0d988,2014-07-19,118.0,2506.0,2388.0,5.037748892858854,77.79697539087942,False
5116f9398bfca446,ccd58ff71e260ed5,2023-07-29,196.0,84.0,112.0,0.2026051185171518,3.430676503331597,True
1f5c71dd2a0672ac,28f3c2258a1d8874,2013-11-16,266.0,154.0,112.0,4.350534234104735,94.59325768716417,False
44e4a1caae180261,3f24c96753dbd9f9,2005-08-06,119.0,834.0,715.0,6.891311936590071,0.8614592435219492,False
11c3035dd9104e50,30cd319d39ee689b,2008-12-10,46.0,200.0,154.0,3.5592791090850575,64.52139299414443,False
b4db19e62f087a7f,09c44b317c98bf96,2013-02-23,294.0,3046.0,2752.0,4.301251907978944,103.89647958032742,True
fd61b04ee64f7f20,896c322f56b8be5a,2009-09-19,210.0,1491.0,1281.0,5.566164945207639,80.4472342152601,False
c547b3e95bcc5f24,9336e86cfd4ceaa1,2025-10-11,196.0,336.0,140.0,12.386291299616008,17.21624486388214,False
f2336b7545f5f442,972197a8c61ac413,2021-08-07,532.0,112.0,420.0,2.707790029911628,0.7967181735236863,False
676561d9690ce31d,2c104b7e59a72629,2019-08-31,280.0,105.0,175.0,2.1547328144999547,24.918819549908903,True
856e171bdfc98cb5,738acab0c6934dd8,2013-01-26,497.0,266.0,231.0,0.7145937288239992,17.855121080422805,False
b2d731415bd367df,22f4b6cb6b1bd7fd,2025-04-12,763.0,126.0,637.0,2.195801419604784,3.818130313789652,False
4eb5f99202f5fe97,d4f364dd076bb0e2,2020-10-17,441.0,252.0,189.0,3.7427188785532906,16.38611918620518,False
62fecd327391557e,c0342805a1948cbb,2018-08-25,223.0,105.0,118.0,4.585994236705751,10.515741272516607,True
46c89e7e886cdc5b,60884f31ead1609c,2013-10-26,316.0,203.0,113.0,0.04654441911880269,0.10800918189124786,True
73a299d44d2ef5cd,d1d20e651e6cbc02,2018-12-01,231.0,77.0,154.0,2.781713519100329,76.30564512062892,False
438f5404c43303b8,6291ac0a3726732f,2013-04-06,238.0,140.0,98.0,6.064464020479544,1.7600177926995002,False
f6d6b660e1578744,073eee4e62f0d988,2014-07-19,245.0,126.0,119.0,11.041978959184654,2.2529113059331394,False
2d050cb1f7d8789a,179f1948dc234f1f,2014-03-15,210.0,49.0,161.0,8.91462521475458,32.63664039553373,True
3a4e2dffcdd1c838,81b57acd6975ac06,2021-02-27,350.0,126.0,224.0,0.2381979096080009,10.329752919459906,False
1b1d1900b4051344,90e7447d8b7f3f35,2017-06-10,847.0,203.0,644.0,5.64282634140331,30.571637356625843,False
0f9e7d0d04e24b74,9336e86cfd4ceaa1,2025-10-11,861.0,196.0,665.0,1.716667693381794,15.20650030447473,True
3760216f68f448b7,de99da2c0d18d34a,2016-02-06,231.0,455.0,224.0,7.425203802952833,0.5638011528951665,True
465707233fa9cf7c,20fbff570c678e1c,2015-12-11,265.0,793.0,528.0,3.080145382862071,25.997037414468423,False
edc87836fd998929,2f8f3c69522db931,2019-07-13,245.0,56.0,189.0,10.850325468695456,15.433031082487105,True
b5365d22172e414b,b09890ba7ce1d1e2,2019-12-07,147.0,273.0,126.0,5.3005879655297505,10.797784627832016,False
330e67abac6e5ce7,8f4616698508f24d,2021-10-16,679.0,147.0,532.0,4.413506095265472,30.375474543416885,False
efd7efba85092c6f,a23e63184c65f5b8,2022-08-13,301.0,35.0,266.0,6.001492159318808,13.159470899817734,True
d6e4d0d62a96a948,579fcdfcabd23a7b,2014-05-10,175.0,84.0,91.0,11.866088968288189,1.224154579195556,False
bce8ece2ff26b4d4,aec273fcb765330d,2023-03-25,224.0,581.0,357.0,6.091843090549432,3.3021918718529832,False
34a39beb93225e2e,243b07fc65ccbb16,2015-11-21,231.0,532.0,301.0,0.3860448879853777,16.525092503085034,False
4f6e7159e77d4215,8753e125f4499816,2022-04-16,147.0,574.0,427.0,6.932380541694901,63.96602410394894,False
2c8d1f5bb73a812b,c0ed7b208197e8de,2014-06-28,147.0,406.0,259.0,2.0725956042902993,42.792008089636056,False
312c742e614f8993,194fc025f9355db6,2015-06-20,70.0,182.0,112.0,2.502447004387495,16.250120222251326,False
f7c9f7a6edca5299,e60201cfab7d656d,2016-03-19,62.0,209.0,147.0,1.8207081596473564,9.231774822515945,False
753735b48b1c20b9,cba3a2dfbc06ce79,2024-06-08,392.0,147.0,245.0,2.4120960731568744,1.7550939862685482,False
83b32e9300fec365,243b07fc65ccbb16,2015-11-21,532.0,154.0,378.0,2.3847170030869904,4.709295713719939,True
a3b37f8ea171b962,fc31f896cde2bc2e,2014-02-01,182.0,371.0,189.0,4.303989814985933,25.45714826043013,False
050eb872a69c66bd,380e8b023290d091,2016-01-02,189.0,91.0,98.0,5.311539593557704,49.542093831352986,False
c06eaf92bdfde8e6,caced97768818230,2017-11-18,224.0,112.0,112.0,2.5051849113944833,29.886590853655434,False
6b3038fe26a57b80,d023ae89a2a4a41e,2011-06-26,218.0,120.0,98.0,,39.7710314607059,True
4c4e1f7521c27900,f62850b3c7480db9,2012-08-04,161.0,70.0,91.0,0.3915207019993545,34.21467664917418,True
a5962421d687de8f,054defd5420a551f,2010-08-28,238.0,1435.0,1197.0,6.7297754231777525,58.389219578395114,False
de93fda66d203c26,4f670b7972fa0a2e,2022-10-01,483.0,175.0,308.0,5.103458661026579,7.606421476092692,True
0bdea30d7a7322f7,db1f2ed63b54b9a7,2016-03-05,119.0,224.0,105.0,6.357420070227313,13.543347163469662,False
cd55220a7b1378c4,0c3838c8f7c620c2,2015-07-25,98.0,840.0,742.0,2.2615111877725056,3.639381131952632,True
9ee818e10dcf3b45,c046100aea0dba9a,2018-12-29,308.0,160.0,148.0,7.154151009260968,8.72571729724109,False
f754d17d5047d536,0ec821423baa26bd,2011-11-19,392.0,161.0,231.0,1.0924248957884153,20.377435292278733,False
351dccf63078a20e,d0c29452d3272603,2010-05-08,117.0,749.0,632.0,5.596281922284511,71.33671068578246,True
6afaf0ca45431a11,d86e913c548c07c2,2017-09-09,371.0,189.0,182.0,9.139133589327642,2.8110034108094624,True
92e006a93f983fb5,0eec866a077889f0,2021-09-25,2429.0,392.0,2037.0,1.3689535034942537,44.436996137294955,False
20d8f6b4b7c8bae7,6085ceb59087514b,2023-07-08,371.0,217.0,154.0,7.529244269218395,44.55848046370397,True
c67e5fec8e1876f0,72cbe507644a587c,2016-07-30,210.0,546.0,336.0,0.04928232612579109,71.93053326117388,True
7d2d327fd7580364,e670f8cc2969a789,2003-11-21,210.0,1099.0,889.0,7.586740316365152,41.65767801033144,False
dd34dd337e637767,56116537d71a578c,2021-01-20,431.0,189.0,242.0,3.1349035230018387,24.617209691950848,True
7c075e3383198e14,28d8638ea0a71908,2025-07-26,245.0,140.0,105.0,9.900271737270444,65.59970131906425,True
44cfd4330eb6e2bf,84283233ec42be5f,2019-02-02,77.0,195.0,118.0,3.5017830619383012,11.656336107997504,False
ea76a3af8c5ecc55,2a470ad41c22c25a,2021-12-18,196.0,742.0,546.0,1.2758646652566448,16.531753738574025,False
58c5d506181812fa,3b2485c8d5c8b580,2021-06-05,623.0,182.0,441.0,0.8870818702642751,1.5116122717111011,True
049659c5a58ebb61,140745cbbcb023ac,2010-07-03,14.0,357.0,343.0,4.980252845712091,37.631557777844364,False
50ebe7915d9f0cab,83fd97284f4bb4a4,2011-07-02,497.0,182.0,315.0,4.049364463336005,57.47231077424158,False
e3c9c95b67580b9b,c6a33ff198aaaeeb,2009-08-29,203.0,315.0,112.0,1.5551311799694751,57.78655505258803,False
50325e08203fedbd,598a58db87b890ee,2008-03-01,164.0,42.0,122.0,1.1170660588513108,45.11073617976831,True
fc3825dd1b67e39d,86b30a86664cb6e4,2025-04-05,147.0,287.0,140.0,0.33676256185958664,32.06822829908219,True
0731a4519d64df6d,efaf544314bb5c2e,2005-10-03,58.0,738.0,680.0,2.0452165342204154,45.06549962851295,False
0e0a4282cd6c86d7,118463dd8db16e7f,2025-05-10,707.0,294.0,413.0,0.6735251237191733,3.841569756898707,True
a91fdb21a7ff52e5,cba3a2dfbc06ce79,2024-06-08,112.0,245.0,133.0,6.006967973332788,25.216399899751195,True
3fa2e753afa0bdbb,a26198ba5093147e,2014-03-01,85.0,266.0,181.0,0.40794814404128843,22.284667950570565,True
f509d5ffcc3f46fe,4679a38cced7c64a,2013-02-16,220.0,98.0,122.0,4.870736565432555,0.007354657781206697,True
7e047b195135ef06,60ba33c3f555a7a3,2022-05-14,364.0,182.0,182.0,2.2259183966816565,1.3675966177063401,True
089a17e450cc98aa,0db9d2486d564a3c,2021-08-28,532.0,42.0,490.0,5.678419132494167,21.9206159659891,False
dcee56e0cbfacb45,f9c7fe2682af3802,2015-02-14,328.0,140.0,188.0,11.113164541366348,0.575424801653071,False
fa2e2a035b36b9d6,354808cf38d9d73c,2015-12-12,266.0,150.0,116.0,12.580682697112195,1.6117140661935991,True
abfc03893551ae73,756f45905fb20cb5,2022-11-05,245.0,112.0,133.0,0.06297186116073306,21.362788653153302,False
af0327945c9656e0,ebc5af72ad5a28cb,2013-08-03,1456.0,168.0,1288.0,0.848751172166434,28.744966257679835,True
faec13fd40b6d797,48d1f690b763934c,2009-08-08,325.0,112.0,213.0,0.010951628027953575,47.38585618386696,True
e57bfadb506e4f51,8fd76e1b49c00ae2,2022-07-16,434.0,84.0,350.0,1.371691410501242,29.084303903680166,False
cf5f9da861c5e63f,030f08370fd1c2bb,2013-05-18,329.0,119.0,210.0,0.15879860640533394,51.59243060831591,False
ff64fc34065565d0,aae0897825336b1a,2015-05-30,385.0,169.0,216.0,5.177382150215266,27.113344932030714,False
fe6da751f2a4859a,563d051c9e769b24,2016-06-18,217.0,336.0,119.0,2.6530318897718637,15.331177352969462,True
744cbe6e49d4f41c,6f812143641ceff8,2023-05-20,182.0,301.0,119.0,6.965235425778765,46.581517978183456,False
ffe629a5232a878b,108afe61a26bcbf4,2003-06-06,1911.0,98.0,1813.0,2.694100494876693,21.937806031682385,True
66eaf9f4a2cd67d8,429e7d3725852ce9,2004-06-19,575.0,379.0,196.0,3.898779577951636,56.845524114464524,True
e6ce8360ef43891c,b5abaa65f87938eb,2021-11-13,175.0,1079.0,904.0,1.7276193214097475,25.055850037791288,False
71e123d40fff9edb,997b4f52f76a0b53,2015-04-25,511.0,315.0,196.0,6.039822857416652,32.0,False
be8e34d585be9dc7,da6dfd09cca1d705,2000-11-17,161.0,420.0,259.0,,15.26369320647791,False
0adfc21045c02555,7b03d9df5910917d,2025-07-12,427.0,154.0,273.0,14.828504349849759,81.87028816251677,True
30abc50a2e71c576,b23388ff8ac6637b,2022-12-03,217.0,315.0,98.0,0.29569395675476073,15.304190103036035,False
8f301d4eb8e97449,afdb76fbd86f6d11,2010-10-23,112.0,245.0,133.0,5.043224706872831,30.562489530793982,True
a2e34655a41ba45c,7a82635ffa9b59fe,2020-08-08,182.0,91.0,91.0,7.636022642490943,59.9349903558948,True
8f5e57a21383fa87,0aa92558424ced9e,2007-09-08,140.0,387.0,247.0,,0.0,False
2c9ddc75869894c5,7269329bd87eb479,2007-12-29,98.0,2815.0,2717.0,6.543597746702535,147.52576597093912,False
d29dd21d8881a0e0,1652f3213655b935,2009-04-18,91.0,224.0,133.0,11.940012457476879,122.14844199050344,False
f73dfeb48b09e6a6,d181689653115b6a,2018-02-18,253.0,92.0,161.0,0.7529244269218367,60.34170161294719,True
397ace87deeb8697,1ef0eae31904e534,2018-10-06,91.0,203.0,112.0,3.7098639944694263,41.61430031263649,False
2b3b6e96cea0f757,119ebea97e914dcf,2015-10-03,119.0,252.0,133.0,5.4320075018652005,13.513730659660723,False
ebd51f898209c4c8,b4bc2e3353a770b5,2004-08-21,141.0,442.0,301.0,1.9603414170037752,100.53867070021852,False
2dbd0bc3e61ca00b,e8fb8e53bc2e29d6,2004-04-02,301.0,189.0,112.0,5.100720754019591,8.274832968110331,True
d3e23d7d207d3ccf,93bf96be327fcd98,2022-09-10,56.0,378.0,322.0,1.218368618109885,8.658598728547759,True
dd456668731bd52a,8fd76e1b49c00ae2,2022-07-16,259.0,406.0,147.0,3.7783116696441397,4.8174392904345495,False
3c319d4659e6c8fd,32ba186f4b0e3267,2024-08-17,707.0,70.0,637.0,5.41010424580929,34.997084279945966,False
00684df5ed23e6ca,b1605ea39fba6af6,2015-05-16,224.0,77.0,147.0,0.8679165212153563,14.592750422058543,True
aeb7ff8ce6e1beac,307064d3e0f036c2,2021-01-16,791.0,315.0,476.0,1.481207690780785,45.25964426900214,False
55480808b1fa1f9c,2c104b7e59a72629,2019-08-31,280.0,175.0,105.0,1.2731267582496528,24.995160057671683,True
69bde5bae0d6ec4f,ee0b69e307c857e5,2024-09-07,196.0,98.0,98.0,1.6016755990882778,29.644088567453764,False
23865dfc8361ac62,89a407032911e27e,2023-08-26,441.0,168.0,273.0,3.824856088762946,55.64034753634405,False
bcb697c4317f0997,c912f676692c353a,2019-04-27,350.0,98.0,252.0,1.856300950738209,75.83587065936149,False
d4eb3614c7734781,a7724f51e32e763e,2017-10-28,302.0,98.0,204.0,2.475067934317611,66.81289659585332,True
5934de85b9c53e7c,23bd78c3f89bdb54,2017-07-07,783.0,3275.0,2492.0,6.080891462521475,13.184817531162253,True
52f0398eb74c139d,82f5c81f4e3c3eb5,2015-09-05,91.0,217.0,126.0,8.676427305146579,38.31427666570903,True
6a4ba72b084193b5,236a37d96d476164,2022-04-23,301.0,665.0,364.0,2.907657241421795,19.421887141207662,True
4918b7e3600f67a1,23ab42947c1990e3,2008-12-27,301.0,189.0,112.0,5.434745408872185,36.388655991064525,True
afedd038b986cebc,7269329bd87eb479,2007-12-29,338.0,200.0,138.0,0.6242427975933786,32.50901808219737,True
f75fe8b384b0db11,8ad022dd81224f61,2025-05-17,273.0,581.0,308.0,9.125444054292693,2.8765879455522736,False
55eebc2ee92bf00a,daff32bc96d1eabf,2024-11-16,196.0,84.0,112.0,3.1239518949738887,48.23713415429211,True
02ace8fdd83c6480,de99da2c0d18d34a,2016-02-06,57.0,427.0,370.0,2.1985393266117725,1.8856216462547764,True
b30bb2ba5b68a180,ad32471f01e7b1a5,2010-09-25,371.0,119.0,252.0,3.745456785560279,0.21922550606086588,False
2335e75ce63805b6,0c01568b1ac77bff,2024-09-14,203.0,77.0,126.0,3.8549730658398147,35.1253473467666,False
e733f148060bef2a,22f4b6cb6b1bd7fd,2025-04-12,420.0,210.0,210.0,6.250641696954766,76.01413019721122,True
79bfba62da6242a6,6f81b6de2557739a,2023-08-05,91.0,875.0,784.0,8.536794047790163,43.298428713636895,False
8d9458121f0c4b95,38e5d9dcb0fddc42,2025-10-18,217.0,735.0,518.0,2.8173063101911744,15.083786282121082,False
c2f730cb33df5221,d2fa318f34d0aadc,2023-08-12,280.0,112.0,168.0,9.568984989424834,0.3942814684332916,False
09c1d4c96efd0545,4c8d6fde2dde07c4,2011-08-14,141.0,274.0,133.0,2.064381883269334,28.975717078428943,True
68b3222e977a6a11,0ff11cc094e887bc,2010-11-13,237.0,77.0,160.0,6.406702396353108,1.3307292282534036,True
343749a2f7c5d78b,8d5daf67983b65ba,2019-11-09,259.0,133.0,126.0,4.840619588355683,0.5473975155375683,True
6188b7fb3f8daacc,9336e86cfd4ceaa1,2025-10-11,126.0,301.0,175.0,1.2621751302216992,26.65382338923382,True
4e9d76ed54f1f352,f65a0eb902f9476b,2022-12-10,399.0,147.0,252.0,10.308219881311732,51.61430858372,True
e346f2b7af63e804,d2fa318f34d0aadc,2023-08-12,371.0,252.0,119.0,7.085703334086258,6.555343290028986,True
28deed0ab55ca350,fd87b1bbfcde9d5e,2019-11-02,224.0,84.0,140.0,8.791419399440098,42.495389783484825,True
76b61ff4c9760f79,56116537d71a578c,2021-01-20,438.0,102.0,336.0,0.8952955912852403,30.716574607875145,True
4838bf4ca76c1c6b,a7724f51e32e763e,2017-10-28,224.0,84.0,140.0,2.160208628513935,2.856401985057346,True
ee69302c232e0909,669a3cb6e394f515,2005-08-20,427.0,126.0,301.0,0.7145937288239992,14.286538883323828,True
5b986cd7289a0884,ad32471f01e7b1a5,2010-09-25,231.0,84.0,147.0,0.21081883953812053,8.435692998180457,False
f592f168f3b8b807,c95fbc085e17a532,2021-11-20,84.0,189.0,105.0,3.6715332963715888,16.681837346631937,False
c6cc6ae23cbf8a27,aec273fcb765330d,2023-03-25,637.0,490.0,147.0,8.93105265679651,14.688346942671615,True
5948876f1d80c21a,e18012194473e8b0,2016-09-24,79.0,308.0,229.0,4.194473534706393,18.078087204365147,False
71900a1af85710a9,baf942f4bcb09894,2006-11-11,525.0,400.0,125.0,0.21081883953811342,32.33263768493089,True
e5e75d831670b401,57591bbf1623574e,2022-06-04,245.0,616.0,371.0,2.439475143226762,48.28065599569027,False
1a50d5c7e1e5c058,3b2485c8d5c8b580,2021-06-05,98.0,196.0,98.0,1.0513562906835858,39.09035707181238,False
9f4d6d192ab4a027,e69c5ce12f4e762b,2020-09-26,217.0,413.0,196.0,4.34779632709775,32.87051794157219,False
d078e9046aa86307,18c49685296c60e6,2025-06-07,217.0,119.0,98.0,1.70024025133986,15.053478666356568,False
45de6d0b9cf5451c,a16ce18149021139,2024-04-27,133.0,252.0,119.0,0.15058488538436876,18.774059796455504,True
c442899c21d58779,a8e8587a06e73c87,2023-12-16,273.0,168.0,105.0,3.6961744594344843,28.65104403082114,False
cf020c71f1dbfa0b,8f4616698508f24d,2021-10-16,175.0,749.0,574.0,0.8432753581524608,54.30051031164862,False
f09c3d8a26806761,5717efc6f271cd52,2023-01-21,574.0,182.0,392.0,6.132911695654251,14.848436054537615,False
69ecd4aa5a550f7b,2b4faacc16d66898,2016-09-03,294.0,146.0,148.0,2.1519949074929663,25.327864535170647,True
9c7b6a20f35fb708,1bf49bf829964144,2019-09-28,1120.0,154.0,966.0,3.2635851523303003,75.08684113063327,True
444f0a732695dc81,9114c8ded5ccd71d,2021-04-10,189.0,1680.0,1491.0,3.178710035113653,2.1903431555715542,True
3542b1fd47163fcd,44f9c777fed7ca03,2011-10-01,91.0,294.0,203.0,3.712601901476418,41.34279182274963,False
ecc41acbd699812a,132f860d02953f4c,2010-12-11,294.0,182.0,112.0,2.4504267712547154,67.63825339530399,False
f085f32bbb3220e1,0eec866a077889f0,2021-09-25,749.0,217.0,532.0,8.063136135581153,12.290006729034758,False
99fd8396cbe1df03,77940e45bc86208e,2022-02-19,140.0,35.0,105.0,4.498381212482119,14.485092586965948,True
e8a5e53ffd33c0f9,a0a680fe2f6cc8e6,2022-06-18,378.0,119.0,259.0,4.621587027796604,25.225045440324266,True
130e622d4d2aee3e,754968e325d6f60d,2025-08-23,119.0,994.0,875.0,0.6050774485444599,99.28001451551995,True
afda8492a55f1c5d,577ec7e108b94be3,2006-10-10,339.0,54.0,285.0,2.0780714183042797,31.26369320647791,True
84500d5c1aba97a2,c6e6926a81adcd00,2012-12-29,147.0,945.0,798.0,0.3723553529504393,14.558802611613373,True
38abefbf24624a35,42c96a9c4802e2e1,2018-11-10,119.0,265.0,146.0,3.1869237561346218,31.98983766578226,False
5a00c73efbcf323e,e69c5ce12f4e762b,2020-09-26,329.0,217.0,112.0,0.45996837717407146,5.548763596395929,True
eb4e9ec015533ab4,a1153013cb5f628f,2021-02-06,168.0,70.0,98.0,1.1909895480400046,47.17095964693999,True
7f33fbdc35afd721,7b03d9df5910917d,2025-07-12,483.0,161.0,322.0,0.07392348918869374,48.103198018925696,False
775788423f5eeb99,80dbeb1dd5b53e64,2025-02-01,126.0,322.0,196.0,4.451836793363313,14.736136250223126,False
0c27552ea7bc8c8a,992c82450d96f726,2020-11-28,140.0,525.0,385.0,3.2991779434211495,0.7255786708765299,True
6b8be0ee3e569ad2,28d8638ea0a71908,2025-07-26,273.0,84.0,189.0,0.28474232872680716,96.19644053944376,False
476a6245b43f3119,6b8f28da9a483049,2019-05-18,189.0,70.0,119.0,2.1410432794650127,16.771423306817724,False
5737084215c45792,806975e1b4f47b27,2023-02-25,1358.0,308.0,1050.0,4.156142836608552,52.59363914650339,True
c29b63d6cd2ba413,e18012194473e8b0,2016-09-24,63.0,301.0,238.0,0.7748276829777474,1.9584544507035844,False
188e6416157e5a1f,899eaba48fa864a6,2024-04-06,266.0,1281.0,1015.0,6.436819373429984,15.447140934976005,False
81b16b26774be5d1,805ad1801eb26abb,2020-10-03,294.0,448.0,154.0,5.319753314578669,6.886467653122509,False
1cde536c460b1a0e,f54200f1dfb9b5d4,2015-03-14,182.0,493.0,311.0,10.371191742472469,15.226743707043397,True
cc4fcfede19bc196,c8a49ff2acb6f3c5,2023-10-07,224.0,42.0,182.0,2.3765032820660252,24.467209154048078,False
5b5d7f7ae712c6d8,a0a680fe2f6cc8e6,2022-06-18,238.0,119.0,119.0,1.5085867608506653,0.19284283694196347,True
0a667143584a2d96,42c96a9c4802e2e1,2018-11-10,182.0,637.0,455.0,4.366961676146669,2.017682482480268,True
767b78b67c7da17c,0e2c2daf11b5d8f2,2025-11-01,420.0,168.0,252.0,0.0684476751747134,1.5859170464336785,False
bd7394f07247d9ca,7956f026e2672c47,2025-10-25,217.0,119.0,98.0,4.95287377564221,48.64064109728656,True
f46308108eb9261a,81ddc98fceb30086,2025-01-11,161.0,294.0,133.0,0.4243755860832188,6.547301068539582,False
2d7f29ec900a8948,0941df56f6ac954b,2019-10-12,518.0,105.0,413.0,0.4243755860832188,13.004385520939877,False
e24c8aab497b4fe1,0db9d2486d564a3c,2021-08-28,224.0,133.0,91.0,4.336844699069797,4.545796519283385,False
b34aa3946ccfcfbb,baf942f4bcb09894,2006-11-11,299.0,404.0,105.0,10.439639417647179,16.5848797035801,False
319b96f615a0a154,1174782eacde9b0c,2023-07-22,231.0,511.0,280.0,0.038330698097841065,25.10159664675939,True
2c21abbc28e3876a,b5abaa65f87938eb,2021-11-13,483.0,175.0,308.0,2.3354346769611993,23.250785485624192,False
eee7f546c126ee8b,c0231720fe516994,2017-03-18,99.0,385.0,286.0,5.818052389850578,29.933376550361572,False
44ab00737c3fb890,80eacd4da0617c57,2019-03-16,237.0,497.0,260.0,5.073341683949707,39.94702605650468,False
a71febed166b7d42,7139cd2ae4bf6a29,2016-12-09,474.0,62.0,412.0,3.846759344818853,13.564916610831006,False
e5e3c3a055df3016,f1b2a4365799c48b,2013-03-16,119.0,406.0,287.0,2.2040151406257493,182.96955390230232,False
0583a3d402bed6e4,8788beb528894f33,2011-10-29,245.0,1806.0,1561.0,4.635276562831539,76.72311868085899,True
07886c772e37d5de,d3711d3784b76255,2005-06-04,119.0,1877.0,1758.0,6.171242393752095,44.756173141226554,False
56ce29bdb1fe9abf,aa79d5399571068e,2013-04-20,133.0,3164.0,3031.0,6.568238909765427,51.46417477232444,True
f2ce79565c0820dd,70167689d6a01793,2019-08-17,147.0,1092.0,945.0,1.7823774615495154,8.588493448370855,True
d4bfe75b61d2cbc6,d4a12dfa4067742f,2014-12-13,112.0,378.0,266.0,0.47092000520202504,35.04578242494608,False
1f0d4572e0facbea,885e7f70dcac0007,2022-10-22,196.0,455.0,259.0,3.4771418988754093,16.665180082615507,False
214b268e4a92f950,e57f0b06ea39e360,2021-07-24,168.0,917.0,749.0,6.198621463821986,18.235047461051863,True
03377f7bf8a2d5ff,9336e86cfd4ceaa1,2025-10-11,105.0,224.0,119.0,6.724299609163776,17.915855975445993,True
1b204fc28bb023e6,885e7f70dcac0007,2022-10-22,105.0,252.0,147.0,1.2074169900819314,17.365124396768124,False
b229ee2997b70d16,aa79d5399571068e,2013-04-20,35.0,126.0,91.0,3.3676256185958664,0.5422307514409113,False
c1f74805a4ff9396,aa5b4eff51bdc7d1,2016-07-09,174.0,644.0,470.0,3.5565412020780727,15.100151659961966,False
57939328c1214107,bda04c573563cc2e,2020-08-15,182.0,63.0,119.0,6.288972395052603,19.26174748439348,False
37a6fc5e69a7932d,af1e5c64b8663aa0,2020-08-22,70.0,182.0,112.0,8.022067530476328,49.88785878938711,True
82342dc6be82778b,d5ae8074631762fc,2018-09-08,99.0,189.0,90.0,4.755744471139039,7.377091436180308,False
244aa8f002274344,6546af7ab545b90c,2019-02-23,168.0,56.0,112.0,8.37799544138483,7.291298812571313,False
81a18de517a3336a,b0a6124751a56bc4,2022-07-30,140.0,259.0,119.0,2.0698576972833145,49.52860124177005,False
7d2051c6bae907cb,0b64d0fed453ef7f,2021-06-12,98.0,259.0,161.0,2.9459879395196324,5.907148266360309,True
54de03e04f571735,66e0a70352fef46a,2024-07-13,161.0,14.0,147.0,8.189079857902627,28.346899110008508,False
bf878c083a6b30ad,f3743d8ef5dde970,2024-06-29,56.0,147.0,91.0,0.03011697707687233,30.520811930296077,True
bb6438338bb8aebf,3b2485c8d5c8b580,2021-06-05,77.0,301.0,224.0,4.621587027796597,13.192913354248049,False
4478ee77a647ae9d,398b440e73d55b8b,2020-12-05,140.0,511.0,371.0,4.607897492761662,14.598100308990979,False
67f7163e536d62e2,39f62b833e4cf126,2025-03-15,637.0,161.0,476.0,5.182857964229246,4.127026102650916,False
047d6739aa1d5c1e,c0342805a1948cbb,2018-08-25,210.0,434.0,224.0,4.142453301573614,20.536621323887175,False
5e9c027fb24efc2b,e4bb7e483c4ad318,2023-03-18,196.0,105.0,91.0,5.182857964229246,3.234132486763883,True
dc24c4759651c6ad,bda04c573563cc2e,2020-08-15,203.0,98.0,105.0,4.128763766538668,58.911805993670214,False
e892b4a03304f2a4,49efbdc6c9f650c4,2010-02-20,157.0,637.0,480.0,0.6105532625584402,0.8574234424818314,False
1f0254eeb2025e4f,80d918336163b80c,2015-12-19,371.0,280.0,91.0,3.7043881804554495,102.44183787543125,False
5135e078b807f9a2,cf1a88371c8cb690,2013-08-17,246.0,112.0,134.0,2.1273537444300707,0.7576803184779237,False
d8b864e673f53ec2,28f3c2258a1d8874,2013-11-16,91.0,203.0,112.0,4.490167491461154,15.27721209434003,True
78294f5d5e0f2b13,1c061eb6e29eaa0a,2011-11-12,385.0,154.0,231.0,1.508586760850669,1.5332406790714685,False
73240bea13ed5e71,2a898bf9fb7710b3,2025-05-31,357.0,224.0,133.0,3.1349035230018423,1.5060587805153318,False
93ddc6b233d1956a,902ab9197b83d0db,2024-02-24,266.0,168.0,98.0,9.634694757592559,12.981538443464387,False
65171ae917df102f,83fd97284f4bb4a4,2011-07-02,126.0,329.0,203.0,7.299260080631363,79.82397175596316,True
85a130a4b655c8f5,f3a078277b3b8ff4,2023-10-14,805.0,147.0,658.0,6.201359370828971,38.29790817646949,False
6c44af21414e4143,32ba186f4b0e3267,2024-08-17,210.0,343.0,133.0,4.481953770440185,25.352156069071498,False
4ec5d9bd1442e6c1,6085ceb59087514b,2023-07-08,308.0,126.0,182.0,3.0691937548341137,77.74693327184514,False
7fce3efc5d2add6e,6810d8d2dd557cf9,2016-11-19,272.0,595.0,323.0,12.123452226945115,1.4379402330757785,False
ecab8b8b36727b8d,f65a0eb902f9476b,2022-12-10,462.0,161.0,301.0,1.0568321046975662,6.376314275773439,False
cc7afab68363e076,16d09e800ad7ec79,2015-04-04,490.0,224.0,266.0,0.041068605104825906,0.7363067935220897,True
ac4343150638b635,6436029b50a9c255,2025-11-08,91.0,210.0,119.0,1.111590244837334,16.003583275621395,False
75a84211f50c53f5,6cd3dfc54f01287f,2025-08-09,245.0,140.0,105.0,8.257527533077337,4.850350320854886,False
e6851877e33d343f,fe435e440b5de0ff,2024-08-03,126.0,259.0,133.0,7.219860777428696,41.37260932932122,False
3ea7d69a1238f26a,e4a9dbade7c7e1a7,2024-03-02,105.0,217.0,112.0,3.0171735217013342,30.728815103061606,False
43de9ff6064361e1,13a0fb8fbdafb54f,2023-10-21,938.0,119.0,819.0,9.407448476012512,1.3507006694842403,False
5d9b84493f1ed114,b9415726dc3ec526,2023-06-17,238.0,91.0,147.0,4.720151680048186,0.7349217057771966,True
426a69e343822ab3,f2c934689243fe4e,2025-08-02,280.0,133.0,147.0,0.5996016345304795,2.404686535616065,False
e30250daa73005a8,dba230fe33011201,2024-03-30,273.0,161.0,112.0,1.7111918793678171,2.2754005984943433,True
b0958ed411ae9675,c6a33ff198aaaeeb,2009-08-29,189.0,308.0,119.0,8.334188929273019,30.46431464651255,False
2397e2a92710705a,0c01568b1ac77bff,2024-09-14,273.0,161.0,112.0,2.5161365394224333,21.767880358667753,False
760150e9951e65fa,0e2c2daf11b5d8f2,2025-11-01,154.0,413.0,259.0,0.9007714052992171,26.09021501756638,True
138f719d370e8ba0,277ffed20cf07aea,2021-05-22,350.0,175.0,175.0,0.16153651341232234,7.133577949630308,False
6463a48c9347a9f3,c6da1c24fe473418,2012-12-15,560.0,175.0,385.0,0.7638760549497938,15.26369320647791,False
8e4650807ea06626,f1b2a4365799c48b,2013-03-16,413.0,91.0,322.0,1.6400062971861153,28.094276112478155,True
81b5e933186a685a,ad32471f01e7b1a5,2010-09-25,490.0,105.0,385.0,8.369781720363864,15.032856997098179,True
fe59646ebad8b6e4,ee0b69e307c857e5,2024-09-07,189.0,49.0,140.0,1.1992032690609662,7.276581088578723,False
94541dd979e0b4bd,c11036da9162cb5f,2024-07-20,217.0,497.0,280.0,1.0349288486416555,11.77809304761854,True
84c68c4c387d2e32,c95fbc085e17a532,2021-11-20,336.0,210.0,126.0,2.2423458387235904,1.42832967629829,True
4ec249e549309b16,a8e8587a06e73c87,2023-12-16,406.0,133.0,273.0,0.3586658179154938,18.42346736940408,True
e61d83e4e1f9c4d7,18c49685296c60e6,2025-06-07,140.0,266.0,126.0,3.786525390665105,39.64983148728288,False
a12d3a6c8aaf87ca,400c7b43c86d27d3,2025-06-21,140.0,336.0,196.0,3.8111665537280004,7.312531207333677,True
984ce1062186f3ce,80dbeb1dd5b53e64,2025-02-01,917.0,364.0,553.0,2.855637008289012,15.189210436931035,True
964ea1777695851b,bd92cf5da5413d2a,2025-12-06,175.0,392.0,217.0,6.836553796450303,60.428327621601056,False
ae989e21c3839b49,1d00756835ca67c9,2022-03-19,175.0,875.0,700.0,10.69426476929711,0.7313721579976118,True
a7e8416f0d57c8e0,8d49545dadf9b919,2018-09-15,98.0,294.0,196.0,2.576370493576185,44.86793939499853,True
4d5c3ddc740b89ca,e7bc606d269896aa,2017-11-25,126.0,351.0,225.0,8.205507299944557,2.5121968879316228,True
2556b7520536ce1d,3cf68c1d17f66af7,2019-10-05,483.0,175.0,308.0,1.4127600156060716,43.007620239285416,False
4eb91cfc892a108e,b5882371e2a3900d,2019-02-09,98.0,728.0,630.0,14.272709227431086,81.54282634726542,False
e06bfd0100eccbad,66e0a70352fef46a,2024-07-13,217.0,665.0,448.0,3.0253872427222994,47.767716745391226,False
fffdc57255274be1,5717efc6f271cd52,2023-01-21,308.0,133.0,175.0,9.812658713046808,42.69251639889512,False
ddbe6fd66d7f9e35,56116537d71a578c,2021-01-20,53.0,221.0,168.0,3.477141898875402,31.889131849784462,False
a679800d2e7c3be2,57591bbf1623574e,2022-06-04,210.0,308.0,98.0,0.5530572154116804,14.765049120416961,False
1e797ccd275a98d0,2dea80c069847321,2014-09-20,938.0,721.0,217.0,5.081555404970672,62.91157465127708,True
815fd4ebdc288e83,e7e970d508529bf3,2016-04-16,322.0,128.0,194.0,0.8350616371314956,33.83924669929161,True
a9184def876faec6,a7a79b8efbceaaac,2019-02-17,568.0,225.0,343.0,0.8597028001943912,28.53621393849994,False
4804776154430aad,20e403a1acfef130,2017-03-04,147.0,412.0,265.0,5.355346105669522,35.02145606219551,False
4ce0a62cdad7bf32,b3fb8d2293e17a59,2016-01-30,182.0,84.0,98.0,8.900935679719641,23.452799249415875,False
3740c8033e31c90d,8a0be41c0380188d,2021-07-10,280.0,140.0,140.0,1.6290546691581618,17.34033907903745,True
017e0b7e864b0aa3,9e0f28d1f639ad73,2019-07-20,252.0,70.0,182.0,0.4462788421391295,13.34477579747022,True
c4eaeec8ac778b27,4565d435005319c0,2019-12-14,651.0,84.0,567.0,3.4169079447216575,42.37763185874837,False
b91807add93763c9,f9c7fe2682af3802,2015-02-14,162.0,309.0,147.0,1.42644955064101,0.01532033390867582,False
d490c78bd5d0145a,a54a35a670d8e852,2006-05-27,203.0,2178.0,1975.0,2.4914953763595413,60.515871875688845,False
2bfc0212f2cae65b,400c7b43c86d27d3,2025-06-21,616.0,224.0,392.0,8.509414977720283,16.00440078793281,False
26fbee4ed13ff35d,1f9344211ca7fd60,2022-03-12,196.0,91.0,105.0,2.628390726708968,8.194378170759137,True
505d3d9b006014c8,279093302a6f44b3,2008-09-17,333.0,168.0,165.0,5.4977172700329255,15.507427313468725,True
192619174bd1ad77,81ddc98fceb30086,2025-01-11,686.0,224.0,462.0,7.282832638589429,16.920601668499103,True
ae0afbff5ba07a34,277ffed20cf07aea,2021-05-22,311.0,175.0,136.0,6.143863323682211,37.83069410411349,True
25da6035f591c245,67ec58d7cf599835,2018-05-12,203.0,511.0,308.0,6.2971861160735685,43.32451997879025,False
b9e037a45f8850fb,aec273fcb765330d,2023-03-25,413.0,161.0,252.0,5.163692615180324,1.2677585604567412,False
1ca4274019680d23,32541eb5d12668b4,2016-12-17,140.0,693.0,553.0,4.251969581853153,32.30970099735123,True
eba46dbf9cdd83c0,b12a1d19ee383b7c,2024-06-22,126.0,245.0,119.0,1.9658172310177484,123.16067431183774,False
7024385b5107bd4b,13a0fb8fbdafb54f,2023-10-21,168.0,273.0,105.0,1.9247486259129225,5.04081448617012,False
6f0231915cc28507,92c96df8bdab5fea,2025-11-22,196.0,287.0,91.0,1.6947644373258868,12.648045113465969,True
887c61da1a78a5e1,28d8638ea0a71908,2025-07-26,147.0,42.0,105.0,6.932380541694901,44.874213084574876,True
443f30a4a856584a,92c96df8bdab5fea,2025-11-22,525.0,119.0,406.0,1.8480872297172404,24.91432360271392,False
0730c4e6fb247fa1,883922e5cd6d8473,2022-02-05,161.0,63.0,98.0,9.645646385620509,72.96391440340153,False
8cc4c597aecbfef5,80eacd4da0617c57,2019-03-16,293.0,133.0,160.0,6.327303093150441,54.94750591758043,True
f5dd0a24a7dba53c,27541033b97c076d,2021-04-24,315.0,161.0,154.0,5.232140290355041,15.530756670773826,False
c0af8cf5befb2dcf,6e4acc2c115215b5,2024-06-01,84.0,336.0,252.0,0.5393676803767349,24.50170900972853,False
a9d8ddb49dbe414b,3be081c29bf734d9,2015-07-11,231.0,77.0,154.0,12.848997583797065,46.21342936239489,False
4911094a4ee26868,e57f0b06ea39e360,2021-07-24,189.0,91.0,98.0,3.0965728249040048,17.99684299511,False
fa6e8fa6c3f05e31,3bc27ec15facbcf3,2020-11-14,140.0,14.0,126.0,4.832405867334717,25.154278836005915,False
cff0abc02974fb4a,9336e86cfd4ceaa1,2025-10-11,224.0,133.0,91.0,9.656598013648466,3.175468403892637,False
76fd6919d828d5c2,b9415726dc3ec526,2023-06-17,273.0,378.0,105.0,0.2272462815800509,26.508793572581453,False
1de799f17556b501,9766ed20b68c7c33,2025-03-01,350.0,259.0,91.0,5.998754252311816,14.34313322284902,True
72330020a732c635,a9c45a8b21eabadc,2015-08-01,266.0,98.0,168.0,9.568984989424834,15.165478404090436,True
bd1fc4ff619f4e61,322a56923b396b4d,2018-07-28,238.0,105.0,133.0,5.024059357823909,93.21151479998184,False
3ce6f9eb59a1e149,c6becb722706c7d8,2016-01-17,309.0,218.0,91.0,3.044552591771218,56.09726978428989,False
2279d909f6e3e552,c3c38c86f5ab9b5c,2020-10-24,98.0,350.0,252.0,8.621669165006807,35.05991560791631,False
b2039609019496d9,563d051c9e769b24,2016-06-18,191.0,315.0,124.0,2.0698576972833145,9.21433276065568,False
920b8aae22c04f13,371a1c91b24dec2b,2014-11-07,336.0,83.0,253.0,6.472412164520833,31.330593961646628,False
2443d8aa86f0070d,eae4aec1a5a8ff01,2013-10-19,308.0,196.0,112.0,1.4866835047947617,17.197336930312304,False
b0dfb313364a7c80,0ee783aa00e468f0,2009-07-11,161.0,259.0,98.0,2.3737653750590333,45.37768722426313,False
dcf052ef89a66397,39c568f8c579913e,2016-02-27,511.0,252.0,259.0,1.1499209429351716,12.447543888967857,False
e7b3ca036835b7c2,b2e3aca4cd363477,2025-04-26,231.0,462.0,231.0,3.0253872427222994,63.812526562018775,False
ca2aa660bea0cb60,d2fa318f34d0aadc,2023-08-12,126.0,756.0,630.0,2.3847170030869904,17.950938816612506,False
e0e19f79019d63d2,4f732e58ed907eff,2018-07-22,218.0,92.0,126.0,9.903009644277436,58.85429132004174,False
6b92396d42918366,bc7cf284c1c2f16e,2015-04-18,133.0,294.0,161.0,4.0959088824548076,30.515926164453276,True
8ec7d82619bfb564,a4bf17bd3ba3423b,2016-05-14,287.0,70.0,217.0,7.824938225973156,43.27218436858493,True
5cab50839f4a0d94,a25b71fe5e31fa97,2017-11-04,43.0,231.0,188.0,6.458722629485887,22.07411357480032,False
8a39075a9ffaa971,8a1b4330c7957961,2015-05-09,183.0,427.0,244.0,9.607315687522675,12.596147432021553,True
7d679c16024f6f38,2a74bbba57058f12,2018-12-08,195.0,77.0,118.0,1.111590244837334,56.86210383796379,True
4ff0075d932d5b14,5345f86680378fc1,2015-11-07,630.0,399.0,231.0,1.4894214118017466,14.578011902091475,True
76726a66840ccfa4,0577808d22dfe79c,2015-02-22,162.0,50.0,112.0,14.264495506410121,16.06314186544455,False
11a5a852313d1f5b,3c6976f8182d9527,2023-05-06,77.0,217.0,140.0,2.2752007228074476,27.31786942049257,True
1b52b08f195581ad,82f5c81f4e3c3eb5,2015-09-05,52.0,189.0,137.0,3.052766312792187,32.08846650552323,True
058c2724dec1add1,b0a6124751a56bc4,2022-07-30,140.0,315.0,175.0,3.85223515883283,13.678761909794275,False
56f984ac83fb34cc,7dcf06c1967801c1,2019-04-20,266.0,56.0,210.0,8.035757065511266,1.1545891423415924,False
b09f54654b0f95f5,221b2a3070c7ce3e,2024-10-26,287.0,196.0,91.0,0.32033511981764917,86.07048031078148,True
58b19ba734fe93a3,3974fa35c917af1d,2021-10-30,245.0,476.0,231.0,2.7023142158976583,48.384135305346035,False
3cdc6fea724be133,0c01568b1ac77bff,2024-09-14,98.0,217.0,119.0,11.288390589813616,27.875883738234506,False
5301d765d64f863e,36877f0e62b25b96,2015-07-15,305.0,143.0,162.0,10.22608267110208,0.20509731483252835,False
9cb4196446f3ce79,d29b5c4f22c6357d,2018-06-01,132.0,320.0,188.0,1.730357228416736,32.0,False
f93b074dfd47b4b4,3ab0df1ddd5f1dc2,2024-11-02,287.0,140.0,147.0,0.26557697967788485,16.50255007035048,True
32927d50acedb507,0e2c2daf11b5d8f2,2025-11-01,154.0,728.0,574.0,0.7939930320266626,14.536459785121451,False
d03618c86d395b43,7865707fd684d77b,2013-06-08,140.0,350.0,210.0,0.6078153555514518,0.03546634332042231,True
009feda296ae589c,1ccff7f0cfdf85eb,2023-03-04,140.0,294.0,154.0,6.76263030726161,14.999751575033088,True
49f7186e1e3cf6c8,b5882371e2a3900d,2019-02-09,231.0,84.0,147.0,1.7741637405285537,15.833165170063012,True
f004d3d50b78af50,e49c2db95e572dc8,2020-12-19,287.0,399.0,112.0,0.04928232612579464,1.7878735230158327,False
61c9bbeb2806534b,a71feb7ea7592a71,2014-09-13,281.0,91.0,190.0,0.6078153555514447,90.1910388873896,False
3256d907f58af95e,c912f676692c353a,2019-04-27,119.0,217.0,98.0,12.257609670287547,30.21283557897118,True
f3ebce624bb154ae,5b5307450405abf0,2014-06-14,2296.0,266.0,2030.0,4.115074231503726,43.588283835291804,True
f2c82f027201ba21,4a35913bd9aa4161,2021-04-17,56.0,339.0,283.0,10.781877793520742,66.57911406183325,False
57a7767c4255e034,03688dc3c3af3ac1,2006-04-15,89.0,190.0,101.0,2.9186088694497485,33.86384570944347,False
efc865fce64b5848,02fc8f50f56eb307,2002-03-22,140.0,266.0,126.0,4.758482378146024,48.749700621144484,False
75fa9c0bb31caaa3,ee0b69e307c857e5,2024-09-07,154.0,413.0,259.0,0.221770467566067,1.8493865367581748,True
2e4064e0e6d4d92e,18c49685296c60e6,2025-06-07,119.0,273.0,154.0,4.744792843111082,0.03903515362458165,False
c1356395d6b055d7,46effbd1135423c5,2017-01-15,176.0,280.0,104.0,3.386790967644785,0.04156896699532808,True
b977ffcc6428046f,b9532d815060de7f,2021-09-04,196.0,77.0,119.0,1.7878532755634957,14.597534871762718,True
db49619221b282af,5a558ba1ff5e9121,2023-11-11,203.0,112.0,91.0,0.9117230333271742,8.032774168299284,False
90e46589a18064bc,1174782eacde9b0c,2023-07-22,364.0,168.0,196.0,7.41972798893886,19.74255271043876,True
794b63b4c1e1e789,c0231720fe516994,2017-03-18,385.0,196.0,189.0,1.0951628027954001,0.6987574096553999,True
a914df32b95a1abc,d3b5ad3b15a64a18,2012-07-11,319.0,137.0,182.0,1.6482200182070805,15.23027032966047,True
6cc8c21becd17ffa,d023ae89a2a4a41e,2011-06-26,57.0,204.0,147.0,3.137641430008827,3.181878175685597,True
a43dcd04788d95c7,2a470ad41c22c25a,2021-12-18,560.0,308.0,252.0,10.119304297829526,6.285332768216904,False
7ed98f8d1ffae082,abcf7e55a0a9ed89,2019-07-27,231.0,98.0,133.0,7.6305468284769695,53.3709984853715,False
626c82ed45fdcf59,53e4e21f4c688801,2023-12-02,504.0,889.0,385.0,1.730357228416736,22.65379123117009,False
7340b4cbdbac5863,542db012217ecb83,2020-09-05,357.0,115.0,242.0,2.907657241421795,0.9229858298799627,False
b52dccbe69864d2a,c9885b1b7c7055a0,2023-07-15,245.0,154.0,91.0,12.317843624441291,30.616131869126548,False
53bb7c4a606d60c0,33a331684283900f,2018-10-27,224.0,517.0,293.0,2.1848497915768306,26.94349195043128,False
1ed9dbbe604654b9,1c7cce2f5c17160d,2017-05-28,582.0,267.0,315.0,0.5667467504466224,0.733122295952171,True
1ed8776f978a0155,9c37681096c6f3a9,2020-09-12,371.0,77.0,294.0,3.351198176553929,18.811180147150935,True
58584ccd0f63e3f3,4c12aa7ca246e7a4,2020-06-06,364.0,91.0,273.0,10.327385230360647,41.26433494319508,False
ee796ecb4ee8680b,2719f300b0439039,2023-08-19,105.0,301.0,196.0,5.232140290355037,81.55281505905646,True
cd258394e8d58d04,0b5b6876c2a4723f,2020-03-07,735.0,168.0,567.0,4.2410179538251995,14.452880560595759,True
b9d5c77ae7a8109b,32ba186f4b0e3267,2024-08-17,245.0,35.0,210.0,2.524350260443402,22.80386523072457,True
9d5f562e0572058c,b12a1d19ee383b7c,2024-06-22,161.0,294.0,133.0,2.527088167450387,12.027007898416741,True
96b59d89ecac66d0,33a331684283900f,2018-10-27,280.0,97.0,183.0,1.1499209429351716,13.675564994953447,False
d1bee15e60ee6721,9211aae062b799d6,2017-09-22,153.0,1479.0,1326.0,1.7139297863748055,62.23670621175552,False
cb93f5f9d09b29f1,c1684f00c626f4c0,2007-04-07,98.0,196.0,98.0,2.0890230463322297,26.967479512500404,False
b96e1222eb1a0faf,51b0bb73a1da34bc,2014-02-15,224.0,112.0,112.0,0.6653114026982081,22.701717384871017,True
f0d5e2c27c9fd2c1,3c48019bc387b80c,2012-08-11,168.0,64.0,104.0,1.2402718741657957,69.38609316566658,True
04476d021385a621,598a58db87b890ee,2008-03-01,133.0,686.0,553.0,10.439639417647182,16.787987567705386,False
32ae3f0d43babd86,7c0847d3854a95f2,2009-10-24,154.0,301.0,147.0,4.298514000971959,103.46778705249494,False
6299412d7bbfbce6,b732b326c362fb62,2011-05-28,70.0,423.0,353.0,1.6947644373258832,63.613158040700455,False
d2cb92fdf6a497e9,b8e2f10efb6eca85,2025-07-19,273.0,168.0,105.0,0.4681820981950331,6.283724086744542,False
278b965694e563b2,3a97fda0de6f1fa4,2022-04-09,294.0,56.0,238.0,14.89421411801748,40.44832518340945,True
593f3b051aa82b0f,898337ef520fe4d3,2020-05-09,112.0,784.0,672.0,0.10951628027954285,52.42376678777623,False
01f7c28804746979,6750e338922a099d,2024-04-13,308.0,133.0,175.0,6.984400774827684,91.0367335718147,False
51d3be5e8aee5cd9,cfbccfed4e4796fe,2016-08-27,126.0,252.0,126.0,2.721479564946577,42.31734488201187,False
34c649f3f43a919b,6546af7ab545b90c,2019-02-23,119.0,420.0,301.0,9.514226849285063,8.430392236297166,True
85036b967403cdab,84283233ec42be5f,2019-02-02,49.0,246.0,197.0,0.4627062841810563,3.2581845085546774,False
0fed8d8499eae01a,5e7a28f20927d64a,2016-07-13,599.0,137.0,462.0,5.196547499264192,17.402272714294895,False
58e07add007685f8,dde70a112e053a6c,2020-07-25,140.0,861.0,721.0,1.1115902448373305,54.43112224278775,False
582806c33ce6dcf6,a780d16cf7eed44d,2023-06-24,315.0,98.0,217.0,2.4778058413245994,13.586979282447373,True
1d166488129030d0,bcd124bcd3d5be46,2017-12-09,231.0,133.0,98.0,7.30473589464534,40.32921118721697,False
3b05a4ced6dd74f5,902ab9197b83d0db,2024-02-24,231.0,588.0,357.0,1.623578855144185,32.76882876495051,True
7ca5604d99220e88,a16ce18149021139,2024-04-27,161.0,308.0,147.0,2.0999746743601833,34.316804031458105,True
18f1b88d8977c216,0eec866a077889f0,2021-09-25,441.0,343.0,98.0,2.395668631114944,42.71125216957034,True
ee6000812e2b9f9d,f70144caea5c4c80,2006-07-08,84.0,455.0,371.0,10.948890120947041,69.02066407993675,False
0adfdf8f563be462,d2b1c1317a39f6c6,2000-04-14,203.0,343.0,140.0,1.442876992682944,20.218765933552504,False
9e6f956caa7b549b,e06fd1260ac865a7,2002-11-22,420.0,2176.0,1756.0,10.948890120947041,29.07908164962282,False
3ac61bcb406e1a0c,a1153013cb5f628f,2021-02-06,385.0,17.0,368.0,3.282750501379219,16.022218123114726,True
7ddd21d48e3b34b9,d4da8995fc91e7ef,2019-01-19,370.0,197.0,173.0,3.080145382862071,10.031914757017375,True
bf1525f9761a116e,3f24c96753dbd9f9,2005-08-06,63.0,182.0,119.0,10.382143370500419,17.17797639862556,False
b46679306287ea79,f341f9551ba744e2,2007-09-19,669.0,165.0,504.0,10.382143370500422,65.91291594880227,True
72f123ddb4cc9d1c,79ff6545b0abc685,2024-03-23,231.0,588.0,357.0,7.740063108756516,52.57443798132795,True
c6c975ca66a7f91a,7929be8290289a47,2018-03-03,428.0,98.0,330.0,11.261011519743729,18.265648862209446,False
7521015554088962,72c9c2eadfc3277e,2024-12-14,168.0,266.0,98.0,5.100720754019591,25.317192739204074,False
002921976d27b7da,d4a12dfa4067742f,2014-12-13,99.0,651.0,552.0,7.756490550798439,78.73846129553476,False
1520290d28b75b53,9bcfb40dbcd50568,2014-09-05,216.0,370.0,154.0,1.418235829620052,0.247265892193127,True
21419797f539de5e,601cf40c09090853,2013-02-02,400.0,120.0,280.0,0.6735251237191733,10.605415067896956,False
b67229e7675eed24,686cccbf1a4de453,2017-07-08,301.0,126.0,175.0,2.798140961142259,36.99329159760305,False
e91f289f1b9f9519,b09890ba7ce1d1e2,2019-12-07,231.0,35.0,196.0,7.833151946994125,36.10540813741977,False
40687c9412e0c279,80eacd4da0617c57,2019-03-16,77.0,399.0,322.0,2.7789756120933333,15.089204244830853,False
0b89c88d506da083,f4a031ac205ac580,2017-08-05,322.0,546.0,224.0,1.2895542002915867,16.728887273534838,False
b80c6eba11c54778,ee0b69e307c857e5,2024-09-07,924.0,133.0,791.0,4.479215863433197,32.44951326351543,False
8baa6b8850262595,a9c45a8b21eabadc,2015-08-01,160.0,267.0,107.0,2.173898163548877,42.432466836745334,False
179426f56818a1c9,505934897b8b4824,2012-06-22,279.0,14.0,265.0,4.824192146313752,0.03390813016926586,True
806761834799c352,21f2974fd08085e3,2012-04-14,161.0,408.0,247.0,4.016509579252137,0.7363067935220897,False
4bb77b1d8efc53a9,e57f0b06ea39e360,2021-07-24,140.0,378.0,238.0,0.3477141898875402,45.41555923243163,True
e0ca5ac323768da0,43612456979e5d5e,2013-10-09,299.0,95.0,204.0,0.5147265173138393,54.81685929766286,True
50e0bcba7551a25f,d4f364dd076bb0e2,2020-10-17,301.0,94.0,207.0,5.7194877375989925,42.84059590782931,True
96b62bd56b252bab,b0a6124751a56bc4,2022-07-30,343.0,616.0,273.0,1.9302244399268993,7.988101767686658,False
a34dc365302238e8,60884f31ead1609c,2013-10-26,112.0,350.0,238.0,2.316269327912277,16.771236497150994,False
dd229687cb62c871,cc2ad11b1f9d818b,2025-03-22,126.0,238.0,112.0,9.894795923256464,20.26590023049016,False
282c8c6c1ed82bfb,f2c934689243fe4e,2025-08-02,294.0,77.0,217.0,4.230066325797242,26.705332178858953,True
35addc4646509286,5ef0088c1b19beeb,2023-12-09,308.0,154.0,154.0,6.480625885541794,48.670196458081136,True
8fd14eb227688467,d7907a9a968e4d29,2017-07-16,169.0,434.0,265.0,10.628555001129389,13.190398525446426,False
0a083ab881ef3a5f,03688dc3c3af3ac1,2006-04-15,315.0,147.0,168.0,1.1800379200120439,32.135350586153436,True
d80b07269dd36aad,d3711d3784b76255,2005-06-04,119.0,350.0,231.0,8.238362184028421,13.810011432155761,False
5f622d812b8f407f,010986ee359fb863,2024-01-13,168.0,294.0,126.0,2.639342354736918,27.890004405769105,True
0b98d84a2795f7f8,194fc025f9355db6,2015-06-20,147.0,504.0,357.0,5.056914241907776,2.700977176893275,False
1afa8d6ae4d8a5b2,e18012194473e8b0,2016-09-24,189.0,336.0,147.0,6.683231004058946,12.265004909105983,False
420211200a35c1d1,6e380a4d73ab4f0e,2025-09-06,189.0,483.0,294.0,1.188251641033009,0.6333597962825479,False
69a5895fde58432c,5bdcbd8dd681a257,2024-10-12,168.0,336.0,168.0,1.4757318767668082,7.6162833434480035,True
ab4862ea4cbd0750,b16a7e6a627e9789,2019-06-22,1673.0,91.0,1582.0,9.79349336399789,52.742467607460185,False
b6e086dd8093355d,15515e797aedc137,2018-02-10,154.0,428.0,274.0,4.925494705572326,31.397557264050874,False
e8c57c6259193466,236a37d96d476164,2022-04-23,1239.0,182.0,1057.0,7.45258287302272,48.88688198658542,True
8d7ea177efadc718,1fcfc3709fe58151,2014-06-07,84.0,224.0,140.0,2.7379070069885074,4.080341351374273,False
e2bacdc395aa7b40,e8c170a64dc920ac,2012-12-14,531.0,175.0,356.0,7.217122870421704,40.335070216943905,False
0337fa731f5b02c1,f54200f1dfb9b5d4,2015-03-14,127.0,332.0,205.0,0.4271134930902072,36.502356733655006,False
9025e3c6b6d71253,c32eab6c2119e989,2020-06-27,119.0,315.0,196.0,6.721561702156784,14.645000173527933,True
ebe38ba75cbf2320,6a8a06b542e1516d,2017-02-04,294.0,161.0,133.0,0.5092507032998626,28.685399032509622,True
ec149b086b0e7fac,2d5fbe2103f97053,2019-03-02,217.0,98.0,119.0,0.008213721020965181,10.687763920852376,False
13d8d5cd83e5b57e,5dfe71ade71f3a4b,2024-05-11,182.0,763.0,581.0,5.516882619081841,4.98551941191522,False
96c93167c982c467,aa5b4eff51bdc7d1,2016-07-09,497.0,280.0,217.0,7.134985660212049,27.860407817619944,False
1d68bb733de24b06,eee8efec7b951d84,2024-10-05,259.0,798.0,539.0,0.9527916384319965,52.87846261517075,True
3812b265afd78186,487c170da059857d,2019-03-23,133.0,260.0,127.0,3.102048638917978,0.6655260691773037,False
8b9e9f283e76b429,2eab7a6c8b0ed8cc,2020-06-20,154.0,469.0,315.0,11.211729193617941,19.82597222267418,False
5742025a09190829,46effbd1135423c5,2017-01-15,162.0,924.0,762.0,13.81547875726401,23.62951600935594,False
3a4d2a933a3c7291,99bf06f20491cb54,2017-06-25,161.0,736.0,575.0,0.08487511721664731,5.993073671473894,True
6b6680338558bd46,5da4e8dc02e50ac0,2016-08-20,126.0,392.0,266.0,2.0452165342204154,47.33525812610378,False
c9d3ccbfef600989,2549d63da9c456cb,2008-05-24,126.0,322.0,196.0,5.355346105669522,16.448276224467463,False
6989466d287b4a57,fd7acf42bd6e7e95,2014-08-16,280.0,77.0,203.0,1.3443123404313546,1.6186910502779028,True
817c3b44517daa91,0e9869d712e81f8f,2006-03-04,105.0,763.0,658.0,2.4312614222057967,12.58338334338464,False
e0a69c1f4a019727,6cbb7661c3258617,2012-09-29,168.0,322.0,154.0,0.29021814274078395,31.729434272684557,True
b1f2ec122beda7a5,5a558ba1ff5e9121,2023-11-11,518.0,105.0,413.0,5.273208895459867,23.304990953815604,False
8c5e06c71f392f33,eee8efec7b951d84,2024-10-05,98.0,301.0,203.0,2.6420802617439065,58.7802125975802,False
c0c587cb52de929b,bc7f7f0ba3db74d2,2017-04-22,322.0,147.0,175.0,6.735251237191726,14.783199149093207,False
53f7f1b4834387a8,6a0047ac8c99fece,2024-10-19,595.0,399.0,196.0,9.84825150413766,13.434676843780153,False
6acd1c591170f597,f3a078277b3b8ff4,2023-10-14,56.0,511.0,455.0,2.3190072349192654,5.871094108792022,True
96bbb6c573dac27a,8a0be41c0380188d,2021-07-10,294.0,203.0,91.0,4.019247486259129,15.986557895529131,False
5db3e2fdd18129a4,d856a0080ac09ed7,2017-11-11,491.0,161.0,330.0,2.6913625878697047,16.546687238741015,True
3cf1d67a20ae1c18,72cbe507644a587c,2016-07-30,154.0,252.0,98.0,8.11515636871394,55.743806488744895,True
00f4b6184f6315d0,6c9383ffab2725a5,2019-07-06,126.0,224.0,98.0,8.249313812056371,19.52160173197103,True
b25eacaca1499e30,b45d6b73f4ca4467,2018-07-14,448.0,91.0,357.0,5.185595871236231,69.02626682654113,False
48f7e64b548806cd,f4a031ac205ac580,2017-08-05,322.0,154.0,168.0,0.8597028001943912,43.19758777388324,True
5464d7ccb4177464,d5f820c11a121050,2014-03-23,134.0,281.0,147.0,3.830331902776919,24.877216640407596,True
7f14be4e45bca6bd,9c5828c6fd9dc948,2024-06-15,49.0,189.0,140.0,7.852317296043044,23.469329800982905,True
c7bc785e99d3ee2a,a58114c6dd0add64,2015-06-13,210.0,413.0,203.0,7.9864747393854785,32.0,True
866729ea2ceddb25,03b1e846b09f721d,2018-08-04,161.0,64.0,97.0,0.3668795389364625,13.953779570996858,True
6997693d552600dd,3feed7d02711d8b7,2023-11-18,217.0,126.0,91.0,0.31212139879668754,43.65046246231759,False
5e3779f7c1c39679,c0342805a1948cbb,2018-08-25,267.0,105.0,162.0,0.2053430255241402,3.3038002997047897,True
9e1ecdb9a8856a8c,81ca2c245b19b3c5,2019-11-16,287.0,126.0,161.0,8.082301484630076,17.148905843007697,False
85bec51d0bdf511f,154a6b3ffae264cd,2016-10-08,168.0,49.0,119.0,4.172570278650486,14.596144517803396,False
3fe9e895b2a45049,232c582f29f8f65e,2016-08-06,308.0,118.0,190.0,4.67908307494336,1.2981554853295165,False
875b249ebe45a66b,ce7871949b0ed2bf,2025-02-15,371.0,161.0,210.0,1.7111918793678171,21.99858457481446,False
bb7df9a9c9a69914,140745cbbcb023ac,2010-07-03,987.0,104.0,883.0,4.8707365654325585,2.241828049306605,False
41d1e163b930426b,d1e6a6536ee62517,2012-12-08,238.0,126.0,112.0,4.161618650622529,82.49737325092201,True
56ae02578b1163ee,487c170da059857d,2019-03-23,300.0,168.0,132.0,3.9590135321053808,43.97899242796575,False
177c1956907ed687,8fd1f27e86661ede,2013-06-15,266.0,112.0,154.0,7.931716599245707,33.473642381610944,True
1143d37503a9527d,30a09e43f15f1d75,2014-01-15,396.0,98.0,298.0,1.9439139749618413,0.0,True
001441f70c293931,1d00756835ca67c9,2022-03-19,196.0,329.0,133.0,9.385545219956605,29.923184370289164,False
0f3e6876516edeaf,30a09e43f15f1d75,2014-01-15,242.0,116.0,126.0,4.8844261004675005,62.722882026163916,True
f3c42ce9fad55eb7,18f5669a92e99d92,2020-07-15,291.0,2153.0,1862.0,5.505930991053887,48.06256591631109,False
5980ab31e4718a83,6e2b1d631832921d,2021-03-06,294.0,154.0,140.0,2.475067934317611,48.24376177641125,False
a0ba726da4a50458,cbb682f5fcc44bfc,2022-02-12,203.0,336.0,133.0,6.943332169722858,47.31213763741289,False
5a65ffe3842ce2f2,c6e6926a81adcd00,2012-12-29,91.0,204.0,113.0,5.755080528689845,30.664791937730115,True
2b01da1699f0305f,c0c1bc0766df4c00,2019-06-29,63.0,393.0,330.0,11.219942914638903,2.676626133635409,True
13a6496a09ae821e,49590e0508b2c19f,2012-06-08,125.0,489.0,364.0,0.8597028001943912,36.92627848189363,False
723a8a8c82cab1c8,509697e08673d2e5,2021-12-04,294.0,182.0,112.0,3.4826177128893825,28.28922159191052,False
c2ddadfa1a1056be,7a82635ffa9b59fe,2020-08-08,63.0,295.0,232.0,0.09856465225158573,9.017688994161063,True
95349402616097cd,3dc3022232b79c7a,2023-04-08,266.0,504.0,238.0,6.866670773527176,24.091053993667856,True
6e73ebbd089aff5e,a9df5ae20a97b090,2024-03-09,224.0,119.0,105.0,6.910477285638997,100.46072150314353,True
da22d5a717ae9e35,01dd4cdc2446f665,2023-02-11,420.0,266.0,154.0,8.643572421062718,28.1564031805583,True
47230f9b5d7ae037,2f13e4020cea5b38,2021-08-21,266.0,126.0,140.0,4.569566794663821,40.36565845091195,True
45e6a9b56ee3a9d1,026b4f7049085842,2024-07-27,280.0,420.0,140.0,7.753752643791454,65.65347715658322,False
022bdd58cc6e571d,d0d43cb9b14f231c,2020-12-12,427.0,119.0,308.0,1.7604742054936082,58.4237042863474,True
191ee545160a4e09,de20ffb3fc2e7629,2025-05-03,112.0,203.0,91.0,0.2628390726709,7.954513158940017,True
3636ca71c557c5e8,dd39f1ca787a3d9d,2015-12-10,166.0,502.0,336.0,1.6482200182070805,17.242930359630236,False
1db121859d2fcda8,b4ad3a06ee4d660c,2017-02-19,351.0,197.0,154.0,5.295112151515774,3.721152106595355,False
82e713f037e37fe9,0577808d22dfe79c,2015-02-22,162.0,267.0,105.0,4.421719816286441,32.04994334765206,False
fcb3e9f89987d519,d5f820c11a121050,2014-03-23,183.0,78.0,105.0,7.039158914967452,15.357337140216714,True
dff8e4ef87d69516,66e0a70352fef46a,2024-07-13,462.0,161.0,301.0,2.297103978863362,33.11914868198596,False
d92abff61b0ff5db,4e5bbc4566049cbf,2014-12-20,203.0,406.0,203.0,6.477887978534806,44.020370791254436,False
e03ec6b24fca2386,6d7886b094b471ac,2011-12-10,182.0,282.0,100.0,1.4182358296200448,64.79275823923263,True
086c2a0cae0835c4,a1d6b308781aa2f5,2021-06-26,245.0,854.0,609.0,13.245994099810403,75.03587640918408,False
5d9a3bfdcd28abb8,af1e5c64b8663aa0,2020-08-22,707.0,245.0,462.0,0.3750932599574277,15.33180963795985,False
eda1e8c285a0a788,6750e338922a099d,2024-04-13,154.0,700.0,546.0,0.6872146587541117,22.571584623365652,False
f3bebb48771a414a,d5ae8074631762fc,2018-09-08,231.0,56.0,175.0,4.134239580552649,19.124929954694835,True
9bff9fe298e63357,66766984842c13dc,2025-06-28,259.0,168.0,91.0,6.299924023080553,7.091787340591964,False
4fcbee643660d679,602bb270f2bdbf02,2018-01-27,91.0,728.0,637.0,8.54774567581812,2.5383382989466554,False
7fbf09533c59e43f,b23388ff8ac6637b,2022-12-03,427.0,301.0,126.0,0.7994688460406465,19.204308186612025,False
fd49f89b9d97566b,3a24769a4855040a,2022-06-11,224.0,406.0,182.0,12.96398967809058,126.02130789557145,True
c7190cd03e53fb61,118463dd8db16e7f,2025-05-10,224.0,2065.0,1841.0,6.299924023080557,71.12735005717195,False
2560ea97b2cce4ef,8944a0f9b2f0ce6d,2025-10-04,259.0,105.0,154.0,2.631128633715953,5.717608823261571,True
c597fd8bb66d54d8,4304992c2acc187b,2021-01-23,483.0,154.0,329.0,1.620840948137193,46.81671877692315,False
2cd9e3796be57a79,4f853e98886283cf,2022-08-20,126.0,938.0,812.0,1.848087229717244,1.3314093630942807,True
a376f6d5806d0c90,902ab9197b83d0db,2024-02-24,469.0,217.0,252.0,0.9144609403341626,14.134872394274907,False
866b2c2e354aa27b,3144121470023e9a,2018-05-19,560.0,259.0,301.0,11.953701992511824,16.811209958951622,True
9e62f31318d21a32,0cf935519d439ba6,2002-09-27,189.0,97.0,92.0,5.664729597459221,15.363724473774028,True
d6e1205babf27a9d,de99da2c0d18d34a,2016-02-06,259.0,384.0,125.0,11.767524316036603,40.895673271525766,False
7c620723b6840231,a8ea84cbe1655f0a,2009-09-16,116.0,228.0,112.0,1.7194056003887823,4.180499984672451,False
d236fe0f180312e3,3c241737a6069b9f,2013-05-25,161.0,70.0,91.0,8.944742191831459,2.0470601827380506,True
6b9ed3867dd42b3b,585f9ffdb0cd0466,2024-11-09,301.0,154.0,147.0,2.3765032820660252,14.76761003919978,False
1efc813ccd7a5aba,a8e8587a06e73c87,2023-12-16,287.0,378.0,91.0,11.696338733854905,0.4023222352182074,False
41cdfea7df63003f,3974fa35c917af1d,2021-10-30,161.0,399.0,238.0,4.5421877245939335,29.527710279128087,True
330d86bfaa4155fe,cce79e827569f26e,2024-02-03,259.0,147.0,112.0,5.741390993654896,13.86179121284431,False
1ff4586752ee8a93,e29cf523ebd155c5,2020-08-29,108.0,252.0,144.0,3.531900039015177,16.870499626104447,True
fd98843926965cbd,22f4b6cb6b1bd7fd,2025-04-12,175.0,315.0,140.0,2.7379070069885074,3.907305162841567,False
f67fa758cc79cd65,946f341df6472ee0,2002-01-11,252.0,420.0,168.0,4.076743533405889,11.38822663672886,False
480c4dbd2e792d86,5a558ba1ff5e9121,2023-11-11,140.0,812.0,672.0,1.3580018754663001,20.156995661379142,False
0bf8bb9b4ef329f9,cfbccfed4e4796fe,2016-08-27,261.0,161.0,100.0,5.117148196061521,12.433798214361104,True
30eb24f7904c2128,3bc27ec15facbcf3,2020-11-14,122.0,280.0,158.0,8.63262079303476,9.576007384539935,True
e1bd72aba46f46a1,cbc071cb20ea59c7,2019-06-01,217.0,966.0,749.0,10.132993832864464,35.647304094002266,True
3bb7210200d90d90,ef7fa30364cbe7f2,2015-07-18,490.0,175.0,315.0,3.523686317994212,16.46739200044476,True
567cefcaba821205,5df10509264586e5,2017-05-13,98.0,189.0,91.0,2.2943660718563663,31.72155097972518,False
f0b83b05f3dd9580,40389d39a92f5bfa,2021-07-17,119.0,1708.0,1589.0,9.16103684538355,39.543691533706806,True
0d1d7cfb2a48d5ec,3ae10ac4df3df05c,2019-10-18,216.0,349.0,133.0,5.5250963401028095,22.33772483782377,False
6f22afbc5f8e0bd3,b3b6e80b7d5f8f0d,2022-11-12,560.0,182.0,378.0,1.659171646235034,9.433712036802945,False
6e0c1faaf40caf9a,dbd198f780286aca,2020-07-11,119.0,539.0,420.0,0.5804362854815643,22.473693240987586,False
5eaff5c832430378,a6c32678efd4f434,2022-05-21,462.0,210.0,252.0,2.688624680862713,1.1228983088087716,False
b616969d55fb2d7a,5330fe7e4c3af81c,2013-07-27,672.0,414.0,258.0,1.256699316207726,22.553655993883694,False
98411542ca0e847d,4a9e305633f3ef47,2022-07-02,210.0,119.0,91.0,3.630464691266763,2.4935245669796586,False
f0c4aff7dd1ec4e9,e955046551f8c7dd,2024-11-23,224.0,91.0,133.0,5.68389494650814,7.893511166124199,True
1cf53a0b9db52ac6,d4a12dfa4067742f,2014-12-13,2922.0,112.0,2810.0,0.5530572154116804,24.894744039125044,False
906d6f62fb7f9b19,e670f8cc2969a789,2003-11-21,168.0,266.0,98.0,3.2964400364141646,20.089210851068174,False
794ec0a93eca0492,31652c9267606d54,2000-09-22,105.0,1323.0,1218.0,15.901763896589255,45.11336345325731,False
9fb822537c12d726,108afe61a26bcbf4,2003-06-06,98.0,1491.0,1393.0,9.232222427565244,38.86419559777278,False
b4407dd3627c1675,8caca5857ce0e30b,2012-05-15,178.0,346.0,168.0,2.3546000260101145,2.204259953459541,True
dc3deae609874677,35dc6220b113b7ec,2013-11-06,165.0,277.0,112.0,0.0903509312306241,23.60754802433371,True
d4c314616eac8f8b,18f5669a92e99d92,2020-07-15,403.0,39.0,364.0,0.3641416319294706,21.067434082055797,True
23eec2d9cb2d78cd,1f9344211ca7fd60,2022-03-12,189.0,322.0,133.0,0.602339541537475,4.203604945630559,False
5d1f24e034772338,d4da8995fc91e7ef,2019-01-19,181.0,77.0,104.0,10.935200585912103,62.76279079342362,True
1eb7733d880a0b8f,d3b5ad3b15a64a18,2012-07-11,147.0,522.0,375.0,9.571722896431822,54.97543246469627,False
f2fb049980631302,e49c2db95e572dc8,2020-12-19,63.0,157.0,94.0,1.9001074628500234,53.25094347813092,True
2517029ff9c1a1a2,f3743d8ef5dde970,2024-06-29,280.0,161.0,119.0,9.358166149886717,70.8673466406101,False
03e5127d4832750c,14b9e0f2679a2205,2020-05-30,203.0,105.0,98.0,2.1875876985838154,14.885433717216301,True
03bdbf2d18f3025d,8c90c1563972e44d,2021-03-13,364.0,189.0,175.0,3.241681896274393,92.10967847976417,True
0197a61472fc351d,f3a078277b3b8ff4,2023-10-14,189.0,98.0,91.0,3.008959800680369,28.193310400887867,True
9321b3c90ea5ca6c,75e0d3cc2262b732,2022-03-05,147.0,287.0,140.0,2.132829558444051,0.7250983793996966,False
b948102c6205af63,58a36b4ccf5dc30e,2021-05-08,105.0,238.0,133.0,1.308719549340509,0.1279738546452336,False
b381dc272b32ce03,277ffed20cf07aea,2021-05-22,63.0,203.0,140.0,2.475067934317611,2.1721796717984034,False
2267d967d1daf08a,41dca66f9dadfc86,2020-11-07,56.0,259.0,203.0,5.462124478942073,11.972999399268247,False
5a09fd7cb3db9705,2eae41f61776c60f,2018-06-09,336.0,119.0,217.0,13.640252708816746,2.5637448317179405,True
4de28817db9fc9d8,6546af7ab545b90c,2019-02-23,216.0,112.0,104.0,2.6502939827648753,3.3056244844995035,True
9bc18b63b07bb328,33b2f68ef95252e0,2020-02-22,127.0,364.0,237.0,4.460050514384278,12.55073062512065,True
06cd9812e2b9b747,686cccbf1a4de453,2017-07-08,238.0,84.0,154.0,13.640252708816742,16.367547191383665,False
33116969380185a9,20821819c401ced8,2018-11-03,203.0,560.0,357.0,6.614783328884233,18.210895332722203,True
d2484d74f819d813,6bf5a7d3e081ade2,2022-04-30,203.0,105.0,98.0,1.0677837327255197,130.2026413409294,True
e0b98f3cf4a7cc3b,4f853e98886283cf,2022-08-20,294.0,112.0,182.0,5.087031218984645,15.817652918142812,True
8ead66bc1678519b,48d1f690b763934c,2009-08-08,493.0,77.0,416.0,4.339582606076785,32.0,True
f6fd50bf69bb59e6,319c15b8aac5bfde,2022-07-23,637.0,189.0,448.0,6.705134260114853,57.20060786714885,True
ecc56a86a1eead9d,4f670b7972fa0a2e,2022-10-01,469.0,168.0,301.0,3.1184760809599084,71.69783050731212,True
b34abcfe4c2e8a57,cba3a2dfbc06ce79,2024-06-08,266.0,567.0,301.0,11.343148729953388,0.5032773461750821,False
55bd050afe169b34,35585d970300d45a,2018-07-07,288.0,189.0,99.0,6.357420070227313,12.9674485099913,False
80ac36a9dbc4b1a1,253d3f9e97ca149a,2022-05-07,112.0,357.0,245.0,2.5845842145971503,18.464571313348188,False
f722b96ae6862843,66766984842c13dc,2025-06-28,259.0,21.0,238.0,9.150085217355588,8.360806695538258,False
998bde5639c61adb,5bdcbd8dd681a257,2024-10-12,231.0,119.0,112.0,7.44710705900874,30.693186559519972,True
bbc8e8a69e9bd106,b09890ba7ce1d1e2,2019-12-07,287.0,140.0,147.0,6.338254721178394,30.275781252244997,False
4dc03e76536b85e5,980b4e712489098e,2013-08-31,224.0,392.0,168.0,4.019247486259129,33.935456844222244,False
7a635063e5f1699b,57591bbf1623574e,2022-06-04,77.0,252.0,175.0,0.6050774485444563,13.823329905180344,False
1308a39eec6f86cc,cf1a88371c8cb690,2013-08-17,252.0,112.0,140.0,4.6462281908595,11.783443466154722,False
e8907b881151b79d,6ca68b636fbc1f18,2014-11-08,230.0,84.0,146.0,1.3662155964872653,32.88055838603918,False
34524408fb4d6752,47b7e4e60813b7b2,2017-03-11,301.0,92.0,209.0,3.729029343518352,16.29663185317645,True
62389e8fb68f93a4,4f732e58ed907eff,2018-07-22,498.0,43.0,455.0,6.666803562017019,11.583028328003365,False
2c0cddd12deb7450,3b2485c8d5c8b580,2021-06-05,98.0,273.0,175.0,3.143117244022804,7.600925473447205,False
c020ccbd7cdefb6e,253d3f9e97ca149a,2022-05-07,532.0,315.0,217.0,1.3662155964872653,26.2486661926514,False
826b03504b9bad4e,0cf935519d439ba6,2002-09-27,140.0,364.0,224.0,1.3935946665571528,3.1414086431097985,False
b3044bf646306e7f,8ad022dd81224f61,2025-05-17,196.0,84.0,112.0,2.012361650136551,54.434129976456234,False
b2c1f9bdd5d3073d,e7bfdb5e0112891e,2017-04-08,140.0,308.0,168.0,3.800214925700047,0.9810475415542896,False
3b8b70b448b0c604,30a09e43f15f1d75,2014-01-15,347.0,133.0,214.0,8.457394744587496,2.9235118338262964,False
af3e43049bc86fe9,ca936c67687789e9,2025-03-08,91.0,252.0,161.0,0.6981662867820688,39.81693661607801,False
a2bd4c46f89f19ae,155a02a8b4311057,2014-11-22,665.0,210.0,455.0,5.448434943907127,69.88729446714183,True
cef255a992ba7af3,15b1b21cd743d652,2023-04-15,357.0,210.0,147.0,7.312949615666305,1.6534522980944075,False
7ac4b9823b1e139b,20e403a1acfef130,2017-03-04,84.0,210.0,126.0,2.8693265433239574,23.675990034277447,True
fe936088ec4dcb0d,fc31f896cde2bc2e,2014-02-01,154.0,49.0,105.0,1.0677837327255197,6.7570220375828285,False
7b13fdc889028e66,980b4e712489098e,2013-08-31,245.0,105.0,140.0,1.0157634995927367,43.622892394757855,False
5840527835a8ffb2,32541eb5d12668b4,2016-12-17,112.0,524.0,412.0,8.21645892797251,28.597679851829298,True
93f1b09aa792405e,a58114c6dd0add64,2015-06-13,602.0,210.0,392.0,4.993942380747043,57.6984415605109,False
0fe3681eb934bdc3,2efbc83a6b9b7f86,2008-06-07,140.0,231.0,91.0,0.19712930450317145,40.95306110692309,False
971b3d35c302cf8f,487c170da059857d,2019-03-23,126.0,308.0,182.0,12.306891996413341,3.8693155221949382,False
50d5a170516de2ad,b71667c778b6d9e5,2015-08-08,266.0,161.0,105.0,4.780385634201934,1.4959171710211194,True
a0ec4eac058e6050,7cf20446453f852b,2018-02-03,210.0,98.0,112.0,7.44710705900874,17.54761067651475,True
857d274e47aa8c4e,38e5d9dcb0fddc42,2025-10-18,441.0,161.0,280.0,5.037748892858858,6.06410274389782,False
a951090fb402fd20,8944a0f9b2f0ce6d,2025-10-04,266.0,77.0,189.0,2.9186088694497485,29.356292924303034,True
b8ca1acdf3dc2f58,00a905a4a4a2b071,2022-09-03,203.0,315.0,112.0,2.7515965420234494,63.42225478434489,False
2e43a2f6e9336e2b,91181b29be041f1c,2007-10-20,231.0,336.0,105.0,1.5989376920812894,16.35609813818951,False
18f19b1422e8154b,c95fbc085e17a532,2021-11-20,273.0,126.0,147.0,5.02132145081692,6.540834997289039,True
1f52e665587dc645,7929be8290289a47,2018-03-03,602.0,175.0,427.0,9.152823124362584,44.09185629401986,False
a70c43cafabc73c3,0b5b6876c2a4723f,2020-03-07,210.0,357.0,147.0,2.948725846526621,29.72984745461258,False
bec3154a11df3299,dab0e6cb8c932162,2024-02-17,119.0,238.0,119.0,8.312285673217108,74.23868530424693,True
cfc550960a7ec353,a3244e3238541482,2017-09-02,140.0,329.0,189.0,0.6817388447401385,44.043022969643744,False
e4ed294e16e16d81,ece280745f8727b8,2023-09-09,280.0,182.0,98.0,4.391602839209565,47.22997994097727,False
3fc1ebe73920a2a7,4985113c0928aa62,2012-05-26,148.0,238.0,90.0,7.912551250196785,21.988541134432808,True
cd6452a463ec8a28,79ff6545b0abc685,2024-03-23,315.0,196.0,119.0,3.934372369042485,9.361319272341007,True
b3bf1b6ad2d1a533,a3244e3238541482,2017-09-02,510.0,371.0,139.0,4.251969581853153,45.8951876176543,True
43496ff308e681a0,a79bfbc01b2264d6,2019-09-07,126.0,511.0,385.0,2.998008172652419,40.360803175608,True
9dcf8ce308eaa050,f5990c11974d8e9c,2018-05-27,1296.0,162.0,1134.0,1.240271874165792,29.154102418783395,True
1c0f5152b0bbef05,02fc8f50f56eb307,2002-03-22,140.0,266.0,126.0,0.0054758140139767875,41.47396367299234,False
b46b27222e62aec1,380e8b023290d091,2016-01-02,210.0,469.0,259.0,3.5373758530291504,29.721757187237927,True
0408a452fb5c3e14,e18012194473e8b0,2016-09-24,73.0,266.0,193.0,6.058988206465564,52.63108360585966,False
2707dc2245335cc1,de20ffb3fc2e7629,2025-05-03,266.0,518.0,252.0,3.233468175253428,12.760478805415914,False
95ca100d6bf829b2,afdb76fbd86f6d11,2010-10-23,168.0,343.0,175.0,4.356010048118716,5.9263347012620216,False
ee4d086121100177,5d7c18191b8aa432,2013-11-09,294.0,105.0,189.0,2.658507703785844,12.652231274593078,True
a3e8ef1ce72a7d02,fd87b1bbfcde9d5e,2019-11-02,484.0,119.0,365.0,9.916699179312374,43.90249161607426,False
1a95cc401f68f4c8,2719f300b0439039,2023-08-19,847.0,119.0,728.0,3.509996782959263,16.832314076256807,False
6ec0a046de95fe16,23bd78c3f89bdb54,2017-07-07,300.0,138.0,162.0,0.44354093513213755,2.638410368764653,True
923e151bd990961b,41dca66f9dadfc86,2020-11-07,490.0,178.0,312.0,4.19447353470639,30.115401082150356,False
2ef16a5ff3710c92,b71667c778b6d9e5,2015-08-08,287.0,112.0,175.0,3.4442870147915414,20.36332184714638,True
8539c4b795d33a92,5f8e00c27b7e7410,2020-05-13,347.0,242.0,105.0,8.744874980321292,41.47938949104969,False
8a380b11aaf82c49,669a3cb6e394f515,2005-08-20,196.0,806.0,610.0,11.072095936261523,46.49193443126978,False
8de959ac3c3eeb85,5d7c18191b8aa432,2013-11-09,175.0,73.0,102.0,4.45731260737729,2.090849582117471,False
3e6babcbd7b9d364,dd39f1ca787a3d9d,2015-12-10,271.0,166.0,105.0,4.397078653223545,28.58735275234426,False
f71d46f804307bd2,f5990c11974d8e9c,2018-05-27,190.0,364.0,174.0,7.400562639889937,40.05211877730608,False
b66ac52bfb217761,d5ae8074631762fc,2018-09-08,406.0,104.0,302.0,10.716168025353017,32.54817399879835,True
358f816aff469270,307064d3e0f036c2,2021-01-16,399.0,105.0,294.0,1.4866835047947617,2.0612096262696014,True
2bf24d9c33bb4d49,15edcf67ccf5be84,2010-02-06,259.0,140.0,119.0,2.069857697283311,31.92585887368864,True
c58b3223b5caa18a,31da66df48c0c1a0,2022-07-09,504.0,315.0,189.0,5.544261689151728,15.869335016052673,True
95ba27bea09cd84e,39f68882def7a507,2025-01-18,224.0,322.0,98.0,7.307473801652325,13.84453507476178,True
c805552171b20b68,073eee4e62f0d988,2014-07-19,318.0,99.0,219.0,2.0534302552413806,12.307474746796515,False
e79e3ee088b76d46,a71feb7ea7592a71,2014-09-13,112.0,462.0,350.0,7.217122870421704,29.275590541933525,False
84973bbdffaf0d0e,2c733e059462c1dc,2024-08-10,147.0,343.0,196.0,9.207581264502352,31.080941797528112,True
bcc9dca5136fc765,9c37681096c6f3a9,2020-09-12,105.0,203.0,98.0,3.4497628288055218,3.3154859352509902,True
37c484012ef24a5b,e15d0a2519d6a0b5,2021-10-02,210.0,378.0,168.0,8.227410556000468,34.29574860025491,False
2eecf0c36192e40c,754968e325d6f60d,2025-08-23,427.0,119.0,308.0,6.37932332628322,19.663714133015674,True
c501576b8ec35758,901cddcbfa079097,2023-05-13,287.0,112.0,175.0,3.677009110385569,37.41078547489451,False
4b0aa5c67e69ce74,caced97768818230,2017-11-18,42.0,154.0,112.0,8.27943078913325,65.65164011879824,False
294a9e9780afa789,d5ae8074631762fc,2018-09-08,301.0,104.0,197.0,8.49846334969233,53.250778745742764,True
c037cdc1de53de8e,20821819c401ced8,2018-11-03,469.0,175.0,294.0,4.528498189558995,31.591031134054674,False
9a6a6716cdfadc98,e0b74df14f52cd15,2013-07-06,266.0,360.0,94.0,9.17746428742548,133.75342021060828,True
06d9fb9c995f1e4f,6fb1ba67bef41b37,2023-04-22,308.0,126.0,182.0,6.067201927486529,0.007032579432234343,True
696ff200d98fa878,ad044be25c94dcfd,2020-10-31,455.0,126.0,329.0,2.8967056133938414,2.8353214771789226,False
4210f9b11debf1fc,620be7e0712d431b,2018-04-14,126.0,364.0,238.0,4.262921209881107,0.37125200184345886,False
e7cb3f5cb39c33e6,cfb65863d5099327,2010-06-12,210.0,364.0,154.0,8.690116840181524,17.335564401536885,False
29cd6bee493a8662,6cbb7661c3258617,2012-09-29,126.0,364.0,238.0,4.876212379446532,9.820618384340605,True
3387f430abb7e39f,901cddcbfa079097,2023-05-13,63.0,175.0,112.0,0.13963325735641519,88.45913968623427,False
8b5c760f34daafe0,a0a680fe2f6cc8e6,2022-06-18,483.0,147.0,336.0,5.371773547711449,44.075063788065336,False
8167500af262bba5,8a028648f3f0761d,2016-07-23,224.0,364.0,140.0,3.871400507881745,54.54947697675675,True
73a83b2595416f0a,3b2485c8d5c8b580,2021-06-05,343.0,119.0,224.0,4.243755860832184,13.32972526875551,True
bb15c0a2911043bd,c95fbc085e17a532,2021-11-20,161.0,56.0,105.0,7.496389385134531,21.089552725838303,False
9039762cb9f4abdb,ef927e4fe2117ab8,2021-12-11,210.0,56.0,154.0,2.234132117702625,17.253977759470217,False
2f6065fe0804d1d8,754968e325d6f60d,2025-08-23,273.0,161.0,112.0,2.3381725839681877,30.44662812688989,False
6eb4b84c4b10854a,b3fb8d2293e17a59,2016-01-30,202.0,301.0,99.0,3.348460269546944,38.83691133222942,True
43d1693f0198a93e,8fd1f27e86661ede,2013-06-15,308.0,133.0,175.0,3.2416818962743967,2.0968709999963266,True
9861b6d04e6ed43c,a9df5ae20a97b090,2024-03-09,364.0,91.0,273.0,4.8050267972648335,53.009933872180454,True
18edff5447989b3f,3974fa35c917af1d,2021-10-30,238.0,98.0,140.0,0.8131583810755885,5.962856967619473,True
66eddbe35056c06d,6750e338922a099d,2024-04-13,238.0,343.0,105.0,0.15879860640533394,15.397498057562416,False
9a8964b148cb5923,3a97fda0de6f1fa4,2022-04-09,399.0,161.0,238.0,3.534637946022162,28.85997651373168,True
498e7b0800af226c,c046100aea0dba9a,2018-12-29,329.0,105.0,224.0,7.641498456504923,13.589756399472435,False
6e9876d2be2bbd02,ee0b69e307c857e5,2024-09-07,581.0,441.0,140.0,0.1122541872865277,13.031300815441,False
745bdd823161da89,bda04c573563cc2e,2020-08-15,294.0,399.0,105.0,3.3895288746517735,41.0587115393505,True
2e11087e1a4f066b,563d051c9e769b24,2016-06-18,105.0,210.0,105.0,0.032854884083860725,3.477050487718998,False
10a57b983e59f727,bd92cf5da5413d2a,2025-12-06,168.0,308.0,140.0,2.8474232872680467,18.56158147962674,True
a78ccbb549d36ddd,990060b2a68a7b82,2016-05-29,120.0,603.0,483.0,2.0233132781645082,50.33807155901377,True
dcb27eef6441268c,8ad022dd81224f61,2025-05-17,399.0,70.0,329.0,7.061062171023359,14.569423120866531,False
ed32da52aff68944,57591bbf1623574e,2022-06-04,308.0,217.0,91.0,2.970629102582528,18.319149705332165,False
990bf4ef60890853,21f2974fd08085e3,2012-04-14,189.0,408.0,219.0,0.9391021033970581,13.351980856366481,False
89266a872e1f92d9,df05aa15b2d66f57,2019-10-26,49.0,168.0,119.0,8.720233817258396,13.814568586767336,False
ce7cd2ec773bea7f,dbd198f780286aca,2020-07-11,119.0,259.0,140.0,2.5051849113944797,52.16792600968165,True
6f981a44898fb4ff,d181689653115b6a,2018-02-18,197.0,800.0,603.0,5.303325872536739,0.6471122602738433,False
fbce8f52689bce87,bcd124bcd3d5be46,2017-12-09,280.0,126.0,154.0,2.863850729309977,33.16335266187616,False
ad62675e819e92fc,7a82635ffa9b59fe,2020-08-08,245.0,617.0,372.0,3.405956316693704,21.0393890757357,False
56aac937d9f1d13a,7d21de9c6d7c98b2,2009-02-21,245.0,98.0,147.0,0.4544925631600947,37.60931378767441,True
df370b97ea49e6b4,8d477c3fbe001f9d,2022-09-17,322.0,189.0,133.0,5.618185178340418,29.61757362543017,True
6617170d3659b175,b732b326c362fb62,2011-05-28,147.0,1627.0,1480.0,0.041068605104825906,50.65568965744296,False
fefa96b6d939ffea,8f4616698508f24d,2021-10-16,266.0,119.0,147.0,1.2621751302216992,3.1881426752581774,False
8cdc9c13d75adb28,1c7cce2f5c17160d,2017-05-28,267.0,133.0,134.0,3.7481946925672673,68.54313993379719,True
b16534d6bb279b2a,7d5b12de1625984e,2011-10-08,98.0,566.0,468.0,3.170496314092695,59.13847050191589,False
858696528ab7035a,e96d8538d3f9d0ed,2019-03-09,105.0,259.0,154.0,1.4976351328227118,5.904667567562228,True
36895d9bbf5abc51,baf942f4bcb09894,2006-11-11,210.0,462.0,252.0,3.2088270121905325,16.018093557688644,False
8e4024cb49c963f2,8fd76e1b49c00ae2,2022-07-16,70.0,542.0,472.0,6.012443787346761,9.475457090427653,False
67948da92e6c9bdc,ad047e3073a775f3,2008-04-19,112.0,378.0,266.0,6.962497518771773,77.32373322072749,False
7606f6b6c19f2d73,8db1b36dde268ef6,2025-11-15,189.0,280.0,91.0,1.4346632716619823,24.621139646461643,False
5256ba94641a4284,3ab0df1ddd5f1dc2,2024-11-02,182.0,84.0,98.0,1.5770344360253787,28.268233896222227,False
83526f699d25e4e4,e8efeb9cf33b1941,2012-07-07,315.0,161.0,154.0,1.9712930450317288,137.3323749896001,True
e2b547e64f6532bb,83c6c3e0f8bde8ee,2013-03-02,252.0,161.0,91.0,4.227328418790258,47.6192424690355,True
388df822e50b04f8,c7e9d15cfce52f1d,2005-11-19,91.0,939.0,848.0,7.786607527875315,16.972387906024323,False
74b8a36293758342,8fd76e1b49c00ae2,2022-07-16,210.0,119.0,91.0,2.433999329212785,9.12943462910016,True
14e689e60419d469,901cddcbfa079097,2023-05-13,112.0,308.0,196.0,4.383389118188603,29.93561548801631,True
7ba4a04673307cc9,9bcfb40dbcd50568,2014-09-05,244.0,13.0,231.0,4.405292374244507,16.787827238842056,False
2d8db91f91f68069,77940e45bc86208e,2022-02-19,889.0,490.0,399.0,3.1184760809599084,73.64169893850385,True
63ee688385bf7c69,7d5b12de1625984e,2011-10-08,427.0,133.0,294.0,3.4771418988754057,24.889863827193267,True
02713b2d25f74d43,53e4e21f4c688801,2023-12-02,322.0,455.0,133.0,1.021239313606717,39.93768189449406,True
09b91014bd88f815,2c104b7e59a72629,2019-08-31,280.0,140.0,140.0,7.241764033484603,9.654735678538145,True
46cfb41b00cb5ad8,c0ed7b208197e8de,2014-06-28,357.0,154.0,203.0,2.5599430515342547,26.33425973422095,True
fc2badbeebf85ebf,d0c29452d3272603,2010-05-08,126.0,234.0,108.0,2.086285139325245,4.847897413196506,True
03c2a836d033be8f,e6015889f50075d2,2025-02-08,301.0,553.0,252.0,1.349788154445335,10.938110728394122,False
