fight_id,event_id,event_date,a_id,b_id,a_won,p_a_wins,familiarity,experience,correct,confidence
5305049e4215d263,2e2cdb6e9eb84bb9,2023-01-14,eae431e70064e046,972c456ff38b2015,1,0.4350041951212453,One absent from fitting data,At least one UFC debutant,False,0.5649958048787547
5a2fa552e70958d4,2e2cdb6e9eb84bb9,2023-01-14,bbab3baf66128ae2,48812daf291a4e23,1,0.5153363028865194,One absent from fitting data,At least one UFC debutant,True,0.5153363028865194
622cc4ef46913020,2e2cdb6e9eb84bb9,2023-01-14,fc169c387b4b465d,b9706f80d005036c,1,0.5393278124278306,Both in fitting data,Both have at least 5 prior UFC bouts,True,0.5393278124278306
76b6058cddda9238,2e2cdb6e9eb84bb9,2023-01-14,849c5d9979df5357,036e96c1c12b8a59,1,0.4284738523286333,Both absent from fitting data,At least one UFC debutant,False,0.5715261476713667
868c83e734dbbceb,2e2cdb6e9eb84bb9,2023-01-14,0d8011111be000b2,881bf86d4cba8578,1,0.4018257905169042,Both in fitting data,Both have at least 5 prior UFC bouts,False,0.5981742094830957
9f09e77e46f15766,2e2cdb6e9eb84bb9,2023-01-14,e4ba58725825412d,0978385b2bd9ef9b,1,0.4399202565909178,One absent from fitting data,At least one UFC debutant,False,0.5600797434090822
a4c7d59d340794c0,2e2cdb6e9eb84bb9,2023-01-14,b9f28e7045fdfce7,2b6fc1c02736833d,0,0.323376750601668,Both in fitting data,Both returning; minimum below 5,True,0.676623249398332
b6723b9c6ff4d594,2e2cdb6e9eb84bb9,2023-01-14,09e62c450e754913,814e5233e2acf2ee,0,0.4704478860717642,Both in fitting data,Both returning; minimum below 5,True,0.5295521139282358
c88a7dbe7717d2da,2e2cdb6e9eb84bb9,2023-01-14,82a5152216251682,29af297d9f1de0f8,1,0.4912207188274961,Both in fitting data,Both have at least 5 prior UFC bouts,False,0.5087792811725039
c9144a294c73b06f,2e2cdb6e9eb84bb9,2023-01-14,253076a23d03dcd0,798e48f9e7f6ba22,1,0.3851582900797548,Both in fitting data,Both returning; minimum below 5,False,0.6148417099202452
d4420be78065de03,2e2cdb6e9eb84bb9,2023-01-14,64facb6cc564262d,9d83f6da776ff7d6,0,0.5455075321256023,Both in fitting data,Both returning; minimum below 5,False,0.5455075321256023
0221982930283140,5717efc6f271cd52,2023-01-21,729d4bd5a6cd0a97,6a1901c62ab3870f,0,0.2505695841085785,Both in fitting data,Both have at least 5 prior UFC bouts,True,0.7494304158914216
0462bcc27498f7c4,5717efc6f271cd52,2023-01-21,aa72b0f831d0bfe5,792be9a24df82ed6,0,0.4770462268028217,Both in fitting data,Both have at least 5 prior UFC bouts,True,0.5229537731971783
1c51f405e5c46572,5717efc6f271cd52,2023-01-21,84b3e7d38f2d2ec5,23024fdfc966410a,0,0.5685489669367405,Both in fitting data,Both have at least 5 prior UFC bouts,False,0.5685489669367405
1d35e4c0941d1397,5717efc6f271cd52,2023-01-21,850266b3dc4e506e,72ea1984c52019b5,1,0.5197800368858412,One absent from fitting data,At least one UFC debutant,True,0.5197800368858412
2d1ac675e6c1e6ea,5717efc6f271cd52,2023-01-21,eabf206b162b3b83,c21f26bbde777573,0,0.5378308071129329,Both in fitting data,Both have at least 5 prior UFC bouts,False,0.5378308071129329
354dc211166a3982,5717efc6f271cd52,2023-01-21,6fc506e1099afe20,bf7ad5628363eec9,0,0.4446081955533852,One absent from fitting data,At least one UFC debutant,True,0.5553918044466148
5ad8aa57c8d69680,5717efc6f271cd52,2023-01-21,d1c65d2cf2925ddd,1e719d4b676dc19a,0,0.6136753026070904,One absent from fitting data,At least one UFC debutant,False,0.6136753026070904
7ed9e8f3258446c7,5717efc6f271cd52,2023-01-21,01641ba5df0c69b0,49ee5024966efc0d,1,0.5217268765369374,One absent from fitting data,At least one UFC debutant,True,0.5217268765369374
8cdcdfb76d1670dd,5717efc6f271cd52,2023-01-21,d945aae53e3e54e6,20bccc9bb4ceb23e,1,0.5846171176442686,One absent from fitting data,At least one UFC debutant,True,0.5846171176442686
911b73db91738da6,5717efc6f271cd52,2023-01-21,809bd1a871491508,eb393afdbe3293d5,0,0.6167752891740818,One absent from fitting data,At least one UFC debutant,False,0.6167752891740818
a3ef3d05ddd80a94,5717efc6f271cd52,2023-01-21,260bd4cef10b033f,140745cbbcb023ac,1,0.5448804822930453,Both in fitting data,Both returning; minimum below 5,True,0.5448804822930453
dde7d29cc443e263,5717efc6f271cd52,2023-01-21,5444c5a201d3ee5a,7ff97850e8c32bda,1,0.5521315305656489,Both in fitting data,Both have at least 5 prior UFC bouts,True,0.5521315305656489
f09c3d8a26806761,5717efc6f271cd52,2023-01-21,9d19d9e4aa2662e8,d317a5e2b3f88c5f,1,0.3912896899153971,Both in fitting data,Both have at least 5 prior UFC bouts,False,0.608710310084603
fcf385ae75191b57,5717efc6f271cd52,2023-01-21,68d35296f566792b,862b0b3375aa4b6e,1,0.7529129320212818,Both in fitting data,Both returning; minimum below 5,True,0.7529129320212818
fffdc57255274be1,5717efc6f271cd52,2023-01-21,2f5cbecbbe18bac4,41e83a89929d1327,0,0.2539725001889182,Both in fitting data,Both returning; minimum below 5,True,0.7460274998110819
765482eb58e8db48,d26394fc0e8e880a,2023-02-04,3f11fd1751fa83b1,d008d785f6347dc2,0,0.5366497775236899,Both absent from fitting data,At least one UFC debutant,False,0.5366497775236899
7a1abc0230af730c,d26394fc0e8e880a,2023-02-04,74f9448b97bf8bec,cc7040fe76f0ef91,0,0.598340687132952,Both in fitting data,Both have at least 5 prior UFC bouts,False,0.598340687132952
8741e6a3a5a22a7f,d26394fc0e8e880a,2023-02-04,c9cf753cfdf77fc2,1788eee370f077b7,1,0.5820811059735391,Both in fitting data,Both have at least 5 prior UFC bouts,True,0.5820811059735391
98094a500529d442,d26394fc0e8e880a,2023-02-04,adccbc19b22e19af,b671bdf981ad527d,0,0.5366497775236899,Both absent from fitting data,At least one UFC debutant,False,0.5366497775236899
983fab4080743ed0,d26394fc0e8e880a,2023-02-04,285ae0b4a68221f4,0112352cb32f5026,1,0.6741316302394135,Both in fitting data,Both returning; minimum below 5,True,0.6741316302394135
a26ca06cce403ce2,d26394fc0e8e880a,2023-02-04,4461d7e47375a895,c051c2e12d692b8a,1,0.6523926687635938,One absent from fitting data,At least one UFC debutant,True,0.6523926687635938
a8067e65eb737a09,d26394fc0e8e880a,2023-02-04,148bb103cfbf123e,d8c811df0386d5e8,0,0.5366497775236899,Both absent from fitting data,At least one UFC debutant,False,0.5366497775236899
b1b20c686dfe3204,d26394fc0e8e880a,2023-02-04,57186c150c645200,a72a2a769fa5a2be,0,0.5366497775236899,Both absent from fitting data,At least one UFC debutant,False,0.5366497775236899
c63d8062c89c4c33,d26394fc0e8e880a,2023-02-04,a01a62132460a98d,21b5c82c1b89dab1,1,0.3779853239104634,One absent from fitting data,At least one UFC debutant,False,0.6220146760895366
caeeb398f73d213a,d26394fc0e8e880a,2023-02-04,e2f6b2769aaedd6c,d3df1add9d9a7efb,1,0.6277380634260649,Both in fitting data,Both have at least 5 prior UFC bouts,True,0.6277380634260649
0ac5fc42ba039211,01dd4cdc2446f665,2023-02-11,aceffa19749c4dc0,48a9a128784d53d1,0,0.5511092458659148,One absent from fitting data,At least one UFC debutant,False,0.5511092458659148
16dbe70eb7007f17,01dd4cdc2446f665,2023-02-11,51c655162e462ceb,102a8fdf8cbf7467,0,0.4284738523286333,One absent from fitting data,At least one UFC debutant,True,0.5715261476713667
2208b9f471a201d9,01dd4cdc2446f665,2023-02-11,cbf5e6f231b55443,fba03cd6cc28dc41,1,0.6128209013306822,Both in fitting data,Both have at least 5 prior UFC bouts,True,0.6128209013306822
256894b49303537b,01dd4cdc2446f665,2023-02-11,275aca31f61ba28c,e1248941344b3288,1,0.4924821026854729,Both in fitting data,Both have at least 5 prior UFC bouts,False,0.5075178973145271
28af78600d6580f1,01dd4cdc2446f665,2023-02-11,a9da3158dd2c2b5a,da4628f173337902,1,0.556916235029585,One absent from fitting data,At least one UFC debutant,True,0.556916235029585
4f672dd40867d8c6,01dd4cdc2446f665,2023-02-11,6b453bc35a823c3f,c6aee362c7a7d482,1,0.6536045661222539,Both in fitting data,Both returning; minimum below 5,True,0.6536045661222539
51a12878b151d67b,01dd4cdc2446f665,2023-02-11,ac7c765882f2c68c,4e30e4250cb08b61,0,0.3264806342228843,Both in fitting data,Both returning; minimum below 5,True,0.6735193657771157
5c962ea13cb9b937,01dd4cdc2446f665,2023-02-11,5095b0920a3602aa,4cd8b03aee1d0138,1,0.3884779558253246,One absent from fitting data,At least one UFC debutant,False,0.6115220441746754
8b7bc2af1e15b668,01dd4cdc2446f665,2023-02-11,6751eacd16bd59bc,a52bc1e62cf0b7c6,1,0.4775493327624906,Both in fitting data,Both returning; minimum below 5,False,0.5224506672375093
a37a6b6f9551a6e8,01dd4cdc2446f665,2023-02-11,af9f42e6894047fc,3920d0cc288f9b0d,1,0.5383262238053826,One absent from fitting data,At least one UFC debutant,True,0.5383262238053826
ca2672e68fedf4b7,01dd4cdc2446f665,2023-02-11,49e96ff8ab781589,476fe566d2df676e,0,0.5534095497672453,Both in fitting data,Both returning; minimum below 5,False,0.5534095497672453
da22d5a717ae9e35,01dd4cdc2446f665,2023-02-11,e13abac8089a801a,ac40f7e3cbecdda4,1,0.5268365104713921,Both in fitting data,Both have at least 5 prior UFC bouts,True,0.5268365104713921
3d46d635f9ae5e68,f21a3d68fb9df387,2023-02-18,50db8711c70196cd,53c943c873cffe90,0,0.4300044441454468,Both in fitting data,Both returning; minimum below 5,True,0.5699955558545532
3e90b7fd1e9f86bd,f21a3d68fb9df387,2023-02-18,b5da8f7d05e85a55,f41b9f5efc7162d6,0,0.4978870832929494,One absent from fitting data,At least one UFC debutant,True,0.5021129167070506
3f837b469ba33c7c,f21a3d68fb9df387,2023-02-18,c878270af633eb11,56f7d7ee06be4aab,0,0.6516880676817125,Both in fitting data,Both returning; minimum below 5,False,0.6516880676817125
40781a64c4cea877,f21a3d68fb9df387,2023-02-18,b62d5280966b2460,4a043165cf47cab2,1,0.5197800368858412,One absent from fitting data,At least one UFC debutant,True,0.5197800368858412
435ba9b407b844ef,f21a3d68fb9df387,2023-02-18,40f3cb27fc7305a1,725b1abc9a39d873,0,0.4284738523286333,One absent from fitting data,At least one UFC debutant,True,0.5715261476713667
43ec12079ccc371c,f21a3d68fb9df387,2023-02-18,5c10da56d712ac9c,e00a3dee329a51f7,0,0.4784326462616858,One absent from fitting data,At least one UFC debutant,True,0.5215673537383142
682ff095649c9a5c,f21a3d68fb9df387,2023-02-18,d1941565abf50b16,262a7d06203657e6,0,0.4432142534251336,Both in fitting data,Both have at least 5 prior UFC bouts,True,0.5567857465748665
c3a4187fc821bfff,f21a3d68fb9df387,2023-02-18,cc8c623cca88f54f,2eeaefbfc7f9fcff,1,0.7037776938062891,Both in fitting data,Both have at least 5 prior UFC bouts,True,0.7037776938062891
d45d9c7d60f332da,f21a3d68fb9df387,2023-02-18,d9a56ecb6e94f02e,ff62013d2fce6d13,0,0.5881133198735627,One absent from fitting data,At least one UFC debutant,False,0.5881133198735627
dc6f69f923744948,f21a3d68fb9df387,2023-02-18,6370c1c1e12723d5,5da33b8fbfa5ee95,1,0.3993558347748172,Both in fitting data,Both have at least 5 prior UFC bouts,False,0.6006441652251828
dcc3da324eb5f26c,f21a3d68fb9df387,2023-02-18,6a1901c62ab3870f,669970f7feba8ecd,0,0.3687936989897095,Both in fitting data,Both returning; minimum below 5,True,0.6312063010102905
00a94d5fc7ce55cf,806975e1b4f47b27,2023-02-25,f998f5c102250d6e,dd6103dd7127db1d,0,0.5146532975506842,Both in fitting data,Both returning; minimum below 5,False,0.5146532975506842
02615499125b4b5d,806975e1b4f47b27,2023-02-25,029afd138865d20a,ca28cdf526d6b6e9,0,0.382074582566119,One absent from fitting data,At least one UFC debutant,True,0.6179254174338811
12d9b4a3931be5ec,806975e1b4f47b27,2023-02-25,914a897455693650,af65aa688d13eedf,0,0.3594073007154376,One absent from fitting data,At least one UFC debutant,True,0.6405926992845624
2ba11e0bf32829d6,806975e1b4f47b27,2023-02-25,886264a0c9f4ea5e,2f181c0467965b98,0,0.4076146498148005,Both in fitting data,Both have at least 5 prior UFC bouts,True,0.5923853501851994
5737084215c45792,806975e1b4f47b27,2023-02-25,b08012bbe542592a,80d8aed0ca9b00f3,1,0.649551823241299,Both in fitting data,Both have at least 5 prior UFC bouts,True,0.649551823241299
63670e1b8f164d4a,806975e1b4f47b27,2023-02-25,6d68c1afe954f121,814e5233e2acf2ee,1,0.553144902140845,Both in fitting data,Both returning; minimum below 5,True,0.553144902140845
83fa3a382acc7bdc,806975e1b4f47b27,2023-02-25,a2ccf35a88346a91,0bc697c5936a2d0a,0,0.4442010597511839,One absent from fitting data,At least one UFC debutant,True,0.5557989402488162
a7f66f13f953352f,806975e1b4f47b27,2023-02-25,3e708ce33b6b18e6,ac026518a9b4dc0f,0,0.3622694952105259,One absent from fitting data,At least one UFC debutant,True,0.6377305047894741
d6357dab7ccdf2db,806975e1b4f47b27,2023-02-25,441eacbe20e0e80b,1a9480fc288e55d7,1,0.4878375135560617,Both in fitting data,Both have at least 5 prior UFC bouts,False,0.5121624864439382
faac24c1b3d6368a,806975e1b4f47b27,2023-02-25,a6eb54ae17a551be,a9e260472d321361,0,0.43939182855304,One absent from fitting data,At least one UFC debutant,True,0.56060817144696
009feda296ae589c,1ccff7f0cfdf85eb,2023-03-04,36541f1e6c5d4955,beecb672a279223e,0,0.4123073757450833,Both in fitting data,Both have at least 5 prior UFC bouts,True,0.5876926242549168
0eb16f1307f66a11,1ccff7f0cfdf85eb,2023-03-04,3c8a5200436e19f3,c0386644627a7ee5,1,0.5790307957480919,Both in fitting data,Both returning; minimum below 5,True,0.5790307957480919
22fc6b3f4e48cfa3,1ccff7f0cfdf85eb,2023-03-04,01afe0916a40c7c5,b997be68943010fc,1,0.5151941070202337,Both in fitting data,Both returning; minimum below 5,True,0.5151941070202337
2b9daf452ab40b9b,1ccff7f0cfdf85eb,2023-03-04,35673bf5204524ee,830f60497fab345a,1,0.4959291022569695,One absent from fitting data,At least one UFC debutant,False,0.5040708977430305
636fd144716a3084,1ccff7f0cfdf85eb,2023-03-04,07f72a2a7591b409,787bb1f087ccff8a,1,0.5809297460940358,Both in fitting data,Both have at least 5 prior UFC bouts,True,0.5809297460940358
a69afe4a88c0ca12,1ccff7f0cfdf85eb,2023-03-04,e8b731feff72294b,132deb59abae64b1,1,0.3616339600658795,Both in fitting data,Both have at least 5 prior UFC bouts,False,0.6383660399341204
c29e2c49e1e417c8,1ccff7f0cfdf85eb,2023-03-04,8e9eb3fc86db0f7d,d0e1b42d41dab603,1,0.4930314688567689,Both in fitting data,Both have at least 5 prior UFC bouts,False,0.506968531143231
c2fc4c1e0c769655,1ccff7f0cfdf85eb,2023-03-04,0d7b51c9d2649a6e,b1a3e0aca758b322,1,0.6719538610983729,Both in fitting data,Both returning; minimum below 5,True,0.6719538610983729
c3b9b97467f828d1,1ccff7f0cfdf85eb,2023-03-04,c742287ed86a09bc,d25240135aee03e5,0,0.3513217533122124,Both in fitting data,Both returning; minimum below 5,True,0.6486782466877876
cd20dac4daa4f93a,1ccff7f0cfdf85eb,2023-03-04,a09ed60aa67a3f67,da22387a0407a2dc,1,0.556916235029585,Both absent from fitting data,At least one UFC debutant,True,0.556916235029585
d6d034e98ce85246,1ccff7f0cfdf85eb,2023-03-04,72db2a14ffa73ece,4d8fa64202cee4c1,1,0.3484689374350371,Both in fitting data,Both have at least 5 prior UFC bouts,False,0.6515310625649628
ec490d4224d3bc78,1ccff7f0cfdf85eb,2023-03-04,ec23c1be628d8057,d8c7c61b176e3994,0,0.3191645060726136,Both in fitting data,Both have at least 5 prior UFC bouts,True,0.6808354939273864
ed9f8f702585ed44,1ccff7f0cfdf85eb,2023-03-04,442c9011034ae1fd,32490e80ddab1e5a,1,0.6292253588381665,Both in fitting data,Both returning; minimum below 5,True,0.6292253588381665
ee2354d638c078fd,1ccff7f0cfdf85eb,2023-03-04,323d4ca260dfa0ba,8c169fbe1ac33637,0,0.6025787873973658,Both absent from fitting data,At least one UFC debutant,False,0.6025787873973658
0ccd2593c88209e4,35080a7f406f9ab3,2023-03-11,d661ce4da776fc20,c03520b5c88ed6b4,0,0.4202053812390105,Both in fitting data,Both have at least 5 prior UFC bouts,True,0.5797946187609895
2c58a97f2fe6c985,35080a7f406f9ab3,2023-03-11,bc711b6dd95c1af6,d05412b513b19621,1,0.7295792720566677,Both in fitting data,Both have at least 5 prior UFC bouts,True,0.7295792720566677
3b561a154aa2bbb2,35080a7f406f9ab3,2023-03-11,279566840aa55bf2,c0badf3243907e59,1,0.433146714493263,Both in fitting data,Both have at least 5 prior UFC bouts,False,0.566853285506737
3cf3771274a4f8b1,35080a7f406f9ab3,2023-03-11,ca43de99b07b6b40,4e6738062d469256,1,0.4785503383970754,One absent from fitting data,At least one UFC debutant,False,0.5214496616029246
804c350ce714770f,35080a7f406f9ab3,2023-03-11,113df4fde64735c6,2f13e4020cea5b38,1,0.5759829709205025,Both in fitting data,Both have at least 5 prior UFC bouts,True,0.5759829709205025
8d5b88e0ff253617,35080a7f406f9ab3,2023-03-11,71171fc96445bf65,82529ce93cd9a2cf,1,0.5197800368858412,One absent from fitting data,At least one UFC debutant,True,0.5197800368858412
8e5ce3308c0e2046,35080a7f406f9ab3,2023-03-11,6fd953151d981979,6551c64fbcd1a467,0,0.5928789323152569,Both in fitting data,Both have at least 5 prior UFC bouts,False,0.5928789323152569
b9539d5e379b3edc,35080a7f406f9ab3,2023-03-11,0fd5f4b838e890cc,f2477cf43c4975cc,0,0.3502570374934065,Both in fitting data,Both have at least 5 prior UFC bouts,True,0.6497429625065936
c3af2b6ab1262fef,35080a7f406f9ab3,2023-03-11,294aa73dbf37d281,6e00cfffd54653c4,1,0.5377631912259409,Both in fitting data,Both have at least 5 prior UFC bouts,True,0.5377631912259409
c4e4954beb59eca6,35080a7f406f9ab3,2023-03-11,eb8d8c2a95cfccb8,601964f9654f911a,1,0.341985807041864,Both in fitting data,Both returning; minimum below 5,False,0.658014192958136
ccb5e29cd0347110,35080a7f406f9ab3,2023-03-11,c730a0be691dc081,a53d30163304aa6e,0,0.5585042655693775,Both in fitting data,Both returning; minimum below 5,False,0.5585042655693775
d6945828f5fa7492,35080a7f406f9ab3,2023-03-11,1091d4d957141094,a67f5afa8d6a1b80,1,0.6212950015562451,Both in fitting data,Both have at least 5 prior UFC bouts,True,0.6212950015562451
e9c6bac0d1a5ec0f,35080a7f406f9ab3,2023-03-11,d35f734c56a89103,0c25d0a5e8cdbf19,1,0.4284738523286333,One absent from fitting data,At least one UFC debutant,False,0.5715261476713667
019b4d006800504b,e4bb7e483c4ad318,2023-03-18,a331233f597090a5,fd55393021a8c255,0,0.4648757255684728,Both in fitting data,Both have at least 5 prior UFC bouts,True,0.5351242744315272
13f5be7a2ea5577e,e4bb7e483c4ad318,2023-03-18,87a1dc546b1c5caf,b8a85389d115e35a,0,0.3868677878096,Both in fitting data,Both have at least 5 prior UFC bouts,True,0.6131322121903999
38094db8e3539cba,e4bb7e483c4ad318,2023-03-18,866fd7b1a6c90e7f,a93f94c923c3a9cb,0,0.5967686546797081,One absent from fitting data,At least one UFC debutant,False,0.5967686546797081
533984c3ff4b4858,e4bb7e483c4ad318,2023-03-18,f2f140ce7532e327,396fe87b84ac2e1c,0,0.3877026687038254,One absent from fitting data,At least one UFC debutant,True,0.6122973312961746
53d6d5ad08ac0694,e4bb7e483c4ad318,2023-03-18,aa0c573da7119292,4798e823ada58fe9,0,0.6573347298547707,Both in fitting data,Both returning; minimum below 5,False,0.6573347298547707
5e9c027fb24efc2b,e4bb7e483c4ad318,2023-03-18,7acbb0972e75281a,327d5f279895110d,1,0.5285806642678265,Both in fitting data,Both have at least 5 prior UFC bouts,True,0.5285806642678265
6068385c48de6801,e4bb7e483c4ad318,2023-03-18,dee294e9717012c2,60a42bf82447c919,0,0.4540338718016824,Both in fitting data,Both returning; minimum below 5,True,0.5459661281983176
8a3e7085e8e5a6e9,e4bb7e483c4ad318,2023-03-18,528b071cf3da7c56,12f91bfa8f1f723b,0,0.5013381115759925,Both in fitting data,Both have at least 5 prior UFC bouts,False,0.5013381115759925
90a83875e1d11238,e4bb7e483c4ad318,2023-03-18,c814b4c899793af6,9e8f6c728eb01124,0,0.5700231637587657,Both in fitting data,Both have at least 5 prior UFC bouts,False,0.5700231637587657
9f8cf5ac0807d64e,e4bb7e483c4ad318,2023-03-18,8b6e5dc2ba1edbe7,c739c2995a275314,0,0.5366497775236899,Both absent from fitting data,At least one UFC debutant,False,0.5366497775236899
c483ac06b1e33c3b,e4bb7e483c4ad318,2023-03-18,f1fac969a1d70b08,f1b2aa7853d1ed6e,1,0.3078466391313715,Both in fitting data,Both have at least 5 prior UFC bouts,False,0.6921533608686286
cdaf65287d9a0ecb,e4bb7e483c4ad318,2023-03-18,fd406a32a6fb3a29,a0e6753c42698f13,1,0.5063331934629457,One absent from fitting data,At least one UFC debutant,True,0.5063331934629457
dd9cbf6d6284de26,e4bb7e483c4ad318,2023-03-18,8e1f36476ef02a6a,04835018f90b118c,1,0.3087798892751055,Both in fitting data,Both returning; minimum below 5,False,0.6912201107248945
f40ac11da3bd7f8e,e4bb7e483c4ad318,2023-03-18,65adf3856c4d9256,75353550928a7921,0,0.3383604022768043,One absent from fitting data,At least one UFC debutant,True,0.6616395977231957
07e39fd5f4f23270,aec273fcb765330d,2023-03-25,b27a1fcb56a3035a,9fe7af8b3fbe00a0,1,0.432048488525403,Both in fitting data,Both returning; minimum below 5,False,0.567951511474597
16bd47ba50891833,aec273fcb765330d,2023-03-25,077e3ace32b72be9,31bb0772f21cabd8,1,0.4009348366805277,Both in fitting data,Both returning; minimum below 5,False,0.5990651633194723
1c2d0db1c9eed052,aec273fcb765330d,2023-03-25,634e2fb70bde3fd5,3143bf892608139a,1,0.4515144182660083,Both in fitting data,Both have at least 5 prior UFC bouts,False,0.5484855817339918
2f382615155e32b9,aec273fcb765330d,2023-03-25,6b7c7460855dbbb9,c68c68efaa5ca6ef,1,0.3548180077062841,Both in fitting data,Both returning; minimum below 5,False,0.6451819922937159
33fa6793a7f984ac,aec273fcb765330d,2023-03-25,7c7332319c14094c,65f09bacd3957381,0,0.5416986354446732,Both in fitting data,Both have at least 5 prior UFC bouts,False,0.5416986354446732
6f6fec9c78244174,aec273fcb765330d,2023-03-25,dc7927cd622676a7,65cdf4ec31143d86,1,0.4978870832929494,One absent from fitting data,At least one UFC debutant,False,0.5021129167070506
9433730f95d52fc8,aec273fcb765330d,2023-03-25,05fa626cb33d15b8,6a740daf1b279661,0,0.3533151026477987,Both in fitting data,Both have at least 5 prior UFC bouts,True,0.6466848973522012
b9e037a45f8850fb,aec273fcb765330d,2023-03-25,11583163f45c7b31,b93c06d09d1c4ac0,1,0.4276077019368194,Both in fitting data,Both returning; minimum below 5,False,0.5723922980631806
bce8ece2ff26b4d4,aec273fcb765330d,2023-03-25,305d73ede05e31ad,583ee11abddfc581,0,0.4400522905455961,Both in fitting data,Both returning; minimum below 5,True,0.5599477094544039
c6cc6ae23cbf8a27,aec273fcb765330d,2023-03-25,361d49960a196976,7832f2f62f04178f,1,0.3308982199845212,Both in fitting data,Both returning; minimum below 5,False,0.6691017800154788
0810cdbeb9dd4d02,3dc3022232b79c7a,2023-04-08,97cf1a2c7c5e7889,0a73acff6325c1e2,1,0.4351687466193095,Both in fitting data,Both returning; minimum below 5,False,0.5648312533806905
28e3d939eb043664,3dc3022232b79c7a,2023-04-08,c1085e1701b13eca,6ac9bc2953c47345,1,0.6532173649316845,Both in fitting data,Both returning; minimum below 5,True,0.6532173649316845
2cb34fc074f7a9ae,3dc3022232b79c7a,2023-04-08,fe2babf95de24fb1,5ec591b78349ba7e,0,0.6049300651876202,Both in fitting data,Both returning; minimum below 5,False,0.6049300651876202
3165b03ddc6d3b6e,3dc3022232b79c7a,2023-04-08,6d1bffff14897645,3a46b268013afede,0,0.4538421003192434,Both in fitting data,Both have at least 5 prior UFC bouts,True,0.5461578996807566
355a2f4090c0ca31,3dc3022232b79c7a,2023-04-08,e94085e821bd81de,bc7d1ad49fcb2d08,1,0.4281598339970647,One absent from fitting data,At least one UFC debutant,False,0.5718401660029353
678d27af287476f8,3dc3022232b79c7a,2023-04-08,0232cabbc30a2372,05339613bf8e9808,0,0.6349097490736728,Both in fitting data,Both have at least 5 prior UFC bouts,False,0.6349097490736728
71ea7d7985dad804,3dc3022232b79c7a,2023-04-08,23024fdfc966410a,47b9e0e7703a4868,1,0.5769339396349368,Both in fitting data,Both have at least 5 prior UFC bouts,True,0.5769339396349368
780147f2ed2637d1,3dc3022232b79c7a,2023-04-08,8e5d953bdb9ae5e7,98215d037be5bcb7,1,0.5046553248657095,Both in fitting data,Both have at least 5 prior UFC bouts,True,0.5046553248657095
95349402616097cd,3dc3022232b79c7a,2023-04-08,a3a542074109b347,eb04b9d31e938edb,1,0.6658694308565369,Both in fitting data,Both returning; minimum below 5,True,0.6658694308565369
bbc76ff9e1b1b142,3dc3022232b79c7a,2023-04-08,8c0580d4fff106c1,5442f1bc4b47eaf3,1,0.5736423337212371,Both in fitting data,Both have at least 5 prior UFC bouts,True,0.5736423337212371
d7022b6058dbb26b,3dc3022232b79c7a,2023-04-08,e4a47b07044ddd72,cfc3e7bb44685289,1,0.6990990457114239,Both in fitting data,Both returning; minimum below 5,True,0.6990990457114239
fe143cb868adfded,3dc3022232b79c7a,2023-04-08,1338e2c7480bdf9e,e5549c82bfb5582d,1,0.4185944919067538,Both in fitting data,Both returning; minimum below 5,False,0.5814055080932462
119559fd8124fee3,15b1b21cd743d652,2023-04-15,34c2b3656f88f7ef,96924b0019b3aff1,0,0.4352931603562083,One absent from fitting data,At least one UFC debutant,True,0.5647068396437918
50e675146cda6e7c,15b1b21cd743d652,2023-04-15,4ba8d454f762005d,06f36cf4bd97ec77,1,0.5603625095115498,Both in fitting data,Both have at least 5 prior UFC bouts,True,0.5603625095115498
5de3a1bbcf705b58,15b1b21cd743d652,2023-04-15,7138a15258dabf20,cffb87059e645bd1,0,0.4284738523286333,One absent from fitting data,At least one UFC debutant,True,0.5715261476713667
6049301b4deea035,15b1b21cd743d652,2023-04-15,150ff4cc642270b9,040a74bb0a465c54,1,0.2977561345860966,Both in fitting data,Both have at least 5 prior UFC bouts,False,0.7022438654139034
68c1b833ed8849a3,15b1b21cd743d652,2023-04-15,e375cb5caf4717b6,38c7f72747f4f712,0,0.4840592823997928,Both in fitting data,Both returning; minimum below 5,True,0.5159407176002072
792f139c2b9fd294,15b1b21cd743d652,2023-04-15,e4277e87a789d687,e90a2f22417af68e,0,0.4790070807985214,Both in fitting data,Both returning; minimum below 5,True,0.5209929192014786
83c81018bb3aeebf,15b1b21cd743d652,2023-04-15,aa171d55d4b5208f,64a50dad704d1d49,0,0.5893480491689814,Both in fitting data,Both have at least 5 prior UFC bouts,False,0.5893480491689814
8b2b2562884821a7,15b1b21cd743d652,2023-04-15,3cf66c62d9069f43,f9ab66e67240db7b,0,0.4349072619926984,Both in fitting data,Both have at least 5 prior UFC bouts,True,0.5650927380073016
995e79b951da945b,15b1b21cd743d652,2023-04-15,cd13728ae1151f46,04c8b08b16a5b99e,1,0.5703009273498316,Both in fitting data,Both have at least 5 prior UFC bouts,True,0.5703009273498316
b01e6e97d66681c5,15b1b21cd743d652,2023-04-15,d31cbcdd7d69536d,9abc648e76c4493a,0,0.5289363316656803,Both in fitting data,Both have at least 5 prior UFC bouts,False,0.5289363316656803
bbde45b2c766bb67,15b1b21cd743d652,2023-04-15,6e15f63b6c2e2c15,1a31ef98efce7a79,1,0.342987566741271,Both in fitting data,Both have at least 5 prior UFC bouts,False,0.657012433258729
bdbddbc00d07dc4b,15b1b21cd743d652,2023-04-15,c47df9303d318c67,e132d47bd9efbbe0,0,0.3231456215762259,Both in fitting data,Both have at least 5 prior UFC bouts,True,0.6768543784237742
cef255a992ba7af3,15b1b21cd743d652,2023-04-15,f9b200db02b488d9,4148802ae4a50768,0,0.4935011187978305,Both in fitting data,Both returning; minimum below 5,True,0.5064988812021696
d856812dc733690a,15b1b21cd743d652,2023-04-15,6bd02119599741a4,45f0cc9d18f35137,1,0.3680442562729814,Both in fitting data,Both have at least 5 prior UFC bouts,False,0.6319557437270187
01aa5949ac6851f3,6fb1ba67bef41b37,2023-04-22,d3f5d33d61cd00c9,351c4ec637380ad5,1,0.344497150363937,Both in fitting data,Both have at least 5 prior UFC bouts,False,0.655502849636063
034cbbec91f67852,6fb1ba67bef41b37,2023-04-22,cc1a8b4b38b92c6d,94527830000ab715,1,0.5750968317158518,Both in fitting data,Both have at least 5 prior UFC bouts,True,0.5750968317158518
06d9fb9c995f1e4f,6fb1ba67bef41b37,2023-04-22,d66a46de8d705353,4aa58269d0664b5b,1,0.4203436280008949,Both in fitting data,Both returning; minimum below 5,False,0.579656371999105
16628e25a043043a,6fb1ba67bef41b37,2023-04-22,de45aaae23dfa392,814ff3018127e8fc,1,0.5356794892698347,Both in fitting data,Both have at least 5 prior UFC bouts,True,0.5356794892698347
20c0f50c11509301,6fb1ba67bef41b37,2023-04-22,abcf2cc6efc42031,4333a8e70a672eb7,1,0.6649976928084925,Both in fitting data,Both returning; minimum below 5,True,0.6649976928084925
277233ca9ea25674,6fb1ba67bef41b37,2023-04-22,7af33fc4435017f1,3b0a516d2921e0d6,1,0.6158667792407353,Both in fitting data,Both returning; minimum below 5,True,0.6158667792407353
856468ba24a37fcc,6fb1ba67bef41b37,2023-04-22,fa6796c55d6c5440,f14cf73e51b29254,0,0.5830903129163308,Both in fitting data,Both have at least 5 prior UFC bouts,False,0.5830903129163308
8beab5f941dae8e0,6fb1ba67bef41b37,2023-04-22,c15fa95b9a12fde4,da7f113b5ea39c43,0,0.5017421391069188,One absent from fitting data,At least one UFC debutant,False,0.5017421391069188
a941c4e25ddddfff,6fb1ba67bef41b37,2023-04-22,5d495dec23d7c68e,e1d40e8782d80bc2,0,0.5859006108411909,Both in fitting data,Both returning; minimum below 5,False,0.5859006108411909
d00d5ef4ae0ac01b,6fb1ba67bef41b37,2023-04-22,0c6d9ea8306c029e,12ebd7d157e91701,0,0.4596021391999689,Both in fitting data,Both have at least 5 prior UFC bouts,True,0.540397860800031
2b1ac5d8f98639bf,51b1e2fd9872005b,2023-04-29,efb96bf3e9ada36f,5987b2458f4b5290,1,0.4637813658795309,Both in fitting data,Both have at least 5 prior UFC bouts,False,0.5362186341204691
37ae5c09d6f03f33,51b1e2fd9872005b,2023-04-29,f14f644d41ade29f,260e9e0d4954aea6,0,0.4092516667107225,Both in fitting data,Both returning; minimum below 5,True,0.5907483332892776
5d11b618f24082dd,51b1e2fd9872005b,2023-04-29,92fa1401b7927da3,8eb046f83e82bf26,0,0.4790012304366374,Both in fitting data,Both returning; minimum below 5,True,0.5209987695633627
88a63555728c2025,51b1e2fd9872005b,2023-04-29,c0ac37a4a1133da9,78f485f851891d68,1,0.4144808364326371,One absent from fitting data,At least one UFC debutant,False,0.5855191635673629
8dbfbd8f8bd0f00b,51b1e2fd9872005b,2023-04-29,fc08099550072fe4,ab943cd2c3c17825,0,0.5927935932416207,Both in fitting data,Both returning; minimum below 5,False,0.5927935932416207
c02d44564cb006a9,51b1e2fd9872005b,2023-04-29,31dbfbe4e7a6727c,876f478f796495f7,1,0.4047345321054805,One absent from fitting data,At least one UFC debutant,False,0.5952654678945195
ca63933f8c898fa2,51b1e2fd9872005b,2023-04-29,814e5233e2acf2ee,7f6ed67d3ed3c036,0,0.3827146344014767,Both in fitting data,Both returning; minimum below 5,True,0.6172853655985233
e0e2c1fc1a178d89,51b1e2fd9872005b,2023-04-29,d2f43cfaf8ca3560,902ec2cc48c8ae8a,1,0.5167997780122067,One absent from fitting data,At least one UFC debutant,True,0.5167997780122067
e434035be5453be0,51b1e2fd9872005b,2023-04-29,3c26c420584d912d,5c637af9472ae7cc,0,0.5366497775236899,Both absent from fitting data,At least one UFC debutant,False,0.5366497775236899
ecec1b0dd64ca2ae,51b1e2fd9872005b,2023-04-29,0d65c432720accb9,4126a78111c0855a,0,0.4792816179999651,Both in fitting data,Both returning; minimum below 5,True,0.520718382000035
f9345fa82bf43847,51b1e2fd9872005b,2023-04-29,5e6294b37bbef029,103e2e33a60683e1,0,0.5902932872077927,One absent from fitting data,At least one UFC debutant,False,0.5902932872077927
069ab7e7b8b5d262,3c6976f8182d9527,2023-05-06,f166e93d04a8c274,76e2870ffafbe38f,0,0.2841404922733553,One absent from fitting data,At least one UFC debutant,True,0.7158595077266448
0c6e3c1f03cd4061,3c6976f8182d9527,2023-05-06,f1d64ae34e088832,242d36d241b43c12,1,0.6757605437030029,Both in fitting data,Both returning; minimum below 5,True,0.6757605437030029
11a5a852313d1f5b,3c6976f8182d9527,2023-05-06,6a1901c62ab3870f,c41d426cc7326d1b,0,0.6442990498769239,Both in fitting data,Both have at least 5 prior UFC bouts,False,0.6442990498769239
2372578d3f554c65,3c6976f8182d9527,2023-05-06,eaa9402e5a7990ad,ac40f7e3cbecdda4,0,0.4476747270926738,One absent from fitting data,At least one UFC debutant,True,0.5523252729073262
3f8b4aeb3baf4724,3c6976f8182d9527,2023-05-06,519e4fe37ce9ff75,dccb63727f2f5f74,0,0.494470556370526,Both in fitting data,Both have at least 5 prior UFC bouts,True,0.5055294436294739
4c9bbd9758be1168,3c6976f8182d9527,2023-05-06,2558ae2e5671e318,40a456a25d52ee65,1,0.5025335333188897,One absent from fitting data,At least one UFC debutant,True,0.5025335333188897
5f44d6d9e6bbecff,3c6976f8182d9527,2023-05-06,cd2c4d30c6e13b47,7dda2cf308f24a02,0,0.4686762354089084,Both in fitting data,Both have at least 5 prior UFC bouts,True,0.5313237645910915
93fb6c7e590487f9,3c6976f8182d9527,2023-05-06,8d20d76af3f213ce,972c456ff38b2015,0,0.5647220305051952,One absent from fitting data,Both returning; minimum below 5,False,0.5647220305051952
c3ca708aaf4262a7,3c6976f8182d9527,2023-05-06,8667caa0451d245b,cc7040fe76f0ef91,1,0.4459873970448091,Both in fitting data,Both have at least 5 prior UFC bouts,False,0.5540126029551908
d22de60b7a3d908c,3c6976f8182d9527,2023-05-06,b07aed698fba8624,547afe1017e72dbe,1,0.393558465028346,One absent from fitting data,At least one UFC debutant,False,0.606441534971654
e3aad51099a23ba4,3c6976f8182d9527,2023-05-06,cb696ebfb6598724,056c493bbd76a918,1,0.6295337509812893,Both in fitting data,Both have at least 5 prior UFC bouts,True,0.6295337509812893
ed707998b13d0101,3c6976f8182d9527,2023-05-06,23024fdfc966410a,b1b0729d27936f2f,0,0.4594280642207367,Both in fitting data,Both have at least 5 prior UFC bouts,True,0.5405719357792633
14e689e60419d469,901cddcbfa079097,2023-05-13,bf7ad5628363eec9,3a314d9fa7c6825d,0,0.6298494570730394,Both in fitting data,Both have at least 5 prior UFC bouts,False,0.6298494570730394
3387f430abb7e39f,901cddcbfa079097,2023-05-13,d35f734c56a89103,01b352b6a9074d5c,1,0.5708295585722105,One absent from fitting data,Both returning; minimum below 5,True,0.5708295585722105
6ca856d1950d8f7f,901cddcbfa079097,2023-05-13,297a2b35444c245b,a20f234df70f2182,1,0.3426754025710226,Both in fitting data,Both returning; minimum below 5,False,0.6573245974289774
755202fce24b8f83,901cddcbfa079097,2023-05-13,41e83a89929d1327,2cd428e9606856fd,1,0.6141094633145496,Both in fitting data,Both returning; minimum below 5,True,0.6141094633145496
81fda78adcaedbc7,901cddcbfa079097,2023-05-13,5eb50529a8418b77,f626118b6da0e020,0,0.4273723892310201,Both in fitting data,Both returning; minimum below 5,True,0.5726276107689798
838a022ca5d99cc1,901cddcbfa079097,2023-05-13,cdb96af67d096b1e,4b47e71384a9522f,1,0.5806074171604712,Both in fitting data,Both have at least 5 prior UFC bouts,True,0.5806074171604712
acfcf75f0215b7ab,901cddcbfa079097,2023-05-13,6c8072b61c276e67,2c5f5749569eef66,0,0.4592457792471995,One absent from fitting data,At least one UFC debutant,True,0.5407542207528004
b0f4c7788782e26e,901cddcbfa079097,2023-05-13,8a1f3b5c526cd6e6,442c9011034ae1fd,0,0.3115862771924963,Both in fitting data,Both returning; minimum below 5,True,0.6884137228075037
c501576b8ec35758,901cddcbfa079097,2023-05-13,c21f26bbde777573,d4c9dcd330403612,1,0.4999160709398169,Both in fitting data,Both have at least 5 prior UFC bouts,False,0.5000839290601831
dae2484418631ff5,901cddcbfa079097,2023-05-13,9014c02eff8b3d62,260bd4cef10b033f,1,0.4993500777819083,Both in fitting data,Both returning; minimum below 5,False,0.5006499222180917
f2ced83baf0457fc,901cddcbfa079097,2023-05-13,523fa774700d7d3f,31123249b0bbf52e,0,0.5756550831192074,Both in fitting data,Both have at least 5 prior UFC bouts,False,0.5756550831192074
12683e06369d1a83,6f812143641ceff8,2023-05-20,511e82663651438d,f53d4f21d1b5f2dc,0,0.5969480016028669,Both in fitting data,Both have at least 5 prior UFC bouts,False,0.5969480016028669
33007109c9ca1ede,6f812143641ceff8,2023-05-20,d7c3816669784109,2c483cf443f38ece,1,0.4159808876781588,Both in fitting data,Both returning; minimum below 5,False,0.5840191123218412
3638ee66c7d34fe0,6f812143641ceff8,2023-05-20,4144798612ef96e5,093e1f5bb73850be,0,0.4534845812237814,Both in fitting data,Both have at least 5 prior UFC bouts,True,0.5465154187762187
49bd9a2f1fbebd1f,6f812143641ceff8,2023-05-20,8c1ca54b5089d199,19c591115a58982c,0,0.6260454806429275,Both in fitting data,Both returning; minimum below 5,False,0.6260454806429275
73700c8c5107f719,6f812143641ceff8,2023-05-20,b9437600497350f3,33efaf2d0941cfcf,1,0.6487761274633886,Both in fitting data,Both have at least 5 prior UFC bouts,True,0.6487761274633886
744cbe6e49d4f41c,6f812143641ceff8,2023-05-20,262d32ebda89efc4,9dedfdd91070ddd8,1,0.6908005893356015,Both in fitting data,Both returning; minimum below 5,True,0.6908005893356015
7d583e4002622848,6f812143641ceff8,2023-05-20,b12fb759e02378de,2c010b26a3306969,1,0.516128336438272,Both in fitting data,Both returning; minimum below 5,True,0.516128336438272
8502f245aabd64ac,6f812143641ceff8,2023-05-20,8abac218746e04ca,40f3cb27fc7305a1,0,0.4890683607522917,One absent from fitting data,Both returning; minimum below 5,True,0.5109316392477083
924f982f0d9d2142,6f812143641ceff8,2023-05-20,8e5d953bdb9ae5e7,02f8fedc18cbd26c,1,0.5888696371002733,Both in fitting data,Both returning; minimum below 5,True,0.5888696371002733
cb9654746447b934,6f812143641ceff8,2023-05-20,f0feeb2192937424,7447e9f28508106a,0,0.452397609022949,Both in fitting data,Both have at least 5 prior UFC bouts,True,0.547602390977051
eca400aeeb2763d1,6f812143641ceff8,2023-05-20,036e96c1c12b8a59,971246648e162f0d,0,0.3464299431012456,One absent from fitting data,Both returning; minimum below 5,True,0.6535700568987544
fb70b62915fdcec6,6f812143641ceff8,2023-05-20,d31a5546c0e9b213,e9a3aeb207578eea,1,0.6529769571053241,Both in fitting data,Both returning; minimum below 5,True,0.6529769571053241
4d0029ad31bdd85a,7abe471b61725980,2023-06-03,9d62c2d8ee151f08,8bd4200561c77a62,1,0.5568628355178756,One absent from fitting data,At least one UFC debutant,True,0.5568628355178756
5459c3bb88d031f9,7abe471b61725980,2023-06-03,1a9480fc288e55d7,3738e68d2261e60f,1,0.5093830296048276,Both in fitting data,Both have at least 5 prior UFC bouts,True,0.5093830296048276
72bb7605e340a8fe,7abe471b61725980,2023-06-03,da22387a0407a2dc,6fc506e1099afe20,1,0.4827277474516674,Both absent from fitting data,Both returning; minimum below 5,False,0.5172722525483326
7be3e513a31f6570,7abe471b61725980,2023-06-03,7aa3d6964eff4877,361d49960a196976,1,0.6086830496740634,Both in fitting data,Both have at least 5 prior UFC bouts,True,0.6086830496740634
84f60cb00b8d4187,7abe471b61725980,2023-06-03,f6bcbd91b114ff58,b67d6bacc68d4c92,0,0.4364343539756368,Both in fitting data,Both returning; minimum below 5,True,0.5635656460243632
913d8a35095591d5,7abe471b61725980,2023-06-03,dc7927cd622676a7,c96d9178c9ed9e62,0,0.5905776377831633,Both in fitting data,Both returning; minimum below 5,False,0.5905776377831633
99808befeece3a8a,7abe471b61725980,2023-06-03,53c943c873cffe90,950d0ef5c17157c5,1,0.5586062297170464,Both in fitting data,Both returning; minimum below 5,True,0.5586062297170464
a122968e96068800,7abe471b61725980,2023-06-03,8adcbd525fab8d9b,029e1293e609fd74,1,0.4615159595042165,Both in fitting data,Both returning; minimum below 5,False,0.5384840404957836
ad7bd4b3ee923498,7abe471b61725980,2023-06-03,af9f42e6894047fc,8d11d9c13e2ccdf7,0,0.6738012229556581,One absent from fitting data,At least one UFC debutant,False,0.6738012229556581
c98f62eb74e69bcb,7abe471b61725980,2023-06-03,5fa2974cbd18e05c,a54660deb6a8489c,1,0.4399202565909178,One absent from fitting data,At least one UFC debutant,False,0.5600797434090822
d7ae0993c7a378ee,7abe471b61725980,2023-06-03,6d35bf94f7d30241,853eb0dd5c0e2149,1,0.554019838363819,Both in fitting data,Both returning; minimum below 5,True,0.554019838363819
dfc62aa72446e4a8,7abe471b61725980,2023-06-03,d05cb1e8d1b885d8,ac7c765882f2c68c,0,0.4015340780692057,Both in fitting data,Both have at least 5 prior UFC bouts,True,0.5984659219307943
e2f4cd4a9a579488,7abe471b61725980,2023-06-03,a75a48bfe776b2c2,d1941565abf50b16,0,0.4989191646376342,One absent from fitting data,At least one UFC debutant,True,0.5010808353623658
1676c64a94be0557,b6c6d1731ff00eeb,2023-06-10,d7e40dca3ae125be,37d752ec41ed84bb,1,0.5157332025034967,Both in fitting data,Both returning; minimum below 5,True,0.5157332025034967
40e8bf8ce508c436,b6c6d1731ff00eeb,2023-06-10,08af939f41b5a57b,07225ba28ae309b6,0,0.4582209018988077,Both in fitting data,Both have at least 5 prior UFC bouts,True,0.5417790981011923
46c67efd68a0b15d,b6c6d1731ff00eeb,2023-06-10,583ee11abddfc581,82a5152216251682,0,0.4729324487000901,Both in fitting data,Both have at least 5 prior UFC bouts,True,0.5270675512999099
47a5d4bb68352055,b6c6d1731ff00eeb,2023-06-10,f29a6350c69f4a33,a9e260472d321361,0,0.7303408479611597,Both in fitting data,Both returning; minimum below 5,False,0.7303408479611597
5311298f79414125,b6c6d1731ff00eeb,2023-06-10,8e9eb3fc86db0f7d,cad24459b28592ca,1,0.4013228346949614,Both in fitting data,Both have at least 5 prior UFC bouts,False,0.5986771653050387
69bc7ca8ce831731,b6c6d1731ff00eeb,2023-06-10,578ef12674df1e6a,80fa8218c99f9c58,0,0.3411424057014171,Both in fitting data,Both have at least 5 prior UFC bouts,True,0.6588575942985829
7ee8b91d7f80f8a7,b6c6d1731ff00eeb,2023-06-10,5095b0920a3602aa,31f8081c7600da93,0,0.5726743080714483,One absent from fitting data,Both returning; minimum below 5,False,0.5726743080714483
947ea1122c04ba18,b6c6d1731ff00eeb,2023-06-10,32ab52e5de93092d,9ada30894bf04e19,1,0.4079441705779983,One absent from fitting data,At least one UFC debutant,False,0.5920558294220017
e24b65cd8721349a,b6c6d1731ff00eeb,2023-06-10,7d420039bbfe7c1a,24656ef4d605c96f,0,0.5424786873216382,Both in fitting data,Both returning; minimum below 5,False,0.5424786873216382
e9d5ffcacf7d8757,b6c6d1731ff00eeb,2023-06-10,a01a62132460a98d,dd6103dd7127db1d,0,0.4642755391094406,Both in fitting data,Both returning; minimum below 5,True,0.5357244608905594
175d9e1ac0725145,b9415726dc3ec526,2023-06-17,13a0275fa13c4d26,7acbb0972e75281a,1,0.3179197222174076,Both in fitting data,Both have at least 5 prior UFC bouts,False,0.6820802777825924
5d9b84493f1ed114,b9415726dc3ec526,2023-06-17,369ea36e450ae62a,a93f94c923c3a9cb,1,0.4089240859541714,One absent from fitting data,Both returning; minimum below 5,False,0.5910759140458286
6c2199524d762b11,b9415726dc3ec526,2023-06-17,eae48ff31db420c2,ae7fe94f117f98cf,1,0.6660818655450774,Both in fitting data,Both have at least 5 prior UFC bouts,True,0.6660818655450774
76fd6919d828d5c2,b9415726dc3ec526,2023-06-17,b8bbdeff718dbb7d,710f0f8c5d5c9d41,1,0.5465522496133044,Both in fitting data,Both returning; minimum below 5,True,0.5465522496133044
7ba54a10f28c9496,b9415726dc3ec526,2023-06-17,7debc13b36343605,a7897d200692ab64,0,0.6589129987828675,Both in fitting data,Both returning; minimum below 5,False,0.6589129987828675
870672b1b443311e,b9415726dc3ec526,2023-06-17,9d19d9e4aa2662e8,447f9858ae78f921,1,0.4673444553024449,Both in fitting data,Both have at least 5 prior UFC bouts,False,0.5326555446975552
8794031c523bf534,b9415726dc3ec526,2023-06-17,56f7d7ee06be4aab,476fe566d2df676e,0,0.4445481865237107,Both in fitting data,Both returning; minimum below 5,True,0.5554518134762894
8ea12c7360fa0f6b,b9415726dc3ec526,2023-06-17,2526be54e6a0e62a,798e48f9e7f6ba22,0,0.4492477977426117,Both in fitting data,Both returning; minimum below 5,True,0.5507522022573883
98458778348ea5d7,b9415726dc3ec526,2023-06-17,37f560436d745c18,2e7878927067fdca,0,0.3867275477596985,Both in fitting data,Both returning; minimum below 5,True,0.6132724522403015
9cfb84817a43b63c,b9415726dc3ec526,2023-06-17,a6eb54ae17a551be,59c438c81fbf3ece,0,0.3621670798803765,One absent from fitting data,Both returning; minimum below 5,True,0.6378329201196236
bc1be168c064f028,b9415726dc3ec526,2023-06-17,3fa97913cfd205d3,09e62c450e754913,1,0.4387055985649825,Both in fitting data,Both returning; minimum below 5,False,0.5612944014350175
07cb64236ae7aaea,a780d16cf7eed44d,2023-06-24,6a740daf1b279661,beecb672a279223e,1,0.5812937202878924,Both in fitting data,Both have at least 5 prior UFC bouts,True,0.5812937202878924
42922bab8a3e1828,a780d16cf7eed44d,2023-06-24,c6aee362c7a7d482,4dcfb28c011c11b2,1,0.4701560498998535,Both in fitting data,Both have at least 5 prior UFC bouts,False,0.5298439501001465
582806c33ce6dcf6,a780d16cf7eed44d,2023-06-24,f2f140ce7532e327,ffe9703408fb5964,0,0.5233137033243742,One absent from fitting data,Both returning; minimum below 5,False,0.5233137033243742
7b909acede0a26eb,a780d16cf7eed44d,2023-06-24,f14f644d41ade29f,4e6738062d469256,0,0.5199891276273315,One absent from fitting data,Both returning; minimum below 5,False,0.5199891276273315
8b296724a6844865,a780d16cf7eed44d,2023-06-24,849c5d9979df5357,8c169fbe1ac33637,1,0.5117265516308244,Both absent from fitting data,Both returning; minimum below 5,True,0.5117265516308244
9124740fe7816d70,a780d16cf7eed44d,2023-06-24,2f181c0467965b98,12ebd7d157e91701,1,0.6260875886451447,Both in fitting data,Both have at least 5 prior UFC bouts,True,0.6260875886451447
c22de92b9d9030dc,a780d16cf7eed44d,2023-06-24,38c7f72747f4f712,d25240135aee03e5,0,0.4407108371396861,Both in fitting data,Both returning; minimum below 5,True,0.5592891628603138
c2cdeb207cce5ceb,a780d16cf7eed44d,2023-06-24,55fa6ce3e522c8bb,17e97649403ba428,0,0.3667962871322039,One absent from fitting data,At least one UFC debutant,True,0.6332037128677961
c3ef3cb03edde8bb,a780d16cf7eed44d,2023-06-24,fba03cd6cc28dc41,54f64b5e283b0ce7,0,0.2658746067097237,Both in fitting data,Both have at least 5 prior UFC bouts,True,0.7341253932902763
ced01368259428f5,a780d16cf7eed44d,2023-06-24,8e382b585a92affe,84b3e7d38f2d2ec5,0,0.5155661874760765,Both in fitting data,Both returning; minimum below 5,False,0.5155661874760765
f18d44292036d5de,a780d16cf7eed44d,2023-06-24,0bc697c5936a2d0a,e0c6edcb5b5d0b90,0,0.591102336998102,Both absent from fitting data,At least one UFC debutant,False,0.591102336998102
fcc1191761e365f9,a780d16cf7eed44d,2023-06-24,e00a3dee329a51f7,a9da3158dd2c2b5a,0,0.3535512966513562,One absent from fitting data,Both returning; minimum below 5,True,0.6464487033486438
0548a24a9bf8d7a0,e9e1acc96536bb4f,2023-07-01,c32aeb1a59e6272d,b0d6a1d8ac3d563d,1,0.6983870378414057,Both in fitting data,Both returning; minimum below 5,True,0.6983870378414057
288f7fb936c1523c,e9e1acc96536bb4f,2023-07-01,49d2a08964c5eb11,1e719d4b676dc19a,1,0.3766760834007304,Both absent from fitting data,At least one UFC debutant,False,0.6233239165992697
454265014520a3f8,e9e1acc96536bb4f,2023-07-01,48a9a128784d53d1,7772b283d288dbe2,1,0.6335861602487718,One absent from fitting data,Both returning; minimum below 5,True,0.6335861602487718
4dc5a41f357a7d85,e9e1acc96536bb4f,2023-07-01,135d124172a0bea3,99bd51917728c25d,0,0.3366369675555287,Both in fitting data,Both have at least 5 prior UFC bouts,True,0.6633630324444713
962e74250884e4c1,e9e1acc96536bb4f,2023-07-01,8f765fd5775a8873,ee9ebceabfd16fa7,1,0.520718174332937,Both in fitting data,Both returning; minimum below 5,True,0.520718174332937
bd2e14ee959f9b77,e9e1acc96536bb4f,2023-07-01,c0badf3243907e59,1788eee370f077b7,1,0.6552018029375856,Both in fitting data,Both have at least 5 prior UFC bouts,True,0.6552018029375856
cd137988da724076,e9e1acc96536bb4f,2023-07-01,eb393afdbe3293d5,c2299ec916bc7c56,0,0.4867190507342956,One absent from fitting data,Both returning; minimum below 5,True,0.5132809492657044
dffc65202afb881d,e9e1acc96536bb4f,2023-07-01,528b071cf3da7c56,38c5817ade8a8014,1,0.5648092524276263,One absent from fitting data,At least one UFC debutant,True,0.5648092524276263
ea29714dcfb07ce2,e9e1acc96536bb4f,2023-07-01,6551c64fbcd1a467,a4a80dd7336ffd59,1,0.4113369004585879,Both in fitting data,Both returning; minimum below 5,False,0.5886630995414122
f557405652165aa3,e9e1acc96536bb4f,2023-07-01,0d8011111be000b2,36b8f265bcd1b7a4,1,0.43765616757232,Both in fitting data,Both returning; minimum below 5,False,0.5623438324276799
f5a6acc99bc5c634,e9e1acc96536bb4f,2023-07-01,7b3503352cd53abb,791c8437b341fba5,0,0.3677486558858348,One absent from fitting data,At least one UFC debutant,True,0.6322513441141653
fe370c518cf7873e,e9e1acc96536bb4f,2023-07-01,3143bf892608139a,351c4ec637380ad5,0,0.3869822692907324,Both in fitting data,Both have at least 5 prior UFC bouts,True,0.6130177307092677
0f24f3bc1b39ea45,6085ceb59087514b,2023-07-08,a0f0004aadf10b71,792be9a24df82ed6,1,0.3613170777140835,Both in fitting data,Both have at least 5 prior UFC bouts,False,0.6386829222859165
1ffe6e8df6dbefd2,6085ceb59087514b,2023-07-08,7a47e068f8017019,35673bf5204524ee,0,0.3760408392850905,Both absent from fitting data,At least one UFC debutant,True,0.6239591607149095
20d8f6b4b7c8bae7,6085ceb59087514b,2023-07-08,f2925e6db404bf1d,d8da10db80131bec,1,0.4354709346329374,Both in fitting data,Both have at least 5 prior UFC bouts,False,0.5645290653670626
420f7e6530dbc727,6085ceb59087514b,2023-07-08,c051c2e12d692b8a,51c655162e462ceb,1,0.5486249402277484,Both absent from fitting data,Both returning; minimum below 5,True,0.5486249402277484
4b12a4b48755cd6b,6085ceb59087514b,2023-07-08,cbf5e6f231b55443,e1248941344b3288,0,0.3589911035142523,Both in fitting data,Both have at least 5 prior UFC bouts,True,0.6410088964857477
4ec5d9bd1442e6c1,6085ceb59087514b,2023-07-08,0d7b51c9d2649a6e,e1147d3d2dabe1ce,1,0.611187676518124,Both in fitting data,Both have at least 5 prior UFC bouts,True,0.611187676518124
5b71958ee063a6e8,6085ceb59087514b,2023-07-08,323d4ca260dfa0ba,c7d7fda69ec410d3,1,0.4758927468114255,One absent from fitting data,Both returning; minimum below 5,False,0.5241072531885744
69f67a4a690eb15d,6085ceb59087514b,2023-07-08,6370c1c1e12723d5,71171fc96445bf65,0,0.3238447091131659,One absent from fitting data,Both returning; minimum below 5,True,0.6761552908868341
6ef12db5b099ec81,6085ceb59087514b,2023-07-08,70e1f8a821b72c8b,a495f599e787614f,0,0.524823591407049,Both in fitting data,Both have at least 5 prior UFC bouts,False,0.524823591407049
b6ea8880cc7af439,6085ceb59087514b,2023-07-08,193b9d1858bc4df3,4d8fa64202cee4c1,1,0.4691054006022186,Both in fitting data,Both have at least 5 prior UFC bouts,False,0.5308945993977814
d3a9aceeb7e23580,6085ceb59087514b,2023-07-08,4461d7e47375a895,5ef94841c4bc3f86,1,0.7042355683879529,One absent from fitting data,At least one UFC debutant,True,0.7042355683879529
dbf8a4b0870a47d1,6085ceb59087514b,2023-07-08,f3ca6908f78efebe,3c8a5200436e19f3,0,0.3277222146336785,One absent from fitting data,At least one UFC debutant,True,0.6722777853663215
ef270d8cf29d071b,6085ceb59087514b,2023-07-08,cffb87059e645bd1,40cb680ae1cd331f,1,0.4913097322251927,Both in fitting data,Both returning; minimum below 5,False,0.5086902677748073
3352c65f3f6d9b2a,c9885b1b7c7055a0,2023-07-15,6b453bc35a823c3f,f4d92416da98804b,1,0.7042355683879529,One absent from fitting data,At least one UFC debutant,True,0.7042355683879529
3624f4ae9c1d703e,c9885b1b7c7055a0,2023-07-15,cda1099995b46cc2,d9a56ecb6e94f02e,0,0.3992419389199543,Both in fitting data,Both returning; minimum below 5,True,0.6007580610800457
57785c9be5b4526d,c9885b1b7c7055a0,2023-07-15,914a897455693650,f8f1ec513bcfef43,0,0.4381853307825245,One absent from fitting data,Both returning; minimum below 5,True,0.5618146692174755
6adfe44b110c1510,c9885b1b7c7055a0,2023-07-15,6b7c7460855dbbb9,285ae0b4a68221f4,0,0.32655372118781,Both in fitting data,Both returning; minimum below 5,True,0.67344627881219
81b7a6aa147bd912,c9885b1b7c7055a0,2023-07-15,d3f5d33d61cd00c9,af9efbfd63d39734,1,0.5842939420654624,Both in fitting data,Both returning; minimum below 5,True,0.5842939420654624
8362b372adb2f302,c9885b1b7c7055a0,2023-07-15,a52bc1e62cf0b7c6,7832f2f62f04178f,1,0.4105209752810776,Both in fitting data,Both returning; minimum below 5,False,0.5894790247189223
b4cc389bb4af3707,c9885b1b7c7055a0,2023-07-15,305d73ede05e31ad,20bccc9bb4ceb23e,0,0.4474218385630695,One absent from fitting data,Both returning; minimum below 5,True,0.5525781614369305
b52dccbe69864d2a,c9885b1b7c7055a0,2023-07-15,ee18ff42063174df,3920d0cc288f9b0d,0,0.3974818856353324,One absent from fitting data,Both returning; minimum below 5,True,0.6025181143646676
cae7de0873e03947,c9885b1b7c7055a0,2023-07-15,06e4245d16fc5315,fc6e681bf6658faf,1,0.4797342092380836,Both in fitting data,Both returning; minimum below 5,False,0.5202657907619164
dae80502466c8726,c9885b1b7c7055a0,2023-07-15,6e00cfffd54653c4,7f1bf0c255ec8756,0,0.3865274588128565,One absent from fitting data,At least one UFC debutant,True,0.6134725411871436
e4620f3fa451a3a4,c9885b1b7c7055a0,2023-07-15,809bd1a871491508,ff62013d2fce6d13,0,0.5462319253758724,One absent from fitting data,Both returning; minimum below 5,False,0.5462319253758724
eb30c9c975e15436,c9885b1b7c7055a0,2023-07-15,6c9b66b43663f2f7,efc67b07eed39794,1,0.5905641463395462,One absent from fitting data,At least one UFC debutant,True,0.5905641463395462
319b96f615a0a154,1174782eacde9b0c,2023-07-22,58bbef3770bb2dfc,32c355b04fc57f3a,1,0.418480719114236,Both in fitting data,Both have at least 5 prior UFC bouts,False,0.581519280885764
3c4305abc2e302d0,1174782eacde9b0c,2023-07-22,6751eacd16bd59bc,396fe87b84ac2e1c,0,0.4074166567253143,Both in fitting data,Both have at least 5 prior UFC bouts,True,0.5925833432746856
743a04674ab72ee0,1174782eacde9b0c,2023-07-22,a78a87d8c2bbb1cb,51018a31ddf31eb2,1,0.3753033499838962,Both in fitting data,Both have at least 5 prior UFC bouts,False,0.6246966500161037
8104fe27bdc46914,1174782eacde9b0c,2023-07-22,eabf206b162b3b83,886264a0c9f4ea5e,1,0.3665598059580604,Both in fitting data,Both have at least 5 prior UFC bouts,False,0.6334401940419396
89b96bc5f3e824c5,1174782eacde9b0c,2023-07-22,f41b9f5efc7162d6,0d5cc0170c1a7e71,0,0.5869007546428087,Both absent from fitting data,At least one UFC debutant,False,0.5869007546428087
8b341eb556c97c23,1174782eacde9b0c,2023-07-22,a331233f597090a5,ea7e5bc78d9de658,0,0.4673214945269862,Both in fitting data,Both have at least 5 prior UFC bouts,True,0.5326785054730139
90e46589a18064bc,1174782eacde9b0c,2023-07-22,c9cf753cfdf77fc2,399afbabc02376b5,0,0.3944041319548342,Both in fitting data,Both have at least 5 prior UFC bouts,True,0.6055958680451659
9541cf21e031354c,1174782eacde9b0c,2023-07-22,329e403448756217,8fd808923cffff82,1,0.597624782444544,Both in fitting data,Both have at least 5 prior UFC bouts,True,0.597624782444544
a0bc695b35f155f1,1174782eacde9b0c,2023-07-22,b9706f80d005036c,91dac5e69e28d5b5,1,0.4176289213299169,Both in fitting data,Both have at least 5 prior UFC bouts,False,0.5823710786700831
a8a4c9f98ff73839,1174782eacde9b0c,2023-07-22,c739c2995a275314,fd406a32a6fb3a29,0,0.6359612888756225,Both absent from fitting data,Both returning; minimum below 5,False,0.6359612888756225
b4e2037f180c1e0e,1174782eacde9b0c,2023-07-22,850266b3dc4e506e,113df4fde64735c6,1,0.6641007638612341,One absent from fitting data,Both returning; minimum below 5,True,0.6641007638612341
c4caa8a4f32a0eed,1174782eacde9b0c,2023-07-22,4c88a1db5a46c6a4,1e4f273069fb9e85,0,0.3509555094287835,Both in fitting data,Both have at least 5 prior UFC bouts,True,0.6490444905712165
c81d1facf185467d,1174782eacde9b0c,2023-07-22,7138a15258dabf20,9c442aaf149ea982,1,0.5512240462056938,Both absent from fitting data,At least one UFC debutant,True,0.5512240462056938
d54ebd2a3435a357,1174782eacde9b0c,2023-07-22,2975297f505e9447,a6cba6bb66c1a8c9,1,0.4580538387406965,One absent from fitting data,At least one UFC debutant,False,0.5419461612593035
d918da575ee1bc35,1174782eacde9b0c,2023-07-22,65adf3856c4d9256,e8fe9c15d348e778,1,0.5839026443675492,Both absent from fitting data,At least one UFC debutant,True,0.5839026443675492
3de326b65aa6245d,ccd58ff71e260ed5,2023-07-29,4aa58269d0664b5b,681399317dbf4701,0,0.5782892051638099,Both in fitting data,Both returning; minimum below 5,False,0.5782892051638099
4327fe98e1b6f222,ccd58ff71e260ed5,2023-07-29,01641ba5df0c69b0,b27a1fcb56a3035a,1,0.5508221137274718,One absent from fitting data,Both returning; minimum below 5,True,0.5508221137274718
5116f9398bfca446,ccd58ff71e260ed5,2023-07-29,972c456ff38b2015,9d83f6da776ff7d6,0,0.4185877475102301,One absent from fitting data,Both returning; minimum below 5,True,0.5814122524897699
74fef059e229d217,ccd58ff71e260ed5,2023-07-29,f29a6350c69f4a33,b1e5bcaad32a3cac,1,0.6717098991565958,Both in fitting data,Both have at least 5 prior UFC bouts,True,0.6717098991565958
7a8f218c07347c88,ccd58ff71e260ed5,2023-07-29,65db4065e2bc107d,a845f0735bc67405,0,0.4153135730262604,One absent from fitting data,At least one UFC debutant,True,0.5846864269737396
800a35b3a7e52308,ccd58ff71e260ed5,2023-07-29,99df7d0a2a08a8a8,e5549c82bfb5582d,0,0.4136616999861793,Both in fitting data,Both have at least 5 prior UFC bouts,True,0.5863383000138207
c27e33ee8ef53866,ccd58ff71e260ed5,2023-07-29,029eaff01e6bb8f0,9e8f6c728eb01124,0,0.6392961916803068,Both in fitting data,Both have at least 5 prior UFC bouts,False,0.6392961916803068
cbf1e76186a0c8b3,ccd58ff71e260ed5,2023-07-29,c58f51dedb310998,3a46b268013afede,0,0.5133192672932806,Both in fitting data,Both have at least 5 prior UFC bouts,False,0.5133192672932806
e5ac7343b6d45188,ccd58ff71e260ed5,2023-07-29,077e3ace32b72be9,65cdf4ec31143d86,1,0.4830567533162732,One absent from fitting data,Both returning; minimum below 5,False,0.5169432466837268
eff6ec2b2f1fb27b,ccd58ff71e260ed5,2023-07-29,d3df1add9d9a7efb,ab943cd2c3c17825,1,0.5567229971341521,Both in fitting data,Both have at least 5 prior UFC bouts,True,0.5567229971341521
f1eca70738ca073e,ccd58ff71e260ed5,2023-07-29,22a92d7f62195791,887961364be5ceb3,0,0.5056639966037237,Both in fitting data,Both have at least 5 prior UFC bouts,False,0.5056639966037237
1b0d5e65fdfc62cf,6f81b6de2557739a,2023-08-05,aa171d55d4b5208f,29af297d9f1de0f8,1,0.5437246122078329,Both in fitting data,Both have at least 5 prior UFC bouts,True,0.5437246122078329
2c0496a5f39ab8a4,6f81b6de2557739a,2023-08-05,04c8b08b16a5b99e,c2a670b22d2e196f,1,0.4610036842738539,Both in fitting data,Both returning; minimum below 5,False,0.5389963157261461
2c54be25b09fce50,6f81b6de2557739a,2023-08-05,e4277e87a789d687,8667caa0451d245b,1,0.3664058343373209,Both in fitting data,Both have at least 5 prior UFC bouts,False,0.6335941656626791
38901948cff43ff9,6f81b6de2557739a,2023-08-05,60a42bf82447c919,7f6ed67d3ed3c036,0,0.4783701322890425,Both in fitting data,Both returning; minimum below 5,True,0.5216298677109574
436a1ce6b0c6b4bb,6f81b6de2557739a,2023-08-05,c4d039123e62f6a9,4682bc59d5f55145,0,0.4409238249415567,One absent from fitting data,At least one UFC debutant,True,0.5590761750584433
531ce3d8011fa1f6,6f81b6de2557739a,2023-08-05,e4a47b07044ddd72,5b86d491d63890c5,0,0.5995240158224344,Both in fitting data,Both returning; minimum below 5,False,0.5995240158224344
554163b1c8c05522,6f81b6de2557739a,2023-08-05,65f09bacd3957381,05339613bf8e9808,1,0.5237551123189128,Both in fitting data,Both have at least 5 prior UFC bouts,True,0.5237551123189128
6b5c225814a924ed,6f81b6de2557739a,2023-08-05,6d68c1afe954f121,8d3273573b85be09,0,0.5604942540072565,One absent from fitting data,At least one UFC debutant,False,0.5604942540072565
79bfba62da6242a6,6f81b6de2557739a,2023-08-05,f166e93d04a8c274,da816417a579a0bd,1,0.3989071345644638,One absent from fitting data,Both returning; minimum below 5,False,0.6010928654355362
bda7992779a005fa,6f81b6de2557739a,2023-08-05,d66a46de8d705353,a53d30163304aa6e,0,0.5506382979009,Both in fitting data,Both returning; minimum below 5,False,0.5506382979009
e5cb9dfc1189d77d,6f81b6de2557739a,2023-08-05,b9f28e7045fdfce7,60425d07ef4b91a7,0,0.333453419088407,Both in fitting data,Both have at least 5 prior UFC bouts,True,0.666546580911593
ec2358459ffbe7de,6f81b6de2557739a,2023-08-05,6a1901c62ab3870f,b08012bbe542592a,0,0.3379054518441255,Both in fitting data,Both have at least 5 prior UFC bouts,True,0.6620945481558744
1b1fd32485861655,d2fa318f34d0aadc,2023-08-12,d247691a6c0e9034,2c9d00968f818270,1,0.4433687016962827,Both in fitting data,Both have at least 5 prior UFC bouts,False,0.5566312983037174
2c160a1d1fdbf0b0,d2fa318f34d0aadc,2023-08-12,c0ac37a4a1133da9,0b362247806341e5,1,0.501141682685062,One absent from fitting data,Both returning; minimum below 5,True,0.501141682685062
560a971c6ab8b854,d2fa318f34d0aadc,2023-08-12,009c4420727149ea,6aae253467e8f9ce,1,0.3519155120640129,Both in fitting data,Both returning; minimum below 5,False,0.648084487935987
91a5480f48bfaa71,d2fa318f34d0aadc,2023-08-12,da22387a0407a2dc,84f727cf0166d6f2,1,0.5568628355178756,Both absent from fitting data,At least one UFC debutant,True,0.5568628355178756
9479ba3cdcb1e513,d2fa318f34d0aadc,2023-08-12,5d495dec23d7c68e,a57cb948c4c70a47,0,0.5839026443675492,One absent from fitting data,At least one UFC debutant,False,0.5839026443675492
9576d9cba5cf5c4e,d2fa318f34d0aadc,2023-08-12,809bd1a871491508,d80ee110748171ac,1,0.6931805269025273,Both in fitting data,Both returning; minimum below 5,True,0.6931805269025273
9a9479663bedf8b4,d2fa318f34d0aadc,2023-08-12,ca43de99b07b6b40,830f60497fab345a,1,0.5085505245350859,Both in fitting data,Both returning; minimum below 5,True,0.5085505245350859
c2f730cb33df5221,d2fa318f34d0aadc,2023-08-12,9673a497a9da119a,abcf2cc6efc42031,0,0.37093659900537,Both in fitting data,Both returning; minimum below 5,True,0.62906340099463
c57a4810c932b296,d2fa318f34d0aadc,2023-08-12,d0aaedcf7ccd0b45,749f572d1d3161fb,0,0.4008489585122373,Both in fitting data,Both have at least 5 prior UFC bouts,True,0.5991510414877628
ca2aa660bea0cb60,d2fa318f34d0aadc,2023-08-12,bc7d1ad49fcb2d08,1235b31de15d0c6e,1,0.3607122768680263,One absent from fitting data,Both returning; minimum below 5,False,0.6392877231319737
d5929b7fbc801ce4,d2fa318f34d0aadc,2023-08-12,8eb046f83e82bf26,b5da8f7d05e85a55,1,0.5880061313114624,Both in fitting data,Both returning; minimum below 5,True,0.5880061313114624
e346f2b7af63e804,d2fa318f34d0aadc,2023-08-12,6a2f7c151031653d,6d4b63c767106d3a,0,0.4759354943827592,Both in fitting data,Both have at least 5 prior UFC bouts,True,0.5240645056172408
e3573545220ca4ea,d2fa318f34d0aadc,2023-08-12,aa0c573da7119292,5078e1dacf9d25f4,0,0.4399202565909178,One absent from fitting data,At least one UFC debutant,True,0.5600797434090822
1a95cc401f68f4c8,2719f300b0439039,2023-08-19,0c6d9ea8306c029e,3a8176e15b9887c1,1,0.5518843059423338,Both in fitting data,Both have at least 5 prior UFC bouts,True,0.5518843059423338
621e6f0929a3dbfc,2719f300b0439039,2023-08-19,6bd02119599741a4,7c7332319c14094c,0,0.3838813164227783,Both in fitting data,Both have at least 5 prior UFC bouts,True,0.6161186835772217
62d53ad8f8769666,2719f300b0439039,2023-08-19,d2cd7a69cc55e7ed,a7151778b3381036,0,0.6478192853046708,Both in fitting data,Both returning; minimum below 5,False,0.6478192853046708
78d2c01dc963f204,2719f300b0439039,2023-08-19,84b3e7d38f2d2ec5,442c9011034ae1fd,0,0.3627011736886478,Both in fitting data,Both have at least 5 prior UFC bouts,True,0.6372988263113522
845e38dfbfea6e53,2719f300b0439039,2023-08-19,1ebe20ebbfa15e29,3df5493bb279226f,1,0.6174134339688442,Both in fitting data,Both have at least 5 prior UFC bouts,True,0.6174134339688442
8c7b5b21b3532027,2719f300b0439039,2023-08-19,05fa626cb33d15b8,262d32ebda89efc4,0,0.3813678344567232,Both in fitting data,Both returning; minimum below 5,True,0.6186321655432768
9f7c28381b6913c8,2719f300b0439039,2023-08-19,5f61780fe5e9b6d0,6ac9bc2953c47345,1,0.6431673003416718,Both in fitting data,Both returning; minimum below 5,True,0.6431673003416718
e9754f597ec50f6f,2719f300b0439039,2023-08-19,700a674c042b7a96,7b433309b0fd12aa,0,0.331647880878856,Both in fitting data,Both returning; minimum below 5,True,0.668352119121144
ee796ecb4ee8680b,2719f300b0439039,2023-08-19,b50a426a33da0012,cb696ebfb6598724,1,0.3916268887414822,Both in fitting data,Both have at least 5 prior UFC bouts,False,0.6083731112585178
f329bd89e375d6df,2719f300b0439039,2023-08-19,9d62c2d8ee151f08,b4192a975027aab6,1,0.5299567724634258,Both in fitting data,Both returning; minimum below 5,True,0.5299567724634258
f995ed679ef8bdf4,2719f300b0439039,2023-08-19,d1c65d2cf2925ddd,0112352cb32f5026,1,0.6843881658029269,Both in fitting data,Both returning; minimum below 5,True,0.6843881658029269
fd4d30036a3f3efb,2719f300b0439039,2023-08-19,bc711b6dd95c1af6,da22387a0407a2dc,1,0.6144914903999897,One absent from fitting data,Both returning; minimum below 5,True,0.6144914903999897
23865dfc8361ac62,89a407032911e27e,2023-08-26,ec0dcceace7d25a3,6fd953151d981979,0,0.4942630606292666,Both in fitting data,Both returning; minimum below 5,True,0.5057369393707334
293c5f4c9aca5c54,89a407032911e27e,2023-08-26,0d65c432720accb9,c68c68efaa5ca6ef,1,0.6367852201050226,Both in fitting data,Both returning; minimum below 5,True,0.6367852201050226
48231fbd1af53674,89a407032911e27e,2023-08-26,1effd880e1f1bb30,148bb103cfbf123e,1,0.4364068183055162,One absent from fitting data,Both returning; minimum below 5,False,0.5635931816944838
5531317352862978,89a407032911e27e,2023-08-26,f7467152fd9f18a2,669970f7feba8ecd,0,0.2700254628772883,Both in fitting data,Both have at least 5 prior UFC bouts,True,0.7299745371227118
96704d7ba3a452d9,89a407032911e27e,2023-08-26,c451d67c09c55418,150ff4cc642270b9,0,0.3318878642028722,Both in fitting data,Both have at least 5 prior UFC bouts,True,0.6681121357971278
977250a28d3b8a3f,89a407032911e27e,2023-08-26,fa07345cc9db5cc9,21b5c82c1b89dab1,1,0.4284738523286333,Both absent from fitting data,At least one UFC debutant,False,0.5715261476713667
b65b37c0e00074d9,89a407032911e27e,2023-08-26,082eba4cd80f736f,a68575214ecad140,0,0.3429188714511154,Both in fitting data,Both returning; minimum below 5,True,0.6570811285488847
bfc9989751bd0d04,89a407032911e27e,2023-08-26,fc08099550072fe4,0c25d0a5e8cdbf19,1,0.5387604281288727,Both in fitting data,Both returning; minimum below 5,True,0.5387604281288727
c53b0f678fe2f16a,89a407032911e27e,2023-08-26,a67f5afa8d6a1b80,d4c9dcd330403612,0,0.5398812049994501,Both in fitting data,Both have at least 5 prior UFC bouts,False,0.5398812049994501
da6b863cf684e0ae,89a407032911e27e,2023-08-26,40a456a25d52ee65,32490e80ddab1e5a,0,0.5306373646934932,One absent from fitting data,Both returning; minimum below 5,False,0.5306373646934932
dd617f6ab4916ec4,89a407032911e27e,2023-08-26,9560ff14eb3129f7,7aa3d6964eff4877,1,0.5402997998520221,Both in fitting data,Both have at least 5 prior UFC bouts,True,0.5402997998520221
de89bea7b0dcd2d3,89a407032911e27e,2023-08-26,d8c811df0386d5e8,9e92e1ca498d7244,1,0.7235991818772023,One absent from fitting data,Both returning; minimum below 5,True,0.7235991818772023
f7bc845ce74f5fe7,89a407032911e27e,2023-08-26,c15fa95b9a12fde4,ac40f7e3cbecdda4,1,0.3773677778421901,One absent from fitting data,Both returning; minimum below 5,False,0.6226322221578099
0d41a3fa5efef91b,ef61d9f5176b3200,2023-09-02,5b03b61f9d90125e,fd7ab338e4953644,1,0.4835810613588086,Both absent from fitting data,At least one UFC debutant,False,0.5164189386411915
1b9a127f9dadaad9,ef61d9f5176b3200,2023-09-02,8b1ed83b02303075,42ac4020cba261ad,1,0.5507697894369672,One absent from fitting data,At least one UFC debutant,True,0.5507697894369672
1be27d95bba03f17,ef61d9f5176b3200,2023-09-02,1497e735d9f2560a,f748267c4ab6c127,1,0.4754772596805063,Both in fitting data,Both returning; minimum below 5,False,0.5245227403194936
1c29c53ff032c5c1,ef61d9f5176b3200,2023-09-02,e1d40e8782d80bc2,eb70e786bbdf1d16,1,0.6075468383182151,One absent from fitting data,At least one UFC debutant,True,0.6075468383182151
2a48d0a98c21e736,ef61d9f5176b3200,2023-09-02,e3964ece586e0635,862b0b3375aa4b6e,1,0.6918582788617167,One absent from fitting data,At least one UFC debutant,True,0.6918582788617167
4eaf54ad3c82b6fa,ef61d9f5176b3200,2023-09-02,34ff304266360297,47b63240018d5d86,1,0.4718613085332333,Both in fitting data,Both have at least 5 prior UFC bouts,False,0.5281386914667667
5098d052525da54f,ef61d9f5176b3200,2023-09-02,ef5dcb10d2bd4b0f,0845c81e37d3bcb3,0,0.4599103364002851,One absent from fitting data,At least one UFC debutant,True,0.5400896635997149
ac73c6888ee9322c,ef61d9f5176b3200,2023-09-02,a09ed60aa67a3f67,102a8fdf8cbf7467,1,0.5402783198623095,One absent from fitting data,Both returning; minimum below 5,True,0.5402783198623095
dfa8fd0b82b37fa1,ef61d9f5176b3200,2023-09-02,c2299ec916bc7c56,d945aae53e3e54e6,1,0.5837292059301962,Both in fitting data,Both returning; minimum below 5,True,0.5837292059301962
e3a5a7ede88a2555,ef61d9f5176b3200,2023-09-02,f9ab66e67240db7b,f2b3f4ef3f780168,0,0.7066514132717563,One absent from fitting data,At least one UFC debutant,False,0.7066514132717563
ea006bae605e2a6b,ef61d9f5176b3200,2023-09-02,e2f6b2769aaedd6c,787bb1f087ccff8a,0,0.4497438084411917,Both in fitting data,Both have at least 5 prior UFC bouts,True,0.5502561915588082
09a7f0979a58e6ea,ece280745f8727b8,2023-09-09,a9da3158dd2c2b5a,e0c6edcb5b5d0b90,0,0.5240986455127536,Both absent from fitting data,Both returning; minimum below 5,False,0.5240986455127536
0aae15358d8606b9,ece280745f8727b8,2023-09-09,af9f42e6894047fc,c21a036b4e012f1c,1,0.5469953326265318,Both in fitting data,Both have at least 5 prior UFC bouts,True,0.5469953326265318
222bb2c67a87d312,ece280745f8727b8,2023-09-09,5cdf5339728f580d,5d1b7e3dd9e11074,0,0.3988335267266014,One absent from fitting data,At least one UFC debutant,True,0.6011664732733986
3e1c27f17433f9e4,ece280745f8727b8,2023-09-09,49e96ff8ab781589,82529ce93cd9a2cf,1,0.4455633774801993,Both in fitting data,Both returning; minimum below 5,False,0.5544366225198007
56809feb4fe7ea61,ece280745f8727b8,2023-09-09,9edf2c9082cc2cd8,feedf3053472fe56,0,0.4399202565909178,One absent from fitting data,At least one UFC debutant,True,0.5600797434090822
5d481ff494bf40da,ece280745f8727b8,2023-09-09,4cd8b03aee1d0138,b909a9a9688b5284,0,0.5834560004406104,Both in fitting data,Both returning; minimum below 5,False,0.5834560004406104
65c89e0c92e51bb8,ece280745f8727b8,2023-09-09,4729c93ba705a3bf,dda15dbfafb792df,0,0.4284738523286333,Both absent from fitting data,At least one UFC debutant,True,0.5715261476713667
7f16e7725245bb2d,ece280745f8727b8,2023-09-09,1338e2c7480bdf9e,0d8011111be000b2,0,0.5046967516392766,Both in fitting data,Both have at least 5 prior UFC bouts,False,0.5046967516392766
a3d75cc363a6544b,ece280745f8727b8,2023-09-09,9014c02eff8b3d62,74f9448b97bf8bec,1,0.4857064397173181,Both in fitting data,Both have at least 5 prior UFC bouts,False,0.5142935602826819
bfff5a3777841344,ece280745f8727b8,2023-09-09,267f4a6568abe245,b7b84ccd221be298,0,0.392014195083079,One absent from fitting data,At least one UFC debutant,True,0.607985804916921
e4ed294e16e16d81,ece280745f8727b8,2023-09-09,c62fbc117d57b943,279566840aa55bf2,0,0.3941783814038561,Both in fitting data,Both have at least 5 prior UFC bouts,True,0.6058216185961439
f9d2137f380e66bf,ece280745f8727b8,2023-09-09,e13abac8089a801a,be9bdec19b7e9ffe,1,0.6567170307575544,One absent from fitting data,Both returning; minimum below 5,True,0.6567170307575544
11318a7807cee8ca,8fa2b06572365321,2023-09-16,971dba22c622af12,b6203e0492a9336c,1,0.5735517278689222,Both absent from fitting data,At least one UFC debutant,True,0.5735517278689222
2e1435c160bfe8b2,8fa2b06572365321,2023-09-16,4148802ae4a50768,de45aaae23dfa392,1,0.557591561593698,Both in fitting data,Both returning; minimum below 5,True,0.557591561593698
58b2fdad7af9be02,8fa2b06572365321,2023-09-16,b39f7a6c2be17ee8,dc07493a87dc0a6e,1,0.6608894589674611,One absent from fitting data,At least one UFC debutant,True,0.6608894589674611
697efaf0d162e877,8fa2b06572365321,2023-09-16,3a46b268013afede,6b453bc35a823c3f,0,0.3792123924677651,Both in fitting data,Both have at least 5 prior UFC bouts,True,0.6207876075322349
79f03eca3fe5cdb3,8fa2b06572365321,2023-09-16,8e5d953bdb9ae5e7,ac7c765882f2c68c,1,0.6044670259714799,Both in fitting data,Both have at least 5 prior UFC bouts,True,0.6044670259714799
7a0813ec0fadc84e,8fa2b06572365321,2023-09-16,ca43de99b07b6b40,9d83f6da776ff7d6,0,0.3568867299439849,Both in fitting data,Both returning; minimum below 5,True,0.6431132700560152
a5d76e93a5052e3f,8fa2b06572365321,2023-09-16,31f8081c7600da93,d2f43cfaf8ca3560,1,0.4240323497648609,One absent from fitting data,Both returning; minimum below 5,False,0.5759676502351391
bcec26b425194e40,8fa2b06572365321,2023-09-16,a9e260472d321361,68d4a891e5cf2029,0,0.3664825066670811,Both in fitting data,Both returning; minimum below 5,True,0.6335174933329188
c0ca4c201d086ea8,8fa2b06572365321,2023-09-16,f3ca6908f78efebe,fe2babf95de24fb1,0,0.36233603097579,One absent from fitting data,Both returning; minimum below 5,True,0.6376639690242101
0732e6b6eb0a607d,c945adc22c2bfe8f,2023-09-23,60193e707634e560,4f3064faf17aa711,1,0.3542254484096491,One absent from fitting data,At least one UFC debutant,False,0.6457745515903509
1496969c1497dc85,c945adc22c2bfe8f,2023-09-23,d4270315cbcf2569,f14f644d41ade29f,0,0.5674059626277009,Both in fitting data,Both have at least 5 prior UFC bouts,False,0.5674059626277009
23a604f460289271,c945adc22c2bfe8f,2023-09-23,c814b4c899793af6,72db2a14ffa73ece,0,0.5185593286900076,Both in fitting data,Both have at least 5 prior UFC bouts,False,0.5185593286900076
49ede01b061cfae3,c945adc22c2bfe8f,2023-09-23,da7f113b5ea39c43,92fa1401b7927da3,1,0.4872566877034584,Both in fitting data,Both returning; minimum below 5,False,0.5127433122965416
6e1bf1b163b3aeab,c945adc22c2bfe8f,2023-09-23,f1d64ae34e088832,1ae8f3c723aacff4,1,0.4127492768333699,Both in fitting data,Both have at least 5 prior UFC bouts,False,0.5872507231666301
adb411b0f418ce33,c945adc22c2bfe8f,2023-09-23,43a59ce3bb40449e,26e3f3928b1891d9,1,0.5578201158000731,Both in fitting data,Both returning; minimum below 5,True,0.5578201158000731
b3c7a5a97978d156,c945adc22c2bfe8f,2023-09-23,4b47e71384a9522f,33efaf2d0941cfcf,1,0.4168378996027239,Both in fitting data,Both have at least 5 prior UFC bouts,False,0.5831621003972761
bf647be41de365e4,c945adc22c2bfe8f,2023-09-23,725b1abc9a39d873,f626118b6da0e020,0,0.3942922511542139,Both in fitting data,Both returning; minimum below 5,True,0.605707748845786
d8335b728604b222,c945adc22c2bfe8f,2023-09-23,eb04b9d31e938edb,cd2c4d30c6e13b47,0,0.477699003909292,Both in fitting data,Both have at least 5 prior UFC bouts,True,0.522300996090708
da1b37edb8ccd3e6,c945adc22c2bfe8f,2023-09-23,82a5152216251682,d9c6f19f958643e9,0,0.3977473350021858,Both in fitting data,Both have at least 5 prior UFC bouts,True,0.6022526649978142
1aa4c2fa5ffaff00,c8a49ff2acb6f3c5,2023-10-07,99bd51917728c25d,887961364be5ceb3,0,0.6418991095023499,Both in fitting data,Both have at least 5 prior UFC bouts,False,0.6418991095023499
5ee83e03aaff5fa1,c8a49ff2acb6f3c5,2023-10-07,2c483cf443f38ece,e0b0cf71e0d69dd0,1,0.4035453890431673,Both in fitting data,Both returning; minimum below 5,False,0.5964546109568327
68095e551ff6bbfd,c8a49ff2acb6f3c5,2023-10-07,814ff3018127e8fc,519e4fe37ce9ff75,0,0.4003009987338171,Both in fitting data,Both have at least 5 prior UFC bouts,True,0.5996990012661829
b638646fb297228d,c8a49ff2acb6f3c5,2023-10-07,9abc648e76c4493a,262a7d06203657e6,1,0.3947381271396136,Both in fitting data,Both have at least 5 prior UFC bouts,False,0.6052618728603865
b6a6ba08898f3b6a,c8a49ff2acb6f3c5,2023-10-07,d7e40dca3ae125be,d7c3816669784109,0,0.5865648873752026,Both in fitting data,Both have at least 5 prior UFC bouts,False,0.5865648873752026
cc4fcfede19bc196,c8a49ff2acb6f3c5,2023-10-07,6fd953151d981979,80d8aed0ca9b00f3,1,0.5105018345227234,Both in fitting data,Both have at least 5 prior UFC bouts,True,0.5105018345227234
df146b0592259e5d,c8a49ff2acb6f3c5,2023-10-07,f6bcbd91b114ff58,7d420039bbfe7c1a,0,0.4629505205193367,Both in fitting data,Both have at least 5 prior UFC bouts,True,0.5370494794806633
e966de63c8e6b1d5,c8a49ff2acb6f3c5,2023-10-07,c1085e1701b13eca,eae431e70064e046,1,0.6698457315365964,Both in fitting data,Both returning; minimum below 5,True,0.6698457315365964
eb76a5b76a68e4c4,c8a49ff2acb6f3c5,2023-10-07,cdb96af67d096b1e,b9437600497350f3,0,0.4894666740251741,Both in fitting data,Both have at least 5 prior UFC bouts,True,0.5105333259748259
eb7b0a6f06dbdb4f,c8a49ff2acb6f3c5,2023-10-07,6e9f40c706f91f32,48812daf291a4e23,1,0.4660289707234393,One absent from fitting data,Both returning; minimum below 5,False,0.5339710292765607
0197a61472fc351d,f3a078277b3b8ff4,2023-10-14,5ec591b78349ba7e,3c8a5200436e19f3,1,0.3540453009536105,Both in fitting data,Both returning; minimum below 5,False,0.6459546990463896
0d6d212fcdf47f2e,f3a078277b3b8ff4,2023-10-14,0232cabbc30a2372,f2477cf43c4975cc,0,0.320603522780062,Both in fitting data,Both have at least 5 prior UFC bouts,True,0.679396477219938
1ba282da76ca82ad,f3a078277b3b8ff4,2023-10-14,103e2e33a60683e1,bd532e9a2b93870c,0,0.5506452585379531,Both absent from fitting data,At least one UFC debutant,False,0.5506452585379531
3a8af8ee23444b72,f3a078277b3b8ff4,2023-10-14,92a9aa9c93192871,d31cbcdd7d69536d,1,0.4289649098198395,Both in fitting data,Both have at least 5 prior UFC bouts,False,0.5710350901801605
5b7b5b01f4dcbd9c,f3a078277b3b8ff4,2023-10-14,2c5f5749569eef66,4948e412fa6ab67d,1,0.4978870832929494,Both absent from fitting data,At least one UFC debutant,False,0.5021129167070506
6acd1c591170f597,f3a078277b3b8ff4,2023-10-14,595db60957de51d3,5f61780fe5e9b6d0,1,0.467254533141593,Both in fitting data,Both have at least 5 prior UFC bouts,False,0.5327454668584071
751cf3d52fce1d1f,f3a078277b3b8ff4,2023-10-14,36541f1e6c5d4955,8e1f36476ef02a6a,1,0.412014308193915,Both in fitting data,Both have at least 5 prior UFC bouts,False,0.5879856918060851
7f7d2abc21f171ca,f3a078277b3b8ff4,2023-10-14,809bd1a871491508,d7fe8c6b7d2872e5,1,0.619701743964507,One absent from fitting data,At least one UFC debutant,True,0.619701743964507
824859c7580eb35b,f3a078277b3b8ff4,2023-10-14,64a50dad704d1d49,94426bb170c88115,1,0.390903207231483,Both in fitting data,Both have at least 5 prior UFC bouts,False,0.609096792768517
85a130a4b655c8f5,f3a078277b3b8ff4,2023-10-14,02f8fedc18cbd26c,b4c6c904a9ffc5e8,1,0.5692804494964263,Both in fitting data,Both returning; minimum below 5,True,0.5692804494964263
a74a8c1e0a49070d,f3a078277b3b8ff4,2023-10-14,1897b7b913736a7c,45f0cc9d18f35137,0,0.4212157225596544,Both in fitting data,Both have at least 5 prior UFC bouts,True,0.5787842774403456
0ea435ddf02deb60,13a0fb8fbdafb54f,2023-10-21,275aca31f61ba28c,e1248941344b3288,1,0.5591158445844713,Both in fitting data,Both have at least 5 prior UFC bouts,True,0.5591158445844713
18e5af00a8478a0e,13a0fb8fbdafb54f,2023-10-21,d05cb1e8d1b885d8,6c9b66b43663f2f7,0,0.2954181844117233,One absent from fitting data,Both returning; minimum below 5,True,0.7045818155882767
3c6fb6bf9b7afd40,13a0fb8fbdafb54f,2023-10-21,3753714927f18437,0bc697c5936a2d0a,0,0.3972965616384465,Both absent from fitting data,At least one UFC debutant,True,0.6027034383615535
43de9ff6064361e1,13a0fb8fbdafb54f,2023-10-21,46d0a888d87d91ac,4e6738062d469256,0,0.3787770346242814,One absent from fitting data,Both returning; minimum below 5,True,0.6212229653757186
539732694ab2c8d6,13a0fb8fbdafb54f,2023-10-21,06734ca9d88dec3a,12ebd7d157e91701,1,0.4538071258711967,One absent from fitting data,At least one UFC debutant,False,0.5461928741288034
7024385b5107bd4b,13a0fb8fbdafb54f,2023-10-21,d317a5e2b3f88c5f,b07aed698fba8624,0,0.4843834249762236,One absent from fitting data,Both returning; minimum below 5,True,0.5156165750237764
75c5f923f966b53b,13a0fb8fbdafb54f,2023-10-21,d80ee110748171ac,a72a2a769fa5a2be,1,0.3566528234289883,One absent from fitting data,Both returning; minimum below 5,False,0.6433471765710117
b84c447bb74febe2,13a0fb8fbdafb54f,2023-10-21,329e403448756217,8d11d9c13e2ccdf7,0,0.6169231038455757,One absent from fitting data,Both returning; minimum below 5,False,0.6169231038455757
e9256316716499b8,13a0fb8fbdafb54f,2023-10-21,c96d9178c9ed9e62,75353550928a7921,0,0.3222625333257838,Both in fitting data,Both returning; minimum below 5,True,0.6777374666742162
ed3334d108b257a6,13a0fb8fbdafb54f,2023-10-21,0fd5f4b838e890cc,a54660deb6a8489c,1,0.5247311549050475,One absent from fitting data,Both returning; minimum below 5,True,0.5247311549050475
f23e9729b2b73c27,13a0fb8fbdafb54f,2023-10-21,f1b2aa7853d1ed6e,767755fd74662dbf,0,0.2775436114328252,Both in fitting data,Both have at least 5 prior UFC bouts,True,0.7224563885671749
119bc264e2bb9877,7c4ec656d8fcb867,2023-11-04,1a9480fc288e55d7,d31a5546c0e9b213,0,0.4370230850088241,Both in fitting data,Both have at least 5 prior UFC bouts,True,0.5629769149911759
3a81276a9641c6a1,7c4ec656d8fcb867,2023-11-04,01641ba5df0c69b0,9d19d9e4aa2662e8,0,0.7086774417053531,One absent from fitting data,Both returning; minimum below 5,False,0.7086774417053531
3c69bed42893da75,7c4ec656d8fcb867,2023-11-04,ec13c393d029297d,32c355b04fc57f3a,0,0.4050292317467308,One absent from fitting data,At least one UFC debutant,True,0.5949707682532692
6532b71560ae39e0,7c4ec656d8fcb867,2023-11-04,476fe566d2df676e,71171fc96445bf65,0,0.3564282198663695,One absent from fitting data,Both returning; minimum below 5,True,0.6435717801336305
7d474fbf31894108,7c4ec656d8fcb867,2023-11-04,36b8f265bcd1b7a4,4126a78111c0855a,0,0.337876936168059,Both in fitting data,Both returning; minimum below 5,True,0.662123063831941
7df5998eca143c04,7c4ec656d8fcb867,2023-11-04,cffb87059e645bd1,f0feeb2192937424,0,0.7066544940287116,Both in fitting data,Both returning; minimum below 5,False,0.7066544940287116
9e2bb8d5961b44d4,7c4ec656d8fcb867,2023-11-04,de594b35c45c2e9a,1235b31de15d0c6e,1,0.4047345321054805,One absent from fitting data,At least one UFC debutant,False,0.5952654678945195
ac37849f627a79c4,7c4ec656d8fcb867,2023-11-04,d3df1add9d9a7efb,41e83a89929d1327,0,0.2784024136869969,Both in fitting data,Both have at least 5 prior UFC bouts,True,0.7215975863130031
ff8f92cf8fb1b76c,7c4ec656d8fcb867,2023-11-04,ca36633b80be4a78,48a9a128784d53d1,0,0.3677486558858348,Both absent from fitting data,At least one UFC debutant,True,0.6322513441141653
128ab9aa4802c73f,5a558ba1ff5e9121,2023-11-11,b8bbdeff718dbb7d,f166e93d04a8c274,0,0.5603698705398625,One absent from fitting data,Both returning; minimum below 5,False,0.5603698705398625
1cf69de0eea46877,5a558ba1ff5e9121,2023-11-11,c4d039123e62f6a9,e00a3dee329a51f7,0,0.3926549560078148,One absent from fitting data,Both returning; minimum below 5,True,0.6073450439921853
480c4dbd2e792d86,5a558ba1ff5e9121,2023-11-11,849c5d9979df5357,37c5366d18ed6c05,1,0.5446518721590874,One absent from fitting data,Both returning; minimum below 5,True,0.5446518721590874
4c025d1fff9e9fce,5a558ba1ff5e9121,2023-11-11,da0995f19b749cfa,7026eca45f65377b,0,0.3724339922299399,Both in fitting data,Both have at least 5 prior UFC bouts,True,0.6275660077700601
5704e73f91b9e7f7,5a558ba1ff5e9121,2023-11-11,3fa97913cfd205d3,32ab52e5de93092d,0,0.5170203280284809,One absent from fitting data,Both returning; minimum below 5,False,0.5170203280284809
57333b7bff20ece0,5a558ba1ff5e9121,2023-11-11,5fa2974cbd18e05c,a7897d200692ab64,1,0.4693769016165315,Both in fitting data,Both have at least 5 prior UFC bouts,False,0.5306230983834685
6fd67582d8adb1c7,5a558ba1ff5e9121,2023-11-11,7447e9f28508106a,6a1901c62ab3870f,0,0.3923644846894926,Both in fitting data,Both have at least 5 prior UFC bouts,True,0.6076355153105074
8a0fc4624578a7e4,5a558ba1ff5e9121,2023-11-11,17e97649403ba428,34b96d52db1d26e6,1,0.6139586072476327,Both absent from fitting data,At least one UFC debutant,True,0.6139586072476327
9fe98de1eac21f2e,5a558ba1ff5e9121,2023-11-11,c2299ec916bc7c56,dccb63727f2f5f74,1,0.6056817147300158,Both in fitting data,Both have at least 5 prior UFC bouts,True,0.6056817147300158
a0362d60d2e1db0d,5a558ba1ff5e9121,2023-11-11,8e5d953bdb9ae5e7,d25240135aee03e5,1,0.4783330913401775,Both in fitting data,Both have at least 5 prior UFC bouts,False,0.5216669086598225
b1f2ec122beda7a5,5a558ba1ff5e9121,2023-11-11,e5549c82bfb5582d,009341ed974bad72,1,0.4097913880707129,Both in fitting data,Both returning; minimum below 5,False,0.5902086119292871
db49619221b282af,5a558ba1ff5e9121,2023-11-11,f14cf73e51b29254,399afbabc02376b5,0,0.4714193441694089,Both in fitting data,Both have at least 5 prior UFC bouts,True,0.5285806558305911
16109688429c09de,3feed7d02711d8b7,2023-11-18,a93f94c923c3a9cb,0112352cb32f5026,1,0.6346795094083187,One absent from fitting data,Both returning; minimum below 5,True,0.6346795094083187
2ae243f518948794,3feed7d02711d8b7,2023-11-18,6e743a33d56bdaa4,0978385b2bd9ef9b,1,0.556916235029585,Both absent from fitting data,At least one UFC debutant,True,0.556916235029585
36f10b949b935b8c,3feed7d02711d8b7,2023-11-18,89839250eb25c9c1,0d5cc0170c1a7e71,0,0.3972965616384465,Both absent from fitting data,At least one UFC debutant,True,0.6027034383615535
5be63144ac46f97e,3feed7d02711d8b7,2023-11-18,ac026518a9b4dc0f,971246648e162f0d,0,0.4205548313871208,Both in fitting data,Both have at least 5 prior UFC bouts,True,0.5794451686128792
62b64802ea49e2fd,3feed7d02711d8b7,2023-11-18,87c0b1c696ddfb43,791c8437b341fba5,0,0.5272101312388308,Both in fitting data,Both returning; minimum below 5,False,0.5272101312388308
6997693d552600dd,3feed7d02711d8b7,2023-11-18,3cf66c62d9069f43,06e4245d16fc5315,0,0.4204319382798941,Both in fitting data,Both returning; minimum below 5,True,0.5795680617201059
73ebbfb998edc1f1,3feed7d02711d8b7,2023-11-18,a845f0735bc67405,c32aeb1a59e6272d,0,0.4513556248867922,Both in fitting data,Both returning; minimum below 5,True,0.5486443751132077
7990b6716a53b2cd,3feed7d02711d8b7,2023-11-18,eabf206b162b3b83,2f181c0467965b98,0,0.2840713511523015,Both in fitting data,Both have at least 5 prior UFC bouts,True,0.7159286488476986
9abf0b60a44a82d1,3feed7d02711d8b7,2023-11-18,83455a9d17f57dae,814e5233e2acf2ee,1,0.4927198982139446,One absent from fitting data,At least one UFC debutant,False,0.5072801017860554
b210b99d9c1c9196,3feed7d02711d8b7,2023-11-18,681399317dbf4701,bf2c8e01b07d3eb1,0,0.5650757510023425,One absent from fitting data,At least one UFC debutant,False,0.5650757510023425
bd4d2522cb0d1a23,3feed7d02711d8b7,2023-11-18,beecb672a279223e,a3a542074109b347,1,0.5259314266194697,Both in fitting data,Both returning; minimum below 5,True,0.5259314266194697
c1aef0f60a5b62e3,3feed7d02711d8b7,2023-11-18,84f727cf0166d6f2,c7c39e2fb70248b3,1,0.5242711784880122,One absent from fitting data,Both returning; minimum below 5,True,0.5242711784880122
f0fe73e650b746f2,3feed7d02711d8b7,2023-11-18,57186c150c645200,11583163f45c7b31,1,0.5055203796899602,One absent from fitting data,Both returning; minimum below 5,True,0.5055203796899602
02713b2d25f74d43,53e4e21f4c688801,2023-12-02,64facb6cc564262d,71505842fb6455c3,0,0.5342217814637342,Both in fitting data,Both have at least 5 prior UFC bouts,False,0.5342217814637342
0320a6a967069571,53e4e21f4c688801,2023-12-02,f14f644d41ade29f,23dec7c47cb418f8,1,0.5816145612689935,One absent from fitting data,At least one UFC debutant,True,0.5816145612689935
03eecf1926d9c77c,53e4e21f4c688801,2023-12-02,887961364be5ceb3,4d8fa64202cee4c1,0,0.4632783855945472,Both in fitting data,Both have at least 5 prior UFC bouts,True,0.5367216144054527
0dc2fc8d39e226a3,53e4e21f4c688801,2023-12-02,260bd4cef10b033f,69898645d600abdb,0,0.5512240462056938,One absent from fitting data,At least one UFC debutant,False,0.5512240462056938
20bfa549cb2cabe7,53e4e21f4c688801,2023-12-02,ae7fe94f117f98cf,c47df9303d318c67,1,0.5868715829662733,Both in fitting data,Both have at least 5 prior UFC bouts,True,0.5868715829662733
246d06693b5ca1e8,53e4e21f4c688801,2023-12-02,05339613bf8e9808,aa72b0f831d0bfe5,0,0.4325677783873196,Both in fitting data,Both have at least 5 prior UFC bouts,True,0.5674322216126804
32813f5f46f045e8,53e4e21f4c688801,2023-12-02,4dcfb28c011c11b2,c730a0be691dc081,0,0.5962062406112113,Both in fitting data,Both have at least 5 prior UFC bouts,False,0.5962062406112113
39c4ae4624052f9f,53e4e21f4c688801,2023-12-02,8c0580d4fff106c1,45f7cb591c3ab00b,0,0.4659353804486923,Both in fitting data,Both have at least 5 prior UFC bouts,True,0.5340646195513077
626c82ed45fdcf59,53e4e21f4c688801,2023-12-02,86d9dbe1bfcbade7,b96619b3acd7d9da,0,0.4645692310746285,Both in fitting data,Both returning; minimum below 5,True,0.5354307689253714
9feb9500b0fedfcd,53e4e21f4c688801,2023-12-02,eae48ff31db420c2,08af939f41b5a57b,1,0.6372993132977792,Both in fitting data,Both have at least 5 prior UFC bouts,True,0.6372993132977792
d0602cdc04d2c159,53e4e21f4c688801,2023-12-02,7cbf7c78d3b34218,af65aa688d13eedf,1,0.4072404467326048,Both in fitting data,Both have at least 5 prior UFC bouts,False,0.5927595532673953
d0ac2cc5c57c4e66,53e4e21f4c688801,2023-12-02,5c637af9472ae7cc,4798e823ada58fe9,0,0.4362910414313349,One absent from fitting data,Both returning; minimum below 5,True,0.5637089585686651
1afc4f372a125c74,5ef0088c1b19beeb,2023-12-09,886264a0c9f4ea5e,285ae0b4a68221f4,1,0.3137207226144189,Both in fitting data,Both have at least 5 prior UFC bouts,False,0.686279277385581
35addc4646509286,5ef0088c1b19beeb,2023-12-09,b671bdf981ad527d,51c655162e462ceb,1,0.6865744279544176,Both absent from fitting data,Both returning; minimum below 5,True,0.6865744279544176
3adab28c5c6a9254,5ef0088c1b19beeb,2023-12-09,32490e80ddab1e5a,dda15dbfafb792df,0,0.3835755417942412,One absent from fitting data,Both returning; minimum below 5,True,0.6164244582057588
5a6e894e4b6cc703,5ef0088c1b19beeb,2023-12-09,5078e1dacf9d25f4,5e6294b37bbef029,1,0.6363914374124121,One absent from fitting data,Both returning; minimum below 5,True,0.6363914374124121
5ac1725f775c6f00,5ef0088c1b19beeb,2023-12-09,20bccc9bb4ceb23e,97cf1a2c7c5e7889,0,0.4634453263721588,One absent from fitting data,Both returning; minimum below 5,True,0.5365546736278413
84f6de7c99779e5f,5ef0088c1b19beeb,2023-12-09,4461d7e47375a895,798e48f9e7f6ba22,1,0.6287303132980198,Both in fitting data,Both returning; minimum below 5,True,0.6287303132980198
91093a019d32af2e,5ef0088c1b19beeb,2023-12-09,d4c9dcd330403612,749f572d1d3161fb,0,0.5021944972381588,Both in fitting data,Both have at least 5 prior UFC bouts,False,0.5021944972381588
acc57a9c114b694a,5ef0088c1b19beeb,2023-12-09,b7b84ccd221be298,af9f42e6894047fc,1,0.5327972416367514,Both in fitting data,Both have at least 5 prior UFC bouts,True,0.5327972416367514
acde7c89bd724af8,5ef0088c1b19beeb,2023-12-09,02bb48869eb7ac8f,d35298b6df168456,0,0.5735517278689222,Both absent from fitting data,At least one UFC debutant,False,0.5735517278689222
f9ec8bedc15ece93,5ef0088c1b19beeb,2023-12-09,45f0cc9d18f35137,efb96bf3e9ada36f,0,0.4168721256378453,Both in fitting data,Both have at least 5 prior UFC bouts,True,0.5831278743621546
fbedeb4e4b019b94,5ef0088c1b19beeb,2023-12-09,3cf18e01cb6cbde3,c96d9178c9ed9e62,0,0.6383442659982578,Both in fitting data,Both have at least 5 prior UFC bouts,False,0.6383442659982578
1efc813ccd7a5aba,a8e8587a06e73c87,2023-12-16,01afe0916a40c7c5,4a28cb716c19157a,1,0.684402624448518,Both in fitting data,Both have at least 5 prior UFC bouts,True,0.684402624448518
3b21a9f48bac4a44,a8e8587a06e73c87,2023-12-16,d9c6f19f958643e9,fba03cd6cc28dc41,0,0.6475723909499712,Both in fitting data,Both have at least 5 prior UFC bouts,False,0.6475723909499712
3fa8ee3fdc04fe36,a8e8587a06e73c87,2023-12-16,f1fac969a1d70b08,dc9572dd6ec74859,1,0.4720818015160367,Both in fitting data,Both have at least 5 prior UFC bouts,False,0.5279181984839634
4896b36f1333d25c,a8e8587a06e73c87,2023-12-16,6e15f63b6c2e2c15,a0f0004aadf10b71,0,0.2968213377841014,Both in fitting data,Both have at least 5 prior UFC bouts,True,0.7031786622158986
4ec249e549309b16,a8e8587a06e73c87,2023-12-16,f00ac08ab056af5d,7f6ed67d3ed3c036,1,0.3547277871828186,Both in fitting data,Both returning; minimum below 5,False,0.6452722128171814
521a0e016878d174,a8e8587a06e73c87,2023-12-16,a495f599e787614f,e4277e87a789d687,1,0.4803165178203668,Both in fitting data,Both have at least 5 prior UFC bouts,False,0.5196834821796332
609d994bfe440ec3,a8e8587a06e73c87,2023-12-16,351c4ec637380ad5,578ef12674df1e6a,0,0.6524672701847709,Both in fitting data,Both have at least 5 prior UFC bouts,False,0.6524672701847709
abb6e2169ba580d2,a8e8587a06e73c87,2023-12-16,8fd808923cffff82,710f0f8c5d5c9d41,1,0.5385798111985857,Both in fitting data,Both returning; minimum below 5,True,0.5385798111985857
ac8628d945a78b03,a8e8587a06e73c87,2023-12-16,22a92d7f62195791,7826923b47f8d72a,0,0.310524773259835,Both in fitting data,Both returning; minimum below 5,True,0.6894752267401649
c442899c21d58779,a8e8587a06e73c87,2023-12-16,6551c64fbcd1a467,04835018f90b118c,1,0.3608510499893984,Both in fitting data,Both have at least 5 prior UFC bouts,False,0.6391489500106016
f8a8871d167fc929,a8e8587a06e73c87,2023-12-16,7be14eaed4c74856,d8c7c61b176e3994,0,0.3505942006250868,Both in fitting data,Both have at least 5 prior UFC bouts,True,0.6494057993749132
fce6522f42b48f18,a8e8587a06e73c87,2023-12-16,8eb046f83e82bf26,6747ccd6d1acd266,0,0.6672276290766683,One absent from fitting data,At least one UFC debutant,False,0.6672276290766683
03de7404decde12f,010986ee359fb863,2024-01-13,c0ac37a4a1133da9,96924b0019b3aff1,1,0.4772325041675516,Both absent from fitting data,Both returning; minimum below 5,False,0.5227674958324484
0494ebcee93e717b,010986ee359fb863,2024-01-13,52ef95b5860fb28c,7b3503352cd53abb,1,0.6253368503620059,Both absent from fitting data,At least one UFC debutant,True,0.6253368503620059
477c3b9de012e4b3,010986ee359fb863,2024-01-13,8b1ed83b02303075,a09ed60aa67a3f67,0,0.3581055422253573,One absent from fitting data,Both returning; minimum below 5,True,0.6418944577746427
5344e76e26503716,010986ee359fb863,2024-01-13,37f560436d745c18,6c3b2525436cf5d4,1,0.4442010597511839,One absent from fitting data,At least one UFC debutant,False,0.5557989402488162
5f622d812b8f407f,010986ee359fb863,2024-01-13,4aa58269d0664b5b,9fe7af8b3fbe00a0,0,0.4343736667131879,Both in fitting data,Both returning; minimum below 5,True,0.5656263332868121
640f2ae3995b3b4f,010986ee359fb863,2024-01-13,d1941565abf50b16,436f970c9ea9169c,1,0.4772944244868408,Both in fitting data,Both have at least 5 prior UFC bouts,False,0.5227055755131592
6f13fe34cb3ca906,010986ee359fb863,2024-01-13,3738e68d2261e60f,fc08099550072fe4,0,0.3442629070396644,Both in fitting data,Both returning; minimum below 5,True,0.6557370929603357
a8239866e1222eae,010986ee359fb863,2024-01-13,5987b2458f4b5290,bc711b6dd95c1af6,0,0.3869869428425713,Both in fitting data,Both have at least 5 prior UFC bouts,True,0.6130130571574287
d0d99889c6abd8e1,010986ee359fb863,2024-01-13,1e719d4b676dc19a,547afe1017e72dbe,1,0.3505443752361933,One absent from fitting data,Both returning; minimum below 5,False,0.6494556247638067
f2b407019b2a5c15,010986ee359fb863,2024-01-13,c21f26bbde777573,d802174b0c0c1f4e,0,0.3335036179314661,Both in fitting data,Both have at least 5 prior UFC bouts,True,0.6664963820685339
fd29123ff92789e4,010986ee359fb863,2024-01-13,17e97649403ba428,53c10176e3bc7416,1,0.7206270265857287,Both absent from fitting data,At least one UFC debutant,True,0.7206270265857287
14e53999507c76a7,bd85ca0bb4f26cfc,2024-01-20,0d8011111be000b2,0d7b51c9d2649a6e,0,0.3142434815274001,Both in fitting data,Both have at least 5 prior UFC bouts,True,0.6857565184725999
1a7cd191f0cf160c,bd85ca0bb4f26cfc,2024-01-20,040a74bb0a465c54,76e2870ffafbe38f,0,0.3559634639205126,Both in fitting data,Both have at least 5 prior UFC bouts,True,0.6440365360794874
331ddc1141e934d1,bd85ca0bb4f26cfc,2024-01-20,4682bc59d5f55145,f1d64ae34e088832,1,0.4401719183620545,Both in fitting data,Both have at least 5 prior UFC bouts,False,0.5598280816379455
43d90683078fcee5,bd85ca0bb4f26cfc,2024-01-20,c5ccd878231c5407,1a2bf44edb8055b6,1,0.4284738523286333,Both absent from fitting data,At least one UFC debutant,False,0.5715261476713667
670e4754d8d3d172,bd85ca0bb4f26cfc,2024-01-20,7b433309b0fd12aa,1effd880e1f1bb30,0,0.5008026554717658,Both in fitting data,Both returning; minimum below 5,False,0.5008026554717658
7736eb6bd5c1ff4a,bd85ca0bb4f26cfc,2024-01-20,a9e260472d321361,b1e5bcaad32a3cac,1,0.5349249490413163,Both in fitting data,Both have at least 5 prior UFC bouts,True,0.5349249490413163
97817609ed46baa0,bd85ca0bb4f26cfc,2024-01-20,dd6103dd7127db1d,84b3e7d38f2d2ec5,0,0.6121296836656991,Both in fitting data,Both returning; minimum below 5,False,0.6121296836656991
a10e2d5416972b9c,bd85ca0bb4f26cfc,2024-01-20,f998f5c102250d6e,8b6e5dc2ba1edbe7,0,0.4694137636652025,One absent from fitting data,Both returning; minimum below 5,True,0.5305862363347975
ab105e5a56b5ee90,bd85ca0bb4f26cfc,2024-01-20,09e62c450e754913,dee294e9717012c2,1,0.4191278843738323,Both in fitting data,Both returning; minimum below 5,False,0.5808721156261677
ba5005d1116fa45f,bd85ca0bb4f26cfc,2024-01-20,8e9eb3fc86db0f7d,5442f1bc4b47eaf3,0,0.5890407071681222,Both in fitting data,Both have at least 5 prior UFC bouts,False,0.5890407071681222
dff2685afd98ed9e,bd85ca0bb4f26cfc,2024-01-20,9673a497a9da119a,38c7f72747f4f712,0,0.3335004429447602,Both in fitting data,Both have at least 5 prior UFC bouts,True,0.6664995570552398
faf15b752fb8924c,bd85ca0bb4f26cfc,2024-01-20,cc8c623cca88f54f,fc169c387b4b465d,0,0.4132184718161861,Both in fitting data,Both have at least 5 prior UFC bouts,True,0.5867815281838139
330d86bfaa4155fe,cce79e827569f26e,2024-02-03,b12fb759e02378de,feedf3053472fe56,0,0.7022892509628481,One absent from fitting data,Both returning; minimum below 5,False,0.7022892509628481
4cff9aeef3ac75c1,cce79e827569f26e,2024-02-03,40f3cb27fc7305a1,776d4262c4da38bf,1,0.4958537755850825,One absent from fitting data,Both returning; minimum below 5,False,0.5041462244149175
733e675fd7c0052a,cce79e827569f26e,2024-02-03,b6452706b373eea1,519e4fe37ce9ff75,1,0.4876819568803297,Both in fitting data,Both have at least 5 prior UFC bouts,False,0.5123180431196703
767ceb4a0cb43ade,cce79e827569f26e,2024-02-03,327d5f279895110d,881bf86d4cba8578,0,0.4181848444719173,Both in fitting data,Both have at least 5 prior UFC bouts,True,0.5818151555280827
7b1882dc76786d77,cce79e827569f26e,2024-02-03,36541f1e6c5d4955,262d32ebda89efc4,0,0.3473505973573192,Both in fitting data,Both returning; minimum below 5,True,0.6526494026426808
af6d56860ba4d259,cce79e827569f26e,2024-02-03,c6aee362c7a7d482,447f9858ae78f921,1,0.6797371702140697,Both in fitting data,Both have at least 5 prior UFC bouts,True,0.6797371702140697
c28d40498150de90,cce79e827569f26e,2024-02-03,a78a87d8c2bbb1cb,528b071cf3da7c56,0,0.3881567925329586,Both in fitting data,Both have at least 5 prior UFC bouts,True,0.6118432074670415
ca7d61e167d7789c,cce79e827569f26e,2024-02-03,7f1bf0c255ec8756,814e5233e2acf2ee,0,0.6049479729531101,One absent from fitting data,Both returning; minimum below 5,False,0.6049479729531101
d4ace70b3661ee6c,cce79e827569f26e,2024-02-03,d7e40dca3ae125be,51018a31ddf31eb2,0,0.4955497342897968,Both in fitting data,Both have at least 5 prior UFC bouts,True,0.5044502657102032
df9847839c73a678,cce79e827569f26e,2024-02-03,f41b9f5efc7162d6,764d39074a352e33,1,0.5512240462056938,Both absent from fitting data,At least one UFC debutant,True,0.5512240462056938
e1930496b33fa636,cce79e827569f26e,2024-02-03,d008d785f6347dc2,5095b0920a3602aa,1,0.6511983948328124,Both absent from fitting data,Both returning; minimum below 5,True,0.6511983948328124
e396c509fb47b037,cce79e827569f26e,2024-02-03,267f4a6568abe245,e2be0c1a9b886d92,0,0.5026029932542427,Both absent from fitting data,At least one UFC debutant,False,0.5026029932542427
08f7a60bd84a6b3c,eaea0fc7b76525a8,2024-02-10,b0d6a1d8ac3d563d,d66a46de8d705353,1,0.4050647663101563,Both in fitting data,Both have at least 5 prior UFC bouts,False,0.5949352336898437
17050a7b673dc49d,eaea0fc7b76525a8,2024-02-10,f96856f9d69fd7e4,260bd4cef10b033f,0,0.3855437052809657,One absent from fitting data,At least one UFC debutant,True,0.6144562947190343
246fef4b19c3a7ed,eaea0fc7b76525a8,2024-02-10,b27a1fcb56a3035a,7ee0fd831c0fe7c3,0,0.5285134273764324,One absent from fitting data,At least one UFC debutant,False,0.5285134273764324
25259e230be9cdc9,eaea0fc7b76525a8,2024-02-10,8fd808923cffff82,82a5152216251682,0,0.5380048385678206,Both in fitting data,Both have at least 5 prior UFC bouts,False,0.5380048385678206
406f2aacd1d1faf9,eaea0fc7b76525a8,2024-02-10,c1085e1701b13eca,0a1942069c9ad6b6,0,0.702194176003643,Both in fitting data,Both returning; minimum below 5,False,0.702194176003643
478a637045ad49fb,eaea0fc7b76525a8,2024-02-10,9e92e1ca498d7244,41cc71cbf210e0fe,0,0.5465687087632559,One absent from fitting data,At least one UFC debutant,False,0.5465687087632559
5304956aada097e8,eaea0fc7b76525a8,2024-02-10,511e82663651438d,65db4065e2bc107d,1,0.3962968056305371,One absent from fitting data,Both returning; minimum below 5,False,0.6037031943694628
9d8473ae274ed625,eaea0fc7b76525a8,2024-02-10,260e9e0d4954aea6,369ea36e450ae62a,1,0.4643640982135797,Both in fitting data,Both returning; minimum below 5,False,0.5356359017864203
ad26bf55ff201f4f,eaea0fc7b76525a8,2024-02-10,56f7d7ee06be4aab,ef5dcb10d2bd4b0f,0,0.4597422776639954,One absent from fitting data,Both returning; minimum below 5,True,0.5402577223360046
c3986c1a56a6e94d,eaea0fc7b76525a8,2024-02-10,4e30e4250cb08b61,7138a15258dabf20,1,0.6544497527403348,One absent from fitting data,Both returning; minimum below 5,True,0.6544497527403348
dbfd7616dec2b6d5,eaea0fc7b76525a8,2024-02-10,cc7040fe76f0ef91,6370c1c1e12723d5,0,0.6241454393228288,Both in fitting data,Both have at least 5 prior UFC bouts,False,0.6241454393228288
e7938bac3ec8b442,eaea0fc7b76525a8,2024-02-10,d1c65d2cf2925ddd,0c6d9ea8306c029e,1,0.5782111108319384,Both in fitting data,Both have at least 5 prior UFC bouts,True,0.5782111108319384
edf46d6962be7e8d,eaea0fc7b76525a8,2024-02-10,4bdedbdeedff7d1d,0e46690e55a8df75,1,0.4284738523286333,Both absent from fitting data,At least one UFC debutant,False,0.5715261476713667
01432891260084a4,dab0e6cb8c932162,2024-02-17,e1147d3d2dabe1ce,2e5c2aa8e4ab9d82,1,0.5573157669931396,Both in fitting data,Both have at least 5 prior UFC bouts,True,0.5573157669931396
1456a3f96ac7e35b,dab0e6cb8c932162,2024-02-17,c15fa95b9a12fde4,ab943cd2c3c17825,0,0.4924660322104311,One absent from fitting data,Both returning; minimum below 5,True,0.5075339677895689
2aeb3ec2d8c05dc8,dab0e6cb8c932162,2024-02-17,3df5493bb279226f,7447e9f28508106a,1,0.478457307952111,Both in fitting data,Both have at least 5 prior UFC bouts,False,0.521542692047889
8fb0092430448368,dab0e6cb8c932162,2024-02-17,b997be68943010fc,442c9011034ae1fd,0,0.2863843237308174,Both in fitting data,Both have at least 5 prior UFC bouts,True,0.7136156762691825
9785420602b452f7,dab0e6cb8c932162,2024-02-17,c03520b5c88ed6b4,056c493bbd76a918,1,0.5006065174551242,Both in fitting data,Both have at least 5 prior UFC bouts,True,0.5006065174551242
9ddaa62cc806958d,dab0e6cb8c932162,2024-02-17,6b56e94a59b7b134,7a47e068f8017019,1,0.556916235029585,Both absent from fitting data,At least one UFC debutant,True,0.556916235029585
aeb3e4d9710207a4,dab0e6cb8c932162,2024-02-17,8a65fd9ba31fd3f7,49edd0d90f60fb7d,1,0.5366497775236899,Both absent from fitting data,At least one UFC debutant,True,0.5366497775236899
b7d238437d6644ce,dab0e6cb8c932162,2024-02-17,f29a6350c69f4a33,05fa626cb33d15b8,1,0.6799333751592219,Both in fitting data,Both have at least 5 prior UFC bouts,True,0.6799333751592219
bec3154a11df3299,dab0e6cb8c932162,2024-02-17,54f64b5e283b0ce7,e1248941344b3288,1,0.583373769829328,Both in fitting data,Both have at least 5 prior UFC bouts,True,0.583373769829328
e92fb5c609e20b49,dab0e6cb8c932162,2024-02-17,d8c811df0386d5e8,07f959e6596307bb,1,0.7275008044094642,Both absent from fitting data,At least one UFC debutant,True,0.7275008044094642
ef13ed466e0b42d8,dab0e6cb8c932162,2024-02-17,b7c5eb7cdbac6a63,876f478f796495f7,1,0.43939182855304,One absent from fitting data,At least one UFC debutant,False,0.56060817144696
f87a3fa07f0009c9,dab0e6cb8c932162,2024-02-17,9d83f6da776ff7d6,093e1f5bb73850be,0,0.3552755958714126,Both in fitting data,Both have at least 5 prior UFC bouts,True,0.6447244041285873
063e7ce759c52f81,902ab9197b83d0db,2024-02-24,b9f28e7045fdfce7,7debc13b36343605,1,0.4821592207313232,Both in fitting data,Both returning; minimum below 5,False,0.5178407792686768
1c03c1bb62f3aed6,902ab9197b83d0db,2024-02-24,31bb0772f21cabd8,5ef94841c4bc3f86,0,0.5605045516603102,One absent from fitting data,Both returning; minimum below 5,False,0.5605045516603102
3b05a4ced6dd74f5,902ab9197b83d0db,2024-02-24,cbf5e6f231b55443,def8166ff24bd237,0,0.6438966084245827,Both in fitting data,Both have at least 5 prior UFC bouts,False,0.6438966084245827
50dae6b76c9c6490,902ab9197b83d0db,2024-02-24,8d11d9c13e2ccdf7,21b813b919776d90,1,0.7225527520244606,One absent from fitting data,Both returning; minimum below 5,True,0.7225527520244606
5e8c710f9f27aff8,902ab9197b83d0db,2024-02-24,2526be54e6a0e62a,f2900678e98f6d6a,0,0.4399202565909178,One absent from fitting data,At least one UFC debutant,True,0.5600797434090822
673a156925dfb31d,902ab9197b83d0db,2024-02-24,2e7878927067fdca,fd406a32a6fb3a29,1,0.5199522287139616,One absent from fitting data,Both returning; minimum below 5,True,0.5199522287139616
6e4acb2aaa2cee56,902ab9197b83d0db,2024-02-24,e94085e821bd81de,40cb680ae1cd331f,0,0.4448344021617407,Both in fitting data,Both returning; minimum below 5,True,0.5551655978382593
74f5cbecac011abb,902ab9197b83d0db,2024-02-24,792be9a24df82ed6,6e15f63b6c2e2c15,0,0.6726337969092037,Both in fitting data,Both have at least 5 prior UFC bouts,False,0.6726337969092037
93ddc6b233d1956a,902ab9197b83d0db,2024-02-24,5cdf5339728f580d,dc7927cd622676a7,1,0.491241119637424,One absent from fitting data,Both returning; minimum below 5,False,0.508758880362576
a376f6d5806d0c90,902ab9197b83d0db,2024-02-24,1e4f273069fb9e85,d747eb273a40a920,1,0.3535513888947927,Both in fitting data,Both have at least 5 prior UFC bouts,False,0.6464486111052072
d1d3b6ab8a56e973,902ab9197b83d0db,2024-02-24,c051c2e12d692b8a,48812daf291a4e23,1,0.4212381484340708,Both absent from fitting data,Both returning; minimum below 5,False,0.5787618515659292
ecbece0cbd60029e,902ab9197b83d0db,2024-02-24,3920d0cc288f9b0d,4148802ae4a50768,0,0.4404768451548621,One absent from fitting data,Both returning; minimum below 5,True,0.5595231548451379
024beecfd3f0ed7a,e4a9dbade7c7e1a7,2024-03-02,67c1d46f4ed16f9e,32ab52e5de93092d,0,0.3691710146925942,One absent from fitting data,Both returning; minimum below 5,True,0.6308289853074058
32bd7ed48f5aea7e,e4a9dbade7c7e1a7,2024-03-02,830f60497fab345a,cad24459b28592ca,0,0.3384707835834041,Both in fitting data,Both have at least 5 prior UFC bouts,True,0.6615292164165959
3ea7d69a1238f26a,e4a9dbade7c7e1a7,2024-03-02,a93f94c923c3a9cb,972c456ff38b2015,1,0.5881380026573134,Both absent from fitting data,Both returning; minimum below 5,True,0.5881380026573134
4e566db7d26df001,e4a9dbade7c7e1a7,2024-03-02,d1053e55f00e53fe,5b86d491d63890c5,0,0.3640121124725121,One absent from fitting data,At least one UFC debutant,True,0.6359878875274879
5a82757b553c40fc,e4a9dbade7c7e1a7,2024-03-02,ab2b4ff41d6ebe0f,75353550928a7921,0,0.2753824205112551,Both in fitting data,Both have at least 5 prior UFC bouts,True,0.7246175794887448
838fd9d2b14e0790,e4a9dbade7c7e1a7,2024-03-02,2cd428e9606856fd,6747ccd6d1acd266,1,0.4255387116519332,One absent from fitting data,Both returning; minimum below 5,False,0.5744612883480669
a7d397cd0f2ac93a,e4a9dbade7c7e1a7,2024-03-02,bbab3baf66128ae2,24656ef4d605c96f,0,0.5825919452260125,Both in fitting data,Both returning; minimum below 5,False,0.5825919452260125
ba8f219260e212f8,e4a9dbade7c7e1a7,2024-03-02,597499ac7a5aac62,8c169fbe1ac33637,0,0.43939182855304,Both absent from fitting data,At least one UFC debutant,True,0.56060817144696
cde2f88251b73305,e4a9dbade7c7e1a7,2024-03-02,18d01f7f8338ae72,b6c37948cb226e8c,1,0.4284738523286333,Both absent from fitting data,At least one UFC debutant,False,0.5715261476713667
dcf5014e56649c2f,e4a9dbade7c7e1a7,2024-03-02,a4dc0f2b95df4cc1,2b6fc1c02736833d,0,0.3299300926105791,One absent from fitting data,At least one UFC debutant,True,0.670069907389421
df3cc5ec78d05a71,e4a9dbade7c7e1a7,2024-03-02,49e96ff8ab781589,71171fc96445bf65,0,0.3732940451316088,One absent from fitting data,Both returning; minimum below 5,True,0.6267059548683912
0133019a4f1055ee,a9df5ae20a97b090,2024-03-09,fa6796c55d6c5440,41e83a89929d1327,1,0.3844727728791361,Both in fitting data,Both have at least 5 prior UFC bouts,False,0.6155272271208638
270edfb687c0d20c,a9df5ae20a97b090,2024-03-09,a67d071163962af8,3a46b268013afede,1,0.4030065833342742,One absent from fitting data,At least one UFC debutant,False,0.5969934166657258
33658a3ca932d15d,a9df5ae20a97b090,2024-03-09,e872e9a9a902c045,6a740daf1b279661,0,0.2955162568478544,Both in fitting data,Both have at least 5 prior UFC bouts,True,0.7044837431521456
3677ce6c1ee06a83,a9df5ae20a97b090,2024-03-09,12f91bfa8f1f723b,b4192a975027aab6,1,0.479905487512172,Both in fitting data,Both have at least 5 prior UFC bouts,False,0.520094512487828
3d3dde60e3d59c1c,a9df5ae20a97b090,2024-03-09,077e3ace32b72be9,8d3273573b85be09,0,0.4138937959703415,One absent from fitting data,Both returning; minimum below 5,True,0.5861062040296585
68f7f992603192c6,a9df5ae20a97b090,2024-03-09,6b453bc35a823c3f,23024fdfc966410a,1,0.6330637113827308,Both in fitting data,Both have at least 5 prior UFC bouts,True,0.6330637113827308
6e73ebbd089aff5e,a9df5ae20a97b090,2024-03-09,c2299ec916bc7c56,029eaff01e6bb8f0,0,0.6069699489017355,Both in fitting data,Both have at least 5 prior UFC bouts,False,0.6069699489017355
7bc7af11050e861b,a9df5ae20a97b090,2024-03-09,cd13728ae1151f46,53c943c873cffe90,0,0.7022637530932949,Both in fitting data,Both have at least 5 prior UFC bouts,False,0.7022637530932949
894c44c3d04aaf6f,a9df5ae20a97b090,2024-03-09,b50a426a33da0012,7c7332319c14094c,1,0.6245141256031647,Both in fitting data,Both have at least 5 prior UFC bouts,True,0.6245141256031647
8baff440b82afd2b,a9df5ae20a97b090,2024-03-09,72db2a14ffa73ece,6a2f7c151031653d,1,0.6648928996619539,Both in fitting data,Both have at least 5 prior UFC bouts,True,0.6648928996619539
9861b6d04e6ed43c,a9df5ae20a97b090,2024-03-09,efb96bf3e9ada36f,d661ce4da776fc20,0,0.598354365416609,Both in fitting data,Both have at least 5 prior UFC bouts,False,0.598354365416609
cbdf29f36b343f6f,a9df5ae20a97b090,2024-03-09,b5da8f7d05e85a55,140567899d98978a,0,0.5433331030445501,One absent from fitting data,At least one UFC debutant,False,0.5433331030445501
ebb758b49e82d0ed,a9df5ae20a97b090,2024-03-09,6bd02119599741a4,60425d07ef4b91a7,0,0.3202294533552669,Both in fitting data,Both have at least 5 prior UFC bouts,True,0.679770546644733
f0a9dfbb6f6ac852,a9df5ae20a97b090,2024-03-09,595db60957de51d3,0d65c432720accb9,1,0.5267292869052352,Both in fitting data,Both have at least 5 prior UFC bouts,True,0.5267292869052352
2f414494f2b6f426,c398235fcaf8d71d,2024-03-16,9cdd2da1a9104a0b,91dac5e69e28d5b5,1,0.5132200833374583,Both in fitting data,Both have at least 5 prior UFC bouts,True,0.5132200833374583
35f9beb94b4ef9e2,c398235fcaf8d71d,2024-03-16,50db8711c70196cd,8667caa0451d245b,1,0.3476758642543774,Both in fitting data,Both have at least 5 prior UFC bouts,False,0.6523241357456226
451df53c13185584,c398235fcaf8d71d,2024-03-16,6d68c1afe954f121,65adf3856c4d9256,0,0.5590611173789644,One absent from fitting data,Both returning; minimum below 5,False,0.5590611173789644
4f20f3ada1489823,c398235fcaf8d71d,2024-03-16,fb3e61720be4690c,a29db9cd4f9ccea5,1,0.5505116017004182,Both in fitting data,Both returning; minimum below 5,True,0.5505116017004182
537b3cef39d2d573,c398235fcaf8d71d,2024-03-16,e99eb0ef25885de5,d945aae53e3e54e6,0,0.379948970892175,One absent from fitting data,At least one UFC debutant,True,0.620051029107825
569e0ba18701c305,c398235fcaf8d71d,2024-03-16,6ac9bc2953c47345,a331233f597090a5,1,0.4667827792097089,Both in fitting data,Both have at least 5 prior UFC bouts,False,0.5332172207902911
66873dde4077bd5d,c398235fcaf8d71d,2024-03-16,bc7d1ad49fcb2d08,3351aa64aa83c4d9,1,0.3995311249966307,One absent from fitting data,Both returning; minimum below 5,False,0.6004688750033693
711ec0545552455b,c398235fcaf8d71d,2024-03-16,af9efbfd63d39734,68d35296f566792b,1,0.3753036950826769,Both in fitting data,Both returning; minimum below 5,False,0.6246963049173231
8bc0c220f7dcefa7,c398235fcaf8d71d,2024-03-16,c62fbc117d57b943,c9cf753cfdf77fc2,0,0.49299821763344,Both in fitting data,Both have at least 5 prior UFC bouts,True,0.50700178236656
acc7392d48cc09a0,c398235fcaf8d71d,2024-03-16,a57cb948c4c70a47,5ec591b78349ba7e,0,0.5632136282399209,One absent from fitting data,Both returning; minimum below 5,False,0.5632136282399209
c26f27667c230391,c398235fcaf8d71d,2024-03-16,d964a59c48381cb6,6751eacd16bd59bc,1,0.4079441705779983,One absent from fitting data,At least one UFC debutant,False,0.5920558294220017
f1cbd73e7be64d28,c398235fcaf8d71d,2024-03-16,c7c39e2fb70248b3,68b8ebdfce9dbb61,1,0.4399202565909178,One absent from fitting data,At least one UFC debutant,False,0.5600797434090822
0e6782b758451063,79ff6545b0abc685,2024-03-23,69037fc7730e4225,082eba4cd80f736f,0,0.4708089783668747,One absent from fitting data,At least one UFC debutant,True,0.5291910216331253
127be512f86618b2,79ff6545b0abc685,2024-03-23,3c8a5200436e19f3,6e743a33d56bdaa4,0,0.5610025937698478,One absent from fitting data,Both returning; minimum below 5,False,0.5610025937698478
3223b7e196a07224,79ff6545b0abc685,2024-03-23,da7f113b5ea39c43,0d5cc0170c1a7e71,0,0.4739241848219135,One absent from fitting data,Both returning; minimum below 5,True,0.5260758151780864
48ff3f1bcefbf965,79ff6545b0abc685,2024-03-23,700a674c042b7a96,46e0d677f91bacc0,0,0.3968763666961672,Both in fitting data,Both have at least 5 prior UFC bouts,True,0.6031236333038328
72f123ddb4cc9d1c,79ff6545b0abc685,2024-03-23,aa171d55d4b5208f,52c2ae6d2f2d2613,0,0.5042542819899445,Both in fitting data,Both have at least 5 prior UFC bouts,False,0.5042542819899445
8c8337ce8437fe2e,79ff6545b0abc685,2024-03-23,1ae8f3c723aacff4,902ec2cc48c8ae8a,0,0.5811661628645488,Both in fitting data,Both have at least 5 prior UFC bouts,False,0.5811661628645488
a1294453a28beda3,79ff6545b0abc685,2024-03-23,d2f43cfaf8ca3560,e530df53922f413e,1,0.5512240462056938,Both absent from fitting data,At least one UFC debutant,True,0.5512240462056938
cd6452a463ec8a28,79ff6545b0abc685,2024-03-23,d35f734c56a89103,e13abac8089a801a,1,0.4718453513793769,One absent from fitting data,Both returning; minimum below 5,False,0.5281546486206231
d564e3a6c77d0c85,79ff6545b0abc685,2024-03-23,4144798612ef96e5,009c4420727149ea,1,0.6562917019656394,Both in fitting data,Both returning; minimum below 5,True,0.6562917019656394
de7cb625bdec0f91,79ff6545b0abc685,2024-03-23,cfc3e7bb44685289,a7151778b3381036,1,0.5449881458563035,Both in fitting data,Both returning; minimum below 5,True,0.5449881458563035
f1c3abce15ef053e,79ff6545b0abc685,2024-03-23,60193e707634e560,07047eb7d17fb0a2,0,0.4978870832929494,Both absent from fitting data,At least one UFC debutant,True,0.5021129167070506
f4ea27d942a390a5,79ff6545b0abc685,2024-03-23,6ad8e4296f7522d9,b1f21ce050035d58,0,0.5735517278689222,Both absent from fitting data,At least one UFC debutant,False,0.5735517278689222
faf19712bd7ea41e,79ff6545b0abc685,2024-03-23,47b63240018d5d86,beecb672a279223e,1,0.4668730433245936,Both in fitting data,Both have at least 5 prior UFC bouts,False,0.5331269566754064
17e8ab0065e9085f,dba230fe33011201,2024-03-30,07797f10b9569cfc,42ac4020cba261ad,0,0.4284738523286333,Both absent from fitting data,At least one UFC debutant,True,0.5715261476713667
636b01ee49925e49,dba230fe33011201,2024-03-30,e00a3dee329a51f7,583ee11abddfc581,0,0.4251794984122556,Both in fitting data,Both have at least 5 prior UFC bouts,True,0.5748205015877443
697e38075fd41819,dba230fe33011201,2024-03-30,82529ce93cd9a2cf,6e8f1bcdda94ff45,0,0.5465687087632559,One absent from fitting data,At least one UFC debutant,False,0.5465687087632559
77992b8727382373,dba230fe33011201,2024-03-30,12ebd7d157e91701,3a8176e15b9887c1,0,0.5520483204649673,Both in fitting data,Both have at least 5 prior UFC bouts,False,0.5520483204649673
91aa08e910fb4412,dba230fe33011201,2024-03-30,31f8081c7600da93,9abc648e76c4493a,1,0.3835646145744746,Both in fitting data,Both have at least 5 prior UFC bouts,False,0.6164353854255253
976abc27a4e5e26a,dba230fe33011201,2024-03-30,1291edf2d566a71a,4f140403000158b5,1,0.5286010505595924,Both in fitting data,Both returning; minimum below 5,True,0.5286010505595924
99dc6d45cbdfa322,dba230fe33011201,2024-03-30,7dda2cf308f24a02,8e5d953bdb9ae5e7,1,0.3294945586065995,Both in fitting data,Both have at least 5 prior UFC bouts,False,0.6705054413934005
ce33085fc5205bab,dba230fe33011201,2024-03-30,d4270315cbcf2569,5f61780fe5e9b6d0,1,0.5000227173577515,Both in fitting data,Both have at least 5 prior UFC bouts,True,0.5000227173577515
de12349f334c964e,dba230fe33011201,2024-03-30,b9437600497350f3,6d4b63c767106d3a,1,0.4084739252141878,Both in fitting data,Both have at least 5 prior UFC bouts,False,0.5915260747858122
e30250daa73005a8,dba230fe33011201,2024-03-30,49d2a08964c5eb11,4e6738062d469256,1,0.5713829129812201,Both absent from fitting data,Both returning; minimum below 5,True,0.5713829129812201
e6d4fdad2b3422d1,dba230fe33011201,2024-03-30,34ff304266360297,669970f7feba8ecd,1,0.3534533100984178,Both in fitting data,Both have at least 5 prior UFC bouts,False,0.6465466899015822
eb9f9f61507497a5,dba230fe33011201,2024-03-30,c68c68efaa5ca6ef,f748267c4ab6c127,1,0.4417363021128404,Both in fitting data,Both returning; minimum below 5,False,0.5582636978871596
f59cefe16905d62c,dba230fe33011201,2024-03-30,c4d039123e62f6a9,36e78278a77006d4,1,0.6100656948471811,Both absent from fitting data,At least one UFC debutant,True,0.6100656948471811
0b9cd718d7e329e8,899eaba48fa864a6,2024-04-06,cdb96af67d096b1e,523fa774700d7d3f,1,0.6247199213483927,Both in fitting data,Both have at least 5 prior UFC bouts,True,0.6247199213483927
1685eecc7ef37fb5,899eaba48fa864a6,2024-04-06,f2b3f4ef3f780168,bd532e9a2b93870c,1,0.4430897696395957,Both absent from fitting data,Both returning; minimum below 5,False,0.5569102303604043
188e6416157e5a1f,899eaba48fa864a6,2024-04-06,d3f5d33d61cd00c9,1d239d571e342453,1,0.4908024652927297,Both in fitting data,Both have at least 5 prior UFC bouts,False,0.5091975347072704
1f7566c90343a680,899eaba48fa864a6,2024-04-06,ffd3224638c01b57,e4ba58725825412d,1,0.4845244036225578,One absent from fitting data,At least one UFC debutant,False,0.5154755963774422
32375b4435fea5e6,899eaba48fa864a6,2024-04-06,5b03b61f9d90125e,e0c6edcb5b5d0b90,0,0.4384689902834624,Both absent from fitting data,Both returning; minimum below 5,True,0.5615310097165376
3ce96bb0c69b39be,899eaba48fa864a6,2024-04-06,2f181c0467965b98,5442f1bc4b47eaf3,1,0.6565629934506116,Both in fitting data,Both have at least 5 prior UFC bouts,True,0.6565629934506116
3cf5e0ebb5f8322c,899eaba48fa864a6,2024-04-06,64d47ef881a437a4,a817e238b2747404,1,0.3587247891320499,Both absent from fitting data,At least one UFC debutant,False,0.64127521086795
47f8812a335b6ce9,899eaba48fa864a6,2024-04-06,b39f7a6c2be17ee8,0bc697c5936a2d0a,1,0.469933777668635,Both absent from fitting data,Both returning; minimum below 5,False,0.530066222331365
5c3b8819dbe98114,899eaba48fa864a6,2024-04-06,f7be1db194e03d7e,f264ba50b007f39e,0,0.5000939675538795,Both absent from fitting data,At least one UFC debutant,False,0.5000939675538795
6ff21ea2c75c48ed,899eaba48fa864a6,2024-04-06,e4a47b07044ddd72,de45aaae23dfa392,1,0.6120449539396031,Both in fitting data,Both have at least 5 prior UFC bouts,True,0.6120449539396031
9c22ddb8d8fc1838,899eaba48fa864a6,2024-04-06,262a7d06203657e6,29af297d9f1de0f8,0,0.5561312214243491,Both in fitting data,Both have at least 5 prior UFC bouts,False,0.5561312214243491
ff5a8078ea85bbc7,899eaba48fa864a6,2024-04-06,0c25d0a5e8cdbf19,f5779a2303ed76ec,1,0.4352931603562083,One absent from fitting data,At least one UFC debutant,False,0.5647068396437918
01f7c28804746979,6750e338922a099d,2024-04-13,07225ba28ae309b6,eae48ff31db420c2,0,0.3889479667168736,Both in fitting data,Both have at least 5 prior UFC bouts,True,0.6110520332831264
0c2e3988793b418c,6750e338922a099d,2024-04-13,35673bf5204524ee,f14f644d41ade29f,1,0.5340364870397832,One absent from fitting data,Both returning; minimum below 5,True,0.5340364870397832
18824fa5c15c212f,6750e338922a099d,2024-04-13,4d8fa64202cee4c1,b6452706b373eea1,0,0.5404990499392578,Both in fitting data,Both have at least 5 prior UFC bouts,False,0.5404990499392578
3ab0d8b344d2ebea,6750e338922a099d,2024-04-13,aa72b0f831d0bfe5,d8c7c61b176e3994,1,0.5320804753572197,Both in fitting data,Both have at least 5 prior UFC bouts,True,0.5320804753572197
538ca98010ed00ec,6750e338922a099d,2024-04-13,f166e93d04a8c274,94426bb170c88115,1,0.3853359646781795,One absent from fitting data,Both returning; minimum below 5,False,0.6146640353218205
603afedc31d95999,6750e338922a099d,2024-04-13,6a1901c62ab3870f,cd2c4d30c6e13b47,1,0.6759146434013273,Both in fitting data,Both have at least 5 prior UFC bouts,True,0.6759146434013273
66eddbe35056c06d,6750e338922a099d,2024-04-13,1ebe20ebbfa15e29,c41d426cc7326d1b,1,0.6596725048988058,Both in fitting data,Both have at least 5 prior UFC bouts,True,0.6596725048988058
b1ac165326d8f29e,6750e338922a099d,2024-04-13,1af1170ed937cba7,634e2fb70bde3fd5,1,0.550713828345211,One absent from fitting data,At least one UFC debutant,True,0.550713828345211
cf5e8f98159c3971,6750e338922a099d,2024-04-13,9e8f6c728eb01124,150ff4cc642270b9,0,0.4168380296630604,Both in fitting data,Both have at least 5 prior UFC bouts,True,0.5831619703369396
d95f21817a56eb05,6750e338922a099d,2024-04-13,751de04455cfaac0,cb696ebfb6598724,0,0.2938267524275124,Both in fitting data,Both have at least 5 prior UFC bouts,True,0.7061732475724876
e4931f3ab3bf4141,6750e338922a099d,2024-04-13,e5549c82bfb5582d,5444c5a201d3ee5a,1,0.4779749802163532,Both in fitting data,Both have at least 5 prior UFC bouts,False,0.5220250197836468
eda1e8c285a0a788,6750e338922a099d,2024-04-13,333b9e5c723ac873,009341ed974bad72,0,0.4548090277428716,Both in fitting data,Both returning; minimum below 5,True,0.5451909722571284
efdad54c8550e6e0,6750e338922a099d,2024-04-13,d1941565abf50b16,887961364be5ceb3,0,0.5376173908087521,Both in fitting data,Both have at least 5 prior UFC bouts,False,0.5376173908087521
0976778a6e6cf8a8,a16ce18149021139,2024-04-27,8c1ca54b5089d199,436f970c9ea9169c,1,0.4732634845767042,Both in fitting data,Both returning; minimum below 5,False,0.5267365154232958
0a85b3ad328205ff,a16ce18149021139,2024-04-27,06626b6287e1ae1e,93b2b7caa457cbea,1,0.4284738523286333,Both absent from fitting data,At least one UFC debutant,False,0.5715261476713667
1631f70535ae5dcc,a16ce18149021139,2024-04-27,ec0dcceace7d25a3,38c5817ade8a8014,0,0.5837623089556052,One absent from fitting data,Both returning; minimum below 5,False,0.5837623089556052
417049c7a3d65ccc,a16ce18149021139,2024-04-27,89839250eb25c9c1,1a9480fc288e55d7,0,0.526968334875398,One absent from fitting data,Both returning; minimum below 5,False,0.526968334875398
45de6d0b9cf5451c,a16ce18149021139,2024-04-27,9d62c2d8ee151f08,6551c64fbcd1a467,1,0.5462613984230481,Both in fitting data,Both returning; minimum below 5,True,0.5462613984230481
4915c8a588513c22,a16ce18149021139,2024-04-27,b6203e0492a9336c,8bd4200561c77a62,0,0.4879570971859417,Both absent from fitting data,Both returning; minimum below 5,True,0.5120429028140583
55231cc4112334b4,a16ce18149021139,2024-04-27,94527830000ab715,eb8d8c2a95cfccb8,0,0.5099086644562238,Both in fitting data,Both returning; minimum below 5,False,0.5099086644562238
681cd3cc6299d652,a16ce18149021139,2024-04-27,d2cd7a69cc55e7ed,b4c57a8c2b773e82,1,0.4878086597154805,Both in fitting data,Both returning; minimum below 5,False,0.5121913402845195
6ea77cb62aa2f276,a16ce18149021139,2024-04-27,681399317dbf4701,4b47e71384a9522f,1,0.579593674199035,Both in fitting data,Both have at least 5 prior UFC bouts,True,0.579593674199035
7ca5604d99220e88,a16ce18149021139,2024-04-27,87c0b1c696ddfb43,ffe9703408fb5964,0,0.5215410306060768,Both in fitting data,Both have at least 5 prior UFC bouts,False,0.5215410306060768
a0cae57eae875820,a16ce18149021139,2024-04-27,1a31ef98efce7a79,ab2b4ff41d6ebe0f,0,0.5259319513795229,Both in fitting data,Both have at least 5 prior UFC bouts,False,0.5259319513795229
dae70ccdf9e7475e,a16ce18149021139,2024-04-27,be9bdec19b7e9ffe,25f9a5f3e8a52618,0,0.4399202565909178,Both absent from fitting data,At least one UFC debutant,True,0.5600797434090822
f41e83de703acf85,a16ce18149021139,2024-04-27,ef5dcb10d2bd4b0f,a67f5afa8d6a1b80,1,0.361180957999322,One absent from fitting data,Both returning; minimum below 5,False,0.6388190420006781
2db0998b24c11ea0,981ab7a0576f76a0,2024-05-04,eabf206b162b3b83,4126a78111c0855a,0,0.2888670640045727,Both in fitting data,Both have at least 5 prior UFC bouts,True,0.7111329359954273
2faf5b8d708f8e94,981ab7a0576f76a0,2024-05-04,ae7fe94f117f98cf,7cbf7c78d3b34218,0,0.3187962451291918,Both in fitting data,Both have at least 5 prior UFC bouts,True,0.6812037548708082
3e74caa9fff4a5eb,981ab7a0576f76a0,2024-05-04,595db60957de51d3,260bd4cef10b033f,1,0.5734916883942304,Both in fitting data,Both have at least 5 prior UFC bouts,True,0.5734916883942304
3f419fce8ba8aa0e,981ab7a0576f76a0,2024-05-04,32ab52e5de93092d,a0f0004aadf10b71,0,0.6431303801054066,One absent from fitting data,Both returning; minimum below 5,False,0.6431303801054066
4661e9ca9354021e,981ab7a0576f76a0,2024-05-04,e4faa79383c9f214,27b388f0aab49780,0,0.6025787873973658,Both absent from fitting data,At least one UFC debutant,False,0.6025787873973658
89db7aca37b87711,981ab7a0576f76a0,2024-05-04,eb393afdbe3293d5,c77a953488e5607d,1,0.5495031665586477,One absent from fitting data,Both returning; minimum below 5,True,0.5495031665586477
8a121f9c48f3773c,981ab7a0576f76a0,2024-05-04,bf2c8e01b07d3eb1,48a9a128784d53d1,1,0.4236746845145692,Both absent from fitting data,Both returning; minimum below 5,False,0.5763253154854309
a8718a3419a11e15,981ab7a0576f76a0,2024-05-04,71171fc96445bf65,d4c9dcd330403612,0,0.5926601071446803,One absent from fitting data,Both returning; minimum below 5,False,0.5926601071446803
b3d88eaea611a4a8,981ab7a0576f76a0,2024-05-04,d0f3959b4a9747e6,f2477cf43c4975cc,1,0.2978385221957682,Both in fitting data,Both have at least 5 prior UFC bouts,False,0.7021614778042318
b9de363e6b406853,981ab7a0576f76a0,2024-05-04,af9f42e6894047fc,9c393e836a852f30,0,0.5385347141105596,One absent from fitting data,At least one UFC debutant,False,0.5385347141105596
c456b1950208e0b2,981ab7a0576f76a0,2024-05-04,791c8437b341fba5,b8a85389d115e35a,1,0.4069799284104589,Both in fitting data,Both have at least 5 prior UFC bouts,False,0.5930200715895411
c84a29f426f1aab7,981ab7a0576f76a0,2024-05-04,d7c3816669784109,abcf2cc6efc42031,0,0.3797972299339396,Both in fitting data,Both returning; minimum below 5,True,0.6202027700660604
fe0f1b418e6d3ecb,981ab7a0576f76a0,2024-05-04,34b96d52db1d26e6,3fa97913cfd205d3,0,0.4288262709798103,One absent from fitting data,Both returning; minimum below 5,True,0.5711737290201897
13d8d5cd83e5b57e,5dfe71ade71f3a4b,2024-05-11,31ef8b67e13495b3,d25240135aee03e5,0,0.3706083748080133,Both in fitting data,Both have at least 5 prior UFC bouts,True,0.6293916251919867
420a5e3b4010ebef,5dfe71ade71f3a4b,2024-05-11,971246648e162f0d,19c591115a58982c,1,0.7016726255820235,Both in fitting data,Both have at least 5 prior UFC bouts,True,0.7016726255820235
4b45f190122a1ce1,5dfe71ade71f3a4b,2024-05-11,814e5233e2acf2ee,60a42bf82447c919,1,0.4828557569502772,Both in fitting data,Both returning; minimum below 5,False,0.5171442430497228
6c67aa7063717a0c,5dfe71ade71f3a4b,2024-05-11,f53d4f21d1b5f2dc,849c5d9979df5357,1,0.3264201443217467,One absent from fitting data,Both returning; minimum below 5,False,0.6735798556782533
6f0f84075fa1a4b0,5dfe71ade71f3a4b,2024-05-11,d31a5546c0e9b213,d3df1add9d9a7efb,0,0.651283153666381,Both in fitting data,Both have at least 5 prior UFC bouts,False,0.651283153666381
8aa07b6cc40f0cb2,5dfe71ade71f3a4b,2024-05-11,7aa3d6964eff4877,4682bc59d5f55145,0,0.3677497796297828,Both in fitting data,Both have at least 5 prior UFC bouts,True,0.6322502203702172
8d9bcbb48888a5a3,5dfe71ade71f3a4b,2024-05-11,323d4ca260dfa0ba,809bd1a871491508,1,0.3741248292203438,One absent from fitting data,Both returning; minimum below 5,False,0.6258751707796562
a049c12f43914449,5dfe71ade71f3a4b,2024-05-11,a495f599e787614f,9014c02eff8b3d62,0,0.3941579500606164,Both in fitting data,Both have at least 5 prior UFC bouts,True,0.6058420499393836
b78a222fb448aed4,5dfe71ade71f3a4b,2024-05-11,b9437600497350f3,49d2a08964c5eb11,1,0.4830480402119995,One absent from fitting data,Both returning; minimum below 5,False,0.5169519597880006
ccf3b6eda4c2a564,5dfe71ade71f3a4b,2024-05-11,4798e823ada58fe9,6fd953151d981979,1,0.4049077561723844,Both in fitting data,Both have at least 5 prior UFC bouts,False,0.5950922438276156
e98eb6de29c62c9c,5dfe71ade71f3a4b,2024-05-11,140567899d98978a,fc08099550072fe4,0,0.4362335805815326,One absent from fitting data,Both returning; minimum below 5,True,0.5637664194184674
ec5d705232983b87,5dfe71ade71f3a4b,2024-05-11,31dbfbe4e7a6727c,fa07345cc9db5cc9,1,0.4454751346462416,Both absent from fitting data,Both returning; minimum below 5,False,0.5545248653537584
069df63733dcf697,46baf0f57edfa4df,2024-05-18,2c483cf443f38ece,02f8fedc18cbd26c,1,0.4503652969950511,Both in fitting data,Both returning; minimum below 5,False,0.5496347030049489
17aa636aa98678d3,46baf0f57edfa4df,2024-05-18,64a50dad704d1d49,396fe87b84ac2e1c,0,0.3701509246101331,Both in fitting data,Both have at least 5 prior UFC bouts,True,0.6298490753898669
20220ace492af368,46baf0f57edfa4df,2024-05-18,40f3cb27fc7305a1,3d074044a33825e7,1,0.5396563468248323,One absent from fitting data,Both returning; minimum below 5,True,0.5396563468248323
28c6de749d0d0e9d,46baf0f57edfa4df,2024-05-18,e375cb5caf4717b6,c0d5c0c95c59050b,0,0.6136156607448949,Both in fitting data,Both returning; minimum below 5,False,0.6136156607448949
2a43df4cc047a28b,46baf0f57edfa4df,2024-05-18,a3a542074109b347,f0feeb2192937424,0,0.6163584272942652,Both in fitting data,Both returning; minimum below 5,False,0.6163584272942652
3aea9c60d25fc93b,46baf0f57edfa4df,2024-05-18,4f3064faf17aa711,a4a80dd7336ffd59,0,0.4394431132322674,Both in fitting data,Both returning; minimum below 5,True,0.5605568867677326
5dcade01fc840da6,46baf0f57edfa4df,2024-05-18,65cdf4ec31143d86,0232cabbc30a2372,0,0.393626184835412,One absent from fitting data,Both returning; minimum below 5,True,0.606373815164588
63605e9f3e71d738,46baf0f57edfa4df,2024-05-18,1897b7b913736a7c,102a8fdf8cbf7467,1,0.4459717954967593,Both in fitting data,Both returning; minimum below 5,False,0.5540282045032408
68ee31dd0853cdc9,46baf0f57edfa4df,2024-05-18,3e8118c1ab52f211,46e2011d92463b7e,0,0.4284738523286333,Both absent from fitting data,At least one UFC debutant,True,0.5715261476713667
85ddb65429a9d517,46baf0f57edfa4df,2024-05-18,a53d30163304aa6e,2558ae2e5671e318,0,0.4736210938932861,Both in fitting data,Both have at least 5 prior UFC bouts,True,0.5263789061067139
b5df5a0a0bda9256,46baf0f57edfa4df,2024-05-18,6c3b2525436cf5d4,3e708ce33b6b18e6,1,0.6824982036628279,Both absent from fitting data,Both returning; minimum below 5,True,0.6824982036628279
fc2bdd67c1a056a4,46baf0f57edfa4df,2024-05-18,36b8f265bcd1b7a4,d317a5e2b3f88c5f,1,0.3877739284750707,Both in fitting data,Both returning; minimum below 5,False,0.6122260715249292
1a0031e2072f21b6,6e4acc2c115215b5,2024-06-01,275aca31f61ba28c,029eaff01e6bb8f0,1,0.6100935939180594,Both in fitting data,Both have at least 5 prior UFC bouts,True,0.6100935939180594
2554b31a07f34e1a,6e4acc2c115215b5,2024-06-01,06e4245d16fc5315,f9ab66e67240db7b,1,0.4509712815302962,Both in fitting data,Both returning; minimum below 5,False,0.5490287184697038
605c16fa5a803b15,6e4acc2c115215b5,2024-06-01,3a46b268013afede,0d65c432720accb9,1,0.4591885331264345,Both in fitting data,Both have at least 5 prior UFC bouts,False,0.5408114668735655
7d9bb6fda0ea1ee0,6e4acc2c115215b5,2024-06-01,9e50097a89442158,f4d92416da98804b,0,0.5453702627124816,One absent from fitting data,Both returning; minimum below 5,False,0.5453702627124816
9e7538a788e6d789,6e4acc2c115215b5,2024-06-01,2e5c2aa8e4ab9d82,0d8011111be000b2,0,0.472906599899166,Both in fitting data,Both have at least 5 prior UFC bouts,True,0.527093400100834
b5d5b8e06ccb70a3,6e4acc2c115215b5,2024-06-01,d8da10db80131bec,cdb96af67d096b1e,1,0.4186404643730719,Both in fitting data,Both have at least 5 prior UFC bouts,False,0.5813595356269281
b7575b0ec9f81741,6e4acc2c115215b5,2024-06-01,8e382b585a92affe,a845f0735bc67405,0,0.4088238364090807,Both in fitting data,Both have at least 5 prior UFC bouts,True,0.5911761635909193
c0af8cf5befb2dcf,6e4acc2c115215b5,2024-06-01,c0badf3243907e59,41e83a89929d1327,0,0.4519858453581777,Both in fitting data,Both have at least 5 prior UFC bouts,True,0.5480141546418222
cf306c4714530f31,6e4acc2c115215b5,2024-06-01,99bd51917728c25d,af65aa688d13eedf,1,0.6527207664223631,Both in fitting data,Both have at least 5 prior UFC bouts,True,0.6527207664223631
ee24be90a01f552e,6e4acc2c115215b5,2024-06-01,9d83f6da776ff7d6,64d47ef881a437a4,1,0.6185329119229681,One absent from fitting data,Both returning; minimum below 5,True,0.6185329119229681
f1d3eec12662d8d7,6e4acc2c115215b5,2024-06-01,b1f21ce050035d58,0be6776db31d98ec,1,0.5869007546428087,Both absent from fitting data,At least one UFC debutant,True,0.5869007546428087
fd2d814a8a23798f,6e4acc2c115215b5,2024-06-01,c6aee362c7a7d482,8adcbd525fab8d9b,1,0.6387862008795627,Both in fitting data,Both have at least 5 prior UFC bouts,True,0.6387862008795627
052f53e006b28132,cba3a2dfbc06ce79,2024-06-08,13a0275fa13c4d26,881bf86d4cba8578,0,0.3992832613415945,Both in fitting data,Both have at least 5 prior UFC bouts,True,0.6007167386584056
251983e1bdae20fe,cba3a2dfbc06ce79,2024-06-08,d945aae53e3e54e6,5b86d491d63890c5,0,0.4617636073888927,Both in fitting data,Both have at least 5 prior UFC bouts,True,0.5382363926111073
2d12ae4683bbf433,cba3a2dfbc06ce79,2024-06-08,2e19380f34871c6a,e4277e87a789d687,1,0.4970253168243109,Both in fitting data,Both have at least 5 prior UFC bouts,False,0.5029746831756892
393f9bc7b51791a6,cba3a2dfbc06ce79,2024-06-08,82d4c957649faf9b,64facb6cc564262d,0,0.5092480639307321,Both in fitting data,Both have at least 5 prior UFC bouts,False,0.5092480639307321
3b12094dd48c2dc5,cba3a2dfbc06ce79,2024-06-08,23dec7c47cb418f8,d0e1b42d41dab603,1,0.4072371597013015,One absent from fitting data,Both returning; minimum below 5,False,0.5927628402986985
4c0adccb34c1d995,cba3a2dfbc06ce79,2024-06-08,a75a48bfe776b2c2,7b433309b0fd12aa,0,0.2693230863683746,One absent from fitting data,Both returning; minimum below 5,True,0.7306769136316253
753735b48b1c20b9,cba3a2dfbc06ce79,2024-06-08,bf7ad5628363eec9,8b1ed83b02303075,0,0.5625675732476467,Both in fitting data,Both have at least 5 prior UFC bouts,False,0.5625675732476467
790a8cd528233e50,cba3a2dfbc06ce79,2024-06-08,cffb87059e645bd1,de594b35c45c2e9a,1,0.5401016910628944,One absent from fitting data,Both returning; minimum below 5,True,0.5401016910628944
8afe89f5c451b372,cba3a2dfbc06ce79,2024-06-08,7ee0fd831c0fe7c3,feedf3053472fe56,1,0.4644421719021407,Both absent from fitting data,Both returning; minimum below 5,False,0.5355578280978592
a91fdb21a7ff52e5,cba3a2dfbc06ce79,2024-06-08,05fa626cb33d15b8,80d8aed0ca9b00f3,0,0.4357234178202092,Both in fitting data,Both have at least 5 prior UFC bouts,True,0.5642765821797908
b20640f9b2634de1,cba3a2dfbc06ce79,2024-06-08,02bb48869eb7ac8f,19f8a2f6eecd92ac,0,0.5512240462056938,Both absent from fitting data,At least one UFC debutant,False,0.5512240462056938
b34abcfe4c2e8a57,cba3a2dfbc06ce79,2024-06-08,cd3d7e37ff2d679c,fe2babf95de24fb1,0,0.3381208890714529,Both in fitting data,Both returning; minimum below 5,True,0.6618791109285471
dcc0c53100fa1dd2,cba3a2dfbc06ce79,2024-06-08,71505842fb6455c3,1e719d4b676dc19a,0,0.4251373513080596,One absent from fitting data,Both returning; minimum below 5,True,0.5748626486919404
e976815e397c40e1,cba3a2dfbc06ce79,2024-06-08,5fa2974cbd18e05c,850266b3dc4e506e,0,0.5237249702356496,One absent from fitting data,Both returning; minimum below 5,False,0.5237249702356496
06713afc60301c0c,9c5828c6fd9dc948,2024-06-15,971dba22c622af12,abb68e3c7ca128f2,1,0.4978870832929494,Both absent from fitting data,At least one UFC debutant,False,0.5021129167070506
19ef5890b20f903a,9c5828c6fd9dc948,2024-06-15,f1ab6f37492c630a,a6eb54ae17a551be,0,0.5862587987590704,Both absent from fitting data,At least one UFC debutant,False,0.5862587987590704
3b1438e9ec64990e,9c5828c6fd9dc948,2024-06-15,8d3273573b85be09,84f727cf0166d6f2,1,0.5514410196969198,Both absent from fitting data,Both returning; minimum below 5,True,0.5514410196969198
6bdb93f9b4581bf6,9c5828c6fd9dc948,2024-06-15,3a314d9fa7c6825d,46e0d677f91bacc0,0,0.3545467515115312,Both in fitting data,Both have at least 5 prior UFC bouts,True,0.6454532484884687
6f31285305881fe3,9c5828c6fd9dc948,2024-06-15,09e62c450e754913,6e9f40c706f91f32,0,0.3665065174515056,Both in fitting data,Both returning; minimum below 5,True,0.6334934825484944
78a7bf038e56881d,9c5828c6fd9dc948,2024-06-15,0e46690e55a8df75,710f0f8c5d5c9d41,0,0.4901448427740957,One absent from fitting data,Both returning; minimum below 5,True,0.5098551572259042
7f14be4e45bca6bd,9c5828c6fd9dc948,2024-06-15,ab2b4ff41d6ebe0f,4461d7e47375a895,0,0.3849562227919625,Both in fitting data,Both have at least 5 prior UFC bouts,True,0.6150437772080375
94f5b35b2b6c72b1,9c5828c6fd9dc948,2024-06-15,0a73acff6325c1e2,20bccc9bb4ceb23e,0,0.4288165648227158,One absent from fitting data,Both returning; minimum below 5,True,0.5711834351772842
ab7bc93bdf4132c4,9c5828c6fd9dc948,2024-06-15,a01a62132460a98d,876f478f796495f7,1,0.5150367375358278,Both in fitting data,Both returning; minimum below 5,True,0.5150367375358278
e47523ac32bfa24c,9c5828c6fd9dc948,2024-06-15,57186c150c645200,7b3503352cd53abb,0,0.7391913262068617,Both absent from fitting data,Both returning; minimum below 5,False,0.7391913262068617
fea3a0643218e16b,9c5828c6fd9dc948,2024-06-15,1effd880e1f1bb30,7af33fc4435017f1,0,0.4027623662548695,Both in fitting data,Both returning; minimum below 5,True,0.5972376337451305
0ac2da3dbaf2fce2,b12a1d19ee383b7c,2024-06-22,49edd0d90f60fb7d,6e344b71421103da,0,0.5839026443675492,Both absent from fitting data,At least one UFC debutant,False,0.5839026443675492
774fb0c0c1c2bc6a,b12a1d19ee383b7c,2024-06-22,7026eca45f65377b,b7b84ccd221be298,0,0.4927380626916236,Both in fitting data,Both have at least 5 prior UFC bouts,True,0.5072619373083764
8bd5f20f49434c65,b12a1d19ee383b7c,2024-06-22,8d11d9c13e2ccdf7,9256f591b30c073e,0,0.5650757510023425,Both absent from fitting data,At least one UFC debutant,False,0.5650757510023425
8db5cf5df713a7e9,b12a1d19ee383b7c,2024-06-22,a7897d200692ab64,a54660deb6a8489c,0,0.4779277115248354,One absent from fitting data,Both returning; minimum below 5,True,0.5220722884751646
8ddd53a7ed3754d5,b12a1d19ee383b7c,2024-06-22,8c0580d4fff106c1,8a1f3b5c526cd6e6,1,0.6002968750732023,Both in fitting data,Both have at least 5 prior UFC bouts,True,0.6002968750732023
9d5f562e0572058c,b12a1d19ee383b7c,2024-06-22,c21f26bbde777573,0845c81e37d3bcb3,0,0.4988144419935862,Both in fitting data,Both have at least 5 prior UFC bouts,True,0.5011855580064137
c0d6feef69ccb330,b12a1d19ee383b7c,2024-06-22,117a06469813e4ef,86bace9e4ad85542,1,0.4284738523286333,Both absent from fitting data,At least one UFC debutant,False,0.5715261476713667
cd3bb8a2824fbf22,b12a1d19ee383b7c,2024-06-22,279566840aa55bf2,f14cf73e51b29254,1,0.474694973782215,Both in fitting data,Both have at least 5 prior UFC bouts,False,0.525305026217785
de1acb6803ab3f14,b12a1d19ee383b7c,2024-06-22,8f765fd5775a8873,9d19d9e4aa2662e8,1,0.5727055359896819,Both in fitting data,Both returning; minimum below 5,True,0.5727055359896819
eba46dbf9cdd83c0,b12a1d19ee383b7c,2024-06-22,e1147d3d2dabe1ce,b07aed698fba8624,1,0.4125406723331379,One absent from fitting data,Both returning; minimum below 5,False,0.587459327666862
fbbf5391ea25521b,b12a1d19ee383b7c,2024-06-22,6d48a2df51749d91,06734ca9d88dec3a,0,0.3760408392850905,Both absent from fitting data,At least one UFC debutant,True,0.6239591607149095
08489fdfb56ee19c,f3743d8ef5dde970,2024-06-29,8fd808923cffff82,d247691a6c0e9034,1,0.4476584410085966,Both in fitting data,Both have at least 5 prior UFC bouts,False,0.5523415589914034
2517029ff9c1a1a2,f3743d8ef5dde970,2024-06-29,38c7f72747f4f712,eb04b9d31e938edb,1,0.7417818486750495,Both in fitting data,Both have at least 5 prior UFC bouts,True,0.7417818486750495
2b7883b304b3df1c,f3743d8ef5dde970,2024-06-29,52ef95b5860fb28c,f1d64ae34e088832,1,0.6433469563262307,One absent from fitting data,Both returning; minimum below 5,True,0.6433469563262307
3bbc222130d9dac7,f3743d8ef5dde970,2024-06-29,3738e68d2261e60f,8eb046f83e82bf26,0,0.3470013651766707,Both in fitting data,Both have at least 5 prior UFC bouts,True,0.6529986348233293
5f8a92f10e5451ce,f3743d8ef5dde970,2024-06-29,eb70e786bbdf1d16,6e743a33d56bdaa4,0,0.3760518908817832,Both absent from fitting data,Both returning; minimum below 5,True,0.6239481091182169
7856621db043423d,f3743d8ef5dde970,2024-06-29,2f43a3e82661fa99,798e48f9e7f6ba22,1,0.5217268765369374,One absent from fitting data,At least one UFC debutant,True,0.5217268765369374
a571c622ab89b3d9,f3743d8ef5dde970,2024-06-29,cc8c623cca88f54f,9cdd2da1a9104a0b,0,0.4077284894945254,Both in fitting data,Both have at least 5 prior UFC bouts,True,0.5922715105054746
bbe3d8a37a276511,f3743d8ef5dde970,2024-06-29,5987b2458f4b5290,18d01f7f8338ae72,0,0.4989788759342568,One absent from fitting data,Both returning; minimum below 5,True,0.5010211240657432
bca5d01f8775f852,f3743d8ef5dde970,2024-06-29,e5549c82bfb5582d,009341ed974bad72,1,0.5397982485749451,Both in fitting data,Both have at least 5 prior UFC bouts,True,0.5397982485749451
bf878c083a6b30ad,f3743d8ef5dde970,2024-06-29,327d5f279895110d,d4c9dcd330403612,1,0.4455587078431043,Both in fitting data,Both have at least 5 prior UFC bouts,False,0.5544412921568957
daa6b47be304ec86,f3743d8ef5dde970,2024-06-29,8e9eb3fc86db0f7d,c1085e1701b13eca,0,0.405367991399938,Both in fitting data,Both returning; minimum below 5,True,0.594632008600062
fbf77262d8da342b,f3743d8ef5dde970,2024-06-29,442c9011034ae1fd,a67d071163962af8,1,0.7509761713224653,One absent from fitting data,Both returning; minimum below 5,True,0.7509761713224653
fc8ad0c7fc70dde7,f3743d8ef5dde970,2024-06-29,f166e93d04a8c274,82a5152216251682,1,0.5438791733551788,One absent from fitting data,Both returning; minimum below 5,True,0.5438791733551788
1394ce1832ddefe0,66e0a70352fef46a,2024-07-13,47b63240018d5d86,68d4a891e5cf2029,1,0.3749743676070523,Both in fitting data,Both have at least 5 prior UFC bouts,False,0.6250256323929477
25747d81ae5c6564,66e0a70352fef46a,2024-07-13,d9a56ecb6e94f02e,65db4065e2bc107d,1,0.6118697999396224,One absent from fitting data,Both returning; minimum below 5,True,0.6118697999396224
54de03e04f571735,66e0a70352fef46a,2024-07-13,519e4fe37ce9ff75,52ef95b5860fb28c,0,0.329678404345428,One absent from fitting data,Both returning; minimum below 5,True,0.6703215956545721
582afc25875911d1,66e0a70352fef46a,2024-07-13,745fa7b605f8e2da,a9e260472d321361,0,0.511206231373818,One absent from fitting data,At least one UFC debutant,False,0.511206231373818
5eebde8fb4d67259,66e0a70352fef46a,2024-07-13,da22387a0407a2dc,cc1a8b4b38b92c6d,0,0.3456309205150343,One absent from fitting data,Both have at least 5 prior UFC bouts,True,0.6543690794849657
80108a70c4afa6c2,66e0a70352fef46a,2024-07-13,814e5233e2acf2ee,17e97649403ba428,1,0.3000645698278402,One absent from fitting data,Both returning; minimum below 5,False,0.6999354301721599
a63bb85cc39389c7,66e0a70352fef46a,2024-07-13,902ec2cc48c8ae8a,5ec591b78349ba7e,1,0.3592400266249565,Both in fitting data,Both have at least 5 prior UFC bouts,False,0.6407599733750435
d8e8d41282fc90dc,66e0a70352fef46a,2024-07-13,ca43de99b07b6b40,5f61780fe5e9b6d0,0,0.360896098620627,Both in fitting data,Both have at least 5 prior UFC bouts,True,0.639103901379373
dad759ec50508147,66e0a70352fef46a,2024-07-13,01641ba5df0c69b0,1497e735d9f2560a,1,0.5496672497843292,One absent from fitting data,Both returning; minimum below 5,True,0.5496672497843292
dff8e4ef87d69516,66e0a70352fef46a,2024-07-13,6d1bffff14897645,447f9858ae78f921,0,0.5817206092305296,Both in fitting data,Both have at least 5 prior UFC bouts,False,0.5817206092305296
e06bfd0100eccbad,66e0a70352fef46a,2024-07-13,a08ddd04eaffd81d,5078e1dacf9d25f4,0,0.3877875197169036,One absent from fitting data,Both returning; minimum below 5,True,0.6122124802830964
120ec60ad18cf6c5,c11036da9162cb5f,2024-07-20,a68575214ecad140,97cf1a2c7c5e7889,0,0.4957322677843975,Both in fitting data,Both have at least 5 prior UFC bouts,True,0.5042677322156025
40c18c6d64463809,c11036da9162cb5f,2024-07-20,7be14eaed4c74856,700a674c042b7a96,0,0.553880401324521,Both in fitting data,Both have at least 5 prior UFC bouts,False,0.553880401324521
4a00db8aeff200a2,c11036da9162cb5f,2024-07-20,7dda2cf308f24a02,3df5493bb279226f,1,0.383842278554637,Both in fitting data,Both have at least 5 prior UFC bouts,False,0.6161577214453631
6e6567a98ea78891,c11036da9162cb5f,2024-07-20,41cc71cbf210e0fe,d008d785f6347dc2,1,0.5046111316161515,Both absent from fitting data,Both returning; minimum below 5,True,0.5046111316161515
836e9bc5c1f6acd3,c11036da9162cb5f,2024-07-20,da7f113b5ea39c43,764d39074a352e33,0,0.4577194706665253,One absent from fitting data,Both returning; minimum below 5,True,0.5422805293334747
94541dd979e0b4bd,c11036da9162cb5f,2024-07-20,7f6ed67d3ed3c036,294aa73dbf37d281,0,0.504370442349863,Both in fitting data,Both have at least 5 prior UFC bouts,False,0.504370442349863
9eaa33f874bbb999,c11036da9162cb5f,2024-07-20,ca36633b80be4a78,a7151778b3381036,0,0.3971258478979282,One absent from fitting data,Both returning; minimum below 5,True,0.6028741521020717
b3f1253d0a991791,c11036da9162cb5f,2024-07-20,cfc3e7bb44685289,8c169fbe1ac33637,1,0.4527160834395507,One absent from fitting data,Both returning; minimum below 5,False,0.5472839165604493
c3ef9edf73626521,c11036da9162cb5f,2024-07-20,528b071cf3da7c56,3cf66c62d9069f43,1,0.5676991876919326,Both in fitting data,Both have at least 5 prior UFC bouts,True,0.5676991876919326
e655774643881e6c,c11036da9162cb5f,2024-07-20,27b388f0aab49780,f29a6350c69f4a33,0,0.4151525337082921,One absent from fitting data,Both returning; minimum below 5,True,0.5848474662917079
ec8bc554a0646638,c11036da9162cb5f,2024-07-20,e93b04e308913c2e,9abc648e76c4493a,1,0.3867869764487138,Both in fitting data,Both have at least 5 prior UFC bouts,False,0.6132130235512863
026bb9fd1b3f239d,026b4f7049085842,2024-07-27,476fe566d2df676e,6370c1c1e12723d5,1,0.4277399698226852,Both in fitting data,Both have at least 5 prior UFC bouts,False,0.5722600301773149
16b0a16ab2e20fdb,026b4f7049085842,2024-07-27,6b56e94a59b7b134,9fe7af8b3fbe00a0,1,0.5090485733221656,One absent from fitting data,Both returning; minimum below 5,True,0.5090485733221656
3183dfe66fcdd25f,026b4f7049085842,2024-07-27,4729c93ba705a3bf,8b6e5dc2ba1edbe7,0,0.3684250417870664,Both absent from fitting data,Both returning; minimum below 5,True,0.6315749582129335
3e2bde19e752f64b,026b4f7049085842,2024-07-27,887961364be5ceb3,7826923b47f8d72a,0,0.3401375502819736,Both in fitting data,Both have at least 5 prior UFC bouts,True,0.6598624497180263
45e6a9b56ee3a9d1,026b4f7049085842,2024-07-27,329e403448756217,361d49960a196976,1,0.6769045952853892,Both in fitting data,Both have at least 5 prior UFC bouts,True,0.6769045952853892
678eda89a096dde8,026b4f7049085842,2024-07-27,7138a15258dabf20,51018a31ddf31eb2,1,0.3936355437642184,One absent from fitting data,Both returning; minimum below 5,False,0.6063644562357816
8a2e28da18ba6a25,026b4f7049085842,2024-07-27,040a74bb0a465c54,9560ff14eb3129f7,1,0.5957511621419971,Both in fitting data,Both have at least 5 prior UFC bouts,True,0.5957511621419971
9d8c32c60df0e287,026b4f7049085842,2024-07-27,42ac4020cba261ad,60a42bf82447c919,0,0.4851634644013624,One absent from fitting data,Both returning; minimum below 5,True,0.5148365355986376
a5558e8fec59a687,026b4f7049085842,2024-07-27,0c25d0a5e8cdbf19,0d5cc0170c1a7e71,0,0.3469343410941486,One absent from fitting data,Both returning; minimum below 5,True,0.6530656589058514
d6e240c47ba6034d,026b4f7049085842,2024-07-27,75353550928a7921,5d1b7e3dd9e11074,1,0.6759330439193805,Both in fitting data,Both have at least 5 prior UFC bouts,True,0.6759330439193805
dff2ef8fdde8c502,026b4f7049085842,2024-07-27,9c442aaf149ea982,87f8699fdcc2c404,1,0.5512240462056938,Both absent from fitting data,At least one UFC debutant,True,0.5512240462056938
ec434314c5438fc7,026b4f7049085842,2024-07-27,399afbabc02376b5,fa6796c55d6c5440,1,0.5810584361060602,Both in fitting data,Both have at least 5 prior UFC bouts,True,0.5810584361060602
ec5163539a133f17,026b4f7049085842,2024-07-27,f1fac969a1d70b08,b1b0729d27936f2f,0,0.606803895335707,Both in fitting data,Both have at least 5 prior UFC bouts,False,0.606803895335707
f02fed4e98048471,026b4f7049085842,2024-07-27,a93f94c923c3a9cb,d1c65d2cf2925ddd,0,0.396652222178554,One absent from fitting data,Both returning; minimum below 5,True,0.603347777821446
1cd63899011c4bf6,fe435e440b5de0ff,2024-08-03,3753714927f18437,ec13c393d029297d,0,0.4928180963440254,Both absent from fitting data,Both returning; minimum below 5,True,0.5071819036559746
2d39c26876246223,fe435e440b5de0ff,2024-08-03,22a92d7f62195791,c58f51dedb310998,0,0.4857415360984043,Both in fitting data,Both have at least 5 prior UFC bouts,True,0.5142584639015957
33655fd07cfbe034,fe435e440b5de0ff,2024-08-03,65f09bacd3957381,2b6fc1c02736833d,0,0.4079455332988979,Both in fitting data,Both have at least 5 prior UFC bouts,True,0.5920544667011021
637f792270a0c746,fe435e440b5de0ff,2024-08-03,6747ccd6d1acd266,1a9480fc288e55d7,1,0.4101061210104738,One absent from fitting data,Both returning; minimum below 5,False,0.5898938789895263
77df662671ce11c5,fe435e440b5de0ff,2024-08-03,7772b283d288dbe2,6d38e41efa47a72d,1,0.4442010597511839,One absent from fitting data,At least one UFC debutant,False,0.5557989402488162
b38450d9aa0f52b8,fe435e440b5de0ff,2024-08-03,06734ca9d88dec3a,0d65c432720accb9,1,0.5069412258267116,One absent from fitting data,Both returning; minimum below 5,True,0.5069412258267116
bb85e207eba236bc,fe435e440b5de0ff,2024-08-03,aa72b0f831d0bfe5,7c7332319c14094c,1,0.4981277635966916,Both in fitting data,Both have at least 5 prior UFC bouts,False,0.5018722364033084
d038ff5ac21094f3,fe435e440b5de0ff,2024-08-03,4c88a1db5a46c6a4,40a456a25d52ee65,1,0.3566684512054798,One absent from fitting data,Both returning; minimum below 5,False,0.6433315487945201
d0d74672150ddea3,fe435e440b5de0ff,2024-08-03,8e5d953bdb9ae5e7,7447e9f28508106a,0,0.5002339892737617,Both in fitting data,Both have at least 5 prior UFC bouts,False,0.5002339892737617
de767dd5216bcad9,fe435e440b5de0ff,2024-08-03,58bbef3770bb2dfc,48a9a128784d53d1,1,0.4236389836143354,One absent from fitting data,Both returning; minimum below 5,False,0.5763610163856646
e6851877e33d343f,fe435e440b5de0ff,2024-08-03,0112352cb32f5026,4e6738062d469256,0,0.379591429622012,One absent from fitting data,Both returning; minimum below 5,True,0.620408570377988
f80143e1f3c3d319,fe435e440b5de0ff,2024-08-03,6c9b66b43663f2f7,e94085e821bd81de,0,0.67735388391654,One absent from fitting data,Both returning; minimum below 5,False,0.67735388391654
fbbb703581440496,fe435e440b5de0ff,2024-08-03,a495f599e787614f,e90a2f22417af68e,0,0.3977956533633369,Both in fitting data,Both returning; minimum below 5,True,0.6022043466366631
1332c1037c955d82,2c733e059462c1dc,2024-08-10,68b8ebdfce9dbb61,148bb103cfbf123e,0,0.3949157865750283,Both absent from fitting data,Both returning; minimum below 5,True,0.6050842134249717
1b5d5af1bc0a34c7,2c733e059462c1dc,2024-08-10,d35298b6df168456,1b35af4d1529adf6,0,0.4489147007379161,Both absent from fitting data,At least one UFC debutant,True,0.5510852992620838
6aa89b7b5350b8e2,2c733e059462c1dc,2024-08-10,45f0cc9d18f35137,32feae6d9a1e5047,1,0.5809754227936739,One absent from fitting data,At least one UFC debutant,True,0.5809754227936739
6bcaa0de4003cc41,2c733e059462c1dc,2024-08-10,25f9a5f3e8a52618,d35f734c56a89103,1,0.3618181216525558,Both absent from fitting data,Both returning; minimum below 5,False,0.6381818783474442
7b4284bd3033a319,2c733e059462c1dc,2024-08-10,0f1efce7d2571d10,b7c5eb7cdbac6a63,0,0.3925305697859387,Both absent from fitting data,At least one UFC debutant,True,0.6074694302140613
84973bbdffaf0d0e,2c733e059462c1dc,2024-08-10,e2f6b2769aaedd6c,c9cf753cfdf77fc2,1,0.6261142333711639,Both in fitting data,Both have at least 5 prior UFC bouts,True,0.6261142333711639
a7ac1dfcdc083694,2c733e059462c1dc,2024-08-10,91dac5e69e28d5b5,351c4ec637380ad5,0,0.3798482178821809,Both in fitting data,Both have at least 5 prior UFC bouts,True,0.6201517821178191
cd9851b8eadb53a9,2c733e059462c1dc,2024-08-10,52c2ae6d2f2d2613,082eba4cd80f736f,1,0.6413392730122076,Both in fitting data,Both returning; minimum below 5,True,0.6413392730122076
e0b14afd93af5638,2c733e059462c1dc,2024-08-10,3143bf892608139a,af9efbfd63d39734,1,0.5644429567376588,Both in fitting data,Both returning; minimum below 5,True,0.5644429567376588
e72a2130e7387637,2c733e059462c1dc,2024-08-10,e0c6edcb5b5d0b90,29af297d9f1de0f8,1,0.6199442489376472,One absent from fitting data,Both returning; minimum below 5,True,0.6199442489376472
059f5cf0e9e37627,32ba186f4b0e3267,2024-08-17,72db2a14ffa73ece,193b9d1858bc4df3,0,0.5014229936692629,Both in fitting data,Both have at least 5 prior UFC bouts,False,0.5014229936692629
075a102456080ab2,32ba186f4b0e3267,2024-08-17,2bd98ab77a8daa75,c051c2e12d692b8a,0,0.372398211092443,Both absent from fitting data,At least one UFC debutant,True,0.627601788907557
3c319d4659e6c8fd,32ba186f4b0e3267,2024-08-17,e64b96c07d7ce999,7ee0fd831c0fe7c3,0,0.4722994439947841,One absent from fitting data,Both returning; minimum below 5,True,0.5277005560052159
43ebfc8914a39061,32ba186f4b0e3267,2024-08-17,6751eacd16bd59bc,1ae8f3c723aacff4,0,0.3382381441537472,Both in fitting data,Both have at least 5 prior UFC bouts,True,0.6617618558462528
6c44af21414e4143,32ba186f4b0e3267,2024-08-17,1338e2c7480bdf9e,0d7b51c9d2649a6e,0,0.2770155827361961,Both in fitting data,Both have at least 5 prior UFC bouts,True,0.7229844172638039
b9d5c77ae7a8109b,32ba186f4b0e3267,2024-08-17,5078e1dacf9d25f4,04835018f90b118c,0,0.5883981853189245,One absent from fitting data,Both returning; minimum below 5,False,0.5883981853189245
bf8c5effd23f69c4,32ba186f4b0e3267,2024-08-17,853eb0dd5c0e2149,32ab52e5de93092d,1,0.4417037973452227,One absent from fitting data,Both returning; minimum below 5,False,0.5582962026547773
bfff6cf22c1c569c,32ba186f4b0e3267,2024-08-17,4f140403000158b5,a9da3158dd2c2b5a,0,0.4556084551547169,One absent from fitting data,Both returning; minimum below 5,True,0.5443915448452832
ce75f5ecbc0d3dfd,32ba186f4b0e3267,2024-08-17,dc07493a87dc0a6e,6c3b2525436cf5d4,0,0.2870786085209613,One absent from fitting data,Both returning; minimum below 5,True,0.7129213914790387
dd3d8f7066c145b7,32ba186f4b0e3267,2024-08-17,2cd428e9606856fd,c62fbc117d57b943,1,0.4786311411062698,Both in fitting data,Both have at least 5 prior UFC bouts,False,0.5213688588937302
ea4ff1d77928b029,32ba186f4b0e3267,2024-08-17,f5779a2303ed76ec,c15fa95b9a12fde4,1,0.5240685125420299,Both absent from fitting data,Both returning; minimum below 5,True,0.5240685125420299
ea824ac4b8ed8a35,32ba186f4b0e3267,2024-08-17,32490e80ddab1e5a,814ff3018127e8fc,1,0.5311447117404062,Both in fitting data,Both have at least 5 prior UFC bouts,True,0.5311447117404062
15805ae1eea3343e,be8ad887e4d674b0,2024-08-24,13a0275fa13c4d26,4126a78111c0855a,0,0.2455535629720642,Both in fitting data,Both have at least 5 prior UFC bouts,True,0.7544464370279358
2cbd53e43d3f606b,be8ad887e4d674b0,2024-08-24,4144798612ef96e5,6ac9bc2953c47345,0,0.6341927099608381,Both in fitting data,Both have at least 5 prior UFC bouts,False,0.6341927099608381
560f1e26c2a6690a,be8ad887e4d674b0,2024-08-24,5d495dec23d7c68e,c4d039123e62f6a9,1,0.5687154523248192,One absent from fitting data,Both returning; minimum below 5,True,0.5687154523248192
5c5523a6bf83e44f,be8ad887e4d674b0,2024-08-24,d5bab53a1a603aac,0cd0456d6029cec2,1,0.4114970103786249,Both absent from fitting data,At least one UFC debutant,False,0.5885029896213751
70afe9e0d2422252,be8ad887e4d674b0,2024-08-24,f0feeb2192937424,d25240135aee03e5,0,0.3555277597196495,Both in fitting data,Both have at least 5 prior UFC bouts,True,0.6444722402803504
903d588b30a471e8,be8ad887e4d674b0,2024-08-24,e3964ece586e0635,68d35296f566792b,1,0.5790567305527894,One absent from fitting data,Both returning; minimum below 5,True,0.5790567305527894
ae50a1a655b1a8f6,be8ad887e4d674b0,2024-08-24,c32aeb1a59e6272d,84b3e7d38f2d2ec5,1,0.6630884514071574,Both in fitting data,Both returning; minimum below 5,True,0.6630884514071574
ba8eda6993922ba0,be8ad887e4d674b0,2024-08-24,19c591115a58982c,93b2b7caa457cbea,1,0.4551945164071353,One absent from fitting data,Both returning; minimum below 5,False,0.5448054835928646
bad06a5380d762b8,be8ad887e4d674b0,2024-08-24,7facc9c45d792985,480779d7f9a424d3,0,0.4284738523286333,Both absent from fitting data,At least one UFC debutant,True,0.5715261476713667
d2caa1ddb9de7481,be8ad887e4d674b0,2024-08-24,23dec7c47cb418f8,baa9be02c3e3e038,1,0.5795918184879251,Both absent from fitting data,At least one UFC debutant,True,0.5795918184879251
d4127baf74b0e791,be8ad887e4d674b0,2024-08-24,2997e7fe3c9d3d4a,9dedfdd91070ddd8,1,0.4144808364326371,One absent from fitting data,At least one UFC debutant,False,0.5855191635673629
0c418b9cdfd525c9,ee0b69e307c857e5,2024-09-07,a2d342ffc83913ed,641ca2c2ed91b93c,1,0.5366497775236899,Both absent from fitting data,At least one UFC debutant,True,0.5366497775236899
453e6f2665c85fd7,ee0b69e307c857e5,2024-09-07,31f8081c7600da93,97cf1a2c7c5e7889,0,0.385604064311901,Both in fitting data,Both have at least 5 prior UFC bouts,True,0.614395935688099
69bde5bae0d6ec4f,ee0b69e307c857e5,2024-09-07,5cdf5339728f580d,b1f21ce050035d58,0,0.439503698667026,Both absent from fitting data,Both returning; minimum below 5,True,0.560496301332974
6e9876d2be2bbd02,ee0b69e307c857e5,2024-09-07,3f11fd1751fa83b1,f2f140ce7532e327,0,0.5892465785633212,Both absent from fitting data,Both returning; minimum below 5,False,0.5892465785633212
75fa9c0bb31caaa3,ee0b69e307c857e5,2024-09-07,0bc697c5936a2d0a,c739c2995a275314,0,0.5633701869649254,Both absent from fitting data,Both returning; minimum below 5,False,0.5633701869649254
abfd5ac6cf186d8a,ee0b69e307c857e5,2024-09-07,a57cb948c4c70a47,d7fe8c6b7d2872e5,1,0.5433244802284865,Both absent from fitting data,Both returning; minimum below 5,True,0.5433244802284865
b80c6eba11c54778,ee0b69e307c857e5,2024-09-07,06626b6287e1ae1e,a13d755965a4ec9f,1,0.512087410184179,One absent from fitting data,Both returning; minimum below 5,True,0.512087410184179
bcfaf1dd78f12f97,ee0b69e307c857e5,2024-09-07,6a1901c62ab3870f,262d32ebda89efc4,0,0.4598217451025989,Both in fitting data,Both have at least 5 prior UFC bouts,True,0.5401782548974011
ee9ade72b44dfa06,ee0b69e307c857e5,2024-09-07,23024fdfc966410a,45f7cb591c3ab00b,0,0.3592886009682706,Both in fitting data,Both have at least 5 prior UFC bouts,True,0.6407113990317295
f1613b372748c8bb,ee0b69e307c857e5,2024-09-07,2c483cf443f38ece,bc7d1ad49fcb2d08,0,0.4431049910899776,One absent from fitting data,Both returning; minimum below 5,True,0.5568950089100224
f734b497add754af,ee0b69e307c857e5,2024-09-07,a817e238b2747404,5f61780fe5e9b6d0,0,0.4878529766754886,One absent from fitting data,Both returning; minimum below 5,True,0.5121470233245113
fe59646ebad8b6e4,ee0b69e307c857e5,2024-09-07,67c1d46f4ed16f9e,7f6ed67d3ed3c036,0,0.4092262532231857,Both in fitting data,Both have at least 5 prior UFC bouts,True,0.5907737467768144
2335e75ce63805b6,0c01568b1ac77bff,2024-09-14,f166e93d04a8c274,def8166ff24bd237,1,0.4770974494880958,One absent from fitting data,Both have at least 5 prior UFC bouts,False,0.5229025505119043
2397e2a92710705a,0c01568b1ac77bff,2024-09-14,578ef12674df1e6a,d3f5d33d61cd00c9,0,0.3675348461665966,Both in fitting data,Both have at least 5 prior UFC bouts,True,0.6324651538334034
27d98a8ee6608e27,0c01568b1ac77bff,2024-09-14,323d4ca260dfa0ba,4148802ae4a50768,1,0.4432322240209737,One absent from fitting data,Both returning; minimum below 5,False,0.5567677759790264
3146e5a47a922976,0c01568b1ac77bff,2024-09-14,b50a426a33da0012,c03520b5c88ed6b4,0,0.4766851272884927,Both in fitting data,Both have at least 5 prior UFC bouts,True,0.5233148727115073
3733d100f7bd5590,0c01568b1ac77bff,2024-09-14,2e7878927067fdca,e4a47b07044ddd72,0,0.4953940943249976,Both in fitting data,Both returning; minimum below 5,True,0.5046059056750024
3cdc6fea724be133,0c01568b1ac77bff,2024-09-14,7d420039bbfe7c1a,fe2babf95de24fb1,0,0.3230623343349305,Both in fitting data,Both returning; minimum below 5,True,0.6769376656650695
6f83cfae0c800ef8,0c01568b1ac77bff,2024-09-14,132deb59abae64b1,e8b731feff72294b,1,0.59321169953809,Both in fitting data,Both have at least 5 prior UFC bouts,True,0.59321169953809
78b506e5092a27fd,0c01568b1ac77bff,2024-09-14,f2900678e98f6d6a,6d68c1afe954f121,1,0.5918857306698347,One absent from fitting data,Both returning; minimum below 5,True,0.5918857306698347
c60a317c7767abb7,0c01568b1ac77bff,2024-09-14,8bd4200561c77a62,40cb680ae1cd331f,1,0.4024709382031812,One absent from fitting data,Both returning; minimum below 5,False,0.5975290617968188
dae8ad2e03aa4a9a,0c01568b1ac77bff,2024-09-14,17e97649403ba428,5ef94841c4bc3f86,1,0.6749584489796846,Both absent from fitting data,Both returning; minimum below 5,True,0.6749584489796846
19706d8ba0edf9cd,079488710f012779,2024-09-28,e1d40e8782d80bc2,791c8437b341fba5,1,0.4381943308326795,Both in fitting data,Both returning; minimum below 5,False,0.5618056691673206
3599e9de4ae0e171,079488710f012779,2024-09-28,46e2011d92463b7e,74f9448b97bf8bec,1,0.4556895990457957,One absent from fitting data,Both returning; minimum below 5,False,0.5443104009542044
45f00a42a17f8e2a,079488710f012779,2024-09-28,f626118b6da0e020,dda15dbfafb792df,1,0.5261292605636153,One absent from fitting data,Both returning; minimum below 5,True,0.5261292605636153
47d978a984a163aa,079488710f012779,2024-09-28,e8fe9c15d348e778,dc7927cd622676a7,1,0.3474446289550388,One absent from fitting data,Both returning; minimum below 5,False,0.6525553710449612
62ff1e5deb124ff5,079488710f012779,2024-09-28,2f181c0467965b98,881bf86d4cba8578,0,0.5708162079415815,Both in fitting data,Both have at least 5 prior UFC bouts,False,0.5708162079415815
7ba432e218edc17d,079488710f012779,2024-09-28,06e4245d16fc5315,07047eb7d17fb0a2,1,0.5719777540710964,One absent from fitting data,Both returning; minimum below 5,True,0.5719777540710964
7ca4c91bab696b89,079488710f012779,2024-09-28,b6452706b373eea1,c2299ec916bc7c56,1,0.4565530419864719,Both in fitting data,Both have at least 5 prior UFC bouts,False,0.5434469580135282
89b772f864acb637,079488710f012779,2024-09-28,cd13728ae1151f46,64ad3e3b0efa30bb,1,0.5885535415619783,One absent from fitting data,At least one UFC debutant,True,0.5885535415619783
a187670c5ee1ec5f,079488710f012779,2024-09-28,f2b3f4ef3f780168,e3964ece586e0635,0,0.4453533246983692,Both absent from fitting data,Both returning; minimum below 5,True,0.5546466753016308
d063d46208c560b1,079488710f012779,2024-09-28,8b1ed83b02303075,37098a6e6c27fb66,1,0.599587180027476,Both in fitting data,Both have at least 5 prior UFC bouts,True,0.599587180027476
d806aacf5b6ba7f6,079488710f012779,2024-09-28,1e4f273069fb9e85,dccb63727f2f5f74,1,0.591294439290902,Both in fitting data,Both have at least 5 prior UFC bouts,True,0.591294439290902
e01019fbfe0e9528,079488710f012779,2024-09-28,37c5366d18ed6c05,5b86d491d63890c5,0,0.3006055300513767,Both in fitting data,Both have at least 5 prior UFC bouts,True,0.6993944699486233
eedc7fccf7037949,079488710f012779,2024-09-28,4bdedbdeedff7d1d,fd406a32a6fb3a29,0,0.5227322142930488,Both absent from fitting data,Both returning; minimum below 5,False,0.5227322142930488
f114929ed709606e,079488710f012779,2024-09-28,5b03b61f9d90125e,b909a9a9688b5284,1,0.5916487884077993,One absent from fitting data,Both returning; minimum below 5,True,0.5916487884077993
1d68bb733de24b06,eee8efec7b951d84,2024-10-05,fc169c387b4b465d,3253b16d38ae087d,0,0.5334278467811353,Both in fitting data,Both have at least 5 prior UFC bouts,False,0.5334278467811353
3d7d82fff71e395a,eee8efec7b951d84,2024-10-05,d0f3959b4a9747e6,bc711b6dd95c1af6,0,0.243760127373227,Both in fitting data,Both have at least 5 prior UFC bouts,True,0.756239872626773
58dec0a39cdefa3f,eee8efec7b951d84,2024-10-05,50db8711c70196cd,a67f5afa8d6a1b80,0,0.431176141706602,Both in fitting data,Both have at least 5 prior UFC bouts,True,0.568823858293398
58e5fc1914c4e641,eee8efec7b951d84,2024-10-05,31ef8b67e13495b3,d910665038efc639,1,0.4343723720573211,Both in fitting data,Both have at least 5 prior UFC bouts,False,0.5656276279426788
5931cd9cf5da5f75,eee8efec7b951d84,2024-10-05,3a46b268013afede,327d5f279895110d,0,0.5539638547882434,Both in fitting data,Both have at least 5 prior UFC bouts,False,0.5539638547882434
69bca5091b2a31f6,eee8efec7b951d84,2024-10-05,b9437600497350f3,4a28cb716c19157a,1,0.6309908089007916,Both in fitting data,Both have at least 5 prior UFC bouts,True,0.6309908089007916
84b3577229880760,eee8efec7b951d84,2024-10-05,523fa774700d7d3f,4b47e71384a9522f,1,0.4844058751700369,Both in fitting data,Both have at least 5 prior UFC bouts,False,0.5155941248299631
8c5e06c71f392f33,eee8efec7b951d84,2024-10-05,749f572d1d3161fb,e5549c82bfb5582d,0,0.418918338105351,Both in fitting data,Both have at least 5 prior UFC bouts,True,0.581081661894649
9ea124a13d071186,eee8efec7b951d84,2024-10-05,1af1170ed937cba7,b9706f80d005036c,1,0.5199114515718007,One absent from fitting data,Both returning; minimum below 5,True,0.5199114515718007
e8aad69aace1d31f,eee8efec7b951d84,2024-10-05,262a7d06203657e6,d2cd7a69cc55e7ed,1,0.5411723962307557,Both in fitting data,Both have at least 5 prior UFC bouts,True,0.5411723962307557
eb73b63bbd7b88a7,eee8efec7b951d84,2024-10-05,abcf2cc6efc42031,cd2c4d30c6e13b47,1,0.6417799602115487,Both in fitting data,Both returning; minimum below 5,True,0.6417799602115487
ed5b6681ab4e83e5,eee8efec7b951d84,2024-10-05,64d47ef881a437a4,260bd4cef10b033f,1,0.3734079139323288,One absent from fitting data,Both returning; minimum below 5,False,0.6265920860676713
48dd2c9cb39bd2d4,5bdcbd8dd681a257,2024-10-12,abb68e3c7ca128f2,3351aa64aa83c4d9,1,0.4756526186196355,One absent from fitting data,Both returning; minimum below 5,False,0.5243473813803645
57415110bd494c79,5bdcbd8dd681a257,2024-10-12,d8da10db80131bec,40f3cb27fc7305a1,0,0.3855332666922074,One absent from fitting data,Both returning; minimum below 5,True,0.6144667333077927
69a5895fde58432c,5bdcbd8dd681a257,2024-10-12,b8bbdeff718dbb7d,87c0b1c696ddfb43,1,0.4108548958194839,Both in fitting data,Both have at least 5 prior UFC bouts,False,0.589145104180516
6fa2dae90bda4742,5bdcbd8dd681a257,2024-10-12,0c6d9ea8306c029e,285ae0b4a68221f4,0,0.3460891065729601,Both in fitting data,Both have at least 5 prior UFC bouts,True,0.6539108934270399
85854504ce1aa97a,5bdcbd8dd681a257,2024-10-12,c15fa95b9a12fde4,0f3a990526c5e706,1,0.5793275928065238,Both absent from fitting data,At least one UFC debutant,True,0.5793275928065238
98c29ba02cee5ba3,5bdcbd8dd681a257,2024-10-12,e132d47bd9efbbe0,99bd51917728c25d,0,0.4502704972060877,Both in fitting data,Both have at least 5 prior UFC bouts,True,0.5497295027939123
998bde5639c61adb,5bdcbd8dd681a257,2024-10-12,6e15f63b6c2e2c15,4461d7e47375a895,1,0.295607375437086,Both in fitting data,Both have at least 5 prior UFC bouts,False,0.704392624562914
b23554da35a84fbc,5bdcbd8dd681a257,2024-10-12,e4ba58725825412d,8e6654e9f0461b8f,0,0.4399202565909178,One absent from fitting data,At least one UFC debutant,True,0.5600797434090822
de484433eef22e1d,5bdcbd8dd681a257,2024-10-12,e0d3d9b564f95635,b62d5280966b2460,0,0.43939182855304,Both absent from fitting data,At least one UFC debutant,True,0.56060817144696
ee5c0b8a757992af,5bdcbd8dd681a257,2024-10-12,c730a0be691dc081,c68c68efaa5ca6ef,0,0.5156639402440515,Both in fitting data,Both have at least 5 prior UFC bouts,False,0.5156639402440515
f1cc9169813c4a3e,5bdcbd8dd681a257,2024-10-12,7d0a1968b38ca439,077e3ace32b72be9,1,0.4868124219159346,One absent from fitting data,At least one UFC debutant,False,0.5131875780840653
f690949d90ff1dee,5bdcbd8dd681a257,2024-10-12,cdb96af67d096b1e,8a1f3b5c526cd6e6,0,0.6135607690350466,Both in fitting data,Both have at least 5 prior UFC bouts,False,0.6135607690350466
0599f35e6679de02,6a0047ac8c99fece,2024-10-19,92a9aa9c93192871,361d49960a196976,1,0.5939430101568003,Both in fitting data,Both have at least 5 prior UFC bouts,True,0.5939430101568003
308f6cb830019ea9,6a0047ac8c99fece,2024-10-19,ffd3224638c01b57,7b433309b0fd12aa,1,0.5348163440144749,One absent from fitting data,Both returning; minimum below 5,True,0.5348163440144749
32b8c6c4b735d712,6a0047ac8c99fece,2024-10-19,be9bdec19b7e9ffe,140567899d98978a,1,0.4724839554621207,Both absent from fitting data,Both returning; minimum below 5,False,0.5275160445378793
4277b02a4dadac40,6a0047ac8c99fece,2024-10-19,87f8699fdcc2c404,3f4c3bc822bea45d,0,0.440659804134035,One absent from fitting data,Both returning; minimum below 5,True,0.559340195865965
503d7342cc08109f,6a0047ac8c99fece,2024-10-19,814e5233e2acf2ee,3cf18e01cb6cbde3,1,0.4928196220612238,Both in fitting data,Both have at least 5 prior UFC bouts,False,0.5071803779387762
53f7f1b4834387a8,6a0047ac8c99fece,2024-10-19,ac7c765882f2c68c,c742287ed86a09bc,1,0.6114620341909497,Both in fitting data,Both have at least 5 prior UFC bouts,True,0.6114620341909497
a2f2c64f9fb3fb1c,6a0047ac8c99fece,2024-10-19,093e1f5bb73850be,595db60957de51d3,1,0.3323898973380452,Both in fitting data,Both have at least 5 prior UFC bouts,False,0.6676101026619548
a2f46e94aa6b0c64,6a0047ac8c99fece,2024-10-19,60a42bf82447c919,5c84f673b7bb7c15,0,0.6156029263518097,One absent from fitting data,At least one UFC debutant,False,0.6156029263518097
c61923255389e67c,6a0047ac8c99fece,2024-10-19,8d3273573b85be09,1a31ef98efce7a79,1,0.5615884368998452,One absent from fitting data,Both returning; minimum below 5,True,0.5615884368998452
f01b97e864cb4b8b,6a0047ac8c99fece,2024-10-19,60425d07ef4b91a7,05339613bf8e9808,0,0.6678205409384261,Both in fitting data,Both have at least 5 prior UFC bouts,False,0.6678205409384261
fc73ecbd83b7f159,6a0047ac8c99fece,2024-10-19,4f3064faf17aa711,f9ab66e67240db7b,0,0.3907096894520775,Both in fitting data,Both returning; minimum below 5,True,0.6092903105479225
108434acbbd75d26,221b2a3070c7ce3e,2024-10-26,369ea36e450ae62a,06734ca9d88dec3a,0,0.3646439381116713,One absent from fitting data,Both returning; minimum below 5,True,0.6353560618883287
1d65c141776949d6,221b2a3070c7ce3e,2024-10-26,b997be68943010fc,6a2f7c151031653d,1,0.558167083394879,Both in fitting data,Both have at least 5 prior UFC bouts,True,0.558167083394879
5c783cd188425783,221b2a3070c7ce3e,2024-10-26,f264ba50b007f39e,a09ed60aa67a3f67,0,0.3746396229273002,Both absent from fitting data,Both returning; minimum below 5,True,0.6253603770726999
6114076c689e8457,221b2a3070c7ce3e,2024-10-26,28d421729451c8ca,8f765fd5775a8873,0,0.4049502560646961,One absent from fitting data,At least one UFC debutant,True,0.595049743935304
781a2ea50f5ae68f,221b2a3070c7ce3e,2024-10-26,09a4447655fd4b7b,6e8f1bcdda94ff45,0,0.3925305697859387,Both absent from fitting data,At least one UFC debutant,True,0.6074694302140613
919e3c5cc6999cb3,221b2a3070c7ce3e,2024-10-26,bf2c8e01b07d3eb1,849c5d9979df5357,0,0.5899523651410551,Both absent from fitting data,Both returning; minimum below 5,False,0.5899523651410551
af6eeea1cfe33240,221b2a3070c7ce3e,2024-10-26,36b8f265bcd1b7a4,1e719d4b676dc19a,1,0.3993118854355893,One absent from fitting data,Both returning; minimum below 5,False,0.6006881145644107
b09f54654b0f95f5,221b2a3070c7ce3e,2024-10-26,333b9e5c723ac873,d802174b0c0c1f4e,0,0.3439372004163884,Both in fitting data,Both have at least 5 prior UFC bouts,True,0.6560627995836116
b8bf186f884678ea,221b2a3070c7ce3e,2024-10-26,767755fd74662dbf,e1147d3d2dabe1ce,1,0.6113725857022596,Both in fitting data,Both have at least 5 prior UFC bouts,True,0.6113725857022596
bde635a4f345bc3e,221b2a3070c7ce3e,2024-10-26,6a96ad1bc34fb113,12ebd7d157e91701,1,0.5028144554534321,Both in fitting data,Both returning; minimum below 5,True,0.5028144554534321
cc11a0762f246fa4,221b2a3070c7ce3e,2024-10-26,82a5152216251682,396fe87b84ac2e1c,0,0.3463043143007807,Both in fitting data,Both have at least 5 prior UFC bouts,True,0.6536956856992193
df7928de73fc2fe8,221b2a3070c7ce3e,2024-10-26,7a5e8c94a86f9895,8667caa0451d245b,0,0.4218735497778056,Both in fitting data,Both returning; minimum below 5,True,0.5781264502221943
ebf7cea27b83c432,221b2a3070c7ce3e,2024-10-26,150ff4cc642270b9,54f64b5e283b0ce7,0,0.3224061111462035,Both in fitting data,Both have at least 5 prior UFC bouts,True,0.6775938888537965
18729b11614406bf,3ab0df1ddd5f1dc2,2024-11-02,47b63240018d5d86,669970f7feba8ecd,0,0.4314668070801865,Both in fitting data,Both have at least 5 prior UFC bouts,True,0.5685331929198135
24581e2b39fe3319,3ab0df1ddd5f1dc2,2024-11-02,eb8d8c2a95cfccb8,f1d64ae34e088832,0,0.4173012179566279,Both in fitting data,Both have at least 5 prior UFC bouts,True,0.5826987820433721
5256ba94641a4284,3ab0df1ddd5f1dc2,2024-11-02,b8a85389d115e35a,52c2ae6d2f2d2613,0,0.5144861710306589,Both in fitting data,Both have at least 5 prior UFC bouts,False,0.5144861710306589
6ad594777cce2d7d,3ab0df1ddd5f1dc2,2024-11-02,71505842fb6455c3,8e9eb3fc86db0f7d,1,0.3748900853584597,Both in fitting data,Both have at least 5 prior UFC bouts,False,0.6251099146415403
799acf3ae8a5df0a,3ab0df1ddd5f1dc2,2024-11-02,792be9a24df82ed6,6d35bf94f7d30241,1,0.4466263503745143,Both in fitting data,Both have at least 5 prior UFC bouts,False,0.5533736496254857
7edf2fe3a8776a44,3ab0df1ddd5f1dc2,2024-11-02,49edd0d90f60fb7d,89839250eb25c9c1,1,0.5753194999984401,Both absent from fitting data,Both returning; minimum below 5,True,0.5753194999984401
b989d4d7e220b3c1,3ab0df1ddd5f1dc2,2024-11-02,6bd02119599741a4,24656ef4d605c96f,0,0.4411598804999271,Both in fitting data,Both have at least 5 prior UFC bouts,True,0.558840119500073
c9cef59a5de32219,3ab0df1ddd5f1dc2,2024-11-02,c7c39e2fb70248b3,700a674c042b7a96,0,0.5041561234460342,Both in fitting data,Both returning; minimum below 5,False,0.5041561234460342
d29a82322bb083d9,3ab0df1ddd5f1dc2,2024-11-02,b27a1fcb56a3035a,dd6103dd7127db1d,0,0.4392666861523831,Both in fitting data,Both returning; minimum below 5,True,0.5607333138476169
de084f0d65421cfa,3ab0df1ddd5f1dc2,2024-11-02,d31a5546c0e9b213,c0badf3243907e59,0,0.408261619487778,Both in fitting data,Both have at least 5 prior UFC bouts,True,0.591738380512222
eaa885cf7ae31e0b,3ab0df1ddd5f1dc2,2024-11-02,a9e260472d321361,6551c64fbcd1a467,1,0.5058630670961257,Both in fitting data,Both have at least 5 prior UFC bouts,True,0.5058630670961257
f0723cda67db3954,3ab0df1ddd5f1dc2,2024-11-02,5c637af9472ae7cc,38c5817ade8a8014,1,0.4063121666934918,Both absent from fitting data,Both returning; minimum below 5,False,0.5936878333065082
f93b074dfd47b4b4,3ab0df1ddd5f1dc2,2024-11-02,1a2bf44edb8055b6,1effd880e1f1bb30,1,0.3703100795201654,One absent from fitting data,Both returning; minimum below 5,False,0.6296899204798345
154138c8fc89c315,585f9ffdb0cd0466,2024-11-09,d549cefc7c54ab78,6ac9bc2953c47345,1,0.4746656197323367,One absent from fitting data,At least one UFC debutant,False,0.5253343802676633
32f2965b4f4c4ebf,585f9ffdb0cd0466,2024-11-09,9f5e3c20ce40b344,bd532e9a2b93870c,0,0.5017421391069188,Both absent from fitting data,At least one UFC debutant,False,0.5017421391069188
582846744e379178,585f9ffdb0cd0466,2024-11-09,147e70aa6cc48cfc,6d48a2df51749d91,1,0.580636770907588,One absent from fitting data,Both returning; minimum below 5,True,0.580636770907588
6b9ed3867dd42b3b,585f9ffdb0cd0466,2024-11-09,4aa58269d0664b5b,feedf3053472fe56,0,0.5785605874972706,One absent from fitting data,Both returning; minimum below 5,False,0.5785605874972706
6fd1edb58d271f7c,585f9ffdb0cd0466,2024-11-09,bf7ad5628363eec9,da22387a0407a2dc,0,0.4808261283714302,One absent from fitting data,Both have at least 5 prior UFC bouts,True,0.5191738716285699
73f451d894a1d4ca,585f9ffdb0cd0466,2024-11-09,7ee0fd831c0fe7c3,84b3e7d38f2d2ec5,1,0.6223667335797001,One absent from fitting data,Both returning; minimum below 5,True,0.6223667335797001
c31d9cac7534d879,585f9ffdb0cd0466,2024-11-09,a3a542074109b347,38c7f72747f4f712,0,0.4016901675394069,Both in fitting data,Both have at least 5 prior UFC bouts,True,0.5983098324605931
c9d2a718f39274c0,585f9ffdb0cd0466,2024-11-09,03dee485905dbc9f,8adcbd525fab8d9b,0,0.5478624822016794,One absent from fitting data,At least one UFC debutant,False,0.5478624822016794
e62033cb1e79aa81,585f9ffdb0cd0466,2024-11-09,d7c3816669784109,cffb87059e645bd1,0,0.3501022227466228,Both in fitting data,Both have at least 5 prior UFC bouts,True,0.6498977772533772
e6685759ed2af90d,585f9ffdb0cd0466,2024-11-09,8173f134396cb971,96924b0019b3aff1,0,0.4047345321054805,Both absent from fitting data,At least one UFC debutant,True,0.5952654678945195
ea6427379a83bd01,585f9ffdb0cd0466,2024-11-09,866fd7b1a6c90e7f,841695e02c99a521,0,0.4419926038744092,One absent from fitting data,At least one UFC debutant,True,0.5580073961255908
00414fc5519233b4,daff32bc96d1eabf,2024-11-16,3d074044a33825e7,9e50097a89442158,1,0.3733579390310421,Both in fitting data,Both have at least 5 prior UFC bouts,False,0.6266420609689579
2a930e2d7e1f87a9,daff32bc96d1eabf,2024-11-16,c0ac37a4a1133da9,f2477cf43c4975cc,1,0.4748535263768333,One absent from fitting data,Both returning; minimum below 5,False,0.5251464736231667
35c8223cc967fe0a,daff32bc96d1eabf,2024-11-16,29af297d9f1de0f8,d1941565abf50b16,0,0.5342937988532572,Both in fitting data,Both have at least 5 prior UFC bouts,False,0.5342937988532572
40e2a7b65794ac05,daff32bc96d1eabf,2024-11-16,4798e823ada58fe9,de594b35c45c2e9a,0,0.5472508956725386,One absent from fitting data,Both returning; minimum below 5,False,0.5472508956725386
4f4189009a190e35,daff32bc96d1eabf,2024-11-16,4b93a88f3b1de35b,07225ba28ae309b6,0,0.4001924033258791,Both in fitting data,Both have at least 5 prior UFC bouts,True,0.599807596674121
55eebc2ee92bf00a,daff32bc96d1eabf,2024-11-16,93b2b7caa457cbea,9c393e836a852f30,0,0.4933075719333363,Both absent from fitting data,Both returning; minimum below 5,True,0.5066924280666637
6c1faa6284428e5d,daff32bc96d1eabf,2024-11-16,c9cf753cfdf77fc2,25f9a5f3e8a52618,1,0.4927278764562201,One absent from fitting data,Both returning; minimum below 5,False,0.5072721235437798
8545a2495db16538,daff32bc96d1eabf,2024-11-16,9d62c2d8ee151f08,36541f1e6c5d4955,0,0.6251252601698903,Both in fitting data,Both returning; minimum below 5,False,0.6251252601698903
9676a4e9362e4bfd,daff32bc96d1eabf,2024-11-16,f4d92416da98804b,6b56e94a59b7b134,0,0.408824142503272,Both absent from fitting data,Both returning; minimum below 5,True,0.5911758574967281
b35e47f2f58ef026,daff32bc96d1eabf,2024-11-16,d28dee5c705991df,07f72a2a7591b409,0,0.2417052871045676,Both in fitting data,Both have at least 5 prior UFC bouts,True,0.7582947128954324
c565e2baa27cc7e5,daff32bc96d1eabf,2024-11-16,15ea371202eb25e1,ffe9703408fb5964,0,0.4433510002099314,One absent from fitting data,At least one UFC debutant,True,0.5566489997900685
cfd3e62c638fbd1f,daff32bc96d1eabf,2024-11-16,eabf206b162b3b83,35673bf5204524ee,0,0.2861633148161122,One absent from fitting data,Both returning; minimum below 5,True,0.7138366851838878
02ec66f311dce539,e955046551f8c7dd,2024-11-23,0845c81e37d3bcb3,9014c02eff8b3d62,0,0.3459223854404812,Both in fitting data,Both have at least 5 prior UFC bouts,True,0.6540776145595188
38f1c83c19e99fa2,e955046551f8c7dd,2024-11-23,88be62d6c1e6dadb,bb2c3c3a466224af,0,0.5366497775236899,Both absent from fitting data,At least one UFC debutant,False,0.5366497775236899
56d2c00dfd391fcf,e955046551f8c7dd,2024-11-23,6967153c7edb4d87,8a65fd9ba31fd3f7,0,0.3925305697859387,Both absent from fitting data,At least one UFC debutant,True,0.6074694302140613
5dab54e34c2cfe01,e955046551f8c7dd,2024-11-23,17cb6d8e8187f304,798e48f9e7f6ba22,0,0.4535269896748721,One absent from fitting data,At least one UFC debutant,True,0.5464730103251279
64d6d51219e0664c,e955046551f8c7dd,2024-11-23,a6eb54ae17a551be,2997e7fe3c9d3d4a,1,0.5352276814642641,Both absent from fitting data,Both returning; minimum below 5,True,0.5352276814642641
828de4f5585c908c,e955046551f8c7dd,2024-11-23,3be16d817b36098b,296a120cb880477b,1,0.5735517278689222,Both absent from fitting data,At least one UFC debutant,True,0.5735517278689222
86a2f07e0bf20297,e955046551f8c7dd,2024-11-23,8c1ca54b5089d199,37f560436d745c18,0,0.5831398710174458,Both in fitting data,Both returning; minimum below 5,False,0.5831398710174458
9c207acb12c17a67,e955046551f8c7dd,2024-11-23,8677e67a75d65b8e,a474aade8eb3a8f0,0,0.5366497775236899,Both absent from fitting data,At least one UFC debutant,False,0.5366497775236899
baee9b2491c986e2,e955046551f8c7dd,2024-11-23,c940b42df95bbd28,d683f4870742b273,0,0.6025787873973658,Both absent from fitting data,At least one UFC debutant,False,0.6025787873973658
bec57d7cce0e6257,e955046551f8c7dd,2024-11-23,447f9858ae78f921,32490e80ddab1e5a,1,0.4325966348592298,Both in fitting data,Both have at least 5 prior UFC bouts,False,0.5674033651407702
f0c4aff7dd1ec4e9,e955046551f8c7dd,2024-11-23,c41d426cc7326d1b,d25240135aee03e5,1,0.4565789729290659,Both in fitting data,Both have at least 5 prior UFC bouts,False,0.5434210270709341
f53573316a4f349f,e955046551f8c7dd,2024-11-23,d661ce4da776fc20,aa72b0f831d0bfe5,1,0.477921625462359,Both in fitting data,Both have at least 5 prior UFC bouts,False,0.5220783745376409
f5f28a8b472b8012,e955046551f8c7dd,2024-11-23,32feae6d9a1e5047,86bace9e4ad85542,0,0.4043435924204515,Both absent from fitting data,Both returning; minimum below 5,True,0.5956564075795485
0292b9c31c0089ac,ad23903ef3af7406,2024-12-07,242d36d241b43c12,d9c6f19f958643e9,0,0.3305660278815494,Both in fitting data,Both returning; minimum below 5,True,0.6694339721184506
089388c9f00ce9c6,ad23903ef3af7406,2024-12-07,e93b04e308913c2e,583ee11abddfc581,1,0.4278749236537263,Both in fitting data,Both have at least 5 prior UFC bouts,False,0.5721250763462737
0f16d83859d608c7,ad23903ef3af7406,2024-12-07,3a8176e15b9887c1,cad24459b28592ca,0,0.5737183783500206,Both in fitting data,Both have at least 5 prior UFC bouts,False,0.5737183783500206
1569186ee820ea87,ad23903ef3af7406,2024-12-07,01afe0916a40c7c5,442c9011034ae1fd,1,0.3701853714621771,Both in fitting data,Both have at least 5 prior UFC bouts,False,0.6298146285378229
4914f7bd073c6359,ad23903ef3af7406,2024-12-07,40f3cb27fc7305a1,6d4b63c767106d3a,0,0.4456951779363035,One absent from fitting data,Both have at least 5 prior UFC bouts,True,0.5543048220636966
72b12a837290b327,ad23903ef3af7406,2024-12-07,971246648e162f0d,c47df9303d318c67,1,0.6785791932836576,Both in fitting data,Both have at least 5 prior UFC bouts,True,0.6785791932836576
7c0d0a28a8fba102,ad23903ef3af7406,2024-12-07,f626118b6da0e020,c6aee362c7a7d482,1,0.5954782718883447,Both in fitting data,Both have at least 5 prior UFC bouts,True,0.5954782718883447
97caf8fca9d9603b,ad23903ef3af7406,2024-12-07,2e19380f34871c6a,d4c9dcd330403612,1,0.5789713249859593,Both in fitting data,Both have at least 5 prior UFC bouts,True,0.5789713249859593
a5c57b0f49e9f61c,ad23903ef3af7406,2024-12-07,c58f51dedb310998,b0d6a1d8ac3d563d,1,0.6724384779103247,Both in fitting data,Both have at least 5 prior UFC bouts,True,0.6724384779103247
d38029cf47e54cf7,ad23903ef3af7406,2024-12-07,17e97649403ba428,7f6ed67d3ed3c036,1,0.618455748200321,One absent from fitting data,Both have at least 5 prior UFC bouts,True,0.618455748200321
df30514e0674d598,ad23903ef3af7406,2024-12-07,76e2870ffafbe38f,cb696ebfb6598724,1,0.6080349451600006,Both in fitting data,Both have at least 5 prior UFC bouts,True,0.6080349451600006
e761c5009c09b295,ad23903ef3af7406,2024-12-07,d33da8a3d82bdb62,a0f0004aadf10b71,0,0.3217881973796855,One absent from fitting data,At least one UFC debutant,True,0.6782118026203146
eb94412f15c62650,ad23903ef3af7406,2024-12-07,8667caa0451d245b,0c25d0a5e8cdbf19,1,0.6649805288869888,Both in fitting data,Both have at least 5 prior UFC bouts,True,0.6649805288869888
f706508c52f337a6,ad23903ef3af7406,2024-12-07,787bb1f087ccff8a,279566840aa55bf2,1,0.4163386826772357,Both in fitting data,Both have at least 5 prior UFC bouts,False,0.5836613173227643
00c6a2ef07ca51da,72c9c2eadfc3277e,2024-12-14,dc9572dd6ec74859,b9437600497350f3,0,0.4339947228198691,Both in fitting data,Both have at least 5 prior UFC bouts,True,0.5660052771801309
1a635a5e4551e7d5,72c9c2eadfc3277e,2024-12-14,294aa73dbf37d281,5d1b7e3dd9e11074,0,0.5272985090613855,Both in fitting data,Both have at least 5 prior UFC bouts,False,0.5272985090613855
2b6a75175bbca4e9,72c9c2eadfc3277e,2024-12-14,3e8118c1ab52f211,b4b496ec2197ee3e,0,0.4399202565909178,Both absent from fitting data,At least one UFC debutant,True,0.5600797434090822
5238f6470d0557fb,72c9c2eadfc3277e,2024-12-14,0232cabbc30a2372,850266b3dc4e506e,0,0.5623782232185404,One absent from fitting data,Both returning; minimum below 5,False,0.5623782232185404
7521015554088962,72c9c2eadfc3277e,2024-12-14,aa171d55d4b5208f,d247691a6c0e9034,0,0.5933929564464712,Both in fitting data,Both have at least 5 prior UFC bouts,False,0.5933929564464712
7b1bc4ff776f12c1,72c9c2eadfc3277e,2024-12-14,e4277e87a789d687,71171fc96445bf65,1,0.3217097622032144,One absent from fitting data,Both have at least 5 prior UFC bouts,False,0.6782902377967857
9c24c03131d5b49a,72c9c2eadfc3277e,2024-12-14,511e82663651438d,ee18ff42063174df,1,0.4889484306474845,Both in fitting data,Both returning; minimum below 5,False,0.5110515693525155
b0be38110c2d8b84,72c9c2eadfc3277e,2024-12-14,7cbf7c78d3b34218,58bbef3770bb2dfc,0,0.567960192003533,Both in fitting data,Both have at least 5 prior UFC bouts,False,0.567960192003533
b40e4deb48658851,72c9c2eadfc3277e,2024-12-14,113df4fde64735c6,c5ccd878231c5407,1,0.4760338220844384,One absent from fitting data,Both returning; minimum below 5,False,0.5239661779155615
cf258c17234d649e,72c9c2eadfc3277e,2024-12-14,9256f591b30c073e,46e0d677f91bacc0,1,0.5084180919219945,One absent from fitting data,Both returning; minimum below 5,True,0.5084180919219945
e5f9d59d00fe3c73,72c9c2eadfc3277e,2024-12-14,f29a6350c69f4a33,5c637af9472ae7cc,1,0.69646594127185,One absent from fitting data,Both returning; minimum below 5,True,0.69646594127185
ebeeed2595266bbc,72c9c2eadfc3277e,2024-12-14,d2f43cfaf8ca3560,4682bc59d5f55145,0,0.4336062484874062,One absent from fitting data,Both returning; minimum below 5,True,0.5663937515125939
edf7ce89ad672e85,72c9c2eadfc3277e,2024-12-14,e375cb5caf4717b6,971dba22c622af12,1,0.4782490920926729,One absent from fitting data,Both returning; minimum below 5,False,0.521750907907327
03c1865919daeaa4,81ddc98fceb30086,2025-01-11,5ec591b78349ba7e,d3f89fa685bd8420,1,0.4957867767571338,One absent from fitting data,At least one UFC debutant,False,0.5042132232428662
192619174bd1ad77,81ddc98fceb30086,2025-01-11,af65aa688d13eedf,ca28cdf526d6b6e9,0,0.4496861559695034,One absent from fitting data,Both returning; minimum below 5,True,0.5503138440304967
32cc31b76b32ade1,81ddc98fceb30086,2025-01-11,64facb6cc564262d,681399317dbf4701,1,0.5178842363403644,Both in fitting data,Both have at least 5 prior UFC bouts,True,0.5178842363403644
54fa6e32330a8cca,81ddc98fceb30086,2025-01-11,cfc3e7bb44685289,d945aae53e3e54e6,0,0.4751904028006349,Both in fitting data,Both have at least 5 prior UFC bouts,True,0.5248095971993652
58eda5a58a89f739,81ddc98fceb30086,2025-01-11,85497ffd934ecf7e,9fe7af8b3fbe00a0,1,0.4006390186105347,One absent from fitting data,At least one UFC debutant,False,0.5993609813894654
817cd15077a9419e,81ddc98fceb30086,2025-01-11,6e344b71421103da,0abcf6bc47191219,0,0.5869007546428087,Both absent from fitting data,At least one UFC debutant,False,0.5869007546428087
8a3281b0d7c168af,81ddc98fceb30086,2025-01-11,84f727cf0166d6f2,53c10176e3bc7416,0,0.5365648789529064,Both absent from fitting data,Both returning; minimum below 5,False,0.5365648789529064
8d68863242695224,81ddc98fceb30086,2025-01-11,260bd4cef10b033f,9384e71bca6c409d,0,0.5077202436869545,One absent from fitting data,At least one UFC debutant,False,0.5077202436869545
a2a5809ed8a01b45,81ddc98fceb30086,2025-01-11,64d47ef881a437a4,eae431e70064e046,1,0.5910226842878314,One absent from fitting data,Both returning; minimum below 5,True,0.5910226842878314
aa38e39397dbea72,81ddc98fceb30086,2025-01-11,9d83f6da776ff7d6,5442f1bc4b47eaf3,1,0.5517635277195552,Both in fitting data,Both have at least 5 prior UFC bouts,True,0.5517635277195552
b33e3a6d15700bb1,81ddc98fceb30086,2025-01-11,fc0a4053eb8a3a59,e4faa79383c9f214,0,0.4812129409936999,Both absent from fitting data,At least one UFC debutant,True,0.5187870590063002
ce4fc800a7456d18,81ddc98fceb30086,2025-01-11,6d1bffff14897645,a53d30163304aa6e,1,0.4092796795888896,Both in fitting data,Both have at least 5 prior UFC bouts,False,0.5907203204111104
f01851055b8309e0,81ddc98fceb30086,2025-01-11,745fa7b605f8e2da,6c9b66b43663f2f7,1,0.3359878112570602,Both absent from fitting data,Both returning; minimum below 5,False,0.6640121887429398
f46308108eb9261a,81ddc98fceb30086,2025-01-11,7447e9f28508106a,beecb672a279223e,1,0.4999792124870851,Both in fitting data,Both have at least 5 prior UFC bouts,False,0.5000207875129149
340fcdcabc49f142,39f68882def7a507,2025-01-18,06e4245d16fc5315,351c4ec637380ad5,1,0.4496327325932555,Both in fitting data,Both have at least 5 prior UFC bouts,False,0.5503672674067446
54d48b33e7240452,39f68882def7a507,2025-01-18,e2f6b2769aaedd6c,41e83a89929d1327,0,0.5052535655728052,Both in fitting data,Both have at least 5 prior UFC bouts,False,0.5052535655728052
69d63c057aebffaf,39f68882def7a507,2025-01-18,d549cefc7c54ab78,3a46b268013afede,1,0.4890379625616819,One absent from fitting data,Both returning; minimum below 5,False,0.5109620374383181
938081fae11dcbbf,39f68882def7a507,2025-01-18,23dec7c47cb418f8,3bc3f60b21cddc6a,0,0.5580190912046132,Both absent from fitting data,At least one UFC debutant,False,0.5580190912046132
959fea398ffa5778,39f68882def7a507,2025-01-18,009341ed974bad72,5444c5a201d3ee5a,1,0.4979642402545281,Both in fitting data,Both have at least 5 prior UFC bouts,False,0.5020357597454719
95ba27bea09cd84e,39f68882def7a507,2025-01-18,cd3d7e37ff2d679c,b6c37948cb226e8c,0,0.3994967800864073,One absent from fitting data,Both returning; minimum below 5,True,0.6005032199135927
a6db8eb1fb3eebf2,39f68882def7a507,2025-01-18,ef5dcb10d2bd4b0f,07a74004d964c7f4,1,0.5153363028865194,Both absent from fitting data,At least one UFC debutant,True,0.5153363028865194
aa3fca085d476636,39f68882def7a507,2025-01-18,99bd51917728c25d,f53d4f21d1b5f2dc,1,0.6915350488837969,Both in fitting data,Both have at least 5 prior UFC bouts,True,0.6915350488837969
d14f98b24691d082,39f68882def7a507,2025-01-18,b9f28e7045fdfce7,6e743a33d56bdaa4,1,0.4223253170314682,One absent from fitting data,Both returning; minimum below 5,False,0.5776746829685317
daef1691c7d6b1e4,39f68882def7a507,2025-01-18,b6452706b373eea1,275aca31f61ba28c,0,0.2526083733883374,Both in fitting data,Both have at least 5 prior UFC bouts,True,0.7473916266116626
e294a1e5723011db,39f68882def7a507,2025-01-18,b62d5280966b2460,f00ac08ab056af5d,0,0.4952417123256847,One absent from fitting data,Both returning; minimum below 5,True,0.5047582876743153
e5e3d396a9b1c5ae,39f68882def7a507,2025-01-18,a54660deb6a8489c,d8c811df0386d5e8,1,0.3394667177800906,Both absent from fitting data,Both returning; minimum below 5,False,0.6605332822199095
f39941b3743bf18c,39f68882def7a507,2025-01-18,c03520b5c88ed6b4,2b6fc1c02736833d,1,0.568487909882251,Both in fitting data,Both have at least 5 prior UFC bouts,True,0.568487909882251
3c00f34f20c8a189,80dbeb1dd5b53e64,2025-02-01,f14cf73e51b29254,2cd428e9606856fd,1,0.5342896922213508,Both in fitting data,Both have at least 5 prior UFC bouts,True,0.5342896922213508
426e7a3de68117b0,80dbeb1dd5b53e64,2025-02-01,06734ca9d88dec3a,a67d071163962af8,0,0.6997616422306085,Both absent from fitting data,Both returning; minimum below 5,False,0.6997616422306085
43bbaf06603b0f0c,80dbeb1dd5b53e64,2025-02-01,764d39074a352e33,6747ccd6d1acd266,0,0.5742563511244698,Both absent from fitting data,Both returning; minimum below 5,False,0.5742563511244698
70b8dca3addcf4de,80dbeb1dd5b53e64,2025-02-01,0fd5f4b838e890cc,18d01f7f8338ae72,0,0.4024285171985434,One absent from fitting data,Both returning; minimum below 5,True,0.5975714828014567
750257171ad29a2c,80dbeb1dd5b53e64,2025-02-01,11583163f45c7b31,fb37795db81f93f3,0,0.5512240462056938,One absent from fitting data,At least one UFC debutant,False,0.5512240462056938
775788423f5eeb99,80dbeb1dd5b53e64,2025-02-01,1e4f273069fb9e85,fb3e61720be4690c,1,0.4862135051043658,Both in fitting data,Both have at least 5 prior UFC bouts,False,0.5137864948956342
85e79748b75eb30e,80dbeb1dd5b53e64,2025-02-01,881bf86d4cba8578,1338e2c7480bdf9e,1,0.5191868880543091,Both in fitting data,Both have at least 5 prior UFC bouts,True,0.5191868880543091
91bf33ada75d6061,80dbeb1dd5b53e64,2025-02-01,a9e260472d321361,cc8c623cca88f54f,1,0.4873942715378067,Both in fitting data,Both have at least 5 prior UFC bouts,False,0.5126057284621933
940f586104bf8bc8,80dbeb1dd5b53e64,2025-02-01,8d11d9c13e2ccdf7,7facc9c45d792985,1,0.6284051551287233,Both absent from fitting data,Both returning; minimum below 5,True,0.6284051551287233
984ce1062186f3ce,80dbeb1dd5b53e64,2025-02-01,f41b9f5efc7162d6,3329d692aea4dc28,0,0.5569583113076978,Both absent from fitting data,Both returning; minimum below 5,False,0.5569583113076978
e97e71a593e4c28d,80dbeb1dd5b53e64,2025-02-01,38c626ca912c7bac,809bd1a871491508,0,0.2848202455982396,Both in fitting data,Both have at least 5 prior UFC bouts,True,0.7151797544017604
03c2a836d033be8f,e6015889f50075d2,2025-02-08,1ebe20ebbfa15e29,b08012bbe542592a,1,0.3815352005973444,Both in fitting data,Both have at least 5 prior UFC bouts,False,0.6184647994026555
1f70a4516a70abf2,e6015889f50075d2,2025-02-08,a13d755965a4ec9f,aebaa8cec15b083d,1,0.5813826951214685,One absent from fitting data,At least one UFC debutant,True,0.5813826951214685
4218d1d1ce6d322c,e6015889f50075d2,2025-02-08,17734443a833cdf7,a72a2a769fa5a2be,1,0.3966259692463839,Both absent from fitting data,At least one UFC debutant,False,0.6033740307536162
4ce53d8a26693f06,e6015889f50075d2,2025-02-08,3920d0cc288f9b0d,a845f0735bc67405,0,0.5450727740082683,One absent from fitting data,Both returning; minimum below 5,False,0.5450727740082683
64641156360b1b81,e6015889f50075d2,2025-02-08,19c591115a58982c,6c3b2525436cf5d4,0,0.3640626782678003,One absent from fitting data,Both returning; minimum below 5,True,0.6359373217321997
8435f90fbd50c7a5,e6015889f50075d2,2025-02-08,e13abac8089a801a,17923f676f100e16,0,0.4522056473132391,One absent from fitting data,At least one UFC debutant,True,0.5477943526867609
8bc8bb0021337de7,e6015889f50075d2,2025-02-08,f782f953bfe7b5f2,dda15dbfafb792df,1,0.4583164633865339,Both absent from fitting data,At least one UFC debutant,False,0.541683536613466
946cae1beed2baec,e6015889f50075d2,2025-02-08,2997e7fe3c9d3d4a,7138a15258dabf20,1,0.4090192124958386,Both absent from fitting data,Both returning; minimum below 5,False,0.5909807875041614
c35a53be30bfd066,e6015889f50075d2,2025-02-08,f2f140ce7532e327,a9da3158dd2c2b5a,1,0.4575252081726409,Both absent from fitting data,Both returning; minimum below 5,False,0.5424747918273591
c7fadbdfdc14c282,e6015889f50075d2,2025-02-08,4a6dff1b260bcf61,ed7d329d7c29428d,1,0.4284738523286333,Both absent from fitting data,At least one UFC debutant,False,0.5715261476713667
d13849f49f99bf01,e6015889f50075d2,2025-02-08,0d8011111be000b2,0d7b51c9d2649a6e,0,0.2594824835700843,Both in fitting data,Both have at least 5 prior UFC bouts,True,0.7405175164299157
07b357090cc91c2c,ce7871949b0ed2bf,2025-02-15,37098a6e6c27fb66,7478b7f959ba61f5,0,0.3865274588128565,One absent from fitting data,At least one UFC debutant,True,0.6134725411871436
2a493f15e079a7ff,ce7871949b0ed2bf,2025-02-15,7d6ceff6747f2de2,36e78278a77006d4,1,0.5862587987590704,Both absent from fitting data,At least one UFC debutant,True,0.5862587987590704
2ae33fce63a75df9,ce7871949b0ed2bf,2025-02-15,c051c2e12d692b8a,83455a9d17f57dae,0,0.4737868037465017,Both absent from fitting data,Both returning; minimum below 5,True,0.5262131962534984
365e2d891b98b86d,ce7871949b0ed2bf,2025-02-15,d1c65d2cf2925ddd,13a0275fa13c4d26,0,0.6804989108187317,Both in fitting data,Both have at least 5 prior UFC bouts,False,0.6804989108187317
3b2a24db4eeaeede,ce7871949b0ed2bf,2025-02-15,1a9480fc288e55d7,f5779a2303ed76ec,0,0.344583551635764,One absent from fitting data,Both returning; minimum below 5,True,0.655416448364236
58668a0736602842,ce7871949b0ed2bf,2025-02-15,e3964ece586e0635,86d9dbe1bfcbade7,1,0.6840919182107209,One absent from fitting data,Both returning; minimum below 5,True,0.6840919182107209
68913a422f548ccc,ce7871949b0ed2bf,2025-02-15,52c2ae6d2f2d2613,751de04455cfaac0,1,0.613016143850514,Both in fitting data,Both have at least 5 prior UFC bouts,True,0.613016143850514
7b9f169016746f81,ce7871949b0ed2bf,2025-02-15,2558ae2e5671e318,01641ba5df0c69b0,0,0.4593610780551118,One absent from fitting data,Both returning; minimum below 5,True,0.5406389219448882
875b249ebe45a66b,ce7871949b0ed2bf,2025-02-15,5f61780fe5e9b6d0,260e9e0d4954aea6,1,0.4782848690549339,Both in fitting data,Both have at least 5 prior UFC bouts,False,0.521715130945066
ce1436a9b58902a7,ce7871949b0ed2bf,2025-02-15,eb393afdbe3293d5,ff62013d2fce6d13,0,0.5337188725001575,Both absent from fitting data,Both returning; minimum below 5,False,0.5337188725001575
f4817d5cbe9be532,ce7871949b0ed2bf,2025-02-15,8bd4200561c77a62,f0feeb2192937424,0,0.6142083132035139,One absent from fitting data,Both returning; minimum below 5,False,0.6142083132035139
f5386c98fea7f5d4,ce7871949b0ed2bf,2025-02-15,a817e238b2747404,4144798612ef96e5,0,0.343175115255739,One absent from fitting data,Both returning; minimum below 5,True,0.656824884744261
08763e87e10b9709,c50ea21fe9ef478d,2025-02-22,cd13728ae1151f46,6e8f1bcdda94ff45,1,0.52649785061994,One absent from fitting data,Both returning; minimum below 5,True,0.52649785061994
0cdca4c22b8d3ab5,c50ea21fe9ef478d,2025-02-22,2f181c0467965b98,093e1f5bb73850be,0,0.381868865680152,Both in fitting data,Both have at least 5 prior UFC bouts,True,0.618131134319848
19c8092496e94b85,c50ea21fe9ef478d,2025-02-22,ffd3224638c01b57,05339613bf8e9808,0,0.5963670737388695,One absent from fitting data,Both returning; minimum below 5,False,0.5963670737388695
3ded9bfdfb75f39b,c50ea21fe9ef478d,2025-02-22,8fd808923cffff82,20bccc9bb4ceb23e,0,0.4090739358498509,One absent from fitting data,Both returning; minimum below 5,True,0.590926064150149
615f7f894bafad82,c50ea21fe9ef478d,2025-02-22,32c3ee378671a5d9,0f1efce7d2571d10,1,0.5197800368858412,Both absent from fitting data,At least one UFC debutant,True,0.5197800368858412
8ef7723b6a8b45e1,c50ea21fe9ef478d,2025-02-22,a52bc1e62cf0b7c6,52ef95b5860fb28c,0,0.3986759828930897,One absent from fitting data,Both returning; minimum below 5,True,0.6013240171069103
b6475543ab6d20c9,c50ea21fe9ef478d,2025-02-22,09a4447655fd4b7b,476fe566d2df676e,0,0.3198627514058229,One absent from fitting data,Both returning; minimum below 5,True,0.6801372485941771
b959e2c1d16ff832,c50ea21fe9ef478d,2025-02-22,efb96bf3e9ada36f,056c493bbd76a918,1,0.570438954108392,Both in fitting data,Both have at least 5 prior UFC bouts,True,0.570438954108392
bc6d70ab959dce70,c50ea21fe9ef478d,2025-02-22,5987b2458f4b5290,bbab3baf66128ae2,1,0.5173313914215361,Both in fitting data,Both have at least 5 prior UFC bouts,True,0.5173313914215361
c0d8a231d2f1d1af,c50ea21fe9ef478d,2025-02-22,6add18754930182b,a495f599e787614f,0,0.5478624822016794,One absent from fitting data,At least one UFC debutant,False,0.5478624822016794
e011819e721c4a2a,c50ea21fe9ef478d,2025-02-22,841695e02c99a521,7eaa5e31c2dd86aa,1,0.5518833066227992,Both absent from fitting data,At least one UFC debutant,True,0.5518833066227992
e9dfc2f009a77a8d,c50ea21fe9ef478d,2025-02-22,49d2a08964c5eb11,9508cc6184cb2450,1,0.5724132845651183,Both absent from fitting data,At least one UFC debutant,True,0.5724132845651183
061990783b9bdb36,9766ed20b68c7c33,2025-03-01,323d4ca260dfa0ba,b7b84ccd221be298,0,0.4910964119109315,One absent from fitting data,Both returning; minimum below 5,True,0.5089035880890684
0dfdc94c1da32e20,9766ed20b68c7c33,2025-03-01,e1d40e8782d80bc2,41cc71cbf210e0fe,0,0.5830179117757248,One absent from fitting data,Both returning; minimum below 5,False,0.5830179117757248
1ada4b9ee5810e0f,9766ed20b68c7c33,2025-03-01,05fa626cb33d15b8,6fd953151d981979,0,0.3897897350090601,Both in fitting data,Both have at least 5 prior UFC bouts,True,0.6102102649909399
1de799f17556b501,9766ed20b68c7c33,2025-03-01,710f0f8c5d5c9d41,d964a59c48381cb6,0,0.3879282503632671,One absent from fitting data,Both returning; minimum below 5,True,0.6120717496367329
206b8c14546d71f1,9766ed20b68c7c33,2025-03-01,814e5233e2acf2ee,7d0a1968b38ca439,0,0.5009660863078822,One absent from fitting data,Both returning; minimum below 5,False,0.5009660863078822
6bdf0756fb57aced,9766ed20b68c7c33,2025-03-01,d0e1b42d41dab603,f14f644d41ade29f,0,0.3668016818312072,Both in fitting data,Both have at least 5 prior UFC bouts,True,0.6331983181687928
9d8a37f130db13e5,9766ed20b68c7c33,2025-03-01,5d1b7e3dd9e11074,8d3273573b85be09,1,0.4322995796302077,One absent from fitting data,Both returning; minimum below 5,False,0.5677004203697923
a857acedb53ee959,9766ed20b68c7c33,2025-03-01,39d309957c5c210d,be9bdec19b7e9ffe,1,0.557552876731597,Both absent from fitting data,At least one UFC debutant,True,0.557552876731597
d6c3b730dc9f21a5,9766ed20b68c7c33,2025-03-01,8b6e5dc2ba1edbe7,b7c5eb7cdbac6a63,1,0.5226353521924423,Both absent from fitting data,Both returning; minimum below 5,True,0.5226353521924423
dd1df7f5a54fd9fc,9766ed20b68c7c33,2025-03-01,1ae8f3c723aacff4,e0c6edcb5b5d0b90,0,0.4820857279635119,One absent from fitting data,Both returning; minimum below 5,True,0.5179142720364881
19fe7177254802d1,ca936c67687789e9,2025-03-08,480779d7f9a424d3,5d495dec23d7c68e,1,0.584118039535395,One absent from fitting data,Both returning; minimum below 5,True,0.584118039535395
231968c02cdfe65e,ca936c67687789e9,2025-03-08,9c393e836a852f30,887961364be5ceb3,1,0.6169152804920117,One absent from fitting data,Both returning; minimum below 5,True,0.6169152804920117
79f1c9f97d83ec83,ca936c67687789e9,2025-03-08,abcf2cc6efc42031,3df5493bb279226f,0,0.7071340531511401,Both in fitting data,Both have at least 5 prior UFC bouts,False,0.7071340531511401
96c2f85b46e98e91,ca936c67687789e9,2025-03-08,6967153c7edb4d87,312f7d7b2b2f7de4,1,0.4228254155493443,Both absent from fitting data,At least one UFC debutant,False,0.5771745844506557
9e05fe95a4fc63bc,ca936c67687789e9,2025-03-08,d802174b0c0c1f4e,e5549c82bfb5582d,1,0.4355788041847125,Both in fitting data,Both have at least 5 prior UFC bouts,False,0.5644211958152875
a2f31cf3a28a7730,ca936c67687789e9,2025-03-08,9e8f6c728eb01124,c814b4c899793af6,1,0.4497085082943328,Both in fitting data,Both have at least 5 prior UFC bouts,False,0.5502914917056672
a3cd6a65aaa9f104,ca936c67687789e9,2025-03-08,e4a47b07044ddd72,4d8fa64202cee4c1,1,0.5541317048847824,Both in fitting data,Both have at least 5 prior UFC bouts,True,0.5541317048847824
af3e43049bc86fe9,ca936c67687789e9,2025-03-08,17e97649403ba428,2f43a3e82661fa99,1,0.5031261917344692,Both absent from fitting data,Both returning; minimum below 5,True,0.5031261917344692
cab4937435d081d0,ca936c67687789e9,2025-03-08,cdb96af67d096b1e,28d421729451c8ca,0,0.3979788766212235,One absent from fitting data,Both returning; minimum below 5,True,0.6020211233787764
e61cb905f6152183,ca936c67687789e9,2025-03-08,369ea36e450ae62a,1e719d4b676dc19a,0,0.3939747491974029,One absent from fitting data,Both have at least 5 prior UFC bouts,True,0.6060252508025972
1c62a7444808d97f,39f62b833e4cf126,2025-03-15,b1e5bcaad32a3cac,68d35296f566792b,1,0.3795394718890507,Both in fitting data,Both have at least 5 prior UFC bouts,False,0.6204605281109493
29d9c5a3f2b78903,39f62b833e4cf126,2025-03-15,a474aade8eb3a8f0,d1053e55f00e53fe,1,0.6434208328118777,Both absent from fitting data,Both returning; minimum below 5,True,0.6434208328118777
36db86c39ed09997,39f62b833e4cf126,2025-03-15,239d8e5359022f3b,a68575214ecad140,1,0.5536671373415155,One absent from fitting data,At least one UFC debutant,True,0.5536671373415155
5d8af316413ea2f7,39f62b833e4cf126,2025-03-15,e8fe9c15d348e778,b1f21ce050035d58,0,0.3181731952509526,Both absent from fitting data,Both returning; minimum below 5,True,0.6818268047490474
5fa6543868367f4b,39f62b833e4cf126,2025-03-15,1b35af4d1529adf6,e94085e821bd81de,0,0.5986561245384044,One absent from fitting data,Both returning; minimum below 5,False,0.5986561245384044
67f7163e536d62e2,39f62b833e4cf126,2025-03-15,7acbb0972e75281a,327d5f279895110d,0,0.6356134849627375,Both in fitting data,Both have at least 5 prior UFC bouts,False,0.6356134849627375
74bc22b367cca118,39f62b833e4cf126,2025-03-15,fc08099550072fe4,a67f5afa8d6a1b80,1,0.5589216512350393,Both in fitting data,Both have at least 5 prior UFC bouts,True,0.5589216512350393
a8f8245096eaf0cd,39f62b833e4cf126,2025-03-15,c3d2b9bcb4cead6b,f1ab6f37492c630a,0,0.4284738523286333,Both absent from fitting data,At least one UFC debutant,True,0.5715261476713667
ab1aa23060d4e87b,39f62b833e4cf126,2025-03-15,da22387a0407a2dc,700a674c042b7a96,1,0.6010059051071901,One absent from fitting data,Both have at least 5 prior UFC bouts,True,0.6010059051071901
c83133ee114945ed,39f62b833e4cf126,2025-03-15,8adcbd525fab8d9b,c68c68efaa5ca6ef,0,0.5075363062944802,Both in fitting data,Both have at least 5 prior UFC bouts,False,0.5075363062944802
cb3eb07b7152366e,39f62b833e4cf126,2025-03-15,07f959e6596307bb,723b64c0e9a8f348,1,0.3779853239104634,Both absent from fitting data,At least one UFC debutant,False,0.6220146760895366
d8f40b82364b6411,39f62b833e4cf126,2025-03-15,262a7d06203657e6,a7151778b3381036,1,0.6852400806713264,Both in fitting data,Both have at least 5 prior UFC bouts,True,0.6852400806713264
e56403718205b494,39f62b833e4cf126,2025-03-15,49edd0d90f60fb7d,709fadb644ee3f51,1,0.5568628355178756,Both absent from fitting data,At least one UFC debutant,True,0.5568628355178756
1b02588149d126bf,cc2ad11b1f9d818b,2025-03-22,42ac4020cba261ad,a2d342ffc83913ed,1,0.3943660470358787,Both absent from fitting data,Both returning; minimum below 5,False,0.6056339529641213
265dbd9be8caa7de,cc2ad11b1f9d818b,2025-03-22,7772b283d288dbe2,ec13c393d029297d,0,0.4376998150847236,One absent from fitting data,Both returning; minimum below 5,True,0.5623001849152764
2a1071689c3af9df,cc2ad11b1f9d818b,2025-03-22,06626b6287e1ae1e,4c88a1db5a46c6a4,1,0.6867762084036249,One absent from fitting data,Both returning; minimum below 5,True,0.6867762084036249
371ed8497799998e,cc2ad11b1f9d818b,2025-03-22,f1fac969a1d70b08,45f7cb591c3ab00b,0,0.4513507229766326,Both in fitting data,Both have at least 5 prior UFC bouts,True,0.5486492770233674
6d9ea9f436ed354d,cc2ad11b1f9d818b,2025-03-22,9014c02eff8b3d62,99df7d0a2a08a8a8,1,0.6654948141318164,Both in fitting data,Both have at least 5 prior UFC bouts,True,0.6654948141318164
8af2b589d5e9c1ae,cc2ad11b1f9d818b,2025-03-22,a93f94c923c3a9cb,22e07d3da1aa3475,1,0.4820165711438318,Both absent from fitting data,At least one UFC debutant,False,0.5179834288561682
8e6640c007ad603d,cc2ad11b1f9d818b,2025-03-22,6d38e41efa47a72d,fd406a32a6fb3a29,0,0.3390432981338023,Both absent from fitting data,Both returning; minimum below 5,True,0.6609567018661977
96c6be6b22385967,cc2ad11b1f9d818b,2025-03-22,3a46b268013afede,fd55393021a8c255,1,0.5669208750359798,Both in fitting data,Both have at least 5 prior UFC bouts,True,0.5669208750359798
9779eb1aae1d4654,cc2ad11b1f9d818b,2025-03-22,5b03b61f9d90125e,329e403448756217,0,0.4674376067116015,One absent from fitting data,Both returning; minimum below 5,True,0.5325623932883985
a693622ad8c0d672,cc2ad11b1f9d818b,2025-03-22,9c442aaf149ea982,19f8a2f6eecd92ac,1,0.4919050875810491,Both absent from fitting data,Both returning; minimum below 5,False,0.5080949124189509
b5b4b69bccb9ff4a,cc2ad11b1f9d818b,2025-03-22,51018a31ddf31eb2,545092d13c67aa49,0,0.4592457792471995,One absent from fitting data,At least one UFC debutant,True,0.5407542207528004
dd229687cb62c871,cc2ad11b1f9d818b,2025-03-22,0d5cc0170c1a7e71,c9cf753cfdf77fc2,0,0.6269326401340265,One absent from fitting data,Both returning; minimum below 5,False,0.6269326401340265
e5a88f5c686173c4,cc2ad11b1f9d818b,2025-03-22,5cdf5339728f580d,bb2c3c3a466224af,0,0.5367883659751999,Both absent from fitting data,Both returning; minimum below 5,False,0.5367883659751999
0f20c1d7c44fa5fe,0f7210aa8d61af8d,2025-03-29,37098a6e6c27fb66,fe2babf95de24fb1,0,0.2683783873674933,Both in fitting data,Both have at least 5 prior UFC bouts,True,0.7316216126325067
33e301872e2b5680,0f7210aa8d61af8d,2025-03-29,792be9a24df82ed6,32ab52e5de93092d,1,0.6243834232605474,One absent from fitting data,Both have at least 5 prior UFC bouts,True,0.6243834232605474
41cdbcc0f3635b8f,0f7210aa8d61af8d,2025-03-29,20bccc9bb4ceb23e,5ec591b78349ba7e,1,0.4217058251303621,One absent from fitting data,Both have at least 5 prior UFC bouts,False,0.578294174869638
55376d5c205fa844,0f7210aa8d61af8d,2025-03-29,9a97acbfd5a08bfa,72ea1984c52019b5,1,0.6028636588516754,One absent from fitting data,At least one UFC debutant,True,0.6028636588516754
5ba7dd466e30169f,0f7210aa8d61af8d,2025-03-29,34b96d52db1d26e6,f2900678e98f6d6a,1,0.4058321001523696,Both absent from fitting data,Both returning; minimum below 5,False,0.5941678998476304
64fe6e61a24dbf39,0f7210aa8d61af8d,2025-03-29,baa9be02c3e3e038,2f815ed5f8278ba6,0,0.3695125845486965,Both absent from fitting data,At least one UFC debutant,True,0.6304874154513035
7e3fc760b26b6ae4,0f7210aa8d61af8d,2025-03-29,e132d47bd9efbbe0,c77a953488e5607d,1,0.544271144142749,Both in fitting data,Both have at least 5 prior UFC bouts,True,0.544271144142749
7efca050bc7be8ac,0f7210aa8d61af8d,2025-03-29,8e5d953bdb9ae5e7,abb68e3c7ca128f2,1,0.4917993532726451,One absent from fitting data,Both returning; minimum below 5,False,0.5082006467273549
8fc8d66ad0074ab0,0f7210aa8d61af8d,2025-03-29,2e7878927067fdca,519e4fe37ce9ff75,1,0.6533407734537996,Both in fitting data,Both returning; minimum below 5,True,0.6533407734537996
9f66d450af690df5,0f7210aa8d61af8d,2025-03-29,d2cd7a69cc55e7ed,e2be0c1a9b886d92,0,0.5128045154472328,One absent from fitting data,Both returning; minimum below 5,False,0.5128045154472328
ab4a91a59c01d6b6,0f7210aa8d61af8d,2025-03-29,077e3ace32b72be9,5ef94841c4bc3f86,0,0.4444263922330274,One absent from fitting data,Both returning; minimum below 5,True,0.5555736077669726
e2e2537a345367d4,0f7210aa8d61af8d,2025-03-29,e00a3dee329a51f7,b909a9a9688b5284,1,0.4773456836719954,Both in fitting data,Both returning; minimum below 5,False,0.5226543163280046
0c80eef2f4570543,86b30a86664cb6e4,2025-04-05,0c6d9ea8306c029e,6ac9bc2953c47345,1,0.5253674616942133,Both in fitting data,Both have at least 5 prior UFC bouts,True,0.5253674616942133
4b1aec2395ebca14,86b30a86664cb6e4,2025-04-05,f7be1db194e03d7e,eb8d8c2a95cfccb8,0,0.3872994208236734,One absent from fitting data,Both returning; minimum below 5,True,0.6127005791763266
58811a4e36c53b89,86b30a86664cb6e4,2025-04-05,7cec3c4a5e7b6d68,f748267c4ab6c127,0,0.4752403497088323,One absent from fitting data,At least one UFC debutant,True,0.5247596502911678
76641669c1607b7a,86b30a86664cb6e4,2025-04-05,d7e40dca3ae125be,27b388f0aab49780,0,0.5526110666478973,One absent from fitting data,Both returning; minimum below 5,False,0.5526110666478973
86a1be10255eea4e,86b30a86664cb6e4,2025-04-05,396fe87b84ac2e1c,fba03cd6cc28dc41,1,0.6345722554233304,Both in fitting data,Both have at least 5 prior UFC bouts,True,0.6345722554233304
96cc199d78732d11,86b30a86664cb6e4,2025-04-05,8eb046f83e82bf26,02f484417a6fa69d,1,0.5604942540072565,One absent from fitting data,At least one UFC debutant,True,0.5604942540072565
a160e94fdb66de17,86b30a86664cb6e4,2025-04-05,791c8437b341fba5,b8bbdeff718dbb7d,0,0.458897789568278,Both in fitting data,Both have at least 5 prior UFC bouts,True,0.541102210431722
cca4d763b1c6de0a,86b30a86664cb6e4,2025-04-05,d35298b6df168456,2c483cf443f38ece,1,0.3886382357920004,One absent from fitting data,Both returning; minimum below 5,False,0.6113617642079996
d1368ca941c1fefc,86b30a86664cb6e4,2025-04-05,fbb60f24af5d5a02,0cd0456d6029cec2,1,0.4783698650796263,Both absent from fitting data,At least one UFC debutant,False,0.5216301349203737
de9422207df2de64,86b30a86664cb6e4,2025-04-05,6d68c1afe954f121,29162be25ebef5f0,1,0.5052069827125434,One absent from fitting data,At least one UFC debutant,True,0.5052069827125434
fc3825dd1b67e39d,86b30a86664cb6e4,2025-04-05,8173f134396cb971,117a06469813e4ef,0,0.4223378437029365,Both absent from fitting data,Both returning; minimum below 5,True,0.5776621562970635
fd088ce1481315a5,86b30a86664cb6e4,2025-04-05,4e30e4250cb08b61,efc67b07eed39794,1,0.7293369105528212,Both in fitting data,Both returning; minimum below 5,True,0.7293369105528212
08e7a39eb7482ebf,22f4b6cb6b1bd7fd,2025-04-12,92a9aa9c93192871,902ec2cc48c8ae8a,0,0.4683140151140081,Both in fitting data,Both have at least 5 prior UFC bouts,True,0.5316859848859918
0e71e69359db4d1e,22f4b6cb6b1bd7fd,2025-04-12,f2b3f4ef3f780168,3c26c420584d912d,1,0.4074106092954496,Both absent from fitting data,Both returning; minimum below 5,False,0.5925893907045504
0eccebee160137b1,22f4b6cb6b1bd7fd,2025-04-12,7dda2cf308f24a02,c41d426cc7326d1b,1,0.3425916316751508,Both in fitting data,Both have at least 5 prior UFC bouts,False,0.6574083683248493
11eb27a1ac74d225,22f4b6cb6b1bd7fd,2025-04-12,d1941565abf50b16,971246648e162f0d,0,0.2752850472928599,Both in fitting data,Both have at least 5 prior UFC bouts,True,0.7247149527071401
4bbda6c1f6cf9d4e,22f4b6cb6b1bd7fd,2025-04-12,0d65c432720accb9,4e6738062d469256,1,0.5211907266758294,One absent from fitting data,Both have at least 5 prior UFC bouts,True,0.5211907266758294
8c540eb4afe8c43e,22f4b6cb6b1bd7fd,2025-04-12,d9c6f19f958643e9,52ef95b5860fb28c,0,0.4940345524503651,One absent from fitting data,Both returning; minimum below 5,True,0.5059654475496349
b2d731415bd367df,22f4b6cb6b1bd7fd,2025-04-12,1091d4d957141094,2e19380f34871c6a,0,0.5801522945249633,Both in fitting data,Both have at least 5 prior UFC bouts,False,0.5801522945249633
b87d6f71d901355b,22f4b6cb6b1bd7fd,2025-04-12,147e70aa6cc48cfc,9384e71bca6c409d,0,0.5077362034066093,One absent from fitting data,Both returning; minimum below 5,False,0.5077362034066093
d05cb4c4135ce402,22f4b6cb6b1bd7fd,2025-04-12,4b93a88f3b1de35b,7826923b47f8d72a,0,0.2664184952089678,Both in fitting data,Both have at least 5 prior UFC bouts,True,0.7335815047910321
d3be5a4e0ec273e2,22f4b6cb6b1bd7fd,2025-04-12,cbf5e6f231b55443,98a58c26c5b1ed17,1,0.652425131031395,One absent from fitting data,At least one UFC debutant,True,0.652425131031395
e733f148060bef2a,22f4b6cb6b1bd7fd,2025-04-12,f166e93d04a8c274,e1248941344b3288,0,0.4398424331479321,One absent from fitting data,Both have at least 5 prior UFC bouts,True,0.560157566852068
fc43d60cbd6b0e6a,22f4b6cb6b1bd7fd,2025-04-12,82a5152216251682,4682bc59d5f55145,1,0.4022105503899551,Both in fitting data,Both have at least 5 prior UFC bouts,False,0.5977894496100449
fd98843926965cbd,22f4b6cb6b1bd7fd,2025-04-12,3cf18e01cb6cbde3,0be6776db31d98ec,1,0.4866465401002743,One absent from fitting data,Both returning; minimum below 5,False,0.5133534598997257
23201d09a78d446d,b2e3aca4cd363477,2025-04-26,0e46690e55a8df75,15ea371202eb25e1,1,0.475571815259151,Both absent from fitting data,Both returning; minimum below 5,False,0.524428184740849
4072abf0b0c179f2,b2e3aca4cd363477,2025-04-26,9560ff14eb3129f7,ffe9703408fb5964,0,0.3779218224406324,Both in fitting data,Both have at least 5 prior UFC bouts,True,0.6220781775593676
62fbdd4f0bcd3c2a,b2e3aca4cd363477,2025-04-26,b07aed698fba8624,886264a0c9f4ea5e,1,0.4034241616140956,One absent from fitting data,Both returning; minimum below 5,False,0.5965758383859043
633f4b5ec767769d,b2e3aca4cd363477,2025-04-26,7ee0fd831c0fe7c3,442c9011034ae1fd,0,0.4155908579203242,One absent from fitting data,Both returning; minimum below 5,True,0.5844091420796758
6f3cb7ce84185dd3,b2e3aca4cd363477,2025-04-26,45f0cc9d18f35137,5fa2974cbd18e05c,1,0.5477557690116035,Both in fitting data,Both have at least 5 prior UFC bouts,True,0.5477557690116035
7d51649373d42571,b2e3aca4cd363477,2025-04-26,1897b7b913736a7c,da22387a0407a2dc,0,0.3910231483319168,One absent from fitting data,Both have at least 5 prior UFC bouts,True,0.6089768516680831
7fd6770fe2d4f258,b2e3aca4cd363477,2025-04-26,af9efbfd63d39734,f9ab66e67240db7b,0,0.3540775792322254,Both in fitting data,Both returning; minimum below 5,True,0.6459224207677746
97770b38df67b276,b2e3aca4cd363477,2025-04-26,d9a56ecb6e94f02e,b2a78df161bd67f9,1,0.5196700541862405,One absent from fitting data,At least one UFC debutant,True,0.5196700541862405
9bbd45774fb4a6eb,b2e3aca4cd363477,2025-04-26,36b8f265bcd1b7a4,595db60957de51d3,1,0.4403748223544347,Both in fitting data,Both have at least 5 prior UFC bouts,False,0.5596251776455653
a526a72ade275f46,b2e3aca4cd363477,2025-04-26,d4c9dcd330403612,8a65fd9ba31fd3f7,0,0.3309712278347,One absent from fitting data,Both returning; minimum below 5,True,0.6690287721653
c2c20a04a78d9143,b2e3aca4cd363477,2025-04-26,2e45d08b3f2f02c8,3c8a5200436e19f3,1,0.3622694952105259,One absent from fitting data,At least one UFC debutant,False,0.6377305047894741
d8d22dcc1f6912e7,b2e3aca4cd363477,2025-04-26,09e62c450e754913,67c1d46f4ed16f9e,0,0.3920508218337159,Both in fitting data,Both have at least 5 prior UFC bouts,True,0.607949178166284
e7b3ca036835b7c2,b2e3aca4cd363477,2025-04-26,bc7d1ad49fcb2d08,9673a497a9da119a,1,0.6116201720546108,One absent from fitting data,Both returning; minimum below 5,True,0.6116201720546108
fbf83609dc96f32e,b2e3aca4cd363477,2025-04-26,c6aee362c7a7d482,9d19d9e4aa2662e8,1,0.6767626047660605,Both in fitting data,Both have at least 5 prior UFC bouts,True,0.6767626047660605
191ee545160a4e09,de20ffb3fc2e7629,2025-05-03,6d1bffff14897645,8a1f3b5c526cd6e6,0,0.5386676769085633,Both in fitting data,Both have at least 5 prior UFC bouts,False,0.5386676769085633
2707dc2245335cc1,de20ffb3fc2e7629,2025-05-03,b96619b3acd7d9da,3143bf892608139a,0,0.4645354069054084,Both in fitting data,Both have at least 5 prior UFC bouts,True,0.5354645930945916
380242601a2c5991,de20ffb3fc2e7629,2025-05-03,d549cefc7c54ab78,35673bf5204524ee,1,0.4082361006806218,Both absent from fitting data,Both returning; minimum below 5,False,0.5917638993193781
469f887278324e63,de20ffb3fc2e7629,2025-05-03,38c5817ade8a8014,aa0c573da7119292,0,0.4425731719549958,One absent from fitting data,Both returning; minimum below 5,True,0.5574268280450042
5ce29056e0cd2df9,de20ffb3fc2e7629,2025-05-03,850266b3dc4e506e,cc1a8b4b38b92c6d,0,0.4047509694430791,One absent from fitting data,Both have at least 5 prior UFC bouts,True,0.5952490305569209
6ccd10adc968e1f0,de20ffb3fc2e7629,2025-05-03,5c84f673b7bb7c15,1a2bf44edb8055b6,0,0.5485040042839331,Both absent from fitting data,Both returning; minimum below 5,False,0.5485040042839331
6e26a6293ea6ba62,de20ffb3fc2e7629,2025-05-03,38c7f72747f4f712,cd2c4d30c6e13b47,1,0.6976652349615884,Both in fitting data,Both have at least 5 prior UFC bouts,True,0.6976652349615884
77ed474dfc5359ea,de20ffb3fc2e7629,2025-05-03,d5bab53a1a603aac,3bc3f60b21cddc6a,0,0.4208774014517463,Both absent from fitting data,Both returning; minimum below 5,True,0.5791225985482538
9039959b41901412,de20ffb3fc2e7629,2025-05-03,18968f97ad34f15c,f6ad6a1e4d600e0d,0,0.3509637943672156,Both in fitting data,Both returning; minimum below 5,True,0.6490362056327844
97b32ff27fd457a8,de20ffb3fc2e7629,2025-05-03,96924b0019b3aff1,32feae6d9a1e5047,0,0.5976861896898319,Both absent from fitting data,Both returning; minimum below 5,False,0.5976861896898319
9b3bade95e1dd484,de20ffb3fc2e7629,2025-05-03,65f09bacd3957381,aa72b0f831d0bfe5,1,0.4226087349847371,Both in fitting data,Both have at least 5 prior UFC bouts,False,0.5773912650152628
c445401709421fa4,de20ffb3fc2e7629,2025-05-03,764d39074a352e33,1a9480fc288e55d7,1,0.5727276428490939,One absent from fitting data,Both returning; minimum below 5,True,0.5727276428490939
0e0a4282cd6c86d7,118463dd8db16e7f,2025-05-10,d008d785f6347dc2,b67d6bacc68d4c92,0,0.6012317265231936,One absent from fitting data,Both returning; minimum below 5,False,0.6012317265231936
0f53eb509d0ffeb9,118463dd8db16e7f,2025-05-10,262d32ebda89efc4,e8b731feff72294b,1,0.6179542775626737,Both in fitting data,Both have at least 5 prior UFC bouts,True,0.6179542775626737
2521234a4bf7c615,118463dd8db16e7f,2025-05-10,feedf3053472fe56,dd6103dd7127db1d,0,0.3432577083398511,One absent from fitting data,Both returning; minimum below 5,True,0.6567422916601489
4db2d86ebe8c8abd,118463dd8db16e7f,2025-05-10,a9e260472d321361,6a1901c62ab3870f,1,0.382455710906875,Both in fitting data,Both have at least 5 prior UFC bouts,False,0.617544289093125
6ecfa439ef900bcc,118463dd8db16e7f,2025-05-10,12ebd7d157e91701,8e9eb3fc86db0f7d,0,0.4232772091564269,Both in fitting data,Both have at least 5 prior UFC bouts,True,0.576722790843573
891b2faf1bff38ee,118463dd8db16e7f,2025-05-10,24656ef4d605c96f,d0f3959b4a9747e6,1,0.5155344809304457,Both in fitting data,Both have at least 5 prior UFC bouts,True,0.5155344809304457
99aa1f28e22bb6dd,118463dd8db16e7f,2025-05-10,b4b496ec2197ee3e,64ad3e3b0efa30bb,1,0.653848556106596,Both absent from fitting data,Both returning; minimum below 5,True,0.653848556106596
9e9d1764a015f313,118463dd8db16e7f,2025-05-10,34ff304266360297,132deb59abae64b1,0,0.5246701924352986,Both in fitting data,Both have at least 5 prior UFC bouts,False,0.5246701924352986
b873c116e39c9920,118463dd8db16e7f,2025-05-10,6b453bc35a823c3f,b1b0729d27936f2f,1,0.6439363116730605,Both in fitting data,Both have at least 5 prior UFC bouts,True,0.6439363116730605
c20bd12ae7f04eff,118463dd8db16e7f,2025-05-10,a4dc0f2b95df4cc1,7b433309b0fd12aa,1,0.3842745545177302,One absent from fitting data,Both returning; minimum below 5,False,0.6157254454822698
c7190cd03e53fb61,118463dd8db16e7f,2025-05-10,c2299ec916bc7c56,873626e5547b5235,1,0.7491194009186707,Both in fitting data,Both returning; minimum below 5,True,0.7491194009186707
c812457a810dde39,118463dd8db16e7f,2025-05-10,cd13728ae1151f46,476fe566d2df676e,0,0.623738576289084,Both in fitting data,Both have at least 5 prior UFC bouts,False,0.623738576289084
18a7dc86279066f8,8ad022dd81224f61,2025-05-17,798e48f9e7f6ba22,b671bdf981ad527d,0,0.3957257014617124,One absent from fitting data,Both returning; minimum below 5,True,0.6042742985382876
66887532be2de5ee,8ad022dd81224f61,2025-05-17,cffb87059e645bd1,ac7c765882f2c68c,1,0.6673264378779444,Both in fitting data,Both have at least 5 prior UFC bouts,True,0.6673264378779444
8ba31cf0b3164b72,8ad022dd81224f61,2025-05-17,d945aae53e3e54e6,7026eca45f65377b,0,0.5817970836299582,Both in fitting data,Both have at least 5 prior UFC bouts,False,0.5817970836299582
a81ad236a2f221f2,8ad022dd81224f61,2025-05-17,23024fdfc966410a,c32aeb1a59e6272d,0,0.3303031713273607,Both in fitting data,Both have at least 5 prior UFC bouts,True,0.6696968286726392
a9a6cca4bbf7a5db,8ad022dd81224f61,2025-05-17,72f890c5d421e705,5eb50529a8418b77,0,0.5168595969783181,One absent from fitting data,At least one UFC debutant,False,0.5168595969783181
afdd95ae7b7cdb0c,8ad022dd81224f61,2025-05-17,a3a542074109b347,31ef8b67e13495b3,0,0.4757458476980157,Both in fitting data,Both have at least 5 prior UFC bouts,True,0.5242541523019844
b3044bf646306e7f,8ad022dd81224f61,2025-05-17,49d2a08964c5eb11,71505842fb6455c3,1,0.4989057537483247,One absent from fitting data,Both returning; minimum below 5,False,0.5010942462516753
d6e2bc6e6c0cc4fe,8ad022dd81224f61,2025-05-17,70380ccdc81915b8,36e78278a77006d4,1,0.556916235029585,Both absent from fitting data,At least one UFC debutant,True,0.556916235029585
dcb27eef6441268c,8ad022dd81224f61,2025-05-17,480779d7f9a424d3,94426bb170c88115,1,0.6812447716048698,One absent from fitting data,Both returning; minimum below 5,True,0.6812447716048698
f75fe8b384b0db11,8ad022dd81224f61,2025-05-17,5078e1dacf9d25f4,2c5f5749569eef66,1,0.6720840535332598,Both absent from fitting data,Both returning; minimum below 5,True,0.6720840535332598
fe2acfdaaaec3dba,8ad022dd81224f61,2025-05-17,20bccc9bb4ceb23e,902ec2cc48c8ae8a,1,0.4516507302895038,One absent from fitting data,Both have at least 5 prior UFC bouts,False,0.5483492697104961
106918bfbe24335d,2a898bf9fb7710b3,2025-05-31,9cdd2da1a9104a0b,b9706f80d005036c,0,0.6669919887465587,Both in fitting data,Both have at least 5 prior UFC bouts,False,0.6669919887465587
212527d462690304,2a898bf9fb7710b3,2025-05-31,72db2a14ffa73ece,5b86d491d63890c5,1,0.4489185904485084,Both in fitting data,Both have at least 5 prior UFC bouts,False,0.5510814095514915
2521fed000747f47,2a898bf9fb7710b3,2025-05-31,a7151778b3381036,ac026518a9b4dc0f,0,0.3075417175294125,Both in fitting data,Both have at least 5 prior UFC bouts,True,0.6924582824705875
305d8c85b35a7d4e,2a898bf9fb7710b3,2025-05-31,3d074044a33825e7,fa07345cc9db5cc9,1,0.4356295590157466,One absent from fitting data,Both returning; minimum below 5,False,0.5643704409842534
73240bea13ed5e71,2a898bf9fb7710b3,2025-05-31,87f8699fdcc2c404,02bb48869eb7ac8f,1,0.444513015757324,Both absent from fitting data,Both returning; minimum below 5,False,0.555486984242676
7aaa810540132a4b,2a898bf9fb7710b3,2025-05-31,e4277e87a789d687,0abcf6bc47191219,1,0.3737223179214012,One absent from fitting data,Both returning; minimum below 5,False,0.6262776820785988
ad68450307a21ab1,2a898bf9fb7710b3,2025-05-31,866fd7b1a6c90e7f,23dec7c47cb418f8,0,0.4511691368954958,One absent from fitting data,Both returning; minimum below 5,True,0.5488308631045042
ae89ba793121fe0c,2a898bf9fb7710b3,2025-05-31,01c9e4013afce141,4bdedbdeedff7d1d,0,0.442580796405588,Both absent from fitting data,At least one UFC debutant,True,0.557419203594412
baa2ee0bf7f97079,2a898bf9fb7710b3,2025-05-31,65adf3856c4d9256,253076a23d03dcd0,0,0.5257460783880471,One absent from fitting data,Both returning; minimum below 5,False,0.5257460783880471
01100a90b584215d,18c49685296c60e6,2025-06-07,49edd0d90f60fb7d,e90a2f22417af68e,0,0.4420678198353254,One absent from fitting data,Both returning; minimum below 5,True,0.5579321801646746
0e8599eca8ccfa32,18c49685296c60e6,2025-06-07,001eb2ab0f30e7ea,e2be0c1a9b886d92,0,0.372398211092443,Both absent from fitting data,At least one UFC debutant,True,0.627601788907557
2129acab2280bd29,18c49685296c60e6,2025-06-07,3a46b268013afede,6d4b63c767106d3a,1,0.3569344909595399,Both in fitting data,Both have at least 5 prior UFC bouts,False,0.6430655090404601
2e4064e0e6d4d92e,18c49685296c60e6,2025-06-07,17734443a833cdf7,c739c2995a275314,1,0.5149734584849053,Both absent from fitting data,Both returning; minimum below 5,True,0.5149734584849053
81b84b34f0357fa5,18c49685296c60e6,2025-06-07,1af1170ed937cba7,3253b16d38ae087d,1,0.5482652816264459,One absent from fitting data,Both returning; minimum below 5,True,0.5482652816264459
9f4a0de31375ba04,18c49685296c60e6,2025-06-07,a44020ea2e8cd026,57186c150c645200,1,0.3891883010666946,Both absent from fitting data,At least one UFC debutant,False,0.6108116989333054
ac977a0389682124,18c49685296c60e6,2025-06-07,fc08099550072fe4,e2f6b2769aaedd6c,1,0.4302746372245898,Both in fitting data,Both have at least 5 prior UFC bouts,False,0.5697253627754102
b6a87389bdc36a00,18c49685296c60e6,2025-06-07,17e97649403ba428,294aa73dbf37d281,1,0.7010676362842384,One absent from fitting data,Both have at least 5 prior UFC bouts,True,0.7010676362842384
d078e9046aa86307,18c49685296c60e6,2025-06-07,6551c64fbcd1a467,2997e7fe3c9d3d4a,0,0.4690097188453976,One absent from fitting data,Both returning; minimum below 5,True,0.5309902811546023
df5dac45fc585fb0,18c49685296c60e6,2025-06-07,2cfba6c837c03ed0,bc711b6dd95c1af6,0,0.2841404922733553,One absent from fitting data,At least one UFC debutant,True,0.7158595077266448
e28e829800466aca,18c49685296c60e6,2025-06-07,8c0580d4fff106c1,c1085e1701b13eca,0,0.4056700357778386,Both in fitting data,Both have at least 5 prior UFC bouts,True,0.5943299642221613
e61d83e4e1f9c4d7,18c49685296c60e6,2025-06-07,c03520b5c88ed6b4,b50a426a33da0012,1,0.4560133869221913,Both in fitting data,Both have at least 5 prior UFC bouts,False,0.5439866130778087
f0488a4486a64af0,18c49685296c60e6,2025-06-07,2caf993f53541fa1,2558ae2e5671e318,1,0.379948970892175,One absent from fitting data,At least one UFC debutant,False,0.620051029107825
1714950933f88ab9,de277a4abcfeea46,2025-06-14,d8c7c61b176e3994,b9f28e7045fdfce7,0,0.5554104791422435,Both in fitting data,Both have at least 5 prior UFC bouts,False,0.5554104791422435
2ae7404681deb3b3,de277a4abcfeea46,2025-06-14,1497e735d9f2560a,8e382b585a92affe,0,0.518923404206301,Both in fitting data,Both have at least 5 prior UFC bouts,False,0.518923404206301
59c4fdb3c0673066,de277a4abcfeea46,2025-06-14,5987b2458f4b5290,5c84f673b7bb7c15,1,0.5610278422972484,One absent from fitting data,Both returning; minimum below 5,True,0.5610278422972484
79dfbbdd14fbbd11,de277a4abcfeea46,2025-06-14,f29a6350c69f4a33,47b63240018d5d86,0,0.5471707259515224,Both in fitting data,Both have at least 5 prior UFC bouts,False,0.5471707259515224
ab325ea526824723,de277a4abcfeea46,2025-06-14,2c483cf443f38ece,5c637af9472ae7cc,0,0.504833619969655,One absent from fitting data,Both returning; minimum below 5,False,0.504833619969655
b39b8ff0d7de211a,de277a4abcfeea46,2025-06-14,88be62d6c1e6dadb,7f6ed67d3ed3c036,1,0.499317892387316,One absent from fitting data,Both returning; minimum below 5,False,0.500682107612684
d75b3d3c2b209b75,de277a4abcfeea46,2025-06-14,b9437600497350f3,f1b2aa7853d1ed6e,0,0.4648249968496947,Both in fitting data,Both have at least 5 prior UFC bouts,True,0.5351750031503053
e5bd7e6e2a50a843,de277a4abcfeea46,2025-06-14,4144798612ef96e5,5f61780fe5e9b6d0,1,0.5006472280559667,Both in fitting data,Both have at least 5 prior UFC bouts,True,0.5006472280559667
e861e9cc0118c670,de277a4abcfeea46,2025-06-14,523fa774700d7d3f,c58f51dedb310998,0,0.3335408011636212,Both in fitting data,Both have at least 5 prior UFC bouts,True,0.6664591988363788
ec2034b134ae71cd,de277a4abcfeea46,2025-06-14,46e2011d92463b7e,a495f599e787614f,0,0.6441779601477333,One absent from fitting data,Both returning; minimum below 5,False,0.6441779601477333
f6454f2e508626ec,de277a4abcfeea46,2025-06-14,2e45d08b3f2f02c8,9c27f3217891f3f0,1,0.6535286918999069,One absent from fitting data,Both returning; minimum below 5,True,0.6535286918999069
03bc32bdb5a33496,400c7b43c86d27d3,2025-06-21,749f572d1d3161fb,5444c5a201d3ee5a,1,0.4912700302460375,Both in fitting data,Both have at least 5 prior UFC bouts,False,0.5087299697539625
19764211af05674c,400c7b43c86d27d3,2025-06-21,fb37795db81f93f3,8d11d9c13e2ccdf7,0,0.5561713496279107,Both absent from fitting data,Both returning; minimum below 5,False,0.5561713496279107
2bfc0212f2cae65b,400c7b43c86d27d3,2025-06-21,9f5e3c20ce40b344,103e2e33a60683e1,1,0.4754009057612601,Both absent from fitting data,Both returning; minimum below 5,False,0.52459909423874
36ec204f47e4d613,400c7b43c86d27d3,2025-06-21,bf2c8e01b07d3eb1,ae81a3ac7b260411,1,0.6676710629955469,Both absent from fitting data,At least one UFC debutant,True,0.6676710629955469
5fcf18bcd2a020f1,400c7b43c86d27d3,2025-06-21,6a96ad1bc34fb113,285ae0b4a68221f4,0,0.3926055726052636,Both in fitting data,Both have at least 5 prior UFC bouts,True,0.6073944273947365
7513a00037094075,400c7b43c86d27d3,2025-06-21,37f560436d745c18,ff62013d2fce6d13,0,0.4229302682560628,One absent from fitting data,Both returning; minimum below 5,True,0.5770697317439373
8c140756bf43dcc2,400c7b43c86d27d3,2025-06-21,f00ac08ab056af5d,7f1bf0c255ec8756,1,0.5790227233737739,One absent from fitting data,Both returning; minimum below 5,True,0.5790227233737739
8e5744c664fec3e9,400c7b43c86d27d3,2025-06-21,739fd4fbb5d862f4,fa6796c55d6c5440,0,0.4039903216784344,One absent from fitting data,At least one UFC debutant,True,0.5960096783215656
a12d3a6c8aaf87ca,400c7b43c86d27d3,2025-06-21,da7f113b5ea39c43,3329d692aea4dc28,1,0.3710921719276612,One absent from fitting data,Both returning; minimum below 5,False,0.6289078280723388
a1afc16e21d1a807,400c7b43c86d27d3,2025-06-21,e4a47b07044ddd72,c814b4c899793af6,0,0.6089759367753095,Both in fitting data,Both have at least 5 prior UFC bouts,False,0.6089759367753095
e512b80bbaea36c2,400c7b43c86d27d3,2025-06-21,4a07b1988477502c,6b56e94a59b7b134,1,0.3383604022768043,Both absent from fitting data,At least one UFC debutant,False,0.6616395977231957
fff3218758c513b8,400c7b43c86d27d3,2025-06-21,bd532e9a2b93870c,07047eb7d17fb0a2,0,0.4924699272445806,Both absent from fitting data,Both returning; minimum below 5,True,0.5075300727554194
043172689e415438,66766984842c13dc,2025-06-28,25f9a5f3e8a52618,ab2a4b5e04dc5fe9,1,0.5187809005023896,Both absent from fitting data,At least one UFC debutant,True,0.5187809005023896
1ea9ad3b6e1cba79,66766984842c13dc,2025-06-28,b6452706b373eea1,08af939f41b5a57b,0,0.4903040304794255,Both in fitting data,Both have at least 5 prior UFC bouts,True,0.5096959695205745
2f523b757f7f33a2,66766984842c13dc,2025-06-28,7d6ceff6747f2de2,41cc71cbf210e0fe,1,0.4951517677023629,Both absent from fitting data,Both returning; minimum below 5,False,0.5048482322976371
7a64d63e12618ba7,66766984842c13dc,2025-06-28,07225ba28ae309b6,54f64b5e283b0ce7,0,0.3192740205759914,Both in fitting data,Both have at least 5 prior UFC bouts,True,0.6807259794240086
815ff62ca8e217be,66766984842c13dc,2025-06-28,68d4a891e5cf2029,36541f1e6c5d4955,1,0.594277046969995,Both in fitting data,Both have at least 5 prior UFC bouts,True,0.594277046969995
8308464729ea7c40,66766984842c13dc,2025-06-28,853eb0dd5c0e2149,a0f0004aadf10b71,0,0.2929089650454544,Both in fitting data,Both have at least 5 prior UFC bouts,True,0.7070910349545456
958522de54ccc536,66766984842c13dc,2025-06-28,d1c65d2cf2925ddd,0a1942069c9ad6b6,1,0.5597344805132044,Both in fitting data,Both have at least 5 prior UFC bouts,True,0.5597344805132044
9bff9fe298e63357,66766984842c13dc,2025-06-28,85497ffd934ecf7e,d8da10db80131bec,1,0.6508704779265744,One absent from fitting data,Both returning; minimum below 5,True,0.6508704779265744
d7be78c400e7e0f9,66766984842c13dc,2025-06-28,19c591115a58982c,809bd1a871491508,0,0.3113406243717069,Both in fitting data,Both have at least 5 prior UFC bouts,True,0.688659375628293
f6a3c78f15ff26c7,66766984842c13dc,2025-06-28,6e743a33d56bdaa4,9256f591b30c073e,1,0.5296462375263921,Both absent from fitting data,Both returning; minimum below 5,True,0.5296462375263921
f722b96ae6862843,66766984842c13dc,2025-06-28,6e15f63b6c2e2c15,17e97649403ba428,0,0.3801163320570142,One absent from fitting data,Both have at least 5 prior UFC bouts,True,0.6198836679429858
0adfc21045c02555,7b03d9df5910917d,2025-07-12,17923f676f100e16,d3df1add9d9a7efb,0,0.6680245385308862,One absent from fitting data,Both returning; minimum below 5,False,0.6680245385308862
120d66cb0da0f3c3,7b03d9df5910917d,2025-07-12,3f4c3bc822bea45d,745fa7b605f8e2da,0,0.4027623662548695,One absent from fitting data,Both returning; minimum below 5,True,0.5972376337451305
236f811290163dca,7b03d9df5910917d,2025-07-12,5442f1bc4b47eaf3,b0d6a1d8ac3d563d,1,0.4122256765404205,Both in fitting data,Both have at least 5 prior UFC bouts,False,0.5877743234595795
2a03bc4c491b4c9a,7b03d9df5910917d,2025-07-12,4a28cb716c19157a,01641ba5df0c69b0,0,0.2921065279698258,One absent from fitting data,Both have at least 5 prior UFC bouts,True,0.7078934720301742
46bc1338a50cbeac,7b03d9df5910917d,2025-07-12,729d4bd5a6cd0a97,de594b35c45c2e9a,0,0.3232226159899641,One absent from fitting data,Both returning; minimum below 5,True,0.676777384010036
4b75d3b7738cb278,7b03d9df5910917d,2025-07-12,be9bdec19b7e9ffe,71171fc96445bf65,0,0.3083768860003451,Both absent from fitting data,Both have at least 5 prior UFC bouts,True,0.6916231139996549
4e5d4a36eaaa3a78,7b03d9df5910917d,2025-07-12,5b03b61f9d90125e,583ee11abddfc581,1,0.5414896909344183,One absent from fitting data,Both returning; minimum below 5,True,0.5414896909344183
5c650ae2193ab1bc,7b03d9df5910917d,2025-07-12,8667caa0451d245b,f5779a2303ed76ec,0,0.3486532902033906,One absent from fitting data,Both returning; minimum below 5,True,0.6513467097966095
7f33fbdc35afd721,7b03d9df5910917d,2025-07-12,e99eb0ef25885de5,fb3e61720be4690c,0,0.3118066046929125,One absent from fitting data,Both returning; minimum below 5,True,0.6881933953070876
b19bf99c7eb796bc,7b03d9df5910917d,2025-07-12,c15fa95b9a12fde4,3e8118c1ab52f211,0,0.6837550356795273,Both absent from fitting data,Both returning; minimum below 5,False,0.6837550356795273
d5e3be7a07c48b08,7b03d9df5910917d,2025-07-12,a845f0735bc67405,c68c68efaa5ca6ef,1,0.6020001736854932,Both in fitting data,Both have at least 5 prior UFC bouts,True,0.6020001736854932
f368475c366c6d85,7b03d9df5910917d,2025-07-12,97cf1a2c7c5e7889,751de04455cfaac0,1,0.6239626345873481,Both in fitting data,Both have at least 5 prior UFC bouts,True,0.6239626345873481
182ee320edb1b5ed,b8e2f10efb6eca85,2025-07-19,a67f5afa8d6a1b80,0c25d0a5e8cdbf19,1,0.5850527035278705,Both in fitting data,Both have at least 5 prior UFC bouts,True,0.5850527035278705
23c963be9de38205,b8e2f10efb6eca85,2025-07-19,9d83f6da776ff7d6,2e5c2aa8e4ab9d82,0,0.473405942254437,Both in fitting data,Both have at least 5 prior UFC bouts,True,0.526594057745563
37bc72d5d211b189,b8e2f10efb6eca85,2025-07-19,e803242fb2e41112,a01a62132460a98d,1,0.5217268765369374,One absent from fitting data,At least one UFC debutant,True,0.5217268765369374
5dde61734080ac4a,b8e2f10efb6eca85,2025-07-19,8a1f3b5c526cd6e6,3a46b268013afede,1,0.4336061102332555,Both in fitting data,Both have at least 5 prior UFC bouts,False,0.5663938897667444
72e477b41f44e358,b8e2f10efb6eca85,2025-07-19,0cd0456d6029cec2,2f815ed5f8278ba6,0,0.3754450190413949,Both absent from fitting data,Both returning; minimum below 5,True,0.6245549809586051
74099d470e8d2765,b8e2f10efb6eca85,2025-07-19,1e719d4b676dc19a,3eeec2f53cebdf12,1,0.5294900815283543,Both absent from fitting data,At least one UFC debutant,True,0.5294900815283543
798652dbea086910,b8e2f10efb6eca85,2025-07-19,70e1f8a821b72c8b,6370c1c1e12723d5,1,0.6285236706257904,Both in fitting data,Both have at least 5 prior UFC bouts,True,0.6285236706257904
8e1feda9141602f1,b8e2f10efb6eca85,2025-07-19,2f181c0467965b98,7acbb0972e75281a,1,0.5440585870025504,Both in fitting data,Both have at least 5 prior UFC bouts,True,0.5440585870025504
a602c68147b752b2,b8e2f10efb6eca85,2025-07-19,fc0a4053eb8a3a59,f1ab6f37492c630a,0,0.3974947970190945,Both absent from fitting data,Both returning; minimum below 5,True,0.6025052029809055
a95b03e9b5a91e47,b8e2f10efb6eca85,2025-07-19,4148802ae4a50768,511e82663651438d,0,0.6160188466053027,Both in fitting data,Both have at least 5 prior UFC bouts,False,0.6160188466053027
acc961fd5cf5c62e,b8e2f10efb6eca85,2025-07-19,82a5152216251682,98a58c26c5b1ed17,0,0.6693871756358697,One absent from fitting data,Both returning; minimum below 5,False,0.6693871756358697
d2cb92fdf6a497e9,b8e2f10efb6eca85,2025-07-19,18d01f7f8338ae72,60425d07ef4b91a7,1,0.511170975362013,One absent from fitting data,Both returning; minimum below 5,True,0.511170975362013
d7507e2741fd4d05,b8e2f10efb6eca85,2025-07-19,029eaff01e6bb8f0,150ff4cc642270b9,0,0.3306630267007484,Both in fitting data,Both have at least 5 prior UFC bouts,True,0.6693369732992516
df2ed8b509fbdbdc,b8e2f10efb6eca85,2025-07-19,0f1efce7d2571d10,3920d0cc288f9b0d,1,0.3187266370410839,Both absent from fitting data,Both returning; minimum below 5,False,0.681273362958916
017a825c7820d12e,28d8638ea0a71908,2025-07-26,da22387a0407a2dc,113df4fde64735c6,0,0.5852232622632725,One absent from fitting data,Both have at least 5 prior UFC bouts,False,0.5852232622632725
0a598768f5c8d540,28d8638ea0a71908,2025-07-26,095854a135e6db55,8eb046f83e82bf26,0,0.3737227420850622,One absent from fitting data,At least one UFC debutant,True,0.6262772579149378
23ddf51ce630028d,28d8638ea0a71908,2025-07-26,3753714927f18437,69037fc7730e4225,0,0.5044815451969852,Both absent from fitting data,Both returning; minimum below 5,False,0.5044815451969852
3e6067763978d862,28d8638ea0a71908,2025-07-26,d25240135aee03e5,beecb672a279223e,1,0.447579057718209,Both in fitting data,Both have at least 5 prior UFC bouts,False,0.552420942281791
582d66ce97309e29,28d8638ea0a71908,2025-07-26,06734ca9d88dec3a,8e9eb3fc86db0f7d,1,0.5689109519703789,One absent from fitting data,Both have at least 5 prior UFC bouts,True,0.5689109519703789
6b8be0ee3e569ad2,28d8638ea0a71908,2025-07-26,e1147d3d2dabe1ce,d549cefc7c54ab78,0,0.4026677151237034,One absent from fitting data,Both returning; minimum below 5,True,0.5973322848762965
77f960d82cda0b76,28d8638ea0a71908,2025-07-26,1091d4d957141094,ef5dcb10d2bd4b0f,0,0.5044701530148138,One absent from fitting data,Both returning; minimum below 5,False,0.5044701530148138
7c075e3383198e14,28d8638ea0a71908,2025-07-26,447f9858ae78f921,28d421729451c8ca,1,0.4005811007475722,One absent from fitting data,Both returning; minimum below 5,False,0.5994188992524279
887c61da1a78a5e1,28d8638ea0a71908,2025-07-26,88be62d6c1e6dadb,8d3273573b85be09,0,0.5269468730869061,Both absent from fitting data,Both returning; minimum below 5,False,0.5269468730869061
d4d4ee045b0ca695,28d8638ea0a71908,2025-07-26,d661ce4da776fc20,c0ac37a4a1133da9,1,0.6624124158027628,One absent from fitting data,Both returning; minimum below 5,True,0.6624124158027628
e72c691b7c68b03a,28d8638ea0a71908,2025-07-26,d9c6f19f958643e9,0fd5f4b838e890cc,1,0.6039419390961671,Both in fitting data,Both have at least 5 prior UFC bouts,True,0.6039419390961671
f9dac7702609669f,28d8638ea0a71908,2025-07-26,07a74004d964c7f4,6e8f1bcdda94ff45,1,0.4089633988646397,Both absent from fitting data,Both returning; minimum below 5,False,0.5910366011353603
07c2af68b6dbc4ec,f2c934689243fe4e,2025-08-02,d3f89fa685bd8420,450bcab0968562c4,1,0.6278659752421918,Both absent from fitting data,At least one UFC debutant,True,0.6278659752421918
111e66eb922449e4,f2c934689243fe4e,2025-08-02,d964a59c48381cb6,239d8e5359022f3b,0,0.5234902478512952,Both absent from fitting data,Both returning; minimum below 5,False,0.5234902478512952
282c8c6c1ed82bfb,f2c934689243fe4e,2025-08-02,4461d7e47375a895,b671bdf981ad527d,1,0.5312584446968063,One absent from fitting data,Both returning; minimum below 5,True,0.5312584446968063
426a69e343822ab3,f2c934689243fe4e,2025-08-02,849c5d9979df5357,fd406a32a6fb3a29,0,0.4891668806635262,Both absent from fitting data,Both have at least 5 prior UFC bouts,True,0.5108331193364738
45781930d64da456,f2c934689243fe4e,2025-08-02,147e70aa6cc48cfc,260e9e0d4954aea6,0,0.3854176958721104,Both in fitting data,Both have at least 5 prior UFC bouts,True,0.6145823041278896
878941394f9e3538,f2c934689243fe4e,2025-08-02,48a9a128784d53d1,323d4ca260dfa0ba,0,0.5700460927227813,Both absent from fitting data,Both have at least 5 prior UFC bouts,False,0.5700460927227813
ac57250e3de89d5d,f2c934689243fe4e,2025-08-02,8adcbd525fab8d9b,84b3e7d38f2d2ec5,0,0.4444347082589822,Both in fitting data,Both have at least 5 prior UFC bouts,True,0.5555652917410179
b3c695728e177fd4,f2c934689243fe4e,2025-08-02,22e07d3da1aa3475,7eaa5e31c2dd86aa,1,0.4242260219928467,Both absent from fitting data,Both returning; minimum below 5,False,0.5757739780071534
b47db03affb279c3,f2c934689243fe4e,2025-08-02,53c10176e3bc7416,83455a9d17f57dae,0,0.3696371711849504,Both absent from fitting data,Both returning; minimum below 5,True,0.6303628288150496
c62ed8a6002b5360,f2c934689243fe4e,2025-08-02,f2b3f4ef3f780168,351c4ec637380ad5,0,0.3962463754875264,One absent from fitting data,Both returning; minimum below 5,True,0.6037536245124736
d98d6b2c13557a87,f2c934689243fe4e,2025-08-02,8bd4200561c77a62,e375cb5caf4717b6,0,0.3943136820121443,One absent from fitting data,Both returning; minimum below 5,True,0.6056863179878558
eeeffa7f514e0c0e,f2c934689243fe4e,2025-08-02,a2d342ffc83913ed,d8c811df0386d5e8,0,0.4512319378050293,Both absent from fitting data,Both returning; minimum below 5,True,0.5487680621949707
37d58369782cb86b,6cd3dfc54f01287f,2025-08-09,32ab52e5de93092d,6d68c1afe954f121,1,0.5909668716579519,One absent from fitting data,Both have at least 5 prior UFC bouts,True,0.5909668716579519
3d6571790c21527c,6cd3dfc54f01287f,2025-08-09,6add18754930182b,09a4447655fd4b7b,1,0.6774220836515068,Both absent from fitting data,Both returning; minimum below 5,True,0.6774220836515068
646c79a7ecd12e5f,6cd3dfc54f01287f,2025-08-09,f0feeb2192937424,abcf2cc6efc42031,0,0.3500757242960035,Both in fitting data,Both have at least 5 prior UFC bouts,True,0.6499242757039965
68fe62bac7fd8bb0,6cd3dfc54f01287f,2025-08-09,093e1f5bb73850be,327d5f279895110d,1,0.5655426445862592,Both in fitting data,Both have at least 5 prior UFC bouts,True,0.5655426445862592
6ef50ed03b116b60,6cd3dfc54f01287f,2025-08-09,a6eb54ae17a551be,a78a87d8c2bbb1cb,1,0.6019188760029651,One absent from fitting data,Both returning; minimum below 5,True,0.6019188760029651
75a84211f50c53f5,6cd3dfc54f01287f,2025-08-09,a93f94c923c3a9cb,cad24459b28592ca,1,0.6471482169264969,One absent from fitting data,Both have at least 5 prior UFC bouts,True,0.6471482169264969
7d923267c44dd93b,6cd3dfc54f01287f,2025-08-09,b12fb759e02378de,681399317dbf4701,0,0.4864324254979938,Both in fitting data,Both returning; minimum below 5,True,0.5135675745020062
857e8facd8ff7c36,6cd3dfc54f01287f,2025-08-09,9508cc6184cb2450,f14f644d41ade29f,1,0.3267376650838475,One absent from fitting data,Both returning; minimum below 5,False,0.6732623349161525
98d6771af9b0ebe5,6cd3dfc54f01287f,2025-08-09,8fd808923cffff82,5ec591b78349ba7e,1,0.4211613425176891,Both in fitting data,Both have at least 5 prior UFC bouts,False,0.5788386574823109
ae7a8f19743e8154,6cd3dfc54f01287f,2025-08-09,148bb103cfbf123e,7478b7f959ba61f5,0,0.3792113031251182,Both absent from fitting data,Both returning; minimum below 5,True,0.6207886968748818
aef44145740741b3,6cd3dfc54f01287f,2025-08-09,f9ab66e67240db7b,b1e5bcaad32a3cac,1,0.6623016316108329,Both in fitting data,Both have at least 5 prior UFC bouts,True,0.6623016316108329
ed5383b50ffcdded,6cd3dfc54f01287f,2025-08-09,ffd3224638c01b57,46e0d677f91bacc0,1,0.5142945698951499,One absent from fitting data,Both returning; minimum below 5,True,0.5142945698951499
12cedec11b37ddc0,421ccfc6ddb17958,2025-08-16,0d7b51c9d2649a6e,767755fd74662dbf,0,0.542959000082812,Both in fitting data,Both have at least 5 prior UFC bouts,False,0.542959000082812
1d8dc0fb5d47357f,421ccfc6ddb17958,2025-08-16,262a7d06203657e6,971246648e162f0d,1,0.329668426012457,Both in fitting data,Both have at least 5 prior UFC bouts,False,0.6703315739875431
42585ce706c086de,421ccfc6ddb17958,2025-08-16,b997be68943010fc,7ee0fd831c0fe7c3,0,0.5363164541822929,One absent from fitting data,Both have at least 5 prior UFC bouts,False,0.5363164541822929
5b880d10b0ed7acc,421ccfc6ddb17958,2025-08-16,0d65c432720accb9,6ac9bc2953c47345,1,0.616802117771273,Both in fitting data,Both have at least 5 prior UFC bouts,True,0.616802117771273
5efd13a12be06706,421ccfc6ddb17958,2025-08-16,d1feea7a4bdcd503,64b12fe31be7560c,1,0.5382929020338403,Both absent from fitting data,At least one UFC debutant,True,0.5382929020338403
68c423c7119004f3,421ccfc6ddb17958,2025-08-16,30cad5a751adcb48,2fe9032955c2e013,0,0.4047345321054805,One absent from fitting data,At least one UFC debutant,True,0.5952654678945195
82338ba457fbe87f,421ccfc6ddb17958,2025-08-16,c96d9178c9ed9e62,d33da8a3d82bdb62,1,0.5573115109165716,One absent from fitting data,Both returning; minimum below 5,True,0.5573115109165716
88020d22cf905792,421ccfc6ddb17958,2025-08-16,9d62c2d8ee151f08,27b388f0aab49780,1,0.5849660951592308,One absent from fitting data,Both returning; minimum below 5,True,0.5849660951592308
9939d7073462e07e,421ccfc6ddb17958,2025-08-16,a67d071163962af8,13a0275fa13c4d26,1,0.4901136520513024,One absent from fitting data,Both returning; minimum below 5,False,0.5098863479486976
9fa6a029f7f8241c,421ccfc6ddb17958,2025-08-16,396fe87b84ac2e1c,5537efc6e496dd84,1,0.568120557674725,One absent from fitting data,At least one UFC debutant,True,0.568120557674725
a2eafd9e1d5031b1,421ccfc6ddb17958,2025-08-16,6a1901c62ab3870f,8e5d953bdb9ae5e7,0,0.4963507147049451,Both in fitting data,Both have at least 5 prior UFC bouts,True,0.5036492852950549
bc63f1b2e52f603e,421ccfc6ddb17958,2025-08-16,64a50dad704d1d49,7cbf7c78d3b34218,0,0.3766876680007639,Both in fitting data,Both have at least 5 prior UFC bouts,True,0.6233123319992361
0b1460c666e66d39,754968e325d6f60d,2025-08-23,b2a78df161bd67f9,8c1ca54b5089d199,1,0.4847337572569109,One absent from fitting data,Both returning; minimum below 5,False,0.5152662427430891
130e622d4d2aee3e,754968e325d6f60d,2025-08-23,d6c0cdd7e467c440,595db60957de51d3,1,0.3644473751597242,Both in fitting data,Both have at least 5 prior UFC bouts,False,0.6355526248402759
1452c20d964c0a63,754968e325d6f60d,2025-08-23,4729c93ba705a3bf,7498b3ac79a3b948,0,0.3779853239104634,Both absent from fitting data,At least one UFC debutant,True,0.6220146760895366
1ab1ed99a4bc5494,754968e325d6f60d,2025-08-23,bb2c3c3a466224af,814e5233e2acf2ee,0,0.6562677360747623,One absent from fitting data,Both returning; minimum below 5,False,0.6562677360747623
2eecf0c36192e40c,754968e325d6f60d,2025-08-23,8a65fd9ba31fd3f7,c21f26bbde777573,0,0.6534829564466336,One absent from fitting data,Both returning; minimum below 5,False,0.6534829564466336
2f6065fe0804d1d8,754968e325d6f60d,2025-08-23,86bace9e4ad85542,a474aade8eb3a8f0,0,0.4426820921801467,Both absent from fitting data,Both returning; minimum below 5,True,0.5573179078198534
5538d15c4eeac3b3,754968e325d6f60d,2025-08-23,f14cf73e51b29254,fc08099550072fe4,1,0.5001379845083678,Both in fitting data,Both have at least 5 prior UFC bouts,True,0.5001379845083678
58080e8989927500,754968e325d6f60d,2025-08-23,cb696ebfb6598724,def8166ff24bd237,1,0.6610089196874591,Both in fitting data,Both have at least 5 prior UFC bouts,True,0.6610089196874591
7fc5f1dc2df84ac7,754968e325d6f60d,2025-08-23,02f484417a6fa69d,709fadb644ee3f51,1,0.4019842152946934,Both absent from fitting data,Both returning; minimum below 5,False,0.5980157847053066
ce6bd165bef82bd7,754968e325d6f60d,2025-08-23,3cf18e01cb6cbde3,34b96d52db1d26e6,1,0.5397104925661442,One absent from fitting data,Both returning; minimum below 5,True,0.5397104925661442
f0b7caa90faf47e5,754968e325d6f60d,2025-08-23,7b3503352cd53abb,3f11fd1751fa83b1,0,0.3351827157470959,Both absent from fitting data,Both returning; minimum below 5,True,0.6648172842529041
f55749e32ce5c6f3,754968e325d6f60d,2025-08-23,d2cd7a69cc55e7ed,a13d755965a4ec9f,0,0.3406997191100561,Both in fitting data,Both have at least 5 prior UFC bouts,True,0.659300280889944
0149e875b31e57f8,6e380a4d73ab4f0e,2025-09-06,eabf206b162b3b83,476fe566d2df676e,0,0.4168189798300484,Both in fitting data,Both have at least 5 prior UFC bouts,True,0.5831810201699517
23dbe713c4294c66,6e380a4d73ab4f0e,2025-09-06,c9cf753cfdf77fc2,7d8435c56043b0ae,0,0.5318720060115846,One absent from fitting data,At least one UFC debutant,False,0.5318720060115846
4080b4310d82b42d,6e380a4d73ab4f0e,2025-09-06,46e2011d92463b7e,49edd0d90f60fb7d,1,0.543863025061583,Both absent from fitting data,Both returning; minimum below 5,True,0.543863025061583
420211200a35c1d1,6e380a4d73ab4f0e,2025-09-06,31dbfbe4e7a6727c,8b6e5dc2ba1edbe7,0,0.4264503103261443,Both absent from fitting data,Both returning; minimum below 5,True,0.5735496896738557
5bcd8abf6da01dae,6e380a4d73ab4f0e,2025-09-06,4126a78111c0855a,881bf86d4cba8578,0,0.4307888898481817,Both in fitting data,Both have at least 5 prior UFC bouts,True,0.5692111101518182
5cd2dd6075fadcce,6e380a4d73ab4f0e,2025-09-06,ec13c393d029297d,2dbc60c52de126d8,1,0.6116773708667623,Both absent from fitting data,At least one UFC debutant,True,0.6116773708667623
69b31593175f77ec,6e380a4d73ab4f0e,2025-09-06,4bdedbdeedff7d1d,f6ad6a1e4d600e0d,0,0.5224920179231342,One absent from fitting data,Both returning; minimum below 5,False,0.5224920179231342
a38010639e61885c,6e380a4d73ab4f0e,2025-09-06,e94085e821bd81de,9c442aaf149ea982,1,0.4928455500913627,One absent from fitting data,Both returning; minimum below 5,False,0.5071544499086373
a47123ae6e048f11,6e380a4d73ab4f0e,2025-09-06,f748267c4ab6c127,1d2d98ddd05b38fb,0,0.4859214792067412,One absent from fitting data,At least one UFC debutant,True,0.5140785207932588
b3253e2c2d111030,6e380a4d73ab4f0e,2025-09-06,f96856f9d69fd7e4,0c6d9ea8306c029e,1,0.4329582804861017,One absent from fitting data,Both returning; minimum below 5,False,0.5670417195138984
b53031bf4bd0a330,6e380a4d73ab4f0e,2025-09-06,92aed9d16794f42b,e1d40e8782d80bc2,0,0.3712107432963908,One absent from fitting data,At least one UFC debutant,True,0.6287892567036092
d14fea43712707f0,6e380a4d73ab4f0e,2025-09-06,c2299ec916bc7c56,9c393e836a852f30,1,0.6030043944171851,One absent from fitting data,Both returning; minimum below 5,True,0.6030043944171851
d56a59a4c79cf515,6e380a4d73ab4f0e,2025-09-06,2caf993f53541fa1,8f765fd5775a8873,0,0.4893077050651128,One absent from fitting data,Both returning; minimum below 5,True,0.5106922949348872
07a378b257aad5a9,5efaaf313b652dd7,2025-09-13,baa9be02c3e3e038,866fd7b1a6c90e7f,0,0.3174193634399504,One absent from fitting data,Both returning; minimum below 5,True,0.6825806365600495
114d2f6fcd3f6f00,5efaaf313b652dd7,2025-09-13,8c0580d4fff106c1,71505842fb6455c3,1,0.5476140178863235,Both in fitting data,Both have at least 5 prior UFC bouts,True,0.5476140178863235
202c47db69768356,5efaaf313b652dd7,2025-09-13,262a7d06203657e6,f53d4f21d1b5f2dc,1,0.5491092406628818,Both in fitting data,Both have at least 5 prior UFC bouts,True,0.5491092406628818
352839a03b428e74,5efaaf313b652dd7,2025-09-13,ae7fe94f117f98cf,d747eb273a40a920,1,0.3077825089877387,Both in fitting data,Both have at least 5 prior UFC bouts,False,0.6922174910122614
3dc1a6335d890650,5efaaf313b652dd7,2025-09-13,c051c2e12d692b8a,29162be25ebef5f0,1,0.6056740089098356,Both absent from fitting data,Both returning; minimum below 5,True,0.6056740089098356
3dd2fde7bff79c51,5efaaf313b652dd7,2025-09-13,c06d6b18862f9a53,70dd69b6a703257e,0,0.4284738523286333,Both absent from fitting data,At least one UFC debutant,True,0.5715261476713667
7cbfeba85f86d1bf,5efaaf313b652dd7,2025-09-13,7026eca45f65377b,e132d47bd9efbbe0,0,0.444735644744942,Both in fitting data,Both have at least 5 prior UFC bouts,True,0.555264355255058
8a884a7930d75ca9,5efaaf313b652dd7,2025-09-13,faf317c665546a36,32feae6d9a1e5047,1,0.5944693780404325,Both absent from fitting data,At least one UFC debutant,True,0.5944693780404325
944b929130b23c2a,5efaaf313b652dd7,2025-09-13,9a97acbfd5a08bfa,05339613bf8e9808,1,0.6451948281389066,One absent from fitting data,Both returning; minimum below 5,True,0.6451948281389066
9474f64347aade7a,5efaaf313b652dd7,2025-09-13,b08012bbe542592a,3df5493bb279226f,1,0.6944452440493285,Both in fitting data,Both have at least 5 prior UFC bouts,True,0.6944452440493285
a1e193425e716b42,5efaaf313b652dd7,2025-09-13,3fa97913cfd205d3,5e9ca8dd7d783a75,0,0.4978870832929494,One absent from fitting data,At least one UFC debutant,True,0.5021129167070506
c4a6174b0698652e,5efaaf313b652dd7,2025-09-13,60193e707634e560,81d2c551886bd5a1,1,0.3779853239104634,Both absent from fitting data,At least one UFC debutant,False,0.6220146760895366
de1a3734be60e6a1,5efaaf313b652dd7,2025-09-13,52ef95b5860fb28c,f166e93d04a8c274,0,0.5614558569890357,Both absent from fitting data,Both have at least 5 prior UFC bouts,False,0.5614558569890357
140937779a2466a7,ed220e87bef0cc64,2025-09-27,d0fd0d9ee560dae7,87e4a3a5080ee7ce,1,0.4284738523286333,Both absent from fitting data,At least one UFC debutant,False,0.5715261476713667
1ff24d5f760e0491,ed220e87bef0cc64,2025-09-27,84b3e7d38f2d2ec5,a845f0735bc67405,1,0.4451566413991762,Both in fitting data,Both have at least 5 prior UFC bouts,False,0.5548433586008238
38248c5d13f273e6,ed220e87bef0cc64,2025-09-27,a9da3158dd2c2b5a,c5ccd878231c5407,1,0.5926049691862806,Both absent from fitting data,Both returning; minimum below 5,True,0.5926049691862806
44cd8c9f622e155f,ed220e87bef0cc64,2025-09-27,528b071cf3da7c56,ca80d72da81d7224,0,0.6350849149695807,One absent from fitting data,At least one UFC debutant,False,0.6350849149695807
81127436605d3c88,ed220e87bef0cc64,2025-09-27,723b64c0e9a8f348,ed7d329d7c29428d,0,0.5235508356098934,Both absent from fitting data,Both returning; minimum below 5,False,0.5235508356098934
8abad36b4c5e4070,ed220e87bef0cc64,2025-09-27,b39f7a6c2be17ee8,6c3b2525436cf5d4,0,0.4834062097130437,Both absent from fitting data,Both returning; minimum below 5,True,0.5165937902869563
93a0a19c2c1cfe66,ed220e87bef0cc64,2025-09-27,5f61780fe5e9b6d0,8ebc3a8da015d70c,0,0.4783752424387806,One absent from fitting data,At least one UFC debutant,True,0.5216247575612194
a3ee907c77544cde,ed220e87bef0cc64,2025-09-27,2e19380f34871c6a,9014c02eff8b3d62,0,0.338204313660721,Both in fitting data,Both have at least 5 prior UFC bouts,True,0.661795686339279
dc31d3260dea7dcf,ed220e87bef0cc64,2025-09-27,69898645d600abdb,b4b496ec2197ee3e,0,0.4520742049862956,Both absent from fitting data,Both returning; minimum below 5,True,0.5479257950137044
e2dc4fb7b5c0ce76,ed220e87bef0cc64,2025-09-27,af9f42e6894047fc,40a456a25d52ee65,1,0.553915447767235,One absent from fitting data,Both returning; minimum below 5,True,0.553915447767235
e35f7504d83b8b07,ed220e87bef0cc64,2025-09-27,545092d13c67aa49,4e30e4250cb08b61,1,0.3969821096753663,One absent from fitting data,Both returning; minimum below 5,False,0.6030178903246337
f5fb8b182020c59d,ed220e87bef0cc64,2025-09-27,64ad3e3b0efa30bb,70e1f8a821b72c8b,0,0.3161067376600411,One absent from fitting data,Both returning; minimum below 5,True,0.683893262339959
0de1ef0b9f3a79c0,8944a0f9b2f0ce6d,2025-10-04,e5549c82bfb5582d,d802174b0c0c1f4e,1,0.3742032729879499,Both in fitting data,Both have at least 5 prior UFC bouts,False,0.6257967270120501
1c7cc3a22ab7d907,8944a0f9b2f0ce6d,2025-10-04,4144798612ef96e5,886264a0c9f4ea5e,1,0.635425571411566,Both in fitting data,Both have at least 5 prior UFC bouts,True,0.635425571411566
2560ea97b2cce4ef,8944a0f9b2f0ce6d,2025-10-04,009341ed974bad72,749f572d1d3161fb,1,0.6305683919830859,Both in fitting data,Both have at least 5 prior UFC bouts,True,0.6305683919830859
7b34aa1eb09b8301,8944a0f9b2f0ce6d,2025-10-04,b67d6bacc68d4c92,a44020ea2e8cd026,1,0.5247580174254799,One absent from fitting data,Both returning; minimum below 5,True,0.5247580174254799
8353b491afa7bc32,8944a0f9b2f0ce6d,2025-10-04,9cdd2da1a9104a0b,3143bf892608139a,0,0.5598584454758817,Both in fitting data,Both have at least 5 prior UFC bouts,False,0.5598584454758817
84ebd144d5e79c88,8944a0f9b2f0ce6d,2025-10-04,52c2ae6d2f2d2613,fba03cd6cc28dc41,1,0.5491641432740559,Both in fitting data,Both have at least 5 prior UFC bouts,True,0.5491641432740559
9418ebb3db2a4bae,8944a0f9b2f0ce6d,2025-10-04,2f815ed5f8278ba6,563a1d42bb0e3cef,1,0.6391769111790324,Both absent from fitting data,At least one UFC debutant,True,0.6391769111790324
98883348ddb3be33,8944a0f9b2f0ce6d,2025-10-04,4798e823ada58fe9,4333a8e70a672eb7,1,0.7178567530036943,Both in fitting data,Both returning; minimum below 5,True,0.7178567530036943
a8511df8285f5c91,8944a0f9b2f0ce6d,2025-10-04,c03520b5c88ed6b4,65f09bacd3957381,1,0.6294162318225716,Both in fitting data,Both have at least 5 prior UFC bouts,True,0.6294162318225716
a951090fb402fd20,8944a0f9b2f0ce6d,2025-10-04,0f1efce7d2571d10,64facb6cc564262d,0,0.3186036355503608,One absent from fitting data,Both returning; minimum below 5,True,0.6813963644496392
b09ecdc8ef0f0d20,8944a0f9b2f0ce6d,2025-10-04,6902fcf0610dd303,2cfba6c837c03ed0,1,0.556916235029585,Both absent from fitting data,At least one UFC debutant,True,0.556916235029585
b98bc1ecb94ef4a5,8944a0f9b2f0ce6d,2025-10-04,32c3ee378671a5d9,3d074044a33825e7,0,0.5372769454862792,One absent from fitting data,Both returning; minimum below 5,False,0.5372769454862792
d006dd2513bd376d,8944a0f9b2f0ce6d,2025-10-04,36b8f265bcd1b7a4,c1085e1701b13eca,0,0.4338204824596804,Both in fitting data,Both have at least 5 prior UFC bouts,True,0.5661795175403196
e53fd165a3bc1f8e,8944a0f9b2f0ce6d,2025-10-04,45f0cc9d18f35137,a09ed60aa67a3f67,0,0.3979030636533117,One absent from fitting data,Both returning; minimum below 5,True,0.6020969363466884
03377f7bf8a2d5ff,9336e86cfd4ceaa1,2025-10-11,39d309957c5c210d,25f9a5f3e8a52618,1,0.5746152492390421,Both absent from fitting data,Both returning; minimum below 5,True,0.5746152492390421
0f9e7d0d04e24b74,9336e86cfd4ceaa1,2025-10-11,72ea1984c52019b5,6fc506e1099afe20,0,0.4115483783623069,One absent from fitting data,Both returning; minimum below 5,True,0.5884516216376932
2aef1a91d26dde42,9336e86cfd4ceaa1,2025-10-11,7facc9c45d792985,1ae8f3c723aacff4,1,0.4256495313695833,One absent from fitting data,Both returning; minimum below 5,False,0.5743504686304167
434abaea90ccd299,9336e86cfd4ceaa1,2025-10-11,e0d3d9b564f95635,2bd98ab77a8daa75,1,0.5170433364569661,Both absent from fitting data,Both returning; minimum below 5,True,0.5170433364569661
546f971f9d8e0a33,9336e86cfd4ceaa1,2025-10-11,103e2e33a60683e1,eff9074bc066f0f2,0,0.5147784267510291,Both absent from fitting data,At least one UFC debutant,False,0.5147784267510291
6188b7fb3f8daacc,9336e86cfd4ceaa1,2025-10-11,58bbef3770bb2dfc,6d4b63c767106d3a,1,0.4623992364827476,Both in fitting data,Both have at least 5 prior UFC bouts,False,0.5376007635172524
766b0b26c40525de,9336e86cfd4ceaa1,2025-10-11,65adf3856c4d9256,b62d5280966b2460,1,0.414738920842976,Both absent from fitting data,Both returning; minimum below 5,False,0.5852610791570241
79865287be90e4be,9336e86cfd4ceaa1,2025-10-11,07225ba28ae309b6,72db2a14ffa73ece,1,0.463400713200575,Both in fitting data,Both have at least 5 prior UFC bouts,False,0.5365992867994249
a815dafc89adf33b,9336e86cfd4ceaa1,2025-10-11,71171fc96445bf65,764d39074a352e33,1,0.5680838212435672,Both absent from fitting data,Both returning; minimum below 5,True,0.5680838212435672
c547b3e95bcc5f24,9336e86cfd4ceaa1,2025-10-11,abb68e3c7ca128f2,d7c3816669784109,1,0.508277245096868,One absent from fitting data,Both returning; minimum below 5,True,0.508277245096868
cff0abc02974fb4a,9336e86cfd4ceaa1,2025-10-11,710f0f8c5d5c9d41,01c9e4013afce141,0,0.4058451830740627,One absent from fitting data,Both returning; minimum below 5,True,0.5941548169259373
f295eb2a7b0ba4b7,9336e86cfd4ceaa1,2025-10-11,cc1a8b4b38b92c6d,aa72b0f831d0bfe5,0,0.5498395958691856,Both in fitting data,Both have at least 5 prior UFC bouts,False,0.5498395958691856
096e00355c8c84ac,38e5d9dcb0fddc42,2025-10-18,b7c5eb7cdbac6a63,312f7d7b2b2f7de4,0,0.4363561884315752,Both absent from fitting data,Both returning; minimum below 5,True,0.5636438115684248
3af1bdc5a510bba9,38e5d9dcb0fddc42,2025-10-18,dccb63727f2f5f74,31f8081c7600da93,0,0.51635757273844,Both in fitting data,Both have at least 5 prior UFC bouts,False,0.51635757273844
668a44403a130043,38e5d9dcb0fddc42,2025-10-18,294aa73dbf37d281,b671bdf981ad527d,1,0.3753558806126623,One absent from fitting data,Both returning; minimum below 5,False,0.6246441193873378
857d274e47aa8c4e,38e5d9dcb0fddc42,2025-10-18,24656ef4d605c96f,7c7332319c14094c,1,0.4518689011032791,Both in fitting data,Both have at least 5 prior UFC bouts,False,0.548131098896721
87ac0e5face106b4,38e5d9dcb0fddc42,2025-10-18,3bc3f60b21cddc6a,7674b836ce0698a0,0,0.6193259545865479,Both absent from fitting data,At least one UFC debutant,False,0.6193259545865479
8d9458121f0c4b95,38e5d9dcb0fddc42,2025-10-18,1b35af4d1529adf6,4948e412fa6ab67d,1,0.564637319715087,Both absent from fitting data,Both returning; minimum below 5,True,0.564637319715087
970f083af8368f57,38e5d9dcb0fddc42,2025-10-18,700a674c042b7a96,7d420039bbfe7c1a,0,0.418569793936036,Both in fitting data,Both have at least 5 prior UFC bouts,True,0.581430206063964
a18edcb638ba7e39,38e5d9dcb0fddc42,2025-10-18,113df4fde64735c6,f1d64ae34e088832,0,0.4619456028294252,Both in fitting data,Both have at least 5 prior UFC bouts,True,0.5380543971705748
c82acd7b17915591,38e5d9dcb0fddc42,2025-10-18,a9e260472d321361,34ff304266360297,0,0.4612194232659618,Both in fitting data,Both have at least 5 prior UFC bouts,True,0.5387805767340381
cdd565a16975c711,38e5d9dcb0fddc42,2025-10-18,3a46b268013afede,dd6103dd7127db1d,0,0.4868952105782608,Both in fitting data,Both have at least 5 prior UFC bouts,True,0.5131047894217392
d61373d9fdf01a12,38e5d9dcb0fddc42,2025-10-18,2f181c0467965b98,d549cefc7c54ab78,1,0.5330843388283101,One absent from fitting data,Both returning; minimum below 5,True,0.5330843388283101
dec301fd5e99ca46,38e5d9dcb0fddc42,2025-10-18,2c5f5749569eef66,51e2f44a8dbf6984,0,0.5551856608789202,Both absent from fitting data,At least one UFC debutant,False,0.5551856608789202
ecdbb3a5216b815e,38e5d9dcb0fddc42,2025-10-18,873626e5547b5235,519e4fe37ce9ff75,0,0.3941006339557661,Both in fitting data,Both returning; minimum below 5,True,0.6058993660442339
0230a9dd2739add4,7956f026e2672c47,2025-10-25,285ae0b4a68221f4,b07aed698fba8624,0,0.5856319323817951,One absent from fitting data,Both returning; minimum below 5,False,0.5856319323817951
22dd728012944f0a,7956f026e2672c47,2025-10-25,0be6776db31d98ec,7f1bf0c255ec8756,1,0.471771939621071,Both absent from fitting data,Both returning; minimum below 5,False,0.528228060378929
3fdb4c4b39218cf4,7956f026e2672c47,2025-10-25,7a5e8c94a86f9895,3329d692aea4dc28,0,0.3720093747372886,One absent from fitting data,Both returning; minimum below 5,True,0.6279906252627114
7d3da3c4153717de,7956f026e2672c47,2025-10-25,7447e9f28508106a,7dda2cf308f24a02,1,0.5104523964187418,Both in fitting data,Both have at least 5 prior UFC bouts,True,0.5104523964187418
b42a3386a7dccb3d,7956f026e2672c47,2025-10-25,279566840aa55bf2,41e83a89929d1327,1,0.344583551635764,Both in fitting data,Both have at least 5 prior UFC bouts,False,0.655416448364236
bd7394f07247d9ca,7956f026e2672c47,2025-10-25,329e403448756217,7d6ceff6747f2de2,1,0.4998368485619298,One absent from fitting data,Both returning; minimum below 5,False,0.5001631514380702
cb902d73389ed34b,7956f026e2672c47,2025-10-25,b7b84ccd221be298,17734443a833cdf7,0,0.3981142152497143,One absent from fitting data,Both returning; minimum below 5,True,0.6018857847502856
e69f9b4b9cae12a4,7956f026e2672c47,2025-10-25,2b6fc1c02736833d,bc711b6dd95c1af6,1,0.3841724631205423,Both in fitting data,Both have at least 5 prior UFC bouts,False,0.6158275368794577
e9c034cec33b3479,7956f026e2672c47,2025-10-25,5b86d491d63890c5,849c5d9979df5357,1,0.4901659214413315,One absent from fitting data,Both have at least 5 prior UFC bouts,False,0.5098340785586686
ef12d2aaaadaf6d0,7956f026e2672c47,2025-10-25,333b9e5c723ac873,e90a2f22417af68e,0,0.4039984207282237,Both in fitting data,Both have at least 5 prior UFC bouts,True,0.5960015792717763
ef1519c8c1d20977,7956f026e2672c47,2025-10-25,bc7d1ad49fcb2d08,43a59ce3bb40449e,0,0.5975687090003722,One absent from fitting data,Both returning; minimum below 5,False,0.5975687090003722
f2c2a49fed32bd75,7956f026e2672c47,2025-10-25,f5779a2303ed76ec,cdb7b38b1b357f26,1,0.7042355683879529,Both absent from fitting data,At least one UFC debutant,True,0.7042355683879529
32927d50acedb507,0e2c2daf11b5d8f2,2025-11-01,87f8699fdcc2c404,1235b31de15d0c6e,1,0.526382884393583,One absent from fitting data,Both returning; minimum below 5,True,0.526382884393583
58f6248da3cdf3ce,0e2c2daf11b5d8f2,2025-11-01,0e46690e55a8df75,117a06469813e4ef,1,0.4076707588255371,Both absent from fitting data,Both returning; minimum below 5,False,0.592329241174463
71c8ca7442bcb757,0e2c2daf11b5d8f2,2025-11-01,feedf3053472fe56,7cec3c4a5e7b6d68,1,0.4777349669638713,Both absent from fitting data,Both returning; minimum below 5,False,0.5222650330361287
747d922b329b7f30,0e2c2daf11b5d8f2,2025-11-01,ffe9703408fb5964,97cf1a2c7c5e7889,0,0.4467599994593689,Both in fitting data,Both have at least 5 prior UFC bouts,True,0.553240000540631
760150e9951e65fa,0e2c2daf11b5d8f2,2025-11-01,d3f5d33d61cd00c9,b9706f80d005036c,1,0.488161721058985,Both in fitting data,Both have at least 5 prior UFC bouts,False,0.511838278941015
767b78b67c7da17c,0e2c2daf11b5d8f2,2025-11-01,70380ccdc81915b8,a57cb948c4c70a47,1,0.5189289896699196,Both absent from fitting data,Both returning; minimum below 5,True,0.5189289896699196
7add5901fac6ab82,0e2c2daf11b5d8f2,2025-11-01,d35298b6df168456,c0d5c0c95c59050b,1,0.4033224807281793,One absent from fitting data,Both returning; minimum below 5,False,0.5966775192718208
9d9390b550d77e06,0e2c2daf11b5d8f2,2025-11-01,fc08099550072fe4,7d8435c56043b0ae,1,0.5883690042774163,One absent from fitting data,Both returning; minimum below 5,True,0.5883690042774163
b0f68344e01884ff,0e2c2daf11b5d8f2,2025-11-01,40f3cb27fc7305a1,d66a46de8d705353,0,0.6141645829692676,One absent from fitting data,Both have at least 5 prior UFC bouts,False,0.6141645829692676
c245be6698c1e378,0e2c2daf11b5d8f2,2025-11-01,ad5cb64af10fc946,4e6738062d469256,1,0.4536767607523757,Both absent from fitting data,At least one UFC debutant,False,0.5463232392476243
e6031b5937294176,0e2c2daf11b5d8f2,2025-11-01,4a07b1988477502c,8e382b585a92affe,1,0.5610060419755305,One absent from fitting data,Both returning; minimum below 5,True,0.5610060419755305
f063bcccbbb9edc5,0e2c2daf11b5d8f2,2025-11-01,07a74004d964c7f4,7e9b36a9847db116,1,0.5869007546428087,Both absent from fitting data,At least one UFC debutant,True,0.5869007546428087
f41c2c82d5117230,0e2c2daf11b5d8f2,2025-11-01,253076a23d03dcd0,7f6ed67d3ed3c036,1,0.4551518329097328,Both in fitting data,Both returning; minimum below 5,False,0.5448481670902672
20971ed9a842b0cb,6436029b50a9c255,2025-11-08,06626b6287e1ae1e,eb393afdbe3293d5,1,0.5297949023760583,Both absent from fitting data,Both returning; minimum below 5,True,0.5297949023760583
238c274c90587e21,6436029b50a9c255,2025-11-08,46e0d677f91bacc0,850266b3dc4e506e,0,0.4656990319973375,One absent from fitting data,Both have at least 5 prior UFC bouts,True,0.5343009680026625
4e224ebb6394611d,6436029b50a9c255,2025-11-08,01641ba5df0c69b0,c6aee362c7a7d482,1,0.646430490371995,One absent from fitting data,Both have at least 5 prior UFC bouts,True,0.646430490371995
80eae31bc0a94a65,6436029b50a9c255,2025-11-08,cc8c623cca88f54f,e3964ece586e0635,0,0.4069172205608459,One absent from fitting data,Both returning; minimum below 5,True,0.5930827794391541
84b66bf7fba2d59d,6436029b50a9c255,2025-11-08,23dec7c47cb418f8,3eeec2f53cebdf12,1,0.5560586227704509,Both absent from fitting data,Both returning; minimum below 5,True,0.5560586227704509
87dcb3eab20f6ac1,6436029b50a9c255,2025-11-08,955da1675ad58a50,6a311920edd73c85,1,0.5735517278689222,Both absent from fitting data,At least one UFC debutant,True,0.5735517278689222
9126633d921afb57,6436029b50a9c255,2025-11-08,31ef8b67e13495b3,cffb87059e645bd1,0,0.3390090484834115,Both in fitting data,Both have at least 5 prior UFC bouts,True,0.6609909515165885
ac4343150638b635,6436029b50a9c255,2025-11-08,a93f94c923c3a9cb,9384e71bca6c409d,1,0.4802122559959699,Both absent from fitting data,Both returning; minimum below 5,False,0.5197877440040302
b23fa678cc65cf5b,6436029b50a9c255,2025-11-08,447f9858ae78f921,681399317dbf4701,0,0.4467610741489575,Both in fitting data,Both have at least 5 prior UFC bouts,True,0.5532389258510425
c6d56aad93f98249,6436029b50a9c255,2025-11-08,5987b2458f4b5290,b9f28e7045fdfce7,0,0.5803132422322255,Both in fitting data,Both have at least 5 prior UFC bouts,False,0.5803132422322255
e3d657dd88864ba7,6436029b50a9c255,2025-11-08,41cc71cbf210e0fe,e00a3dee329a51f7,0,0.5517107045853541,One absent from fitting data,Both returning; minimum below 5,False,0.5517107045853541
f7e9bd2d6f81aeae,6436029b50a9c255,2025-11-08,2fe9032955c2e013,67c1d46f4ed16f9e,1,0.5352743757212735,Both in fitting data,Both returning; minimum below 5,True,0.5352743757212735
1a5378e32e8519ef,8db1b36dde268ef6,2025-11-15,72f890c5d421e705,19c591115a58982c,1,0.5085997878100937,One absent from fitting data,Both returning; minimum below 5,True,0.5085997878100937
292b83afa418635f,8db1b36dde268ef6,2025-11-15,260e9e0d4954aea6,35673bf5204524ee,0,0.4543957822937534,One absent from fitting data,Both have at least 5 prior UFC bouts,True,0.5456042177062466
3c60884853766487,8db1b36dde268ef6,2025-11-15,7ee0fd831c0fe7c3,f1fac969a1d70b08,1,0.4157863412615479,One absent from fitting data,Both have at least 5 prior UFC bouts,False,0.5842136587384521
477af74ea3cbba8b,8db1b36dde268ef6,2025-11-15,c32aeb1a59e6272d,45f7cb591c3ab00b,1,0.5442899776497611,Both in fitting data,Both have at least 5 prior UFC bouts,True,0.5442899776497611
6c2c6a6e3f4d04db,8db1b36dde268ef6,2025-11-15,745fa7b605f8e2da,f0feeb2192937424,1,0.6946375745788353,One absent from fitting data,Both returning; minimum below 5,True,0.6946375745788353
7606f6b6c19f2d73,8db1b36dde268ef6,2025-11-15,132deb59abae64b1,1ebe20ebbfa15e29,1,0.4761756215098828,Both in fitting data,Both have at least 5 prior UFC bouts,False,0.5238243784901172
856f6ee049373843,8db1b36dde268ef6,2025-11-15,6b453bc35a823c3f,275aca31f61ba28c,0,0.3793553675904441,Both in fitting data,Both have at least 5 prior UFC bouts,True,0.6206446324095559
909cd8633507a0c8,8db1b36dde268ef6,2025-11-15,669970f7feba8ecd,68d4a891e5cf2029,1,0.5939597533573542,Both in fitting data,Both have at least 5 prior UFC bouts,True,0.5939597533573542
9b5f190cd3f5ce16,8db1b36dde268ef6,2025-11-15,08af939f41b5a57b,c2299ec916bc7c56,0,0.4042648189300216,Both in fitting data,Both have at least 5 prior UFC bouts,True,0.5957351810699785
9bbdc2a2ab334541,8db1b36dde268ef6,2025-11-15,d6c0cdd7e467c440,6ac9bc2953c47345,1,0.5532727644805008,Both in fitting data,Both have at least 5 prior UFC bouts,True,0.5532727644805008
c037cf1f7b429d5e,8db1b36dde268ef6,2025-11-15,9508cc6184cb2450,d1feea7a4bdcd503,0,0.3123838569708232,Both absent from fitting data,Both returning; minimum below 5,True,0.6876161430291767
e313286b307334a7,8db1b36dde268ef6,2025-11-15,2e45d08b3f2f02c8,d776b5814f2400b4,0,0.5773815396753915,Both absent from fitting data,At least one UFC debutant,False,0.5773815396753915
e3cbd663732f4a98,8db1b36dde268ef6,2025-11-15,e0c6edcb5b5d0b90,b8bbdeff718dbb7d,0,0.5023843093054802,One absent from fitting data,Both have at least 5 prior UFC bouts,False,0.5023843093054802
ebb012c5f3fd0cbb,8db1b36dde268ef6,2025-11-15,d1c65d2cf2925ddd,9d83f6da776ff7d6,1,0.5397230192543323,Both in fitting data,Both have at least 5 prior UFC bouts,True,0.5397230192543323
00ee51bba08b7a08,92c96df8bdab5fea,2025-11-22,98aa60cf58071fd6,f00ac08ab056af5d,1,0.5478493572415857,Both in fitting data,Both have at least 5 prior UFC bouts,True,0.5478493572415857
335064c3380e2f10,92c96df8bdab5fea,2025-11-22,d5bab53a1a603aac,6a96ad1bc34fb113,0,0.4962303350443994,One absent from fitting data,Both returning; minimum below 5,True,0.5037696649556006
443f30a4a856584a,92c96df8bdab5fea,2025-11-22,ab2b4ff41d6ebe0f,8d3273573b85be09,0,0.4593378655612956,One absent from fitting data,Both have at least 5 prior UFC bouts,True,0.5406621344387044
46f81d5ecd974c1c,92c96df8bdab5fea,2025-11-22,ca28cdf526d6b6e9,52b6bf4528130e86,1,0.671434092158629,Both absent from fitting data,At least one UFC debutant,True,0.671434092158629
5e6a74db89f5410c,92c96df8bdab5fea,2025-11-22,fb37795db81f93f3,b1de86d835638319,0,0.4399202565909178,Both absent from fitting data,At least one UFC debutant,True,0.5600797434090822
5f5b626e67529056,92c96df8bdab5fea,2025-11-22,eae48ff31db420c2,193b9d1858bc4df3,1,0.6235194356241011,Both in fitting data,Both have at least 5 prior UFC bouts,True,0.6235194356241011
6f0231915cc28507,92c96df8bdab5fea,2025-11-22,a4dc0f2b95df4cc1,4a6dff1b260bcf61,0,0.5067884109091854,Both absent from fitting data,Both returning; minimum below 5,False,0.5067884109091854
870d374f8d9af65a,92c96df8bdab5fea,2025-11-22,0845c81e37d3bcb3,a495f599e787614f,1,0.5321016217206866,Both in fitting data,Both have at least 5 prior UFC bouts,True,0.5321016217206866
8ed609d80e135d94,92c96df8bdab5fea,2025-11-22,0a1942069c9ad6b6,bf2c8e01b07d3eb1,0,0.3126199401229811,One absent from fitting data,Both returning; minimum below 5,True,0.6873800598770189
9027e156c6f1988a,92c96df8bdab5fea,2025-11-22,ac0874309da489b9,b5c19c34f12c917e,0,0.5366497775236899,Both absent from fitting data,At least one UFC debutant,False,0.5366497775236899
b2218930b982d9b6,92c96df8bdab5fea,2025-11-22,442c9011034ae1fd,b1b0729d27936f2f,1,0.6374203091873618,Both in fitting data,Both have at least 5 prior UFC bouts,True,0.6374203091873618
c49485cedb878cf0,92c96df8bdab5fea,2025-11-22,de26d906f2874dd4,9d19d9e4aa2662e8,0,0.5478624822016794,One absent from fitting data,At least one UFC debutant,False,0.5478624822016794
e8307c7686c42d8c,92c96df8bdab5fea,2025-11-22,6747ccd6d1acd266,fc08099550072fe4,0,0.3854362537163628,One absent from fitting data,Both returning; minimum below 5,True,0.6145637462836372
f5564a9eeebd4ea0,92c96df8bdab5fea,2025-11-22,09a4447655fd4b7b,95aff2fd8d09a5f0,0,0.3735751528236462,Both absent from fitting data,At least one UFC debutant,True,0.6264248471763538
10a57b983e59f727,bd92cf5da5413d2a,2025-12-06,1e4f273069fb9e85,ff62013d2fce6d13,1,0.6381347430603708,One absent from fitting data,Both have at least 5 prior UFC bouts,True,0.6381347430603708
1dc29f4c6fcdd356,bd92cf5da5413d2a,2025-12-06,056c493bbd76a918,6e743a33d56bdaa4,0,0.4199335888173107,One absent from fitting data,Both have at least 5 prior UFC bouts,True,0.5800664111826893
2417cc7bc1eea75b,bd92cf5da5413d2a,2025-12-06,9d62c2d8ee151f08,6a740daf1b279661,0,0.3045463070374863,Both in fitting data,Both have at least 5 prior UFC bouts,True,0.6954536929625137
3c683da1924b6c44,bd92cf5da5413d2a,2025-12-06,1e719d4b676dc19a,7acbb0972e75281a,1,0.4911238527175466,One absent from fitting data,Both have at least 5 prior UFC bouts,False,0.5088761472824535
40fa4f8b4b93884e,bd92cf5da5413d2a,2025-12-06,480779d7f9a424d3,8d11d9c13e2ccdf7,1,0.5980912370555441,Both absent from fitting data,Both returning; minimum below 5,True,0.5980912370555441
4a0db214d9721d6e,bd92cf5da5413d2a,2025-12-06,d661ce4da776fc20,c03520b5c88ed6b4,1,0.3137146988331275,Both in fitting data,Both have at least 5 prior UFC bouts,False,0.6862853011668725
7af407397532f7cf,bd92cf5da5413d2a,2025-12-06,4d8fa64202cee4c1,64a50dad704d1d49,1,0.5395988888700967,Both in fitting data,Both have at least 5 prior UFC bouts,True,0.5395988888700967
964ea1777695851b,bd92cf5da5413d2a,2025-12-06,6d48a2df51749d91,841695e02c99a521,0,0.3086140773538893,Both absent from fitting data,Both returning; minimum below 5,True,0.6913859226461108
b3d2ac2244e4f791,bd92cf5da5413d2a,2025-12-06,809bd1a871491508,fd406a32a6fb3a29,0,0.5884054388646536,One absent from fitting data,Both have at least 5 prior UFC bouts,False,0.5884054388646536
c797b58d85c840a4,bd92cf5da5413d2a,2025-12-06,2e7878927067fdca,99bd51917728c25d,1,0.369597527085428,Both in fitting data,Both have at least 5 prior UFC bouts,False,0.6304024729145721
dfa692db6d39330c,bd92cf5da5413d2a,2025-12-06,17e97649403ba428,a0f0004aadf10b71,1,0.44487023135546,One absent from fitting data,Both have at least 5 prior UFC bouts,False,0.55512976864454
ea660db65bfa998f,bd92cf5da5413d2a,2025-12-06,6e8f1bcdda94ff45,1c23ec2f1b71be40,0,0.4399202565909178,Both absent from fitting data,At least one UFC debutant,True,0.5600797434090822
fbbb9e72900b71f5,bd92cf5da5413d2a,2025-12-06,792be9a24df82ed6,4461d7e47375a895,0,0.409249035196448,Both in fitting data,Both have at least 5 prior UFC bouts,True,0.590750964803552
0fca825e14429c1f,bc0f994de0521926,2025-12-13,84b3e7d38f2d2ec5,f139d6836efd43dd,0,0.5247990243826293,One absent from fitting data,At least one UFC debutant,False,0.5247990243826293
225e93ebed9b71b8,bc0f994de0521926,2025-12-13,5d8006587d6a6711,791c8437b341fba5,0,0.5032309468171599,One absent from fitting data,At least one UFC debutant,False,0.5032309468171599
24bb03f0a3415fbe,bc0f994de0521926,2025-12-13,239d8e5359022f3b,9560ff14eb3129f7,1,0.7322560096288577,One absent from fitting data,Both returning; minimum below 5,True,0.7322560096288577
71170fb7ade3e1f4,bc0f994de0521926,2025-12-13,59c438c81fbf3ece,5c637af9472ae7cc,0,0.5071542500019862,One absent from fitting data,Both returning; minimum below 5,False,0.5071542500019862
93ca562453f65b8d,bc0f994de0521926,2025-12-13,20bccc9bb4ceb23e,5b03b61f9d90125e,1,0.5861451000148363,Both absent from fitting data,Both have at least 5 prior UFC bouts,True,0.5861451000148363
a2523a8565fe4361,bc0f994de0521926,2025-12-13,0f3a990526c5e706,e56cee1ad697db04,0,0.4399202565909178,Both absent from fitting data,At least one UFC debutant,True,0.5600797434090822
a5a81a39ccf9b680,bc0f994de0521926,2025-12-13,5d1b7e3dd9e11074,6e15f63b6c2e2c15,1,0.4194297018020846,Both in fitting data,Both have at least 5 prior UFC bouts,False,0.5805702981979154
ac56a1052c4c8f63,bc0f994de0521926,2025-12-13,73a78713bd899f4c,ba15006c804a8de0,0,0.5735517278689222,Both absent from fitting data,At least one UFC debutant,False,0.5735517278689222
ceb5b0f1f6daddf6,bc0f994de0521926,2025-12-13,51e2f44a8dbf6984,5078e1dacf9d25f4,0,0.388103488682319,Both absent from fitting data,Both returning; minimum below 5,True,0.6118965113176811
d000cb692343cdcd,bc0f994de0521926,2025-12-13,084532da3d25f3b8,64d47ef881a437a4,1,0.4993336281274623,Both absent from fitting data,At least one UFC debutant,False,0.5006663718725377
fc4ab243d21b795d,bc0f994de0521926,2025-12-13,887961364be5ceb3,07bc580bdf3eb9c8,1,0.4027193522387214,One absent from fitting data,At least one UFC debutant,False,0.5972806477612786
007e8e0d4a39d82c,00e11b5c8b7bfeeb,2026-01-24,efb96bf3e9ada36f,b50a426a33da0012,0,0.4574236706960234,Both in fitting data,Both have at least 5 prior UFC bouts,True,0.5425763293039766
210fc45074fba464,00e11b5c8b7bfeeb,2026-01-24,0859524157a19045,a01a62132460a98d,1,0.5582758910963151,One absent from fitting data,At least one UFC debutant,True,0.5582758910963151
33be2456161c14c3,00e11b5c8b7bfeeb,2026-01-24,2f815ed5f8278ba6,22e07d3da1aa3475,1,0.6307663656147309,Both absent from fitting data,Both returning; minimum below 5,True,0.6307663656147309
6c9f4799990c3c33,00e11b5c8b7bfeeb,2026-01-24,aa72b0f831d0bfe5,2b6fc1c02736833d,0,0.3390137800567067,Both in fitting data,Both have at least 5 prior UFC bouts,True,0.6609862199432933
780cab0cd07589e4,00e11b5c8b7bfeeb,2026-01-24,476fe566d2df676e,1091d4d957141094,0,0.4137898750807021,Both in fitting data,Both have at least 5 prior UFC bouts,True,0.5862101249192979
836a188a90e479a5,00e11b5c8b7bfeeb,2026-01-24,040a74bb0a465c54,52ef95b5860fb28c,0,0.5330822440201091,One absent from fitting data,Both have at least 5 prior UFC bouts,False,0.5330822440201091
abfb3ed6dcb0e1f0,00e11b5c8b7bfeeb,2026-01-24,955da1675ad58a50,b5c19c34f12c917e,1,0.6778701710235059,Both absent from fitting data,Both returning; minimum below 5,True,0.6778701710235059
b5aafe149bec4306,00e11b5c8b7bfeeb,2026-01-24,814e5233e2acf2ee,ab2b4ff41d6ebe0f,0,0.4244110415440067,Both in fitting data,Both have at least 5 prior UFC bouts,True,0.5755889584559932
d63c9aa4f4873001,00e11b5c8b7bfeeb,2026-01-24,262d32ebda89efc4,47b63240018d5d86,1,0.6276308823706168,Both in fitting data,Both have at least 5 prior UFC bouts,True,0.6276308823706168
d93ee3860196c4ae,00e11b5c8b7bfeeb,2026-01-24,fc08099550072fe4,d3df1add9d9a7efb,1,0.6294679770263346,Both in fitting data,Both have at least 5 prior UFC bouts,True,0.6294679770263346
fa4b3f5ce8055921,00e11b5c8b7bfeeb,2026-01-24,9e8f6c728eb01124,7826923b47f8d72a,1,0.3095998587322792,Both in fitting data,Both have at least 5 prior UFC bouts,False,0.6904001412677208
0047f8aadca1936f,30ad2050273d016a,2026-01-31,fbb60f24af5d5a02,d4270315cbcf2569,0,0.5363727321885863,One absent from fitting data,Both returning; minimum below 5,False,0.5363727321885863
32e9bc4d0a19a923,30ad2050273d016a,2026-01-31,17734443a833cdf7,af9f42e6894047fc,1,0.7017874267371734,One absent from fitting data,Both returning; minimum below 5,True,0.7017874267371734
47362cae6ba0e077,30ad2050273d016a,2026-01-31,f14f644d41ade29f,8ebc3a8da015d70c,0,0.5649098034065748,One absent from fitting data,Both returning; minimum below 5,False,0.5649098034065748
4c1e7e1765a5438a,30ad2050273d016a,2026-01-31,3f11fd1751fa83b1,7facc9c45d792985,0,0.5882580756231846,Both absent from fitting data,Both returning; minimum below 5,False,0.5882580756231846
57d7a683b85bb87b,30ad2050273d016a,2026-01-31,c814b4c899793af6,9c393e836a852f30,0,0.5339205549936378,One absent from fitting data,Both returning; minimum below 5,False,0.5339205549936378
5c73e0013b859664,30ad2050273d016a,2026-01-31,a1ad35b98a9136e5,1dd1a3aacde66f72,1,0.3829802237729213,Both absent from fitting data,At least one UFC debutant,False,0.6170197762270787
67765535bd0b6bdf,30ad2050273d016a,2026-01-31,17923f676f100e16,c62fbc117d57b943,1,0.5757013770475301,One absent from fitting data,Both returning; minimum below 5,True,0.5757013770475301
780bae82bdfc7112,30ad2050273d016a,2026-01-31,3618e0632ecdba9c,f201f21cf2c79eb2,1,0.5767127245829643,Both absent from fitting data,At least one UFC debutant,True,0.5767127245829643
78912b78aa946375,30ad2050273d016a,2026-01-31,6b56e94a59b7b134,f782f953bfe7b5f2,0,0.5003540833438368,Both absent from fitting data,Both returning; minimum below 5,False,0.5003540833438368
a7ae8f6eb5fc3a79,30ad2050273d016a,2026-01-31,193b9d1858bc4df3,c2299ec916bc7c56,0,0.3270375643070884,Both in fitting data,Both have at least 5 prior UFC bouts,True,0.6729624356929116
ad14c502c9c5a7e9,30ad2050273d016a,2026-01-31,530af2900b5a1693,a264d4e9a4d6bfe4,1,0.6025787873973658,Both absent from fitting data,At least one UFC debutant,True,0.6025787873973658
b06b43670238c2d8,30ad2050273d016a,2026-01-31,f166e93d04a8c274,e1248941344b3288,0,0.3411183454978077,One absent from fitting data,Both have at least 5 prior UFC bouts,True,0.6588816545021923
d94f1b32a81e3fa1,30ad2050273d016a,2026-01-31,c15fa95b9a12fde4,07a74004d964c7f4,0,0.5076723393146189,Both absent from fitting data,Both returning; minimum below 5,False,0.5076723393146189
2a26c0cfa06265b7,c337c3c85b1871e0,2026-02-07,a09ed60aa67a3f67,ffd3224638c01b57,1,0.483119278529304,Both absent from fitting data,Both returning; minimum below 5,False,0.5168807214706961
2bbfbb234c255249,c337c3c85b1871e0,2026-02-07,9f5e3c20ce40b344,b1e5bcaad32a3cac,1,0.6605195113602459,One absent from fitting data,Both returning; minimum below 5,True,0.6605195113602459
6cca11f353a2b42d,c337c3c85b1871e0,2026-02-07,6add18754930182b,e4277e87a789d687,0,0.5974863389914754,One absent from fitting data,Both returning; minimum below 5,False,0.5974863389914754
84e8ccc3c97c2b4c,c337c3c85b1871e0,2026-02-07,de594b35c45c2e9a,2997e7fe3c9d3d4a,0,0.5857364528730254,Both absent from fitting data,Both returning; minimum below 5,False,0.5857364528730254
86df0e75f41784d8,c337c3c85b1871e0,2026-02-07,51ec9dc3b4964f19,bbab3baf66128ae2,0,0.3668899752454143,One absent from fitting data,At least one UFC debutant,True,0.6331100247545858
8fea32ab0445859c,c337c3c85b1871e0,2026-02-07,0d65c432720accb9,8e9eb3fc86db0f7d,1,0.6803633213506041,Both in fitting data,Both have at least 5 prior UFC bouts,True,0.6803633213506041
9d30c887e8bd8824,c337c3c85b1871e0,2026-02-07,6902fcf0610dd303,a54660deb6a8489c,1,0.5040668852615635,Both absent from fitting data,Both returning; minimum below 5,True,0.5040668852615635
a5c5f76cf0a7c784,c337c3c85b1871e0,2026-02-07,41e83a89929d1327,739fd4fbb5d862f4,0,0.6453850603944294,One absent from fitting data,Both returning; minimum below 5,False,0.6453850603944294
abefaf1807941ee4,c337c3c85b1871e0,2026-02-07,0f1efce7d2571d10,d8da10db80131bec,1,0.379879385458897,One absent from fitting data,Both returning; minimum below 5,False,0.620120614541103
cc5c5a8cff4c1ae9,c337c3c85b1871e0,2026-02-07,8bd4200561c77a62,7138a15258dabf20,1,0.5373551119528457,Both absent from fitting data,Both have at least 5 prior UFC bouts,True,0.5373551119528457
dbbf8334a2600895,c337c3c85b1871e0,2026-02-07,6d35bf94f7d30241,98aa60cf58071fd6,0,0.3142765141408005,Both in fitting data,Both have at least 5 prior UFC bouts,True,0.6857234858591995
f964d2dda87f25f0,c337c3c85b1871e0,2026-02-07,cdb96af67d096b1e,70dd69b6a703257e,0,0.2316222063459872,One absent from fitting data,Both returning; minimum below 5,True,0.7683777936540128
fb4b1754d510b0d0,c337c3c85b1871e0,2026-02-07,18d01f7f8338ae72,bc711b6dd95c1af6,0,0.5414847484954631,One absent from fitting data,Both returning; minimum below 5,False,0.5414847484954631
04b7bcc0e8488604,79ab17db3b40831a,2026-02-21,e2f6b2769aaedd6c,7d8435c56043b0ae,1,0.6287287950574765,One absent from fitting data,Both returning; minimum below 5,True,0.6287287950574765
202d3277e569ad03,79ab17db3b40831a,2026-02-21,c68c68efaa5ca6ef,28d421729451c8ca,0,0.4664229586771082,One absent from fitting data,Both returning; minimum below 5,True,0.5335770413228917
372d1dee0db8dbee,79ab17db3b40831a,2026-02-21,595db60957de51d3,23dec7c47cb418f8,1,0.4918109457487014,One absent from fitting data,Both have at least 5 prior UFC bouts,False,0.5081890542512986
508e622130b0a84d,79ab17db3b40831a,2026-02-21,8e382b585a92affe,a3dda21be645be93,0,0.4027193522387214,One absent from fitting data,At least one UFC debutant,True,0.5972806477612786
54437b8dba3a6110,79ab17db3b40831a,2026-02-21,e5864a42c80294f6,85497ffd934ecf7e,0,0.4136660445254156,Both absent from fitting data,At least one UFC debutant,True,0.5863339554745843
5b97f47cdd355cbe,79ab17db3b40831a,2026-02-21,ac026518a9b4dc0f,70380ccdc81915b8,1,0.5314269609055126,One absent from fitting data,Both returning; minimum below 5,True,0.5314269609055126
6e78d874097a3d22,79ab17db3b40831a,2026-02-21,f1ab6f37492c630a,aa0c573da7119292,1,0.6068277673497764,One absent from fitting data,Both returning; minimum below 5,True,0.6068277673497764
8d740c844353ae0e,79ab17db3b40831a,2026-02-21,093e1f5bb73850be,0d8011111be000b2,0,0.5206404389240954,Both in fitting data,Both have at least 5 prior UFC bouts,False,0.5206404389240954
8f9896e60047007f,79ab17db3b40831a,2026-02-21,3d074044a33825e7,64facb6cc564262d,0,0.3884951746239907,Both in fitting data,Both have at least 5 prior UFC bouts,True,0.6115048253760094
ac39c1f00ae31e58,79ab17db3b40831a,2026-02-21,29162be25ebef5f0,5e9ca8dd7d783a75,0,0.337080689530245,Both absent from fitting data,Both returning; minimum below 5,True,0.662919310469755
dc6f6c8228390ebb,79ab17db3b40831a,2026-02-21,20bccc9bb4ceb23e,82a5152216251682,1,0.63568476663618,One absent from fitting data,Both have at least 5 prior UFC bouts,True,0.63568476663618
dd12bf51c5ed7f1e,79ab17db3b40831a,2026-02-21,681399317dbf4701,b997be68943010fc,1,0.4941263240168871,Both in fitting data,Both have at least 5 prior UFC bouts,False,0.5058736759831128
fd56a469e4589ebc,79ab17db3b40831a,2026-02-21,f9ab66e67240db7b,f2b3f4ef3f780168,1,0.6801901140580245,One absent from fitting data,Both have at least 5 prior UFC bouts,True,0.6801901140580245
1330b5c21269fe92,0cfbbfa0ba6d9855,2026-02-28,bb2c3c3a466224af,792be9a24df82ed6,1,0.516081593559779,One absent from fitting data,Both returning; minimum below 5,True,0.516081593559779
15068d7b095ca9bd,0cfbbfa0ba6d9855,2026-02-28,6e8349a0a0476d60,34b96d52db1d26e6,1,0.4144808364326371,Both absent from fitting data,At least one UFC debutant,False,0.5855191635673629
25ab195cefbce1d0,0cfbbfa0ba6d9855,2026-02-28,7debc13b36343605,9c27f3217891f3f0,1,0.6007335057534762,Both in fitting data,Both returning; minimum below 5,True,0.6007335057534762
36d12b31957e94db,0cfbbfa0ba6d9855,2026-02-28,9a97acbfd5a08bfa,7c7332319c14094c,1,0.6732874705651696,One absent from fitting data,Both returning; minimum below 5,True,0.6732874705651696
3b76a00f5d0400eb,0cfbbfa0ba6d9855,2026-02-28,07797f10b9569cfc,faf317c665546a36,0,0.335851871628787,Both absent from fitting data,Both returning; minimum below 5,True,0.664148128371213
44d58943ac8e47e1,0cfbbfa0ba6d9855,2026-02-28,9f5609dba6584ab2,e4faa79383c9f214,1,0.4845244036225578,Both absent from fitting data,At least one UFC debutant,False,0.5154755963774422
45ec0c5f19c9adbe,0cfbbfa0ba6d9855,2026-02-28,e463ce0a2ca474f4,baa9be02c3e3e038,1,0.5299769651444872,Both absent from fitting data,At least one UFC debutant,True,0.5299769651444872
581292ffe5b09344,0cfbbfa0ba6d9855,2026-02-28,21b813b919776d90,5d495dec23d7c68e,0,0.3432588240846991,Both in fitting data,Both returning; minimum below 5,True,0.6567411759153009
6154ee95d3f4fc32,0cfbbfa0ba6d9855,2026-02-28,4a574b8512fc1b30,3a314d9fa7c6825d,1,0.5472694991595217,One absent from fitting data,At least one UFC debutant,True,0.5472694991595217
7df505d8260ba680,0cfbbfa0ba6d9855,2026-02-28,53c10176e3bc7416,5ef94841c4bc3f86,0,0.3976930226831876,Both absent from fitting data,Both returning; minimum below 5,True,0.6023069773168124
81f3d28d30d17378,0cfbbfa0ba6d9855,2026-02-28,887961364be5ceb3,4148802ae4a50768,1,0.4434719511031955,Both in fitting data,Both have at least 5 prior UFC bouts,False,0.5565280488968045
c40b934d2666e351,0cfbbfa0ba6d9855,2026-02-28,06e4245d16fc5315,9cdd2da1a9104a0b,1,0.6291445558990169,Both in fitting data,Both have at least 5 prior UFC bouts,True,0.6291445558990169
c6a85b67fdd2ef3d,0cfbbfa0ba6d9855,2026-02-28,fdd22e895a70e4a8,b4443fae47e7eb9d,1,0.5679119002562275,Both absent from fitting data,At least one UFC debutant,True,0.5679119002562275
6a4738656c493ee9,15ec018d144710db,2026-03-07,1e719d4b676dc19a,d1c65d2cf2925ddd,0,0.3581947460147745,One absent from fitting data,Both have at least 5 prior UFC bouts,True,0.6418052539852255
6feb49a6b7e8433c,15ec018d144710db,2026-03-07,a112097ad877a48f,cd3d7e37ff2d679c,1,0.4006390186105347,One absent from fitting data,At least one UFC debutant,False,0.5993609813894654
9c8d5dbd8905a715,15ec018d144710db,2026-03-07,ad5cb64af10fc946,f14f644d41ade29f,1,0.6110081125150688,One absent from fitting data,Both returning; minimum below 5,True,0.6110081125150688
a22fd3735819d858,15ec018d144710db,2026-03-07,c051c2e12d692b8a,3cf18e01cb6cbde3,0,0.4200632944562323,One absent from fitting data,Both have at least 5 prior UFC bouts,True,0.5799367055437676
a5abdc461cb1538e,15ec018d144710db,2026-03-07,69898645d600abdb,d62e280d0f7b6d6f,1,0.5512240462056938,Both absent from fitting data,At least one UFC debutant,True,0.5512240462056938
bed89a91da9d04c1,15ec018d144710db,2026-03-07,fe2babf95de24fb1,05339613bf8e9808,1,0.6157366994260595,Both in fitting data,Both have at least 5 prior UFC bouts,True,0.6157366994260595
cc03e698c4b7da52,15ec018d144710db,2026-03-07,d6a8edb7410223a0,709fadb644ee3f51,0,0.5862587987590704,Both absent from fitting data,At least one UFC debutant,False,0.5862587987590704
d564db29997e1371,15ec018d144710db,2026-03-07,d549cefc7c54ab78,4126a78111c0855a,0,0.389664438961071,One absent from fitting data,Both have at least 5 prior UFC bouts,True,0.6103355610389289
ecd16d14a138d7fb,15ec018d144710db,2026-03-07,86bace9e4ad85542,d8c7c61b176e3994,0,0.5018491537635742,One absent from fitting data,Both returning; minimum below 5,False,0.5018491537635742
f02c0adc4ae629c6,15ec018d144710db,2026-03-07,519e4fe37ce9ff75,511e82663651438d,1,0.4918894580387935,Both in fitting data,Both have at least 5 prior UFC bouts,False,0.5081105419612064
f030febede41c661,15ec018d144710db,2026-03-07,150ff4cc642270b9,07225ba28ae309b6,0,0.4938058728672648,Both in fitting data,Both have at least 5 prior UFC bouts,True,0.5061941271327353
f661ef429055f8c1,15ec018d144710db,2026-03-07,17cb6d8e8187f304,7f6ed67d3ed3c036,1,0.3940616439953985,One absent from fitting data,Both returning; minimum below 5,False,0.6059383560046014
244285b7fd0ddece,babc6b5745335f18,2026-03-14,e94085e821bd81de,e375cb5caf4717b6,0,0.4517799835933597,Both in fitting data,Both have at least 5 prior UFC bouts,True,0.5482200164066403
2c330a6f7f1e55f0,babc6b5745335f18,2026-03-14,71171fc96445bf65,e56cee1ad697db04,1,0.5595602479058355,Both absent from fitting data,Both returning; minimum below 5,True,0.5595602479058355
32d371462c539bee,babc6b5745335f18,2026-03-14,ec3bd30378d63dd1,6fc506e1099afe20,1,0.43939182855304,Both absent from fitting data,At least one UFC debutant,False,0.56060817144696
3b7b771b9578383d,babc6b5745335f18,2026-03-14,38c7f72747f4f712,3df5493bb279226f,1,0.6714396322506097,Both in fitting data,Both have at least 5 prior UFC bouts,True,0.6714396322506097
8bee5192baec71d8,babc6b5745335f18,2026-03-14,7d6ceff6747f2de2,8fd808923cffff82,1,0.6091650742439534,One absent from fitting data,Both returning; minimum below 5,True,0.6091650742439534
8cab057e6549afd0,babc6b5745335f18,2026-03-14,eff9074bc066f0f2,60193e707634e560,1,0.5494210464935342,Both absent from fitting data,Both returning; minimum below 5,True,0.5494210464935342
c769dd861357af9f,babc6b5745335f18,2026-03-14,4bdedbdeedff7d1d,5870c541798124ae,0,0.5066096397714165,Both absent from fitting data,At least one UFC debutant,False,0.5066096397714165
cff81d681a01ae18,babc6b5745335f18,2026-03-14,cad24459b28592ca,0c6d9ea8306c029e,1,0.4176638274314709,Both in fitting data,Both have at least 5 prior UFC bouts,False,0.5823361725685291
db7694f4513120d5,babc6b5745335f18,2026-03-14,cd13728ae1151f46,46e2011d92463b7e,1,0.4776770188596841,One absent from fitting data,Both returning; minimum below 5,False,0.5223229811403158
e0acd0cf4930671b,babc6b5745335f18,2026-03-14,6eedb757f13b9978,2dbc60c52de126d8,1,0.6253368503620059,Both absent from fitting data,At least one UFC debutant,True,0.6253368503620059
f26c0bdf7689aea2,babc6b5745335f18,2026-03-14,bf2c8e01b07d3eb1,5442f1bc4b47eaf3,1,0.6279412851468444,One absent from fitting data,Both have at least 5 prior UFC bouts,True,0.6279412851468444
f44b4e998b6829f6,babc6b5745335f18,2026-03-14,7478b7f959ba61f5,a474aade8eb3a8f0,1,0.5267112527356201,Both absent from fitting data,Both returning; minimum below 5,True,0.5267112527356201
f594fc5c2bc6237e,babc6b5745335f18,2026-03-14,fba03cd6cc28dc41,239d8e5359022f3b,0,0.2876498037233514,One absent from fitting data,Both returning; minimum below 5,True,0.7123501962766485
fc9168fd102e2e66,babc6b5745335f18,2026-03-14,814e5233e2acf2ee,294aa73dbf37d281,1,0.5020001859380845,Both in fitting data,Both have at least 5 prior UFC bouts,True,0.5020001859380845
216bc9b661485017,69108cb8b32efe04,2026-03-21,4948e412fa6ab67d,cfbb3edab781dfd2,0,0.4399202565909178,Both absent from fitting data,At least one UFC debutant,True,0.5600797434090822
346e3897c2ead99a,69108cb8b32efe04,2026-03-21,76e2870ffafbe38f,396fe87b84ac2e1c,1,0.5809739988908816,Both in fitting data,Both have at least 5 prior UFC bouts,True,0.5809739988908816
3b9f50f07d9a1601,69108cb8b32efe04,2026-03-21,5b43d68174b6e2ab,329e403448756217,0,0.4028785026404817,One absent from fitting data,At least one UFC debutant,True,0.5971214973595182
3ee578ddd071ad4c,69108cb8b32efe04,2026-03-21,1d2d98ddd05b38fb,f6ad6a1e4d600e0d,0,0.4516371942127559,One absent from fitting data,Both returning; minimum below 5,True,0.5483628057872441
43e26b46cbb51985,69108cb8b32efe04,2026-03-21,1c23ec2f1b71be40,be9bdec19b7e9ffe,1,0.7358968510287023,Both absent from fitting data,Both returning; minimum below 5,True,0.7358968510287023
4e58bcc0d27042fd,69108cb8b32efe04,2026-03-21,9d51798e61f2e0c7,d964a59c48381cb6,0,0.4522651115588803,Both absent from fitting data,At least one UFC debutant,True,0.5477348884411197
562d916f55918901,69108cb8b32efe04,2026-03-21,327d5f279895110d,a93f94c923c3a9cb,0,0.3787679948405382,One absent from fitting data,Both have at least 5 prior UFC bouts,True,0.6212320051594618
5ee11b727e89e8ad,69108cb8b32efe04,2026-03-21,a67d071163962af8,8b6e5dc2ba1edbe7,1,0.3232814242498268,Both absent from fitting data,Both returning; minimum below 5,False,0.6767185757501732
8817bd21b6d0a989,69108cb8b32efe04,2026-03-21,6d48a2df51749d91,3cc506f115cbb9d5,0,0.3761978344579904,Both absent from fitting data,At least one UFC debutant,True,0.6238021655420096
90187edeeda7e6d6,69108cb8b32efe04,2026-03-21,39d309957c5c210d,e564146b9cf6dbef,1,0.5153363028865194,Both absent from fitting data,At least one UFC debutant,True,0.5153363028865194
bbe0f3653de9f6a8,69108cb8b32efe04,2026-03-21,597499ac7a5aac62,52b6bf4528130e86,1,0.5972022698328797,Both absent from fitting data,Both returning; minimum below 5,True,0.5972022698328797
bfd17ed83ec5b598,69108cb8b32efe04,2026-03-21,d0fd0d9ee560dae7,cdb7b38b1b357f26,1,0.6525454266839241,Both absent from fitting data,Both returning; minimum below 5,True,0.6525454266839241
fa534aaa5b997a69,69108cb8b32efe04,2026-03-21,b1de86d835638319,01c9e4013afce141,1,0.4732845383624304,Both absent from fitting data,Both returning; minimum below 5,False,0.5267154616375695
08d4e3864c44f8a5,5c38639f860a5542,2026-03-28,bc7f4b2d4c2724a2,c9cf753cfdf77fc2,1,0.4686240942399836,One absent from fitting data,At least one UFC debutant,False,0.5313759057600165
1c50e43770ba84fc,5c38639f860a5542,2026-03-28,04835018f90b118c,a6eb54ae17a551be,1,0.6261752160339955,One absent from fitting data,Both have at least 5 prior UFC bouts,True,0.6261752160339955
6102e7a6dcbc62f0,5c38639f860a5542,2026-03-28,d8da10db80131bec,c58f51dedb310998,0,0.3722982838805728,Both in fitting data,Both have at least 5 prior UFC bouts,True,0.6277017161194272
689384b01b40ef5c,5c38639f860a5542,2026-03-28,07bc580bdf3eb9c8,971246648e162f0d,1,0.2957881178592403,One absent from fitting data,Both returning; minimum below 5,False,0.7042118821407597
796e1151896195aa,5c38639f860a5542,2026-03-28,545092d13c67aa49,7138a15258dabf20,1,0.6122230798130045,Both absent from fitting data,Both returning; minimum below 5,True,0.6122230798130045
85e94a6c071fd9fa,5c38639f860a5542,2026-03-28,1338e2c7480bdf9e,c1085e1701b13eca,0,0.3613420999170741,Both in fitting data,Both have at least 5 prior UFC bouts,True,0.6386579000829259
9a0ecee6e8ca173f,5c38639f860a5542,2026-03-28,e8b731feff72294b,6a740daf1b279661,1,0.2757077297548803,Both in fitting data,Both have at least 5 prior UFC bouts,False,0.7242922702451198
a76e14495e61cf19,5c38639f860a5542,2026-03-28,31f8081c7600da93,809bd1a871491508,0,0.3626846690009415,Both in fitting data,Both have at least 5 prior UFC bouts,True,0.6373153309990585
dbf1ee1a1912c735,5c38639f860a5542,2026-03-28,b4b496ec2197ee3e,0abcf6bc47191219,1,0.6194244564914273,Both absent from fitting data,Both returning; minimum below 5,True,0.6194244564914273
e32dc26b11d1f81d,5c38639f860a5542,2026-03-28,7674b836ce0698a0,841695e02c99a521,1,0.4142272442875626,Both absent from fitting data,Both returning; minimum below 5,False,0.5857727557124375
f9f5071b993a5f4b,5c38639f860a5542,2026-03-28,640a0f838f057a81,902ec2cc48c8ae8a,1,0.497281961472465,One absent from fitting data,At least one UFC debutant,False,0.5027180385275349
fa96d6252579b51e,5c38639f860a5542,2026-03-28,e4a47b07044ddd72,ae81a3ac7b260411,0,0.739322764084557,One absent from fitting data,Both returning; minimum below 5,False,0.739322764084557
0760bc02280574dd,9a70f67ad2187fa3,2026-04-04,ba15006c804a8de0,764d39074a352e33,0,0.4628754833720021,Both absent from fitting data,Both returning; minimum below 5,True,0.5371245166279979
721642e7de112e9e,9a70f67ad2187fa3,2026-04-04,d25240135aee03e5,7dda2cf308f24a02,0,0.5118429595870064,Both in fitting data,Both have at least 5 prior UFC bouts,False,0.5118429595870064
74bb036ef0493bf7,9a70f67ad2187fa3,2026-04-04,3c26c420584d912d,81d2c551886bd5a1,0,0.4401543992163392,Both absent from fitting data,Both returning; minimum below 5,True,0.5598456007836607
7924f10aac3543de,9a70f67ad2187fa3,2026-04-04,d7c4956d61ae76a9,92aed9d16794f42b,1,0.4812129409936999,Both absent from fitting data,At least one UFC debutant,False,0.5187870590063002
9c9c26679701b84d,9a70f67ad2187fa3,2026-04-04,f9b200db02b488d9,65db4065e2bc107d,0,0.4723568923766859,One absent from fitting data,Both returning; minimum below 5,True,0.5276431076233141
a5a749aa0061fdb4,9a70f67ad2187fa3,2026-04-04,6142edbd477d20c9,eee0ef3e2b14816b,0,0.4047345321054805,One absent from fitting data,At least one UFC debutant,True,0.5952654678945195
ad487d1c6141d90a,9a70f67ad2187fa3,2026-04-04,95aff2fd8d09a5f0,49edd0d90f60fb7d,1,0.6268950661096444,Both absent from fitting data,Both returning; minimum below 5,True,0.6268950661096444
af2a9d47ca8115e4,9a70f67ad2187fa3,2026-04-04,3fa97913cfd205d3,2bd98ab77a8daa75,1,0.5541017400357637,One absent from fitting data,Both returning; minimum below 5,True,0.5541017400357637
c27bec45d5a29a2c,9a70f67ad2187fa3,2026-04-04,fd7ab338e4953644,6b0a6def604de298,0,0.4982639278254442,Both absent from fitting data,At least one UFC debutant,True,0.5017360721745558
caf13346cbcfdb03,9a70f67ad2187fa3,2026-04-04,27b388f0aab49780,a4a80dd7336ffd59,1,0.38214560615239,One absent from fitting data,Both returning; minimum below 5,False,0.61785439384761
d69bd8e53ec858dc,9a70f67ad2187fa3,2026-04-04,b6452706b373eea1,fd406a32a6fb3a29,1,0.3049185751509404,One absent from fitting data,Both have at least 5 prior UFC bouts,False,0.6950814248490595
e284a194fb4648a9,9a70f67ad2187fa3,2026-04-04,3bc3f60b21cddc6a,147e70aa6cc48cfc,0,0.5769532406451786,One absent from fitting data,Both returning; minimum below 5,False,0.5769532406451786
fef80c98b2fba70c,9a70f67ad2187fa3,2026-04-04,d776b5814f2400b4,83455a9d17f57dae,1,0.4135286223521923,Both absent from fitting data,Both returning; minimum below 5,False,0.5864713776478077
10ab34056720b6b4,f3eb664db7fb1df3,2026-04-11,98a58c26c5b1ed17,5537efc6e496dd84,0,0.3840828343353513,Both absent from fitting data,Both returning; minimum below 5,True,0.6159171656646487
20868a67bea63129,f3eb664db7fb1df3,2026-04-11,6d4b63c767106d3a,8c0580d4fff106c1,1,0.5145166569767958,Both in fitting data,Both have at least 5 prior UFC bouts,True,0.5145166569767958
5b49c3d36907c6df,f3eb664db7fb1df3,2026-04-11,3920d0cc288f9b0d,feedf3053472fe56,0,0.5550903764612708,Both absent from fitting data,Both have at least 5 prior UFC bouts,False,0.5550903764612708
60949f33201415ca,f3eb664db7fb1df3,2026-04-11,d247691a6c0e9034,583ee11abddfc581,1,0.479365516133153,Both in fitting data,Both have at least 5 prior UFC bouts,False,0.5206344838668471
62b5ce408c150fa8,f3eb664db7fb1df3,2026-04-11,323d4ca260dfa0ba,72db2a14ffa73ece,0,0.4803157113702133,One absent from fitting data,Both have at least 5 prior UFC bouts,True,0.5196842886297868
903552edaba48f4a,f3eb664db7fb1df3,2026-04-11,fa6796c55d6c5440,955da1675ad58a50,0,0.4729042045372177,One absent from fitting data,Both returning; minimum below 5,True,0.5270957954627823
a031f062b7ffefee,f3eb664db7fb1df3,2026-04-11,009341ed974bad72,9014c02eff8b3d62,0,0.2936370359196969,Both in fitting data,Both have at least 5 prior UFC bouts,True,0.7063629640803031
aade9d76ac6c6aef,f3eb664db7fb1df3,2026-04-11,e90a2f22417af68e,2e5c2aa8e4ab9d82,0,0.4538334487460337,Both in fitting data,Both have at least 5 prior UFC bouts,True,0.5461665512539663
b4e16fb13153efdc,f3eb664db7fb1df3,2026-04-11,3a46b268013afede,c6aee362c7a7d482,1,0.5256339124131106,Both in fitting data,Both have at least 5 prior UFC bouts,True,0.5256339124131106
c4d060cff018979a,f3eb664db7fb1df3,2026-04-11,2e19380f34871c6a,c21f26bbde777573,1,0.5012730747692105,Both in fitting data,Both have at least 5 prior UFC bouts,True,0.5012730747692105
f506977877074aa6,f3eb664db7fb1df3,2026-04-11,8e5d953bdb9ae5e7,b08012bbe542592a,0,0.490259019892104,Both in fitting data,Both have at least 5 prior UFC bouts,True,0.509740980107896
0b6c13ab8ad7f82b,c3ac8d0da7b05772,2026-04-18,5c637af9472ae7cc,6fd953151d981979,0,0.4523797026319199,One absent from fitting data,Both have at least 5 prior UFC bouts,True,0.5476202973680802
32054bf2b36b0e47,c3ac8d0da7b05772,2026-04-18,23024fdfc966410a,dd6103dd7127db1d,0,0.3603793130079373,Both in fitting data,Both have at least 5 prior UFC bouts,True,0.6396206869920626
32087c183dffcae0,c3ac8d0da7b05772,2026-04-18,450bcab0968562c4,e6679e38e7fab7a8,1,0.5512240462056938,Both absent from fitting data,At least one UFC debutant,True,0.5512240462056938
5a209522211d7530,c3ac8d0da7b05772,2026-04-18,9d62c2d8ee151f08,a9e260472d321361,0,0.3915674059359699,Both in fitting data,Both have at least 5 prior UFC bouts,True,0.60843259406403
678440bd8274a18e,c3ac8d0da7b05772,2026-04-18,c4d039123e62f6a9,c85bad793cd14e28,0,0.5100810422816776,Both absent from fitting data,At least one UFC debutant,False,0.5100810422816776
85c7a0f44aa3e10a,c3ac8d0da7b05772,2026-04-18,04c8b08b16a5b99e,1a97a3ef4c758fae,0,0.6232907185089374,One absent from fitting data,At least one UFC debutant,False,0.6232907185089374
9fab4b0ad082f670,c3ac8d0da7b05772,2026-04-18,0cd0456d6029cec2,cd0dfd9846bd03b9,1,0.6292377786313431,Both absent from fitting data,At least one UFC debutant,True,0.6292377786313431
a661c0bee7c8d5af,c3ac8d0da7b05772,2026-04-18,d945aae53e3e54e6,b2a78df161bd67f9,0,0.4200999640272582,One absent from fitting data,Both returning; minimum below 5,True,0.5799000359727418
b5299e5b946015e5,c3ac8d0da7b05772,2026-04-18,60425d07ef4b91a7,f1d64ae34e088832,0,0.484046571375954,Both in fitting data,Both have at least 5 prior UFC bouts,True,0.5159534286240459
bae4de7ef8c0769e,c3ac8d0da7b05772,2026-04-18,51e2f44a8dbf6984,07047eb7d17fb0a2,1,0.4014295976408017,Both absent from fitting data,Both returning; minimum below 5,False,0.5985704023591982
e644218737c1a778,c3ac8d0da7b05772,2026-04-18,4c88a1db5a46c6a4,8f4528c10bd34fab,1,0.5328361644929285,One absent from fitting data,At least one UFC debutant,True,0.5328361644929285
0df4f4ac27cf2d26,e60d773a0a42048a,2026-04-25,d35298b6df168456,abb68e3c7ca128f2,1,0.5327403624575813,Both absent from fitting data,Both returning; minimum below 5,True,0.5327403624575813
2e7f8d0ad385876d,e60d773a0a42048a,2026-04-25,b0d6a1d8ac3d563d,078695e385ec2f57,0,0.4090789061091372,One absent from fitting data,At least one UFC debutant,True,0.5909210938908628
348de8e364ecf041,e60d773a0a42048a,2026-04-25,cc1a8b4b38b92c6d,b9f28e7045fdfce7,0,0.4140303737277813,Both in fitting data,Both have at least 5 prior UFC bouts,True,0.5859696262722187
67f24cf244134661,e60d773a0a42048a,2026-04-25,9508cc6184cb2450,260e9e0d4954aea6,1,0.3154918165689832,One absent from fitting data,Both returning; minimum below 5,False,0.6845081834310168
7e551ddb1494a45f,e60d773a0a42048a,2026-04-25,a67f5afa8d6a1b80,095854a135e6db55,1,0.5913221775594688,One absent from fitting data,Both returning; minimum below 5,True,0.5913221775594688
84951374e4cdc679,e60d773a0a42048a,2026-04-25,262a7d06203657e6,e132d47bd9efbbe0,0,0.5163486401341855,Both in fitting data,Both have at least 5 prior UFC bouts,False,0.5163486401341855
c7fb90f1355291e4,e60d773a0a42048a,2026-04-25,5d495dec23d7c68e,33a8708747b7f943,1,0.619701743964507,One absent from fitting data,At least one UFC debutant,True,0.619701743964507
cb745968bd16bf56,e60d773a0a42048a,2026-04-25,f9ab66e67240db7b,d3f5d33d61cd00c9,1,0.5061015429842771,Both in fitting data,Both have at least 5 prior UFC bouts,True,0.5061015429842771
d421f3cd158fd055,e60d773a0a42048a,2026-04-25,7f6ed67d3ed3c036,65adf3856c4d9256,1,0.4849167809587836,One absent from fitting data,Both have at least 5 prior UFC bouts,False,0.5150832190412165
dcfd594b68ff5ae1,e60d773a0a42048a,2026-04-25,cc8c623cca88f54f,ca80d72da81d7224,0,0.4026522697978874,One absent from fitting data,Both returning; minimum below 5,True,0.5973477302021126
ef1cd6371a3f18e0,e60d773a0a42048a,2026-04-25,3eeec2f53cebdf12,4e6738062d469256,1,0.446313471833597,Both absent from fitting data,Both returning; minimum below 5,False,0.553686528166403
f524e42c36028de0,e60d773a0a42048a,2026-04-25,52c2ae6d2f2d2613,cb696ebfb6598724,0,0.4264008693896593,Both in fitting data,Both have at least 5 prior UFC bouts,True,0.5735991306103407
f5aff2f858311fbc,e60d773a0a42048a,2026-04-25,e3b30b573e7f0d19,113df4fde64735c6,0,0.4959334025760695,One absent from fitting data,At least one UFC debutant,True,0.5040665974239305
00bde62cac38e5e9,872b018076f831b0,2026-05-02,37098a6e6c27fb66,ed7d329d7c29428d,0,0.3479213980397084,One absent from fitting data,Both returning; minimum below 5,True,0.6520786019602915
1cb0711cd49dd95e,872b018076f831b0,2026-05-02,c15fa95b9a12fde4,7e9b36a9847db116,1,0.5050889757149137,Both absent from fitting data,Both returning; minimum below 5,True,0.5050889757149137
2afaa97901d5587c,872b018076f831b0,2026-05-02,c62fbc117d57b943,cdb7b38b1b357f26,0,0.4719411771441473,One absent from fitting data,Both returning; minimum below 5,True,0.5280588228558527
46181797eb543a0b,872b018076f831b0,2026-05-02,f96856f9d69fd7e4,8ebc3a8da015d70c,0,0.3627215294062621,Both absent from fitting data,Both returning; minimum below 5,True,0.6372784705937379
5c7c38dece435cde,872b018076f831b0,2026-05-02,17734443a833cdf7,08af939f41b5a57b,1,0.6791697127565335,One absent from fitting data,Both returning; minimum below 5,True,0.6791697127565335
610a640a0cd81ce5,872b018076f831b0,2026-05-02,530af2900b5a1693,aebaa8cec15b083d,0,0.7162742475608391,Both absent from fitting data,Both returning; minimum below 5,False,0.7162742475608391
7ac4ae301ed699ab,872b018076f831b0,2026-05-02,40f3cb27fc7305a1,f782f953bfe7b5f2,0,0.4534040048638457,Both absent from fitting data,Both returning; minimum below 5,True,0.5465959951361543
827c64369b374989,872b018076f831b0,2026-05-02,3261aa79bf6caa64,b4443fae47e7eb9d,0,0.4114970103786249,Both absent from fitting data,At least one UFC debutant,True,0.5885029896213751
a564219e7a964aa6,872b018076f831b0,2026-05-02,d0fd0d9ee560dae7,6747ccd6d1acd266,1,0.5700040949437829,Both absent from fitting data,Both returning; minimum below 5,True,0.5700040949437829
afec383a96893ec5,872b018076f831b0,2026-05-02,32ab52e5de93092d,c96d9178c9ed9e62,1,0.576964471429804,One absent from fitting data,Both have at least 5 prior UFC bouts,True,0.576964471429804
cfc884a249141cba,872b018076f831b0,2026-05-02,b701f095e6ccb149,6eedb757f13b9978,0,0.3972965616384465,Both absent from fitting data,At least one UFC debutant,True,0.6027034383615535
eb6d9fef6c374830,872b018076f831b0,2026-05-02,7ee0fd831c0fe7c3,6b453bc35a823c3f,1,0.3775443936752221,One absent from fitting data,Both have at least 5 prior UFC bouts,False,0.6224556063247779
edff38661bf2866b,872b018076f831b0,2026-05-02,6ac9bc2953c47345,d4270315cbcf2569,0,0.3158209955800065,Both in fitting data,Both have at least 5 prior UFC bouts,True,0.6841790044199936
1158a27a1a04b971,9eedac48b497de5a,2026-05-09,18968f97ad34f15c,887961364be5ceb3,0,0.4349321131142303,Both in fitting data,Both have at least 5 prior UFC bouts,True,0.5650678868857697
1f5d0b106385b2ac,9eedac48b497de5a,2026-05-09,d1feea7a4bdcd503,312f7d7b2b2f7de4,1,0.5927042127010165,Both absent from fitting data,Both returning; minimum below 5,True,0.5927042127010165
22ba4f1b0aafbf82,9eedac48b497de5a,2026-05-09,fc08099550072fe4,279566840aa55bf2,0,0.5466132309052966,Both in fitting data,Both have at least 5 prior UFC bouts,False,0.5466132309052966
303018d7459323b4,9eedac48b497de5a,2026-05-09,e1d40e8782d80bc2,b8bbdeff718dbb7d,0,0.5166311668166375,Both in fitting data,Both have at least 5 prior UFC bouts,False,0.5166311668166375
70f1621080b3435c,9eedac48b497de5a,2026-05-09,767755fd74662dbf,0d8011111be000b2,0,0.5487818484290102,Both in fitting data,Both have at least 5 prior UFC bouts,False,0.5487818484290102
770c5302e32916ea,9eedac48b497de5a,2026-05-09,2f815ed5f8278ba6,6967153c7edb4d87,1,0.7458739594180329,Both absent from fitting data,Both returning; minimum below 5,True,0.7458739594180329
845b8653f9cf839c,9eedac48b497de5a,2026-05-09,45f7cb591c3ab00b,b9437600497350f3,1,0.517814981238401,Both in fitting data,Both have at least 5 prior UFC bouts,True,0.517814981238401
9d35723a53749931,9eedac48b497de5a,2026-05-09,9d83f6da776ff7d6,9384e71bca6c409d,1,0.3761575686489848,One absent from fitting data,Both returning; minimum below 5,False,0.6238424313510151
c85b530861145935,9eedac48b497de5a,2026-05-09,17e97649403ba428,4461d7e47375a895,1,0.5711816835615174,One absent from fitting data,Both have at least 5 prior UFC bouts,True,0.5711816835615174
e50857173607d631,9eedac48b497de5a,2026-05-09,7026eca45f65377b,d1941565abf50b16,0,0.5762182833198182,Both in fitting data,Both have at least 5 prior UFC bouts,False,0.5762182833198182
e92d89cb2d69235e,9eedac48b497de5a,2026-05-09,b62d5280966b2460,88be62d6c1e6dadb,0,0.4651811842514444,Both absent from fitting data,Both returning; minimum below 5,True,0.5348188157485556
f88dc6e0c29cff1d,9eedac48b497de5a,2026-05-09,58bbef3770bb2dfc,f139d6836efd43dd,0,0.5020921036183105,One absent from fitting data,Both returning; minimum below 5,False,0.5020921036183105
ffcb47e17eebe6a6,9eedac48b497de5a,2026-05-09,849c5d9979df5357,99bd51917728c25d,0,0.3987010527336481,One absent from fitting data,Both have at least 5 prior UFC bouts,True,0.6012989472663519
39417b7d07c2fd83,73abb7a5c57fb443,2026-05-16,fc0a4053eb8a3a59,9c442aaf149ea982,1,0.4787784519447471,Both absent from fitting data,Both returning; minimum below 5,False,0.5212215480552529
48cb604345f11766,73abb7a5c57fb443,2026-05-16,f14f644d41ade29f,5f61780fe5e9b6d0,1,0.356555793681195,Both in fitting data,Both have at least 5 prior UFC bouts,False,0.6434442063188051
57bd683efc797fc1,73abb7a5c57fb443,2026-05-16,f5d82eccdea4e2dd,476fe566d2df676e,0,0.4478047811965709,One absent from fitting data,At least one UFC debutant,True,0.5521952188034291
5f7111b982bcf6e3,73abb7a5c57fb443,2026-05-16,e3964ece586e0635,b9706f80d005036c,0,0.6152349747291843,One absent from fitting data,Both have at least 5 prior UFC bouts,False,0.6152349747291843
6242cda790f2085d,73abb7a5c57fb443,2026-05-16,3e8118c1ab52f211,64ad3e3b0efa30bb,0,0.5439972827015893,Both absent from fitting data,Both returning; minimum below 5,False,0.5439972827015893
a6ec8573a9d38c51,73abb7a5c57fb443,2026-05-16,b6c37948cb226e8c,0e46690e55a8df75,1,0.4831313413867831,Both absent from fitting data,Both returning; minimum below 5,False,0.516868658613217
b482d4452e4d0eee,73abb7a5c57fb443,2026-05-16,e8fe9c15d348e778,29162be25ebef5f0,0,0.4310578025794829,Both absent from fitting data,Both returning; minimum below 5,True,0.5689421974205171
b98ead4eff6bf872,73abb7a5c57fb443,2026-05-16,87f8699fdcc2c404,9673a497a9da119a,1,0.5733359021587656,One absent from fitting data,Both returning; minimum below 5,True,0.5733359021587656
c9e0aa88afb81dab,73abb7a5c57fb443,2026-05-16,20d37922ba85e6fc,de83f920fd302871,0,0.6758930957458791,Both absent from fitting data,At least one UFC debutant,False,0.6758930957458791
e4aa608124896794,73abb7a5c57fb443,2026-05-16,040a74bb0a465c54,20bccc9bb4ceb23e,1,0.337270923116709,One absent from fitting data,Both have at least 5 prior UFC bouts,False,0.662729076883291
ec32745308e2b055,73abb7a5c57fb443,2026-05-16,0f1efce7d2571d10,2558ae2e5671e318,0,0.402851792704746,One absent from fitting data,Both have at least 5 prior UFC bouts,True,0.597148207295254
ecb7ff543dd41bf8,73abb7a5c57fb443,2026-05-16,74939a16c7b56f33,2e45d08b3f2f02c8,1,0.4136660445254156,Both absent from fitting data,At least one UFC debutant,False,0.5863339554745843
fc1266e2892ed111,73abb7a5c57fb443,2026-05-16,b67d6bacc68d4c92,e93b04e308913c2e,0,0.5758389957437848,Both in fitting data,Both have at least 5 prior UFC bouts,False,0.5758389957437848
00959e29e4a10e26,1e75e6c9de99fa76,2026-05-30,5c84f673b7bb7c15,d33da8a3d82bdb62,0,0.6035683014064046,Both absent from fitting data,Both returning; minimum below 5,False,0.6035683014064046
224dce2c0b03e7eb,1e75e6c9de99fa76,2026-05-30,2f43a3e82661fa99,29162be25ebef5f0,1,0.7078862827573491,Both absent from fitting data,Both returning; minimum below 5,True,0.7078862827573491
34d5ec676fb5bce3,1e75e6c9de99fa76,2026-05-30,6f4ec5aa3eced219,2b266e623e20737a,0,0.5366497775236899,Both absent from fitting data,At least one UFC debutant,False,0.5366497775236899
370ff29489150560,1e75e6c9de99fa76,2026-05-30,4e30e4250cb08b61,bc7d1ad49fcb2d08,0,0.5825684597216005,One absent from fitting data,Both have at least 5 prior UFC bouts,False,0.5825684597216005
3bc0190fb17ba42f,1e75e6c9de99fa76,2026-05-30,7d420039bbfe7c1a,8e6654e9f0461b8f,0,0.3902675375298959,One absent from fitting data,Both returning; minimum below 5,True,0.6097324624701042
3f719885c9916e06,1e75e6c9de99fa76,2026-05-30,2cdb479a0ef0ee1d,f0feeb2192937424,0,0.4686240942399836,One absent from fitting data,At least one UFC debutant,True,0.5313759057600165
423f32dd018ac218,1e75e6c9de99fa76,2026-05-30,efb96bf3e9ada36f,aa72b0f831d0bfe5,1,0.5542768737898832,Both in fitting data,Both have at least 5 prior UFC bouts,True,0.5542768737898832
a23d84f15207e459,1e75e6c9de99fa76,2026-05-30,8a65fd9ba31fd3f7,a495f599e787614f,0,0.6318788249654133,One absent from fitting data,Both returning; minimum below 5,False,0.6318788249654133
bc0b3c16246e0d1d,1e75e6c9de99fa76,2026-05-30,20a0e4cc5227c117,e0664abaa023fd6f,1,0.6410591595060466,Both absent from fitting data,At least one UFC debutant,True,0.6410591595060466
c1c9dfd0c0952f18,1e75e6c9de99fa76,2026-05-30,a53d30163304aa6e,a845f0735bc67405,0,0.4239907643850918,Both in fitting data,Both have at least 5 prior UFC bouts,True,0.5760092356149082
f6d09973de0f83e7,1e75e6c9de99fa76,2026-05-30,33a86e839ad202d8,e6666480a830f764,1,0.4114970103786249,Both absent from fitting data,At least one UFC debutant,False,0.5885029896213751
f74e4afdf6ae29d1,1e75e6c9de99fa76,2026-05-30,17923f676f100e16,f14cf73e51b29254,0,0.5213895276584839,One absent from fitting data,Both returning; minimum below 5,False,0.5213895276584839
20d74ed23d3e9b3a,ba17afef01ed78b6,2026-06-06,294aa73dbf37d281,5ef94841c4bc3f86,0,0.4865148479903374,One absent from fitting data,Both have at least 5 prior UFC bouts,True,0.5134851520096626
419fff06f338f5c6,ba17afef01ed78b6,2026-06-06,4144798612ef96e5,2f181c0467965b98,0,0.4315777700532336,Both in fitting data,Both have at least 5 prior UFC bouts,True,0.5684222299467664
44cfbb8c3c356c65,ba17afef01ed78b6,2026-06-06,ac026518a9b4dc0f,791c8437b341fba5,0,0.5698606640795779,Both in fitting data,Both have at least 5 prior UFC bouts,False,0.5698606640795779
58ffa2dac4f2e7d0,ba17afef01ed78b6,2026-06-06,6c3b2525436cf5d4,1e4f273069fb9e85,1,0.4383941009046924,One absent from fitting data,Both have at least 5 prior UFC bouts,False,0.5616058990953077
5c69b019e6deee41,ba17afef01ed78b6,2026-06-06,b1b0729d27936f2f,01641ba5df0c69b0,0,0.2887249598128635,One absent from fitting data,Both have at least 5 prior UFC bouts,True,0.7112750401871365
5d2eedd05081ed23,ba17afef01ed78b6,2026-06-06,3fa97913cfd205d3,67c1d46f4ed16f9e,1,0.6145412673159546,Both in fitting data,Both have at least 5 prior UFC bouts,True,0.6145412673159546
90940d93d6e0998f,ba17afef01ed78b6,2026-06-06,c0ac37a4a1133da9,450bcab0968562c4,1,0.5002850317694886,Both absent from fitting data,Both returning; minimum below 5,True,0.5002850317694886
98e77712f99956ff,ba17afef01ed78b6,2026-06-06,b1e5bcaad32a3cac,af9efbfd63d39734,0,0.4361319062363413,Both in fitting data,Both have at least 5 prior UFC bouts,True,0.5638680937636587
a6b211d8dab5edec,ba17afef01ed78b6,2026-06-06,8061a3136026a673,c3d2b9bcb4cead6b,1,0.5197800368858412,Both absent from fitting data,At least one UFC debutant,True,0.5197800368858412
b0474597b2c60482,ba17afef01ed78b6,2026-06-06,c0d5c0c95c59050b,8bd4200561c77a62,0,0.4725082797067614,One absent from fitting data,Both have at least 5 prior UFC bouts,True,0.5274917202932385
bfe4950b3de83e9c,ba17afef01ed78b6,2026-06-06,1c23ec2f1b71be40,c15fa95b9a12fde4,1,0.5536835021576187,Both absent from fitting data,Both returning; minimum below 5,True,0.5536835021576187
c47796e11a801e12,ba17afef01ed78b6,2026-06-06,d9c6f19f958643e9,faf317c665546a36,1,0.3017649820548476,One absent from fitting data,Both returning; minimum below 5,False,0.6982350179451524
00e8d4b961a65d21,48544433372ecfa6,2026-06-14,35673bf5204524ee,d6c0cdd7e467c440,1,0.5900249204837348,One absent from fitting data,Both have at least 5 prior UFC bouts,True,0.5900249204837348
127ba4a1ccb3d4a6,48544433372ecfa6,2026-06-14,97cf1a2c7c5e7889,f166e93d04a8c274,0,0.4332756518409453,One absent from fitting data,Both have at least 5 prior UFC bouts,True,0.5667243481590547
30cdb851f6c63444,48544433372ecfa6,2026-06-14,d3df1add9d9a7efb,955da1675ad58a50,0,0.270712189982307,One absent from fitting data,Both returning; minimum below 5,True,0.7292878100176929
5727d5be8c373346,48544433372ecfa6,2026-06-14,e5549c82bfb5582d,787bb1f087ccff8a,0,0.511800579982275,Both in fitting data,Both have at least 5 prior UFC bouts,False,0.511800579982275
60de0423ae6ed097,48544433372ecfa6,2026-06-14,24656ef4d605c96f,b50a426a33da0012,0,0.3090123190665709,Both in fitting data,Both have at least 5 prior UFC bouts,True,0.6909876809334291
7208e40818401e88,48544433372ecfa6,2026-06-14,54f64b5e283b0ce7,9e8f6c728eb01124,0,0.6931190645420047,Both in fitting data,Both have at least 5 prior UFC bouts,False,0.6931190645420047
9a9b30b3165b62e4,48544433372ecfa6,2026-06-14,9c393e836a852f30,4b93a88f3b1de35b,1,0.7014250372000073,One absent from fitting data,Both have at least 5 prior UFC bouts,True,0.7014250372000073
17d31249c9ab18af,c8661e204c66f325,2026-06-20,b1f21ce050035d58,34b96d52db1d26e6,0,0.661001719925756,Both absent from fitting data,Both returning; minimum below 5,False,0.661001719925756
33afdd7ad43a2756,c8661e204c66f325,2026-06-20,5d1b7e3dd9e11074,98aa60cf58071fd6,1,0.4329583358829838,Both in fitting data,Both have at least 5 prior UFC bouts,False,0.5670416641170162
3b4803afa824fea3,c8661e204c66f325,2026-06-20,253076a23d03dcd0,0be6776db31d98ec,0,0.5132573113198605,One absent from fitting data,Both returning; minimum below 5,False,0.5132573113198605
571a3eabff5c7ba7,c8661e204c66f325,2026-06-20,8fd808923cffff82,18d01f7f8338ae72,0,0.431624210118685,One absent from fitting data,Both have at least 5 prior UFC bouts,True,0.568375789881315
6658fe4531c86674,c8661e204c66f325,2026-06-20,9eed2bcc9e0b92af,a69a7120cf26669d,0,0.4835810613588086,Both absent from fitting data,At least one UFC debutant,True,0.5164189386411915
8b809ba1880aded0,c8661e204c66f325,2026-06-20,96924b0019b3aff1,01c9e4013afce141,1,0.4392703375292767,Both absent from fitting data,Both returning; minimum below 5,False,0.5607296624707233
9efa4de316b8bf43,c8661e204c66f325,2026-06-20,b9124c308671e303,70fc8214822b5a85,0,0.4633438733948332,Both absent from fitting data,At least one UFC debutant,True,0.5366561266051668
aaec28fa3c0c576d,c8661e204c66f325,2026-06-20,5ec591b78349ba7e,41cc71cbf210e0fe,1,0.6635030069093645,One absent from fitting data,Both have at least 5 prior UFC bouts,True,0.6635030069093645
afc021700481ac4e,c8661e204c66f325,2026-06-20,b4b496ec2197ee3e,cd13728ae1151f46,1,0.5773715604511446,One absent from fitting data,Both returning; minimum below 5,True,0.5773715604511446
b23a1a5d35eb438a,c8661e204c66f325,2026-06-20,5078e1dacf9d25f4,351c4ec637380ad5,1,0.5828077382564641,One absent from fitting data,Both have at least 5 prior UFC bouts,True,0.5828077382564641
c0980a613f24accd,c8661e204c66f325,2026-06-20,bd532e9a2b93870c,eff9074bc066f0f2,0,0.4502885542276172,Both absent from fitting data,Both returning; minimum below 5,True,0.5497114457723828
e4849375d1949c74,c8661e204c66f325,2026-06-20,d436f5d55156a521,a52bc1e62cf0b7c6,1,0.4695698116818901,One absent from fitting data,At least one UFC debutant,False,0.53043018831811
012c307c9d446c4d,31e1ea6fe6b682f8,2026-06-27,595db60957de51d3,06734ca9d88dec3a,0,0.4708967046627043,One absent from fitting data,Both have at least 5 prior UFC bouts,True,0.5291032953372957
0e60ab32f3d03929,31e1ea6fe6b682f8,2026-06-27,70dd69b6a703257e,feef5f8f5629e5e7,1,0.6917212646017683,Both absent from fitting data,At least one UFC debutant,True,0.6917212646017683
1a7119f3996b5635,31e1ea6fe6b682f8,2026-06-27,7facc9c45d792985,4a574b8512fc1b30,1,0.4777438145124118,Both absent from fitting data,Both returning; minimum below 5,False,0.5222561854875882
35985895d4ef321e,31e1ea6fe6b682f8,2026-06-27,36b8f265bcd1b7a4,0d65c432720accb9,1,0.3558261070549541,Both in fitting data,Both have at least 5 prior UFC bouts,False,0.6441738929450459
48b1ee7ab45add4c,31e1ea6fe6b682f8,2026-06-27,95aff2fd8d09a5f0,6add18754930182b,1,0.6028569819294949,Both absent from fitting data,Both returning; minimum below 5,True,0.6028569819294949
5e7f4ba1210f433d,31e1ea6fe6b682f8,2026-06-27,22e07d3da1aa3475,49d2a08964c5eb11,0,0.4350493835336725,Both absent from fitting data,Both returning; minimum below 5,True,0.5649506164663275
6a35ff33b8597904,31e1ea6fe6b682f8,2026-06-27,c88f8a9c1ea7165d,64b12fe31be7560c,1,0.4284738523286333,Both absent from fitting data,At least one UFC debutant,False,0.5715261476713667
809814f03ff3140c,31e1ea6fe6b682f8,2026-06-27,72f890c5d421e705,ff62013d2fce6d13,1,0.4806042708002768,Both absent from fitting data,Both returning; minimum below 5,False,0.5193957291997232
81cde317c156723b,31e1ea6fe6b682f8,2026-06-27,814e5233e2acf2ee,8d3273573b85be09,0,0.3512604752178936,One absent from fitting data,Both have at least 5 prior UFC bouts,True,0.6487395247821064
ae0a91c8f92f4758,31e1ea6fe6b682f8,2026-06-27,a4dc0f2b95df4cc1,ffd3224638c01b57,0,0.3140600643236375,Both absent from fitting data,Both returning; minimum below 5,True,0.6859399356763625
c13dc0cccef263f7,31e1ea6fe6b682f8,2026-06-27,c814b4c899793af6,2e7878927067fdca,1,0.3440756371358734,Both in fitting data,Both have at least 5 prior UFC bouts,False,0.6559243628641266
d83294b031502177,31e1ea6fe6b682f8,2026-06-27,b07aed698fba8624,1e719d4b676dc19a,1,0.5415443469017154,Both absent from fitting data,Both have at least 5 prior UFC bouts,True,0.5415443469017154
f1cb2e7ef096ec7c,31e1ea6fe6b682f8,2026-06-27,4b85abc5abbe657c,e047d3b541afd4a7,0,0.5366497775236899,Both absent from fitting data,At least one UFC debutant,False,0.5366497775236899
1162a74e3604c488,fccb0fee256b7b4d,2026-07-11,e463ce0a2ca474f4,23dec7c47cb418f8,1,0.4798809307323721,Both absent from fitting data,Both returning; minimum below 5,False,0.5201190692676279
118c25bda9392140,fccb0fee256b7b4d,2026-07-11,f7e856a73c96048e,87e4a3a5080ee7ce,1,0.556916235029585,Both absent from fitting data,At least one UFC debutant,True,0.556916235029585
130b325610c54a64,fccb0fee256b7b4d,2026-07-11,c2299ec916bc7c56,7826923b47f8d72a,0,0.5395194265968998,Both in fitting data,Both have at least 5 prior UFC bouts,False,0.5395194265968998
1b6a3b0d27654d3e,fccb0fee256b7b4d,2026-07-11,7f6ed67d3ed3c036,3fa97913cfd205d3,0,0.514530070457686,Both in fitting data,Both have at least 5 prior UFC bouts,False,0.514530070457686
7765e5e779dd7dc9,fccb0fee256b7b4d,2026-07-11,e1147d3d2dabe1ce,1091d4d957141094,1,0.5455806323652959,Both in fitting data,Both have at least 5 prior UFC bouts,True,0.5455806323652959
930317fde9dbc55e,fccb0fee256b7b4d,2026-07-11,eee0ef3e2b14816b,b1de86d835638319,0,0.4899393487185124,One absent from fitting data,Both returning; minimum below 5,True,0.5100606512814876
989760fa75321d69,fccb0fee256b7b4d,2026-07-11,f4c49976c75c5ab2,150ff4cc642270b9,0,0.3673896322896722,Both in fitting data,Both have at least 5 prior UFC bouts,True,0.6326103677103279
9e00ee7644774e18,fccb0fee256b7b4d,2026-07-11,a09ed60aa67a3f67,a54b961a1f8be1d5,1,0.568120557674725,Both absent from fitting data,At least one UFC debutant,True,0.568120557674725
a26ea74f2e908842,fccb0fee256b7b4d,2026-07-11,809bd1a871491508,887961364be5ceb3,0,0.6536025351967121,Both in fitting data,Both have at least 5 prior UFC bouts,False,0.6536025351967121
a3ab1979192b647c,fccb0fee256b7b4d,2026-07-11,bb2c3c3a466224af,6e15f63b6c2e2c15,0,0.569018835407012,One absent from fitting data,Both returning; minimum below 5,False,0.569018835407012
b223b10ef19f912c,fccb0fee256b7b4d,2026-07-11,fdd22e895a70e4a8,64d47ef881a437a4,1,0.6663439129662521,Both absent from fitting data,Both returning; minimum below 5,True,0.6663439129662521
c572daedf2012a49,fccb0fee256b7b4d,2026-07-11,65f09bacd3957381,bc711b6dd95c1af6,0,0.4907905837998378,Both in fitting data,Both have at least 5 prior UFC bouts,True,0.5092094162001621
e84c3f1f9a33fa90,fccb0fee256b7b4d,2026-07-11,2997e7fe3c9d3d4a,68d4a891e5cf2029,1,0.4321290638117963,One absent from fitting data,Both have at least 5 prior UFC bouts,False,0.5678709361882037
e9f389ba3a1e33c4,fccb0fee256b7b4d,2026-07-11,d8c7c61b176e3994,0232cabbc30a2372,0,0.5137109262755472,Both in fitting data,Both have at least 5 prior UFC bouts,False,0.5137109262755472
307ea95ad7ebe466,f354c50b8d63d9b3,2026-07-18,40a7ec5d1ad6ffa8,27b388f0aab49780,0,0.4409238249415567,Both absent from fitting data,At least one UFC debutant,True,0.5590761750584433
3bd159c1bed14700,f354c50b8d63d9b3,2026-07-18,7d6ceff6747f2de2,d3f89fa685bd8420,1,0.4186101505944333,Both absent from fitting data,Both returning; minimum below 5,False,0.5813898494055667
410e6b9e01660b35,f354c50b8d63d9b3,2026-07-18,5e9ca8dd7d783a75,2bd98ab77a8daa75,1,0.6593924162449274,Both absent from fitting data,Both returning; minimum below 5,True,0.6593924162449274
46d800ce45fdd3e6,f354c50b8d63d9b3,2026-07-18,9ac4e43ed56429ed,e564146b9cf6dbef,0,0.4284738523286333,Both absent from fitting data,At least one UFC debutant,True,0.5715261476713667
4eff5a845db17572,f354c50b8d63d9b3,2026-07-18,a93f94c923c3a9cb,13a0275fa13c4d26,1,0.658768752224126,One absent from fitting data,Both have at least 5 prior UFC bouts,True,0.658768752224126
52ddf20a10890b41,f354c50b8d63d9b3,2026-07-18,745fa7b605f8e2da,d25240135aee03e5,1,0.6139931658559848,One absent from fitting data,Both returning; minimum below 5,True,0.6139931658559848
701c97405da76603,f354c50b8d63d9b3,2026-07-18,f1b2aa7853d1ed6e,0d7b51c9d2649a6e,0,0.4986754760553046,Both in fitting data,Both have at least 5 prior UFC bouts,True,0.5013245239446954
9e525f939fba3e73,f354c50b8d63d9b3,2026-07-18,df619b9a86ce0a9a,b852ad2b35354fcb,0,0.4284738523286333,Both absent from fitting data,At least one UFC debutant,True,0.5715261476713667
c64c6ba6eb1e1d06,f354c50b8d63d9b3,2026-07-18,6b0a6def604de298,a112097ad877a48f,1,0.633727145498959,Both absent from fitting data,Both returning; minimum below 5,True,0.633727145498959
e05155c1b5c2dc74,f354c50b8d63d9b3,2026-07-18,ab2a4b5e04dc5fe9,e03187ec8b5b6abc,0,0.4399202565909178,Both absent from fitting data,At least one UFC debutant,True,0.5600797434090822
f2abca7379982d4f,f354c50b8d63d9b3,2026-07-18,e99eb0ef25885de5,971246648e162f0d,0,0.3427452299839211,One absent from fitting data,Both returning; minimum below 5,True,0.6572547700160789
f2eb569176e46edf,f354c50b8d63d9b3,2026-07-18,4a07b1988477502c,a3dda21be645be93,0,0.5096194852886151,Both absent from fitting data,Both returning; minimum below 5,False,0.5096194852886151
05bc7a042156b6f6,681d07e328798ec0,2026-07-25,e4277e87a789d687,b01a5e0dcd9f231d,0,0.5247990243826293,One absent from fitting data,At least one UFC debutant,False,0.5247990243826293
3859314324918eeb,681d07e328798ec0,2026-07-25,fb3e61720be4690c,ca28cdf526d6b6e9,0,0.4152088705898228,One absent from fitting data,Both returning; minimum below 5,True,0.5847911294101772
3ac870d6e7d323b7,681d07e328798ec0,2026-07-25,bc5a51159ec2fdf2,49edd0d90f60fb7d,1,0.4535269896748721,Both absent from fitting data,At least one UFC debutant,False,0.5464730103251279
4ace64aa144389c5,681d07e328798ec0,2026-07-25,99223fbb4a05326b,04ff3a711504d6b3,0,0.6025787873973658,Both absent from fitting data,At least one UFC debutant,False,0.6025787873973658
532340708f0500bd,681d07e328798ec0,2026-07-25,700a674c042b7a96,0e6bc8d1d6c0ad90,0,0.3865274588128565,One absent from fitting data,At least one UFC debutant,True,0.6134725411871436
5ffb251c6ea48b65,681d07e328798ec0,2026-07-25,bc7f4b2d4c2724a2,739fd4fbb5d862f4,0,0.5282643138664675,Both absent from fitting data,Both returning; minimum below 5,False,0.5282643138664675
61280e5644189c61,681d07e328798ec0,2026-07-25,f7adc1fd115f8fdd,de26d906f2874dd4,1,0.4708089783668747,Both absent from fitting data,At least one UFC debutant,False,0.5291910216331253
9009ec7b91f2be14,681d07e328798ec0,2026-07-25,ef5dcb10d2bd4b0f,d802174b0c0c1f4e,0,0.3338075912609803,One absent from fitting data,Both have at least 5 prior UFC bouts,True,0.6661924087390196
a122306d0ce5fbfb,681d07e328798ec0,2026-07-25,eb393afdbe3293d5,1d2d98ddd05b38fb,0,0.4862586918959752,Both absent from fitting data,Both returning; minimum below 5,True,0.5137413081040247
c36cd04f8f560f0a,681d07e328798ec0,2026-07-25,7d0a1968b38ca439,32ab52e5de93092d,1,0.5025570835719874,Both absent from fitting data,Both returning; minimum below 5,True,0.5025570835719874
d7070ab1b2144f8d,681d07e328798ec0,2026-07-25,f5779a2303ed76ec,764d39074a352e33,1,0.6188353363479249,Both absent from fitting data,Both have at least 5 prior UFC bouts,True,0.6188353363479249
f6e6b004f07363e9,681d07e328798ec0,2026-07-25,8b6e5dc2ba1edbe7,6d1bffff14897645,1,0.513934424201715,One absent from fitting data,Both have at least 5 prior UFC bouts,True,0.513934424201715
0c3c835e681972d3,1a50e734bb54861a,2026-08-01,99df7d0a2a08a8a8,b4b496ec2197ee3e,0,0.2592719618426312,One absent from fitting data,Both have at least 5 prior UFC bouts,True,0.7407280381573689
13aa6688d0538095,1a50e734bb54861a,2026-08-01,fb37795db81f93f3,c4d039123e62f6a9,1,0.5212921131112528,Both absent from fitting data,Both returning; minimum below 5,True,0.5212921131112528
4350abb4f1933f88,1a50e734bb54861a,2026-08-01,5f926979c980b87e,0e6b611451a9a7d8,1,0.4284738523286333,Both absent from fitting data,At least one UFC debutant,False,0.5715261476713667
5425c577ed4f50b3,1a50e734bb54861a,2026-08-01,873626e5547b5235,849c5d9979df5357,0,0.3138109444535841,One absent from fitting data,Both returning; minimum below 5,True,0.6861890555464158
68ae50dbf98dc15f,1a50e734bb54861a,2026-08-01,681399317dbf4701,8a1f3b5c526cd6e6,1,0.5417302338066458,Both in fitting data,Both have at least 5 prior UFC bouts,True,0.5417302338066458
7ecb154439aca0f9,1a50e734bb54861a,2026-08-01,b12fb759e02378de,025c1ee70b2cedf4,1,0.5109810731722424,One absent from fitting data,At least one UFC debutant,True,0.5109810731722424
878a7e6fec3e4573,1a50e734bb54861a,2026-08-01,5847c1a960bb23af,1b35af4d1529adf6,0,0.3677486558858348,Both absent from fitting data,At least one UFC debutant,True,0.6322513441141653
94cef172179c9778,1a50e734bb54861a,2026-08-01,182a73d5b4e57871,56bf3ed155bd0fcd,1,0.6758930957458791,Both absent from fitting data,At least one UFC debutant,True,0.6758930957458791
eb8753ed0476b3d1,1a50e734bb54861a,2026-08-01,c9cf753cfdf77fc2,333b9e5c723ac873,0,0.4449812368440013,Both in fitting data,Both have at least 5 prior UFC bouts,True,0.5550187631559986
f1bce0c9a3fa4bcb,1a50e734bb54861a,2026-08-01,6b56e94a59b7b134,037cfd34a27d59e9,0,0.6206047345461934,Both absent from fitting data,At least one UFC debutant,False,0.6206047345461934
f425b7a527dd53aa,1a50e734bb54861a,2026-08-01,0cd0456d6029cec2,866fd7b1a6c90e7f,1,0.3931029861601439,One absent from fitting data,Both returning; minimum below 5,False,0.6068970138398562
f78f34ef2ee7b02c,1a50e734bb54861a,2026-08-01,eabece0edc2d62ca,3c26c420584d912d,1,0.5612984334521917,Both absent from fitting data,At least one UFC debutant,True,0.5612984334521917
fbd99ae7e1ff993a,1a50e734bb54861a,2026-08-01,ae81a3ac7b260411,5b86d491d63890c5,1,0.3458525848546086,One absent from fitting data,Both returning; minimum below 5,False,0.6541474151453914
fec91da886d80200,1a50e734bb54861a,2026-08-01,6266abf6e4245c72,dfcadfcbd3a3f097,1,0.5735517278689222,Both absent from fitting data,At least one UFC debutant,True,0.5735517278689222
06bfde3e3577906f,495add4fbede0a44,2026-08-08,70380ccdc81915b8,92a9aa9c93192871,1,0.4445854223874196,One absent from fitting data,Both returning; minimum below 5,False,0.5554145776125804
1168a8e59aacfd72,495add4fbede0a44,2026-08-08,46e0d677f91bacc0,51ec9dc3b4964f19,1,0.5972674726275773,One absent from fitting data,Both returning; minimum below 5,True,0.5972674726275773
13380a8d6cdbb381,495add4fbede0a44,2026-08-08,0abcf6bc47191219,709fadb644ee3f51,0,0.4248635266556583,Both absent from fitting data,Both returning; minimum below 5,True,0.5751364733443417
13f31f7a784013a3,495add4fbede0a44,2026-08-08,3df5493bb279226f,545092d13c67aa49,0,0.2908032336850473,One absent from fitting data,Both returning; minimum below 5,True,0.7091967663149528
3050549d19395f6f,495add4fbede0a44,2026-08-08,e56cee1ad697db04,ba15006c804a8de0,1,0.5715007011010389,Both absent from fitting data,Both returning; minimum below 5,True,0.5715007011010389
64829a32c78ab656,495add4fbede0a44,2026-08-08,1f8cd7634e8286ff,cdb7b38b1b357f26,1,0.43939182855304,Both absent from fitting data,At least one UFC debutant,False,0.56060817144696
81ae2a465e0dfa4f,495add4fbede0a44,2026-08-08,abde3388a589103c,5870c541798124ae,0,0.3925305697859387,Both absent from fitting data,At least one UFC debutant,True,0.6074694302140613
a10deecfb8558335,495add4fbede0a44,2026-08-08,17734443a833cdf7,72db2a14ffa73ece,1,0.711971180986814,One absent from fitting data,Both have at least 5 prior UFC bouts,True,0.711971180986814
d463229133909215,495add4fbede0a44,2026-08-08,aa0c573da7119292,4948e412fa6ab67d,1,0.558992813779641,One absent from fitting data,Both returning; minimum below 5,True,0.558992813779641
d5245f5b96b8afdf,495add4fbede0a44,2026-08-08,aa171d55d4b5208f,f53d4f21d1b5f2dc,0,0.5083745110022803,Both in fitting data,Both have at least 5 prior UFC bouts,False,0.5083745110022803
ded584e13276cbcb,495add4fbede0a44,2026-08-08,77ba5b2939c4018b,651d209fa8c8cd83,1,0.4284738523286333,Both absent from fitting data,At least one UFC debutant,False,0.5715261476713667
f44ab9e9e4a89735,495add4fbede0a44,2026-08-08,0859524157a19045,fa07345cc9db5cc9,1,0.5896336226272642,Both absent from fitting data,Both returning; minimum below 5,True,0.5896336226272642
