fighter_id,fighter_name,fights,wins,losses,ko_wins,submission_wins,decision_wins,finish_wins,title_fights,first_fight,last_fight,active_years,mean_age,height_inches,reach_inches,profile_weight_lbs,snapshot_stance,stats_fights,decisive_fights,other_results,win_rate,finish_win_rate,finish_share_of_wins,eligible_percentage_rank,observed_career_years,longest_win_streak_conservative,mean_sig_per_minute,mean_td_per_15,mean_sig_accuracy,mean_td_accuracy,mean_sub_att
d1941565abf50b16,Jim Miller,47,28,18,6,14,8,20,0,2008-10-18,2026-05-09,19,33.042809360554536,68.0,71.0,155.0,Southpaw,47,46,1,0.6086956521739131,0.425531914893617,0.7142857142857143,True,17.55545972881031,7,3.07350279590132,2.0107030073302057,0.4224167882000253,0.5482492997198879,1.1063829787234043
07225ba28ae309b6,Charles Oliveira,37,25,11,4,17,4,21,4,2010-08-01,2026-03-07,17,28.02958197524821,70.0,74.0,155.0,Orthodox,37,36,1,0.6944444444444444,0.5675675675675675,0.84,True,15.597856218813527,11,3.5074285055066112,2.535420240745438,0.5359446870079271,0.4473287996725497,1.3783783783783783
84b3e7d38f2d2ec5,Neil Magny,37,24,13,7,3,14,10,0,2013-02-23,2025-12-13,12,31.484376633147654,75.0,80.0,170.0,Orthodox,37,37,0,0.6486486486486487,0.2702702702702703,0.4166666666666667,True,12.802453164678262,7,3.320714870253309,1.8831774001605144,0.4528943232329644,0.40683563748079876,0.21621621621621623
150ff4cc642270b9,Max Holloway,33,24,9,12,2,10,14,10,2012-02-04,2026-07-11,15,26.36579557666233,71.0,69.0,155.0,Orthodox,33,33,0,0.7272727272727273,0.42424242424242425,0.5833333333333334,True,14.431507833836424,13,6.966698037468888,0.19916581545795028,0.47021791971579197,0.575,0.30303030303030304
3738e68d2261e60f,Andrei Arlovski,42,23,18,9,2,12,11,5,2000-11-17,2024-06-29,20,35.34305485885601,75.0,77.0,240.0,Orthodox,42,41,1,0.5609756097560976,0.2619047619047619,0.4782608695652174,True,23.614447935275876,7,4.399947225181721,0.5986602438371178,0.46207222077733917,0.27777777777777773,0.11904761904761904
1d00756835ca67c9,Donald Cerrone,38,23,14,10,6,7,16,1,2011-02-05,2022-07-02,12,32.88255135466955,73.0,73.0,155.0,Orthodox,38,37,1,0.6216216216216216,0.42105263157894735,0.6956521739130435,True,11.403382684107134,8,4.5694253520285555,1.0187048793239954,0.4794024270283717,0.3723356009070295,0.2894736842105263
427b5953ac8e3a27,Demian Maia,33,22,11,1,11,10,12,2,2007-10-20,2021-06-12,15,36.13066536740534,73.0,72.0,170.0,Southpaw,33,33,0,0.6666666666666666,0.36363636363636365,0.5454545454545454,True,13.645728522830721,7,1.7186287931656474,4.457504753026296,0.5047309048113374,0.3890851558308864,0.8181818181818182
029eaff01e6bb8f0,Dustin Poirier,32,22,9,11,4,7,15,4,2011-01-01,2025-07-19,15,28.29652559600813,69.0,72.0,155.0,Southpaw,32,31,1,0.7096774193548387,0.46875,0.6818181818181818,True,14.546499928129942,4,5.739803389289396,1.274940236241715,0.511336081668362,0.3745822890559733,0.78125
07f72a2a7591b409,Jon Jones,24,22,1,6,6,10,12,17,2008-08-09,2024-11-16,15,26.83057603281838,76.0,84.0,248.0,Orthodox,24,23,1,0.9565217391304348,0.5,0.5454545454545454,True,16.2713813425327,13,4.557820171228417,3.2114685390940707,0.5968863573547664,0.5733970136144049,0.4583333333333333
6a2f7c151031653d,Rafael Dos Anjos,36,21,15,4,5,12,9,4,2008-11-15,2024-10-26,16,31.301882387120276,68.0,70.0,170.0,Southpaw,36,36,0,0.5833333333333334,0.25,0.42857142857142855,True,15.945570408701068,5,3.857485849254562,1.7671679486287704,0.469785449935875,0.34489168708235646,0.5555555555555556
d3df1add9d9a7efb,Derrick Lewis,32,20,12,16,0,4,16,2,2014-04-19,2026-06-14,13,34.47563947240532,75.0,79.0,260.0,Orthodox,32,32,0,0.625,0.5,0.8,True,12.153569204021986,6,3.93564719749951,0.8106753682160315,0.4880753068695766,0.2850877192982456,0.0
2b93ebd9f5417ad2,Michael Bisping,29,20,9,10,0,10,10,4,2006-06-24,2017-11-25,12,32.79181781211491,73.0,75.0,185.0,Orthodox,29,29,0,0.6896551724137931,0.3448275862068966,0.5,True,11.422548033156053,5,4.4424090077099265,1.41949228368774,0.38363429302762814,0.4190571581196581,0.1724137931034483
6506c1d34da9c013,Georges St-Pierre,22,20,2,5,3,12,8,15,2004-01-31,2017-11-04,11,27.34497068261622,71.0,76.0,185.0,Orthodox,22,22,0,0.9090909090909091,0.36363636363636365,0.4,True,13.760720617124239,13,4.361367285167696,3.6499236657025906,0.5618274019560563,0.7309613997113996,1.0909090909090908
82e7929bf6c2b689,Diego Sanchez,32,19,13,6,0,12,6,2,2005-04-09,2020-09-26,16,30.371516868929547,70.0,72.0,170.0,Southpaw,32,32,0,0.59375,0.1875,0.3157894736842105,True,15.46643668247808,6,2.962341957537613,1.5158120677172882,0.41846210639503933,0.3024936868686869,0.5625
92a9aa9c93192871,Darren Elkins,31,19,12,4,3,12,7,0,2010-03-21,2026-08-08,17,33.11233566209988,70.0,71.0,145.0,Orthodox,31,31,0,0.6129032258064516,0.22580645161290322,0.3684210526315789,True,16.38363552981923,6,2.928765410486421,3.6904266749591152,0.3464015289335375,0.33549697429007774,0.8064516129032258
c47df9303d318c67,Clay Guida,37,18,19,2,5,11,7,0,2006-10-14,2024-12-07,19,32.88255914387867,67.0,70.0,155.0,Orthodox,37,37,0,0.4864864864864865,0.1891891891891892,0.3888888888888889,True,18.149585549326815,4,3.1759638488864503,3.0398256071416756,0.3739592540085177,0.31972614803497157,0.43243243243243246
64a50dad704d1d49,Edson Barboza,32,18,14,9,0,9,9,0,2010-11-20,2025-12-06,16,31.527512543036476,71.0,75.0,155.0,Orthodox,32,32,0,0.5625,0.28125,0.5,True,15.044799003401849,4,4.598808812999712,0.3897771161078982,0.4642683803466189,0.3958333333333333,0.0625
f2688492b9a525a3,Frankie Edgar,30,18,11,5,2,11,7,9,2007-02-03,2022-11-12,16,32.462815800461335,66.0,68.0,135.0,Orthodox,30,29,1,0.6206896551724138,0.23333333333333334,0.3888888888888889,True,15.773082267260792,5,3.970037072783419,2.0506149200731154,0.44023407072974324,0.286307519640853,0.3333333333333333
a8283a4f415e1eb9,Francisco Trinaldo,26,18,8,5,2,11,7,0,2012-06-23,2022-10-01,11,38.44748036209873,69.0,70.0,170.0,Southpaw,26,26,0,0.6923076923076923,0.2692307692307692,0.3888888888888889,True,10.27262709022088,7,3.1801358718215433,1.103551557538018,0.48219546020574605,0.3908333333333333,0.4230769230769231
0d8011111be000b2,Sean Strickland,25,18,7,5,1,12,6,4,2014-03-15,2026-05-09,12,29.34872037071261,73.0,76.0,185.0,Orthodox,25,25,0,0.72,0.24,0.3333333333333333,True,12.150831297014996,6,6.070320956628718,0.7693233636718361,0.4259125719481123,0.625,0.16
621a6c59f88a44fe,Matt Hughes,25,18,7,8,5,5,13,12,1999-09-24,2011-09-24,13,31.770672909094642,69.0,73.0,170.0,Switch,25,25,0,0.72,0.52,0.7222222222222222,True,12.000246411630629,6,2.6134659488214806,4.609867553150755,0.5470738271812797,0.5558048012593467,0.64
e1147d3d2dabe1ce,Robert Whittaker,25,18,7,7,0,11,7,4,2012-12-14,2026-07-11,15,28.12892804095909,72.0,73.0,205.0,Orthodox,25,25,0,0.72,0.28,0.3888888888888889,True,13.571805033642033,9,5.076871540647076,0.5751801345396282,0.47703616289959583,0.5104395604395604,0.0
cb696ebfb6598724,Aljamain Sterling,23,18,5,2,4,11,6,5,2014-02-22,2026-04-25,13,30.272085460791235,67.0,71.0,145.0,Orthodox,23,23,0,0.782608695652174,0.2608695652173913,0.3333333333333333,True,12.169996646063916,9,4.123207124761174,2.4809859659170215,0.5241927480155111,0.3852027577294957,0.6086956521739131
887961364be5ceb3,King Green,31,17,12,5,3,9,8,0,2013-02-02,2026-07-11,13,34.13675448061794,70.0,71.0,155.0,Orthodox,31,29,2,0.5862068965517241,0.25806451612903225,0.47058823529411764,True,13.434909683292608,4,6.764842969307158,1.1127503728996453,0.5391063610570541,0.49015151515151517,0.1935483870967742
31123249b0bbf52e,Matt Brown,30,17,13,13,2,2,15,0,2008-06-21,2023-05-13,15,33.394343027805725,72.0,75.0,170.0,Orthodox,30,30,0,0.5666666666666667,0.5,0.8823529411764706,True,14.891476211010493,7,4.842560641112732,1.4097955447241914,0.5776787680448249,0.5132783882783883,0.8
6a1901c62ab3870f,Jessica Andrade,30,17,13,6,3,8,9,4,2013-07-27,2025-08-16,13,27.848803648717404,61.0,62.0,115.0,Orthodox,30,30,0,0.5666666666666667,0.3,0.5294117647058824,True,12.055004551770399,4,6.246982192429358,1.8178317758558284,0.49982543072237046,0.5172902494331065,0.2
08af939f41b5a57b,Beneil Dariush,26,17,8,3,5,9,8,0,2014-01-15,2026-05-02,12,29.71471535507758,70.0,72.0,155.0,Southpaw,26,25,1,0.68,0.3076923076923077,0.47058823529411764,True,12.2932024613784,8,4.304591977335097,2.2605013574740886,0.4918596696873704,0.38859649122807016,0.46153846153846156
1f454354805b6f75,Anderson Silva,25,17,7,11,3,3,14,13,2006-06-28,2020-10-31,13,36.745668973353325,74.0,77.0,185.0,Southpaw,25,24,1,0.7083333333333334,0.56,0.8235294117647058,True,14.343894809612792,16,4.333744575519534,0.2063752397790364,0.6349126096847736,0.75,0.24
6d4b63c767106d3a,Vicente Luque,25,17,8,8,7,2,15,0,2015-07-12,2026-04-11,12,28.522420036003478,71.0,75.0,185.0,Orthodox,25,25,0,0.68,0.6,0.8823529411764706,True,10.749022909436881,6,5.15387235136703,0.5426766917293233,0.5021939323161118,0.30216450216450214,0.44
275aca31f61ba28c,Islam Makhachev,18,17,1,3,8,6,11,6,2015-05-23,2025-11-15,10,28.86666621034883,70.0,70.0,170.0,Southpaw,18,18,0,0.9444444444444444,0.6111111111111112,0.6470588235294118,True,10.483445929758995,16,2.6932267350057666,3.0304443616560617,0.5696587160207717,0.6073784722222222,0.7222222222222222
511e82663651438d,Michael Johnson,32,16,16,6,0,10,6,1,2010-12-04,2026-03-07,17,31.23977562852078,70.0,73.0,155.0,Southpaw,32,32,0,0.5,0.1875,0.375,True,15.255617842939964,4,4.375265942965527,0.5473415716205954,0.39589651940382703,0.4754901960784314,0.03125
7aa3d6964eff4877,Alex Caceres,30,16,13,2,4,10,6,0,2011-03-26,2024-05-11,14,28.771113255804934,70.0,73.0,145.0,Southpaw,30,29,1,0.5517241379310345,0.2,0.375,True,13.128264098509893,5,3.893668924316528,0.42079635949943117,0.4906842135708343,0.7166666666666666,0.5333333333333333
3a46b268013afede,Kevin Holland,29,16,12,5,6,5,11,0,2018-08-04,2026-04-11,9,29.609236942956887,75.0,81.0,170.0,Orthodox,29,28,1,0.5714285714285714,0.3793103448275862,0.6875,True,7.685304968616741,5,4.944129820899659,0.9642410029100112,0.5653755872653349,0.43039215686274507,0.4482758620689655
0c6d9ea8306c029e,Brad Tavares,28,16,12,2,0,14,2,0,2010-06-19,2026-03-14,16,30.06173002476828,73.0,74.0,185.0,Orthodox,28,28,0,0.5714285714285714,0.07142857142857142,0.125,True,15.734751569162952,5,3.4248898317648577,0.602865271286324,0.4288972770144063,0.2378472222222222,0.0
75e5fec9f72910ef,Gleison Tibau,28,16,12,1,4,11,5,0,2006-11-18,2018-06-01,11,28.022967128492912,70.0,71.0,155.0,Southpaw,28,28,0,0.5714285714285714,0.17857142857142858,0.3125,True,11.534802220442582,3,1.9295830191820937,4.1056894480214075,0.3571056186055156,0.5183865280019126,0.6071428571428571
1ff9589f9065a9ed,Frank Mir,27,16,11,5,8,2,13,5,2001-11-02,2016-03-19,15,29.709738760574847,75.0,79.0,264.0,Southpaw,27,27,0,0.5925925925925926,0.48148148148148145,0.8125,True,14.376749693696654,4,2.676128564314791,1.756420807918966,0.4824687235509232,0.44092261904761904,0.7777777777777778
8355922d564b152c,Nate Diaz,27,16,11,2,10,4,12,2,2007-06-23,2022-09-10,13,27.49832113063391,72.0,76.0,170.0,Southpaw,27,27,0,0.5925925925925926,0.4444444444444444,0.75,True,15.217287144842125,5,4.87595610414062,1.1424055355155427,0.4381892212708151,0.41098742527313953,0.9629629629629629
d247691a6c0e9034,Cub Swanson,26,16,10,8,0,8,8,0,2011-11-12,2026-04-11,15,34.16076042207996,68.0,70.0,145.0,Orthodox,26,26,0,0.6153846153846154,0.3076923076923077,0.5,True,14.412342484787503,6,5.4584476606246435,0.7054146038996715,0.53475454578129,0.6119047619047618,0.07692307692307693
0aa92558424ced9e,Randy Couture,24,16,8,7,4,5,11,16,1997-05-30,2011-04-30,13,41.02080581166394,73.0,75.0,205.0,Orthodox,24,24,0,0.6666666666666666,0.4583333333333333,0.6875,True,13.916781316522584,7,2.8117923504927607,3.0415805970061816,0.6111704570444141,0.6151515151515151,0.4583333333333333
a845f0735bc67405,Jake Matthews,24,16,8,2,6,8,8,0,2014-06-28,2026-05-30,13,25.596236290501057,71.0,73.0,170.0,Orthodox,24,24,0,0.6666666666666666,0.3333333333333333,0.5,True,11.920847108427962,3,3.4055613770531608,1.908751440775469,0.4443414796638972,0.4280018227386648,0.5416666666666666
f7a7f7118d4b01b6,Lyoto Machida,24,16,8,7,1,8,8,5,2007-02-03,2018-05-12,11,33.803454782324984,73.0,74.0,185.0,Southpaw,24,24,0,0.6666666666666666,0.3333333333333333,0.5,True,11.269225240764698,8,2.8959889353022548,0.9996733297036634,0.5270064892931926,0.6166666666666667,0.3333333333333333
7ff97850e8c32bda,Glover Teixeira,23,16,7,6,7,3,13,4,2012-05-26,2023-01-21,12,37.41671331524529,74.0,76.0,205.0,Orthodox,23,23,0,0.6956521739130435,0.5652173913043478,0.8125,True,10.65593407119927,6,4.051237749253711,2.3677766696170237,0.5046260223211475,0.41168853506314806,0.6956521739130435
a390eb8a9b2df298,Chuck Liddell,23,16,7,10,0,6,10,7,1998-05-15,2010-06-12,13,34.52810238343733,74.0,76.0,205.0,Orthodox,23,23,0,0.6956521739130435,0.43478260869565216,0.625,True,12.076907807826307,7,3.505677714622189,0.6340228608959175,0.4069321497610504,0.8333333333333334,0.0
f1b2aa7853d1ed6e,Kamaru Usman,20,16,4,4,1,11,5,9,2015-07-12,2026-07-18,11,32.68403868662601,72.0,76.0,185.0,Switch,20,20,0,0.8,0.25,0.3125,True,11.017337796121755,15,4.173732062263088,3.056837014454593,0.5280327623082988,0.45260451810616287,0.1
80fa8218c99f9c58,Amanda Nunes,18,16,2,7,3,6,10,12,2013-08-03,2023-06-10,11,29.742796452585154,68.0,69.0,135.0,Orthodox,18,18,0,0.8888888888888888,0.5555555555555556,0.625,True,9.850989411144651,12,7.535483616324261,2.3204139885598716,0.5609336658238537,0.5524406149406149,0.5555555555555556
18968f97ad34f15c,Jeremy Stephens,36,15,20,8,0,7,8,0,2007-05-26,2026-05-09,17,28.234285744706902,69.0,71.0,155.0,Orthodox,36,35,1,0.42857142857142855,0.2222222222222222,0.5333333333333333,True,18.95453020938144,3,3.154253205740254,0.8412454213888694,0.42834906827705144,0.4118421052631579,0.3055555555555556
4b47e71384a9522f,Tim Means,30,15,14,6,2,7,8,0,2012-02-15,2024-10-05,13,34.00024184845228,74.0,75.0,170.0,Orthodox,30,29,1,0.5172413793103449,0.26666666666666666,0.5333333333333333,True,12.638178744258951,4,6.035622034809077,1.8057987843989585,0.5130058925883201,0.40079365079365076,0.1
50db8711c70196cd,Ovince Saint Preux,28,15,13,6,5,4,11,1,2013-04-27,2024-10-05,12,34.856587453150006,75.0,80.0,205.0,Southpaw,28,28,0,0.5357142857142857,0.39285714285714285,0.7333333333333333,True,11.441713382204973,4,3.2261324674629384,1.194414285793691,0.4858251482019512,0.29737654320987655,0.21428571428571427
2f732dd9210d301f,Tito Ortiz,27,15,11,8,2,5,10,10,1997-05-30,2012-07-07,15,29.74979332604746,75.0,74.0,205.0,Orthodox,27,26,1,0.5769230769230769,0.37037037037037035,0.6666666666666666,True,15.105032957555597,6,4.997595263337103,5.493360388860143,0.5165178544055573,0.5440878565878566,0.2962962962962963
31ee470ef5dc8d7f,Thiago Alves,27,15,12,8,1,6,9,1,2005-10-03,2019-12-07,14,28.09477924230452,69.0,70.0,170.0,Orthodox,27,27,0,0.5555555555555556,0.3333333333333333,0.6,True,14.176882482186492,7,3.8191127125601816,0.8745396015800517,0.45949383773473895,0.6410256410256411,0.2222222222222222
3bad7ef643840f67,Joe Lauzon,27,15,12,6,7,2,13,0,2006-09-23,2019-10-18,14,28.684443288439265,70.0,71.0,155.0,Orthodox,27,27,0,0.5555555555555556,0.48148148148148145,0.8666666666666667,True,13.068030144356147,3,4.208832413013862,3.6633459603840604,0.4354470204716081,0.49920634920634915,1.0740740740740742
519e4fe37ce9ff75,Drew Dober,27,15,11,11,1,3,12,0,2013-11-30,2026-03-07,14,31.210517416257435,68.0,70.0,155.0,Southpaw,27,26,1,0.5769230769230769,0.4444444444444444,0.8,True,12.265823391308514,3,5.163821741344596,0.3333333333333333,0.41111192680696296,0.15824175824175823,0.037037037037037035
0ee783aa00e468f0,Vitor Belfort,26,15,10,12,2,1,14,5,1997-02-07,2018-05-12,14,31.240256078548445,72.0,74.0,185.0,Southpaw,26,25,1,0.6,0.5384615384615384,0.9333333333333333,True,21.257110002258774,3,4.330393660982982,1.0659653736576813,0.5174875006763598,0.6875,0.3076923076923077
7c7332319c14094c,Marlon Vera,26,15,11,7,4,4,11,1,2014-11-15,2026-02-28,13,27.388126223831268,68.0,70.0,135.0,Switch,26,26,0,0.5769230769230769,0.4230769230769231,0.7333333333333333,True,11.288390589813616,5,4.216827130432961,0.5732102060465434,0.48478566367110293,0.4513888888888889,0.6923076923076923
23024fdfc966410a,Gilbert Burns,25,15,10,3,5,7,8,1,2014-07-26,2026-04-18,13,33.51263886322101,70.0,71.0,170.0,Orthodox,25,25,0,0.6,0.32,0.5333333333333333,True,11.729193617938767,6,3.247750356697287,2.2866503499920263,0.4945254441714086,0.3969516594516595,0.36
dd37fd509af89f15,Josh Koscheck,25,15,10,6,3,6,9,1,2005-04-09,2015-03-21,10,31.5225090179812,70.0,73.0,170.0,Orthodox,25,25,0,0.6,0.36,0.6,True,9.946816156389248,5,2.1194513255975687,2.7802824372448374,0.38859560825001155,0.5351473922902494,0.28
f2925e6db404bf1d,Robbie Lawler,25,15,10,8,0,7,8,5,2002-05-10,2023-07-08,13,31.12386975776368,71.0,74.0,170.0,Southpaw,25,25,0,0.6,0.32,0.5333333333333333,True,21.161283257014176,5,4.506170209097431,1.2234382667052262,0.5075299330437616,0.6818181818181818,0.0
22a92d7f62195791,Tony Ferguson,24,15,9,5,6,4,11,3,2011-06-04,2024-08-03,14,33.42722072778131,71.0,76.0,170.0,Orthodox,24,24,0,0.625,0.4583333333333333,0.7333333333333333,True,13.166594796607733,12,5.0425192895941535,0.8555374367500123,0.45247004291624254,0.4090909090909091,0.6666666666666666
63def5a5662a6917,Junior Dos Santos,23,15,8,10,0,5,10,5,2008-10-25,2020-12-12,13,30.560160893700463,76.0,77.0,238.0,Orthodox,23,23,0,0.6521739130434783,0.43478260869565216,0.6666666666666666,True,12.131665947966077,9,4.9587506421697745,0.20212830647613256,0.5042792967853059,0.4375,0.043478260869565216
b1b0729d27936f2f,Belal Muhammad,22,15,6,2,1,12,3,2,2016-07-07,2026-06-06,11,32.20351111683583,71.0,72.0,170.0,Orthodox,22,21,1,0.7142857142857143,0.13636363636363635,0.2,True,9.913961272305386,6,4.327590308617402,1.811848739682373,0.42363595993514824,0.346606334841629,0.13636363636363635
c58f51dedb310998,Michael Chiesa,22,15,7,0,9,6,9,1,2012-06-01,2026-03-28,14,30.860941080863462,73.0,75.0,170.0,Southpaw,22,22,0,0.6818181818181818,0.4090909090909091,0.6,True,13.820954571277987,4,1.8607963842618014,3.713299530790408,0.37608680931036437,0.5320861678004535,0.6363636363636364
80eacd4da0617c57,Joseph Benavidez,21,15,6,5,1,9,6,3,2011-03-19,2021-03-06,10,31.27185232772616,64.0,65.0,125.0,Southpaw,21,21,0,0.7142857142857143,0.2857142857142857,0.4,True,9.965981505438167,6,4.171475457802704,1.4009353146557977,0.39108989993158133,0.31181857358327947,0.19047619047619047
c0ab242c40decc55,Ryan Bader,20,15,5,5,1,9,6,1,2008-12-13,2016-11-19,9,29.485341930361336,74.0,74.0,205.0,Orthodox,20,20,0,0.75,0.3,0.4,True,7.9344545062526946,5,2.928093396291131,2.1756896295929975,0.41434015214077047,0.39470899470899473,0.3
132deb59abae64b1,Valentina Shevchenko,19,15,3,4,2,9,6,14,2015-12-19,2025-11-15,11,32.28410252308938,65.0,66.0,125.0,Southpaw,19,18,1,0.8333333333333334,0.3157894736842105,0.4,True,9.908485458291409,9,3.193871113791395,3.1896456319472932,0.5754412266921447,0.7038847117794486,0.3684210526315789
2f181c0467965b98,Brendan Allen,19,15,4,2,7,6,9,0,2019-10-18,2026-06-06,8,26.949795071263033,74.0,75.0,185.0,Orthodox,19,19,0,0.7894736842105263,0.47368421052631576,0.6,True,6.633948677933154,7,3.8469994331569075,1.4889643661902772,0.5568912092756367,0.4840120663650075,0.7894736842105263
8a304bfd6bf04a57,Demetrious Johnson,18,15,2,2,5,8,7,14,2011-02-05,2018-08-04,8,27.787018213926363,63.0,66.0,125.0,Orthodox,18,17,1,0.8823529411764706,0.3888888888888889,0.4666666666666667,True,7.493651478127545,13,3.7851913832064117,2.98740673847304,0.5562862651764898,0.5044122544122543,0.6666666666666666
e1248941344b3288,Alexander Volkanovski,18,15,3,5,0,10,5,11,2016-11-26,2026-01-31,11,32.37362087441144,66.0,71.0,145.0,Orthodox,18,18,0,0.8333333333333334,0.2777777777777778,0.3333333333333333,True,9.180202194432466,12,5.836149844822362,1.9498187102773104,0.5815330131219206,0.3503996003996004,0.2222222222222222
f0feeb2192937424,Angela Hill,30,14,16,2,1,11,3,0,2014-12-12,2026-05-30,12,35.845408644028744,63.0,64.0,115.0,Orthodox,30,30,0,0.4666666666666667,0.1,0.21428571428571427,True,11.46361663826088,3,5.389535317798041,0.795032519076151,0.494999122832087,0.36758563074352546,0.16666666666666666
8c0580d4fff106c1,Kelvin Gastelum,26,14,11,3,2,9,5,2,2013-04-13,2026-04-11,13,27.195630300416845,69.0,71.0,185.0,Southpaw,26,25,1,0.56,0.19230769230769232,0.35714285714285715,True,12.994106655167457,5,3.778521254008446,1.6684127117316552,0.4324515542750006,0.42096171802054155,0.07692307692307693
6fb1ba67bef41b37,Nik Lentz,25,14,9,3,2,9,5,0,2009-09-19,2021-01-23,13,30.003627726784256,68.0,68.0,145.0,Orthodox,25,23,2,0.6086956521739131,0.2,0.35714285714285715,True,11.345886636960376,4,3.791640063319503,3.7241200384074693,0.5070363514436332,0.3198327329132283,1.04
c9cf753cfdf77fc2,Marcin Tybura,25,14,11,5,1,8,6,0,2016-04-10,2026-08-01,11,35.482289164048545,75.0,78.0,254.0,Orthodox,25,25,0,0.56,0.24,0.42857142857142855,True,10.30821988131173,5,3.3754762721024907,1.1690085743102716,0.47102619555357456,0.41997354497354494,0.08
193b9d1858bc4df3,Dan Hooker,24,14,10,7,2,5,9,0,2014-06-28,2026-01-31,13,29.64776826355093,72.0,75.0,155.0,Switch,24,24,0,0.5833333333333334,0.375,0.6428571428571429,True,11.595036174596329,4,4.809929308162005,0.4084890965732087,0.47322534454955956,0.20730158730158726,0.375
dea070ed4a2a8281,Thiago Santos,24,14,10,11,0,3,11,1,2013-08-03,2022-08-06,10,33.93384760353281,74.0,76.0,205.0,Orthodox,24,24,0,0.5833333333333334,0.4583333333333333,0.7857142857142857,True,9.00771405299219,4,4.545966037367944,0.6761052942665576,0.4694528207951958,0.33849206349206346,0.041666666666666664
d0f3959b4a9747e6,Jose Aldo,23,14,9,4,0,10,4,12,2011-04-30,2025-05-10,14,31.467955625669784,67.0,70.0,135.0,Orthodox,23,23,0,0.6086956521739131,0.17391304347826086,0.2857142857142857,True,14.029035503809112,7,3.7915544480231005,0.41790281329923273,0.4611561916269056,0.28888888888888886,0.17391304347826086
ee779c43a8926d52,Rashad Evans,23,14,8,6,0,8,6,4,2005-11-05,2018-06-09,13,31.437957688027996,72.0,75.0,205.0,Orthodox,23,22,1,0.6363636363636364,0.2608695652173913,0.42857142857142855,True,12.591634325140147,5,2.2871544836959568,2.759504744290549,0.38245912187403475,0.42770763187429856,0.0
aa72b0f831d0bfe5,Deiveson Figueiredo,22,14,7,4,4,6,8,6,2017-06-03,2026-05-30,10,33.89927115670971,65.0,68.0,135.0,Orthodox,22,21,1,0.6666666666666666,0.36363636363636365,0.5714285714285714,True,8.98854870394327,5,2.569650894105118,1.6043791064694695,0.5568075745264107,0.44628616997038045,1.0
c6aee362c7a7d482,Randy Brown,22,14,8,4,3,7,7,0,2016-01-30,2026-04-11,11,30.62510772730695,75.0,78.0,170.0,Orthodox,22,22,0,0.6363636363636364,0.3181818181818182,0.5,True,10.195965694025203,4,4.427898986195382,0.7317766120009194,0.45871182451208586,0.42738095238095236,0.36363636363636365
acff437707625fc7,Yushin Okami,21,14,7,5,0,9,5,1,2006-08-26,2018-12-01,10,29.533020625240177,74.0,75.0,170.0,Southpaw,21,21,0,0.6666666666666666,0.23809523809523808,0.35714285714285715,True,12.265823391308514,4,2.0670676618895967,1.762054615738143,0.39677747274859293,0.46079059829059826,0.42857142857142855
b1a3e0aca758b322,Derek Brunson,21,14,7,7,2,5,9,0,2012-12-29,2023-03-04,12,33.7540909708716,73.0,77.0,185.0,Southpaw,21,21,0,0.6666666666666666,0.42857142857142855,0.6428571428571429,True,10.176800344976282,5,4.802007342081571,1.840207304069472,0.4596068676336011,0.2877492877492877,0.3333333333333333
fa6796c55d6c5440,Curtis Blaydes,21,14,6,8,0,6,8,1,2016-04-10,2026-04-11,11,29.431718065981602,76.0,80.0,265.0,Orthodox,21,20,1,0.7,0.38095238095238093,0.5714285714285714,True,10.001574296529018,4,4.790321257468631,4.2839021209159025,0.5073505980599164,0.4586096256684492,0.0
38c7f72747f4f712,Gillian Robertson,20,14,6,3,7,4,10,0,2017-12-01,2026-03-14,10,26.40547033819996,65.0,63.0,115.0,Orthodox,20,20,0,0.7,0.5,0.7142857142857143,True,8.282168696140236,5,2.6785636884489055,3.061735422376446,0.5072040566631546,0.45815826330532217,0.6
d897897060f10a3a,Rich Franklin,20,14,6,9,1,4,10,5,2003-04-25,2012-11-10,10,33.03490146957159,73.0,76.0,185.0,Southpaw,20,20,0,0.7,0.5,0.7142857142857143,True,9.547081733368925,7,4.605017938453661,0.6831457577317646,0.46332864297572984,0.5740740740740741,0.1
f1fac969a1d70b08,Leon Edwards,20,14,5,3,1,10,4,4,2014-11-08,2025-11-15,11,28.012347960601517,74.0,74.0,170.0,Southpaw,20,19,1,0.7368421052631579,0.2,0.2857142857142857,True,11.020075703128743,8,3.4893125142345385,1.3160331288426432,0.5769804884582255,0.3833333333333333,0.4
279566840aa55bf2,Alexander Volkov,19,14,5,6,1,7,7,0,2016-11-19,2026-05-09,11,32.6321049137145,79.0,80.0,250.0,Orthodox,19,19,0,0.7368421052631579,0.3684210526315789,0.5,True,9.46768243016626,4,5.6390263491460395,0.5072738363141798,0.597605331468693,0.53125,0.10526315789473684
d28dee5c705991df,Stipe Miocic,19,14,5,9,0,5,9,9,2011-10-08,2024-11-16,12,33.717901192538626,76.0,80.0,240.0,Orthodox,19,19,0,0.7368421052631579,0.47368421052631576,0.6428571428571429,True,13.109098749460975,6,6.328919842616025,1.4180459773582335,0.5556303418910522,0.5074786324786325,0.0
6f018c039b4d5d80,Jon Fitch,18,14,3,1,3,10,4,1,2005-10-03,2013-02-02,9,30.89606372630665,72.0,74.0,170.0,Orthodox,18,17,1,0.8235294117647058,0.2222222222222222,0.2857142857142857,True,7.3348528717222115,8,2.5882861368789873,3.495184964150061,0.49258213965278164,0.5552128427128427,0.7777777777777778
a0f0004aadf10b71,Alexandre Pantoja,18,14,4,2,6,6,8,6,2017-01-28,2025-12-06,9,30.976527771123145,65.0,67.0,125.0,Orthodox,18,18,0,0.7777777777777778,0.4444444444444444,0.5714285714285714,True,8.854391260600833,8,5.080254041521581,2.787214933555971,0.5286630810737715,0.5368314726209463,0.7777777777777778
c03520b5c88ed6b4,Merab Dvalishvili,17,14,3,1,1,12,2,5,2017-12-09,2025-12-06,9,31.05559602021058,66.0,68.0,135.0,Orthodox,17,17,0,0.8235294117647058,0.11764705882352941,0.14285714285714285,True,7.9919505533994535,14,4.426559721233626,6.063160131309161,0.43027027942142976,0.4145207460506744,0.4117647058823529
8fd808923cffff82,Andre Fili,27,13,13,4,0,9,4,0,2013-10-19,2026-06-20,14,29.7136935151405,71.0,74.0,145.0,Orthodox,27,26,1,0.5,0.14814814814814814,0.3076923076923077,True,12.668295721335825,2,4.135781242647992,1.9819609526924764,0.3729971829634626,0.5292694805194805,0.14814814814814814
06f36cf4bd97ec77,Ed Herman,26,13,12,4,5,4,9,1,2006-06-24,2023-04-15,16,32.7095644042604,73.0,77.0,205.0,Orthodox,26,25,1,0.52,0.34615384615384615,0.6923076923076923,True,16.80801111590245,3,3.41453116295358,2.095525875332067,0.48949613436121786,0.5467836257309941,0.6538461538461539
a8e6a69796280f17,Nate Marquardt,25,13,12,6,3,4,9,1,2005-08-06,2017-11-11,12,32.437188990875924,72.0,74.0,185.0,Orthodox,25,25,0,0.52,0.36,0.6923076923076923,True,12.265823391308514,4,3.181856285845569,1.8552121358967182,0.524099088281892,0.6091269841269841,0.56
d4c9dcd330403612,Anthony Smith,25,13,12,6,5,2,11,1,2013-06-08,2025-04-26,11,31.75621676009774,76.0,76.0,205.0,Orthodox,25,25,0,0.52,0.44,0.8461538461538461,True,11.882516410330123,3,3.8643275010736096,0.5629912389425461,0.5032736611838161,0.19166666666666665,0.32
cdb96af67d096b1e,Alex Morono,24,13,10,2,2,9,4,0,2016-01-02,2026-02-07,11,30.487164920110157,71.0,72.0,170.0,Orthodox,24,23,1,0.5652173913043478,0.16666666666666666,0.3076923076923077,True,10.100138948780604,4,4.982548453839342,0.25,0.379554321049671,0.24545454545454548,0.25
ebc1f40e00e0c481,Stefan Struve,24,13,11,5,6,2,11,0,2009-02-21,2020-10-24,12,25.93254253452615,83.0,84.0,265.0,Orthodox,24,24,0,0.5416666666666666,0.4583333333333333,0.8461538461538461,True,11.671697570792007,4,4.54926674962802,0.5795770122860692,0.47357191658195197,0.55,0.875
0941df56f6ac954b,Johny Hendricks,21,13,8,5,0,8,5,3,2009-08-08,2017-11-04,9,29.873303353251604,69.0,69.0,185.0,Southpaw,21,21,0,0.6190476190476191,0.23809523809523808,0.38461538461538464,True,8.241100091035408,6,4.247893091464898,2.7333333333333334,0.5125426992669722,0.41418659771600946,0.2857142857142857
94527830000ab715,Rani Yahya,21,13,6,0,7,6,7,0,2011-01-22,2024-04-27,13,32.22060229390976,66.0,67.0,135.0,Orthodox,21,19,2,0.6842105263157895,0.3333333333333333,0.5384615384615384,True,13.26242154185233,4,2.000599086706313,2.6971006687862107,0.47125763323296854,0.31782622139765,1.0952380952380953
cfb65863d5099327,Thales Leites,21,13,8,2,5,6,7,1,2006-11-11,2018-09-22,10,31.376283923564156,73.0,78.0,185.0,Orthodox,21,21,0,0.6190476190476191,0.3333333333333333,0.5384615384615384,True,11.863351061281204,5,2.297280762855064,3.0312285319365095,0.44576344618247,0.3091360028860029,0.9523809523809523
b6452706b373eea1,Renato Moicano,20,13,7,2,7,4,9,1,2014-12-20,2026-04-04,11,31.68045887321437,71.0,72.0,155.0,Orthodox,20,20,0,0.65,0.45,0.6923076923076923,True,11.288390589813616,4,3.714062002487654,2.6093713975914237,0.46477975221803297,0.39095238095238094,0.35
1338e2c7480bdf9e,Israel Adesanya,19,13,6,5,0,8,5,12,2018-02-10,2026-03-28,9,31.804248295022447,76.0,80.0,185.0,Switch,19,19,0,0.6842105263157895,0.2631578947368421,0.38461538461538464,True,8.12610799674189,9,4.207876748878146,0.03585800231084904,0.5008710649640352,0.041666666666666664,0.15789473684210525
365fee2da473b177,Anthony Johnson,19,13,6,11,0,2,11,2,2007-06-12,2017-04-08,9,27.91368243809178,74.0,78.0,205.0,Orthodox,19,19,0,0.6842105263157895,0.5789473684210527,0.8461538461538461,True,9.823610341074765,3,6.961384425934481,1.595750908611841,0.5143546911210262,0.5216666666666667,0.2631578947368421
fc169c387b4b465d,Raquel Pennington,19,13,6,0,3,10,3,3,2013-11-30,2024-10-05,11,30.20314909740933,67.0,67.0,135.0,Orthodox,19,19,0,0.6842105263157895,0.15789473684210525,0.23076923076923078,True,10.847587561688467,6,4.035073496870673,0.9623044054627052,0.5103269594246751,0.39558823529411763,0.631578947368421
9bcf8603ceb25680,Dong Hyun Kim,18,13,4,4,1,8,5,0,2008-05-24,2017-06-17,10,30.758864164067557,74.0,76.0,170.0,Southpaw,18,17,1,0.7647058823529411,0.2777777777777778,0.38461538461538464,True,9.065210100138948,4,2.5297485605766394,2.752592832206121,0.5173268008673512,0.5068452380952381,0.4444444444444444
c849740a3ff51931,TJ Dillashaw,18,13,5,7,1,5,8,9,2011-12-03,2022-10-22,11,29.726369010543223,66.0,67.0,135.0,Orthodox,18,18,0,0.7222222222222222,0.4444444444444444,0.6153846153846154,True,10.885918259786306,4,4.579096162248038,2.048032020049851,0.4042404265945897,0.35182151808091655,0.6666666666666666
d802174b0c0c1f4e,Magomed Ankalaev,17,13,2,7,0,6,7,3,2018-03-17,2026-07-25,9,29.801795664363198,75.0,75.0,205.0,Orthodox,17,15,2,0.8666666666666667,0.4117647058823529,0.5384615384615384,True,8.356092185328926,9,4.265018114964086,0.836271293292371,0.5419947151393473,0.345,0.17647058823529413
032cc3922d871c7f,Khabib Nurmagomedov,13,13,0,2,5,6,7,4,2012-01-20,2020-10-24,8,27.25797033688366,70.0,70.0,155.0,Orthodox,13,13,0,1.0,0.5384615384615384,0.5384615384615384,True,8.761302422363224,13,4.669934152600745,4.993829815855289,0.5033045230817632,0.47863224738224736,0.6923076923076923
73c7cfa551289285,BJ Penn,27,12,13,7,4,1,11,11,2001-05-04,2019-05-11,15,29.925627798274054,69.0,70.0,155.0,Orthodox,27,25,2,0.48,0.4074074074074074,0.9166666666666666,True,18.01816601299137,3,4.387014962567107,3.9837127240921286,0.5271761893749204,0.5151041666666667,0.4444444444444444
4f732e58ed907eff,Ross Pearson,26,12,13,5,0,7,5,1,2009-06-20,2019-03-30,11,29.630156150207895,68.0,69.0,155.0,Orthodox,26,25,1,0.48,0.19230769230769232,0.4166666666666667,True,9.774328014948972,3,3.683189898522573,0.6764589201412305,0.4223227068254242,0.47058823529411764,0.0
6ac9bc2953c47345,Gerald Meerschaert,26,12,14,1,11,0,12,0,2016-12-09,2026-05-02,11,33.594961408674216,73.0,77.0,185.0,Southpaw,26,26,0,0.46153846153846156,0.46153846153846156,1.0,True,9.39375894097757,3,2.6492891818290323,1.4182680339911242,0.44070494040091474,0.2973171565276828,0.8461538461538461
c80095f6092271a7,Tim Boetsch,24,12,12,7,0,5,7,0,2008-02-02,2019-03-09,12,32.45708901163839,72.0,74.0,185.0,Orthodox,24,24,0,0.5,0.2916666666666667,0.5833333333333334,True,11.096737099324422,4,3.355493426484782,1.0731019791782375,0.5108508616454959,0.28214285714285714,0.4583333333333333
99df7d0a2a08a8a8,Jan Blachowicz,23,12,9,5,2,5,7,4,2014-10-04,2026-08-01,12,36.748068808364664,74.0,78.0,205.0,Orthodox,23,21,2,0.5714285714285714,0.30434782608695654,0.5833333333333334,True,11.825020363183365,5,3.5838582732982998,0.8530216336643156,0.5122455003617654,0.4955128205128205,0.30434782608695654
1091d4d957141094,Nikita Krylov,22,12,10,5,5,2,10,0,2013-08-31,2026-07-11,12,27.378821169248077,75.0,77.0,205.0,Orthodox,22,22,0,0.5454545454545454,0.45454545454545453,0.8333333333333334,True,12.85994921182502,5,6.380055591142038,1.6969137009190312,0.5459697529694982,0.4386904761904762,0.5454545454545454
270b89c00ef0c55c,Gabriel Gonzaga,22,12,10,7,4,1,11,1,2005-11-19,2016-04-10,11,31.611749852370806,74.0,76.0,242.0,Orthodox,22,22,0,0.5454545454545454,0.5,0.9166666666666666,True,10.390357091521386,4,3.378114792929283,3.2713164223212385,0.5517076604201882,0.5295284780578898,0.5
47b9e0e7703a4868,Jorge Masvidal,22,12,10,6,1,5,7,2,2013-04-20,2023-04-08,10,32.36380312706315,71.0,74.0,170.0,Orthodox,22,22,0,0.5454545454545454,0.3181818181818182,0.5833333333333334,True,9.965981505438167,3,5.893740618444358,0.7934395501405812,0.5366252829950385,0.5863636363636364,0.3181818181818182
4a28cb716c19157a,Stephen Thompson,22,12,9,6,0,6,6,2,2012-02-04,2025-07-12,14,35.0442140869049,72.0,75.0,170.0,Orthodox,22,21,1,0.5714285714285714,0.2727272727272727,0.5,True,13.434909683292608,7,4.424052500889153,0.45440398626185785,0.4778888522982351,0.2619047619047619,0.0
ccd1299e0345e0ce,Melvin Guillard,22,12,9,8,0,4,8,0,2005-11-05,2014-03-08,10,26.997754294002675,69.0,71.0,155.0,Orthodox,22,21,1,0.5714285714285714,0.36363636363636365,0.6666666666666666,True,8.336926836280005,5,4.351368475746725,1.4334710618305073,0.40568106849814956,0.5681818181818182,0.09090909090909091
d43a048a880efdff,Chris Leben,22,12,10,7,2,3,9,0,2005-04-09,2013-12-28,9,28.384006391768356,71.0,73.0,185.0,Southpaw,22,22,0,0.5454545454545454,0.4090909090909091,0.75,True,8.720233817258396,5,4.2395289700596575,1.7015164764413797,0.45316671072614234,0.5414965986394558,0.45454545454545453
05339613bf8e9808,Rob Font,21,12,9,6,1,5,7,0,2014-07-05,2026-03-07,12,33.179912758548866,68.0,71.0,135.0,Orthodox,21,21,0,0.5714285714285714,0.3333333333333333,0.5833333333333334,True,11.671697570792007,4,5.526172690759582,0.7973462463757689,0.45158391089399236,0.31764705882352945,0.2857142857142857
5f87a5c00b3d17ed,Dennis Siver,21,12,8,3,2,7,5,0,2007-04-21,2017-06-25,10,32.46466714710416,66.0,70.0,145.0,Orthodox,21,20,1,0.6,0.23809523809523808,0.4166666666666667,True,10.17953825198327,4,3.77234721380386,1.1105137395459976,0.34391324368832515,0.353125,0.23809523809523808
6d1bffff14897645,Santiago Ponzinibbio,21,12,9,7,0,5,7,0,2013-11-09,2026-07-25,12,32.97913291136971,72.0,73.0,170.0,Orthodox,21,21,0,0.5714285714285714,0.3333333333333333,0.5833333333333334,True,12.706626419433663,7,5.01904630187355,0.4447278911564626,0.4206770025014781,0.23583333333333334,0.0
3a8176e15b9887c1,Chris Weidman,20,12,8,4,3,5,7,5,2011-03-03,2024-12-07,13,32.414628637138335,74.0,78.0,185.0,Orthodox,20,20,0,0.6,0.35,0.5833333333333334,True,13.766196431138216,9,3.44730252990201,3.5822233139463338,0.4758394634113904,0.5343286099865047,0.55
b4ad3a06ee4d660c,Alistair Overeem,20,12,8,9,0,3,9,1,2011-12-30,2021-02-06,10,36.52326878717564,76.0,80.0,265.0,Orthodox,20,20,0,0.6,0.45,0.75,True,9.106278705243776,4,4.41694667545764,0.8072717679905619,0.7044083762395095,0.3466666666666667,0.15
2f13e4020cea5b38,Raphael Assuncao,19,12,7,2,1,9,3,0,2011-03-19,2023-03-11,12,34.239112226447965,65.0,66.0,135.0,Orthodox,19,19,0,0.631578947368421,0.15789473684210525,0.25,True,11.97834315557472,7,3.3537893791379925,1.456084516123699,0.4310257674066542,0.3993055555555556,0.10526315789473684
47b63240018d5d86,Rose Namajunas,19,12,7,2,3,7,5,7,2014-12-12,2026-01-24,13,27.879674751057607,65.0,65.0,125.0,Orthodox,19,19,0,0.631578947368421,0.2631578947368421,0.4166666666666667,True,11.118640355380329,3,3.8109939697090227,1.4516594537774068,0.4223753149783887,0.5147058823529411,0.3684210526315789
5b5307450405abf0,Rick Story,19,12,7,2,2,8,4,0,2009-06-13,2016-08-20,7,27.871316929667852,69.0,71.0,170.0,Southpaw,19,19,0,0.631578947368421,0.21052631578947367,0.3333333333333333,True,7.187005893344832,6,3.867563721025627,2.9665599714419746,0.42665831092961465,0.5804232804232804,0.7368421052631579
492b202d2064e7a9,Fabricio Werdum,18,12,6,4,4,4,8,3,2007-04-21,2020-07-25,10,36.89968536885311,76.0,77.0,231.0,Orthodox,18,18,0,0.6666666666666666,0.4444444444444444,0.6666666666666666,True,13.26242154185233,6,4.488412303896851,2.108902476990657,0.559699579915691,0.27529761904761907,0.3333333333333333
cb139171ed1b69fe,Kenny Florian,17,12,5,3,7,2,10,4,2005-04-09,2011-10-08,7,31.94493263742179,70.0,74.0,145.0,Southpaw,17,17,0,0.7058823529411765,0.5882352941176471,0.8333333333333334,True,6.497053327583728,6,2.8975334158303934,3.3052634215979797,0.44881182960207866,0.4790907825118351,0.7647058823529411
dc9572dd6ec74859,Colby Covington,17,12,5,3,2,7,5,4,2014-08-23,2024-12-14,11,30.55198218427805,71.0,72.0,170.0,Orthodox,17,17,0,0.7058823529411765,0.29411764705882354,0.4166666666666667,True,10.310957788318719,7,3.414921587062405,4.5049634646058365,0.4706853096354441,0.44150326797385625,0.17647058823529413
efb96bf3e9ada36f,Song Yadong,17,12,4,5,2,5,7,0,2017-11-25,2026-05-30,10,24.063464684421994,68.0,67.0,135.0,Orthodox,17,16,1,0.75,0.4117647058823529,0.5833333333333334,True,8.509414977720281,4,4.354370432003208,0.6911115250705897,0.4159947794905512,0.5220238095238094,0.17647058823529413
b50a426a33da0012,Sean O'Malley,16,12,3,7,0,5,7,4,2017-12-01,2026-06-14,9,27.550702615385667,71.0,72.0,135.0,Switch,16,15,1,0.8,0.4375,0.5833333333333334,True,8.534056140783179,4,5.9758346773852455,0.1875,0.5942759082177262,0.25,0.1875
c268b2cfebccf652,John Lineker,16,12,4,6,1,5,7,0,2012-05-05,2019-04-27,8,25.025325639814643,63.0,67.0,135.0,Orthodox,16,16,0,0.75,0.4375,0.5833333333333334,True,6.976187053806718,6,6.4023380204494895,0.6236799816345271,0.4182667467070703,0.6,0.5
d661ce4da776fc20,Petr Yan,16,12,4,4,0,8,4,5,2018-06-23,2025-12-06,8,28.578615577321916,67.0,67.0,135.0,Switch,16,16,0,0.75,0.25,0.3333333333333333,True,7.455320780029706,7,5.377190380353632,1.8456015696206582,0.555456877263465,0.44169719169719174,0.125
040a74bb0a465c54,Arnold Allen,15,12,3,2,2,8,4,0,2015-06-20,2026-05-16,11,27.052711554652046,68.0,70.0,145.0,Southpaw,15,15,0,0.8,0.26666666666666666,0.3333333333333333,True,10.905083608835225,10,4.445687544595706,1.032258678078935,0.43010342477994884,0.45625,0.26666666666666666
0ff11cc094e887bc,Cain Velasquez,15,12,3,10,0,2,10,6,2008-04-19,2019-02-17,9,29.543476822476393,73.0,77.0,240.0,Orthodox,15,15,0,0.8,0.6666666666666666,0.8333333333333334,True,10.831160119646537,7,8.443324797090577,3.5003252241777245,0.578472054353169,0.46696252465483234,0.2
99bd51917728c25d,Grant Dawson,15,12,2,2,5,5,7,0,2019-03-09,2026-05-09,8,28.612405912966498,70.0,72.0,155.0,Switch,15,14,1,0.8571428571428571,0.4666666666666667,0.5833333333333334,True,7.167840544295913,5,3.0323773480622322,3.3298551881433602,0.5032653658562973,0.4227850580791757,0.9333333333333333
bc711b6dd95c1af6,Mario Bautista,15,12,3,1,4,7,5,0,2019-01-19,2026-07-11,8,29.624883924150847,69.0,69.0,135.0,Switch,15,15,0,0.8,0.3333333333333333,0.4166666666666667,True,7.474486129078626,8,4.84158650934604,3.659137987754476,0.49173286656662163,0.4775793650793651,0.7333333333333333
8d03ce87ca14e778,Francis Ngannou,14,12,2,10,1,1,11,3,2015-12-19,2022-01-22,8,31.7845580089158,76.0,83.0,250.0,Orthodox,14,14,0,0.8571428571428571,0.7857142857142857,0.9166666666666666,True,6.094580997556418,6,6.239433704992324,0.3540584415584416,0.5149501004690455,0.43333333333333335,0.14285714285714285
140745cbbcb023ac,Mauricio Rua,24,11,12,8,0,3,8,3,2007-09-22,2023-01-21,15,32.953562815572305,73.0,76.0,205.0,Orthodox,24,23,1,0.4782608695652174,0.3333333333333333,0.7272727272727273,True,15.332279239135643,3,3.7490319455703904,1.1032600249034712,0.49731036590549177,0.3547619047619047,0.16666666666666666
523fa774700d7d3f,Court McGee,24,11,13,0,3,8,3,1,2010-06-19,2025-06-14,15,32.74536780358255,71.0,75.0,170.0,Orthodox,24,24,0,0.4583333333333333,0.125,0.2727272727272727,True,14.98730295625509,3,4.399400151505042,1.9340616161363462,0.39048468278105775,0.3181844670481034,0.375
57b10fca4f9c9a7a,Alex Oliveira,22,11,10,4,3,4,7,0,2015-03-21,2022-03-05,8,30.17310417051685,71.0,76.0,170.0,Orthodox,22,21,1,0.5238095238095238,0.3181818181818182,0.6363636363636364,True,6.957021704757798,3,3.2285870956522156,2.795489882140824,0.5106242612191472,0.3455659536541889,0.36363636363636365
13a0275fa13c4d26,Jared Cannonier,21,11,10,7,0,4,7,1,2015-01-03,2026-07-18,12,36.603078776429356,71.0,77.0,185.0,Switch,21,21,0,0.5238095238095238,0.3333333333333333,0.6363636363636364,True,11.53754012744957,3,4.283905541095469,0.6714579689888088,0.4934067514961712,0.5456349206349206,0.0
82a5152216251682,Dan Ige,21,11,10,5,1,5,6,0,2018-01-20,2026-02-21,9,30.44148424546379,67.0,71.0,135.0,Orthodox,21,21,0,0.5238095238095238,0.2857142857142857,0.5454545454545454,True,8.08777729864405,6,4.887223168896584,2.0645875555459643,0.47904650670956156,0.3614774114774114,0.047619047619047616
e5c9de15bb58b1c6,Evan Dunham,21,11,9,2,1,8,3,0,2009-02-21,2020-06-06,11,31.887229521677867,70.0,70.0,155.0,Southpaw,21,20,1,0.55,0.14285714285714285,0.2727272727272727,True,11.288390589813616,4,4.814041288723344,1.6403694756588132,0.3911252624216551,0.4008985805860806,0.7142857142857143
5d7bdab5e03e3216,CB Dollaway,20,11,9,2,2,6,4,1,2008-06-21,2018-09-15,10,29.26548799770016,74.0,76.0,185.0,Orthodox,20,20,0,0.55,0.2,0.36363636363636365,True,10.234296392123042,3,2.9736828160539863,3.289822625734228,0.45482805173827795,0.5792857142857142,0.65
792be9a24df82ed6,Brandon Moreno,20,11,7,3,3,5,6,6,2016-10-01,2026-02-28,11,27.44902359391363,67.0,70.0,125.0,Orthodox,20,18,2,0.6111111111111112,0.3,0.5454545454545454,True,9.4101863830195,3,3.6078056053222953,1.7363320908023088,0.46223915777560365,0.46884292178409825,0.45
7d96bc577e5178b2,Gray Maynard,20,11,7,1,0,10,1,2,2007-06-23,2018-10-06,12,32.75139119899792,69.0,70.0,155.0,Orthodox,20,18,2,0.6111111111111112,0.05,0.09090909090909091,True,11.288390589813616,8,3.020285343224006,2.948144953511818,0.3883962208546118,0.572729536258948,0.6
c21a036b4e012f1c,John Makdessi,20,11,9,3,0,8,3,0,2010-12-11,2023-09-09,14,30.869217027043675,68.0,68.0,155.0,Orthodox,20,20,0,0.55,0.15,0.2727272727272727,True,12.744957117531502,3,5.695300062589363,0.0,0.5152003083940351,0.0,0.0
cbb682f5fcc44bfc,Anthony Pettis,20,11,9,3,4,4,7,4,2011-06-04,2020-12-19,10,29.479729220997008,70.0,72.0,155.0,Orthodox,20,20,0,0.55,0.35,0.6363636363636364,True,9.544343826361937,5,3.6090219371504966,0.41181318681318685,0.4989255748553024,0.2708333333333333,0.55
0a1942069c9ad6b6,Jack Hermansson,19,11,8,3,3,5,6,0,2016-09-03,2025-11-22,9,31.976736436462726,73.0,77.0,170.0,Orthodox,19,19,0,0.5789473684210527,0.3157894736842105,0.5454545454545454,True,9.218532892530305,4,5.350294080967432,2.6591707286211563,0.49281815831957737,0.38739495798319323,0.2631578947368421
31ef8b67e13495b3,Tecia Pennington,19,11,8,1,1,9,2,0,2014-12-12,2025-11-08,11,30.181245841353416,61.0,60.0,115.0,Orthodox,19,19,0,0.5789473684210527,0.10526315789473684,0.18181818181818182,True,10.907821515842214,3,4.856995179166046,0.631578947368421,0.48797386992602504,0.2685185185185185,0.05263157894736842
ee9ebceabfd16fa7,Kevin Lee,19,11,8,3,4,4,7,1,2014-02-01,2023-07-01,9,24.89823812081591,69.0,77.0,170.0,Orthodox,19,19,0,0.5789473684210527,0.3684210526315789,0.6363636363636364,True,9.4101863830195,5,3.917322333356261,3.012566911060715,0.4375669412153556,0.49188988095238095,0.5789473684210527
1eacf73d6a0055dc,Cheick Kongo,18,11,6,7,0,4,7,0,2006-07-08,2013-04-27,8,34.167862599657916,76.0,82.0,240.0,Orthodox,18,17,1,0.6470588235294118,0.3888888888888889,0.6363636363636364,True,6.803698912366442,3,3.7167015020303986,2.1055145471012073,0.5842395564511739,0.5576923076923077,0.16666666666666666
78114b7199cef90c,Urijah Faber,18,11,7,1,6,4,7,4,2011-03-19,2019-12-14,7,35.38866491288512,66.0,67.0,135.0,Orthodox,18,18,0,0.6111111111111112,0.3888888888888889,0.6363636363636364,True,8.739399166307317,4,3.6898965226219835,1.5738632784754254,0.463758144337761,0.286604020979021,0.5
8adcbd525fab8d9b,Elizeu Zaleski dos Santos,18,11,6,4,1,6,5,0,2015-05-30,2025-08-02,10,33.5927500222455,71.0,73.0,170.0,Orthodox,18,17,1,0.6470588235294118,0.2777777777777778,0.45454545454545453,True,10.176800344976282,7,4.166565763651379,0.9672760918442971,0.41389364129055733,0.22589285714285715,0.3333333333333333
a495f599e787614f,Alonzo Menifield,18,11,6,5,2,4,7,0,2019-01-19,2026-05-30,8,35.097534134475346,72.0,76.0,205.0,Orthodox,18,17,1,0.6470588235294118,0.3888888888888889,0.6363636363636364,True,7.359494034785109,2,3.9161902018778676,1.1724793203666442,0.5256973361834176,0.3958333333333333,0.1111111111111111
ab943cd2c3c17825,Marcos Rogerio de Lima,18,11,7,6,2,3,8,0,2014-05-31,2024-02-17,11,34.018950879666704,73.0,75.0,253.0,Orthodox,18,18,0,0.6111111111111112,0.4444444444444444,0.7272727272727273,True,9.716831967802213,2,6.415528804916793,0.6892453951277481,0.6146191779863872,0.46238095238095234,0.2222222222222222
e64b96c07d7ce999,Li Jingliang,18,11,7,8,0,3,8,0,2014-05-24,2024-08-17,10,30.521122572294058,72.0,71.0,170.0,Orthodox,18,18,0,0.6111111111111112,0.4444444444444444,0.7272727272727273,True,10.234296392123042,4,4.613008678463066,1.1268179375250393,0.39448857064401677,0.5168650793650794,0.0
f53d4f21d1b5f2dc,Diego Ferreira,18,11,7,5,2,4,7,0,2014-06-28,2026-08-08,11,34.99349366820978,69.0,74.0,155.0,Orthodox,18,18,0,0.6111111111111112,0.3888888888888889,0.6363636363636364,True,12.112500598917158,6,5.6794682969589765,2.3369165980795445,0.436148393521959,0.2810846560846561,0.3333333333333333
3974fa35c917af1d,Ricardo Lamas,17,11,6,4,3,4,7,1,2011-06-26,2020-08-29,10,33.480093201575585,68.0,71.0,145.0,Orthodox,17,17,0,0.6470588235294118,0.4117647058823529,0.6363636363636364,True,9.177464287425478,4,3.640722990073277,1.7915878655265884,0.4883495643368646,0.3561688311688312,0.5882352941176471
4e06913c91da5200,Krzysztof Jotko,17,11,6,1,0,10,1,0,2013-12-06,2022-10-01,10,28.555081656063315,73.0,77.0,185.0,Southpaw,17,17,0,0.6470588235294118,0.058823529411764705,0.09090909090909091,True,8.818798469509982,5,2.989791915547681,1.177792465300727,0.4514820618048517,0.39285714285714285,0.058823529411764705
65f09bacd3957381,Cory Sandhagen,17,11,6,6,1,4,7,2,2018-01-27,2026-07-11,9,29.590332611411675,71.0,70.0,135.0,Switch,17,17,0,0.6470588235294118,0.4117647058823529,0.6363636363636364,True,8.451918930573523,5,5.248362413434759,1.153212931234945,0.46318131283337033,0.3948412698412698,0.23529411764705882
6fd953151d981979,JJ Aldrich,17,11,6,1,0,10,1,0,2016-12-09,2026-04-18,11,28.66427582963615,65.0,67.0,125.0,Southpaw,17,17,0,0.6470588235294118,0.058823529411764705,0.09090909090909091,True,9.35542824287973,3,3.919514828304057,0.7605959414333419,0.47079668357127674,0.2519480519480519,0.0
8b69839f3555a67b,Martin Kampmann,17,11,6,2,5,4,7,0,2006-08-17,2013-08-28,8,27.779931866378863,72.0,72.0,170.0,Orthodox,17,17,0,0.6470588235294118,0.4117647058823529,0.6363636363636364,True,7.030945193946487,4,3.0602493589531488,1.7582935182922392,0.4108354962277378,0.4735930735930736,1.2352941176470589
8f2d9ee27f206f1f,Evan Tanner,17,11,6,5,4,2,9,3,1999-01-08,2008-06-21,9,32.56756490148165,72.0,74.0,185.0,Orthodox,17,17,0,0.6470588235294118,0.5294117647058824,0.8181818181818182,True,9.451254988124328,4,3.287784514695112,2.138124445800412,0.582477945709583,0.5840909090909091,0.8823529411764706
b9437600497350f3,Joaquin Buckley,17,11,6,8,0,3,8,0,2020-08-08,2026-05-09,7,28.769765776081886,70.0,76.0,170.0,Southpaw,17,17,0,0.6470588235294118,0.47058823529411764,0.7272727272727273,True,5.749604714675866,6,3.8781940399073602,1.3212943944294089,0.34410332187848686,0.36634199134199136,0.058823529411764705
e872e9a9a902c045,Katlyn Cerminara,17,11,6,0,0,11,0,1,2016-07-13,2024-03-09,8,31.037558044635126,69.0,68.0,125.0,Orthodox,17,17,0,0.6470588235294118,0.0,0.0,True,7.655187991539867,4,4.506051077536621,0.29411764705882354,0.35528469005270924,0.14166666666666666,0.29411764705882354
7447e9f28508106a,Mackenzie Dern,16,11,5,0,5,6,5,1,2018-03-03,2025-10-25,8,28.852064039644894,64.0,63.0,115.0,Orthodox,16,16,0,0.6875,0.3125,0.45454545454545453,True,7.646974270518902,4,3.4914793651289187,0.8080915178571428,0.4325363237078384,0.1873917748917749,1.0
9e8f6c728eb01124,Justin Gaethje,16,11,5,7,0,4,7,4,2017-07-07,2026-06-14,10,32.719357687016156,71.0,70.0,155.0,Orthodox,16,16,0,0.6875,0.4375,0.6363636363636364,True,8.936528470810488,4,6.639299261551008,0.175,0.581791949027701,0.26666666666666666,0.0
cbf5e6f231b55443,Yair Rodriguez,16,11,4,4,1,6,5,3,2014-11-15,2025-04-12,11,26.7502070542174,71.0,71.0,145.0,Orthodox,16,15,1,0.7333333333333333,0.3125,0.45454545454545453,True,10.406784533563318,6,4.978241401562058,0.7086206896551724,0.5162380976454657,0.4255555555555556,0.5625
b9f28e7045fdfce7,Raoni Barcelos,15,11,4,2,2,7,4,0,2018-07-14,2026-04-25,9,35.16202705508441,67.0,67.0,135.0,Orthodox,15,15,0,0.7333333333333333,0.26666666666666666,0.36363636363636365,True,7.781131713861338,5,4.602526790567316,2.377718679811238,0.5263760925245884,0.33677334570191714,0.6
d967f0128c323de6,Daniel Cormier,15,11,3,3,4,4,7,10,2013-04-20,2020-08-15,8,37.373160753928325,71.0,72.0,235.0,Orthodox,15,14,1,0.7857142857142857,0.4666666666666667,0.6363636363636364,True,7.3211633366872695,4,4.870354001042667,1.9802237419469881,0.5775645987785155,0.4846153846153846,0.5333333333333333
2676b28836a5a836,Benson Henderson,14,11,3,0,2,9,2,5,2011-04-30,2015-11-28,5,29.604010642635664,69.0,70.0,170.0,Southpaw,14,14,0,0.7857142857142857,0.14285714285714285,0.18181818181818182,True,4.580518422691773,7,3.313754579450761,1.778193901952149,0.47027072714757895,0.42040816326530617,0.7142857142857143
329e403448756217,Nathaniel Wood,14,11,3,0,3,8,3,0,2018-06-01,2026-03-21,8,28.973705336669667,66.0,69.0,145.0,Orthodox,14,14,0,0.7857142857142857,0.21428571428571427,0.2727272727272727,True,7.803034969917246,4,5.5066311679394015,1.3883125686845,0.52175277001402,0.5221861471861472,0.42857142857142855
787bb1f087ccff8a,Ciryl Gane,14,11,2,5,2,4,7,5,2019-08-10,2026-06-14,8,32.10489312873345,76.0,81.0,247.0,Orthodox,14,13,1,0.8461538461538461,0.5,0.6363636363636364,True,6.8447675174712685,7,5.842387281935276,0.48910029022895835,0.6554243181740382,0.19761904761904764,0.5
d156513a19acf856,Sam Alvey,24,10,13,5,1,4,6,0,2014-08-16,2022-08-06,9,31.76428445941167,74.0,75.0,185.0,Southpaw,24,23,1,0.43478260869565216,0.25,0.6,True,7.972785204350534,4,3.3290597580182584,0.14258555133079845,0.45646854660932584,0.16666666666666666,0.041666666666666664
6bd02119599741a4,Pedro Munhoz,22,10,10,3,3,4,6,0,2014-02-22,2024-11-02,11,32.67393332076385,66.0,65.0,135.0,Orthodox,22,20,2,0.5,0.2727272727272727,0.6,True,10.69426476929711,4,5.604092096858693,1.0368042324442024,0.4697291631329922,0.19499999999999998,0.36363636363636365
c96d9178c9ed9e62,Tim Elliott,22,10,12,0,3,7,3,1,2012-05-05,2026-05-02,13,32.15509994293953,67.0,66.0,125.0,Southpaw,22,22,0,0.45454545454545453,0.13636363636363635,0.3,True,13.990704805711275,2,3.550294731066815,3.7965853340365148,0.47898386252813585,0.5219931583567947,0.8636363636363636
5f04e3d58d9ce982,Yves Edwards,21,10,10,5,2,3,7,0,2001-09-28,2014-11-22,10,31.74172932073505,69.0,73.0,155.0,Southpaw,21,20,1,0.5,0.3333333333333333,0.7,True,13.150167354565802,6,3.202403261051413,0.48867516641608283,0.46858076316778774,0.48148148148148145,0.47619047619047616
9fa3bd637edd9aa2,Patrick Cote,21,10,11,4,0,5,4,2,2004-10-22,2017-04-08,12,30.895716055575598,71.0,75.0,170.0,Orthodox,21,21,0,0.47619047619047616,0.19047619047619047,0.4,True,12.460214788804699,4,3.3723606923527027,0.5506836397925506,0.4592883248778466,0.19047619047619047,0.19047619047619047
d81ac739417d7f53,Jake Ellenberger,21,10,11,6,1,3,7,0,2009-09-16,2018-08-25,10,28.686876983556587,69.0,71.0,170.0,Orthodox,21,21,0,0.47619047619047616,0.3333333333333333,0.7,True,8.939266377817477,6,3.385915780532568,1.7200559556510702,0.4374746698711196,0.5045918367346939,0.19047619047619047
282fa667ff9c51ed,Cole Miller,20,10,9,1,7,2,8,0,2007-06-23,2016-12-17,10,27.588109269868646,73.0,73.0,145.0,Orthodox,20,19,1,0.5263157894736842,0.4,0.8,True,9.486847779215179,2,3.332572537943342,0.5818027871503844,0.3263433571300709,0.34500000000000003,1.2
91acd6910b802a9e,Chris Lytle,20,10,10,1,6,3,7,1,2000-11-17,2011-08-14,10,32.9717927130605,71.0,68.0,170.0,Orthodox,20,20,0,0.5,0.35,0.7,True,10.738071281408926,4,4.2909597774113095,0.9323436603557085,0.4444405426476098,0.5333333333333333,1.55
cad24459b28592ca,Eryk Anders,20,10,9,5,0,5,5,0,2017-07-22,2026-03-14,10,33.851208443705204,73.0,75.0,185.0,Southpaw,20,19,1,0.5263157894736842,0.25,0.5,True,8.643572421062718,2,4.083133818682407,2.125892551352488,0.4955045526959151,0.2538049913049913,0.05
0d65c432720accb9,Michal Oleksiejczuk,19,10,8,8,0,2,8,0,2017-12-30,2026-06-27,9,27.52965495526944,72.0,74.0,185.0,Southpaw,19,18,1,0.5555555555555556,0.42105263157894735,0.8,True,8.490249628671362,3,6.301244223001943,0.553453947368421,0.5150240752824934,0.4183673469387755,0.0
65578a75fa7900e3,Uriah Hall,19,10,9,8,0,2,8,1,2013-04-13,2022-07-02,10,32.671876615500224,72.0,79.0,185.0,Orthodox,19,19,0,0.5263157894736842,0.42105263157894735,0.8,True,9.218532892530305,4,3.2498877940373534,0.6274238227146816,0.5032159655140561,0.4642857142857143,0.10526315789473684
f5990c11974d8e9c,Mike Pyle,19,10,9,5,2,3,7,0,2009-05-23,2018-03-03,9,37.42228937299408,72.0,74.0,170.0,Orthodox,19,19,0,0.5263157894736842,0.3684210526315789,0.7,True,8.777729864405154,4,2.399402305431681,1.2890922571517152,0.37938354787962486,0.3801282051282051,0.7368421052631579
262a7d06203657e6,Alexander Hernandez,18,10,8,5,0,5,5,0,2018-03-03,2026-04-25,9,29.653814474858027,69.0,72.0,155.0,Orthodox,18,18,0,0.5555555555555556,0.2777777777777778,0.5,True,8.14527334579081,4,5.790900837122091,0.8853697665993894,0.4328131526285919,0.17777777777777778,0.05555555555555555
2f95a3c6d58b2aad,Iuri Alcantara,18,10,7,3,2,5,5,0,2011-08-27,2018-08-25,8,34.537023727766865,69.0,71.0,135.0,Southpaw,18,17,1,0.5882352941176471,0.2777777777777778,0.5,True,6.995352402855637,3,5.053822049223776,1.8067886079189621,0.4713208242071291,0.6515151515151515,0.5555555555555556
3c6976f8182d9527,Alexander Gustafsson,18,10,8,5,2,3,7,3,2009-11-14,2022-07-23,13,27.696210964861244,77.0,79.0,205.0,Orthodox,18,18,0,0.5555555555555556,0.3888888888888889,0.7,True,12.687461070384744,6,3.9841282537603258,1.3009608456900752,0.41684278249037554,0.44556277056277055,0.2777777777777778
749f572d1d3161fb,Khalil Rountree Jr.,18,10,7,7,0,3,7,2,2016-07-08,2025-10-04,9,30.61010455002118,73.0,76.0,205.0,Southpaw,18,17,1,0.5882352941176471,0.3888888888888889,0.7,True,9.240436148586213,5,3.800594711568761,0.0,0.464479411645716,,0.05555555555555555
8a59d346dc976a10,Thiago Tavares,18,10,7,1,5,4,6,0,2007-04-05,2016-07-08,10,26.347791763919403,67.0,70.0,145.0,Orthodox,18,17,1,0.5882352941176471,0.3333333333333333,0.6,True,9.259601497635133,2,2.06599122913198,4.104424524984213,0.43067823321064597,0.5595689033189033,0.8888888888888888
d8c7c61b176e3994,Cody Garbrandt,18,10,8,6,0,4,6,3,2015-01-03,2026-07-11,11,28.80080433623628,68.0,65.0,135.0,Orthodox,18,18,0,0.5555555555555556,0.3333333333333333,0.6,True,11.518374778400652,6,3.9051612915820115,0.46729088639201,0.4324471803622819,0.205,0.0
e4277e87a789d687,Dustin Jacoby,18,10,7,7,0,3,7,0,2011-10-29,2026-07-25,9,33.77451662632056,75.0,76.0,205.0,Orthodox,18,17,1,0.5882352941176471,0.3888888888888889,0.7,True,14.738153418619136,4,5.848069099890317,0.16666666666666666,0.4654487779077786,0.2,0.0
eb29176b03dfa888,Matt Wiman,18,10,8,2,3,5,5,0,2006-05-27,2020-12-05,11,28.06658894052886,70.0,68.0,155.0,Orthodox,18,18,0,0.5555555555555556,0.2777777777777778,0.5,True,14.527334579081021,4,3.056371383489041,2.1653049725178053,0.48346059433392735,0.43417980828695113,1.0
5987b2458f4b5290,Ricky Simon,17,10,6,2,3,5,5,0,2018-04-21,2026-03-28,9,29.513832268569352,66.0,69.0,135.0,Orthodox,17,16,1,0.625,0.29411764705882354,0.5,True,7.9344545062526946,5,3.091486486730009,3.8562514488680324,0.4557930406102866,0.38468527999778,0.23529411764705882
6f242453c91a5af0,Dennis Bermudez,17,10,7,1,2,7,3,1,2011-12-03,2019-01-19,9,28.31479005286174,66.0,66.0,155.0,Orthodox,17,17,0,0.5882352941176471,0.17647058823529413,0.3,True,7.129509846198074,7,4.481877327180831,3.4364963533922137,0.4621124000694453,0.4016127663186487,0.8235294117647058
99506df1af6c8b3b,John Dodson,17,10,7,6,0,4,6,3,2011-12-03,2020-08-15,10,31.402021783271305,63.0,66.0,135.0,Orthodox,17,17,0,0.5882352941176471,0.35294117647058826,0.6,True,8.701068468209478,3,4.701136406119581,0.6294117647058823,0.42625954745803196,0.2916666666666667,0.0
fba03cd6cc28dc41,Josh Emmett,17,10,7,4,0,6,4,1,2016-05-08,2026-03-14,10,35.76399080546406,66.0,70.0,145.0,Orthodox,17,17,0,0.5882352941176471,0.23529411764705882,0.4,True,9.848251504137663,5,3.2523289466454983,0.8241186993580975,0.3499342853241008,0.278030303030303,0.058823529411764705
056c493bbd76a918,Henry Cejudo,16,10,6,4,0,6,4,6,2014-12-13,2025-12-06,10,32.0365921271484,64.0,64.0,135.0,Orthodox,16,16,0,0.625,0.25,0.4,True,10.981745005030904,6,5.750131191968567,1.9986889411220514,0.4897775789413295,0.3811183261183261,0.125
595db60957de51d3,Michel Pereira,16,10,6,2,3,5,5,0,2019-05-18,2026-06-27,8,29.206622997049905,73.0,73.0,185.0,Orthodox,16,16,0,0.625,0.3125,0.5,True,7.110344497149154,8,4.82956275622443,0.831578725392232,0.51757198162138,0.5722222222222223,0.4375
a67f5afa8d6a1b80,Ryan Spann,16,10,6,4,4,2,8,0,2018-09-22,2026-04-25,9,30.85980547170715,77.0,79.0,264.0,Orthodox,16,16,0,0.625,0.5,0.8,True,7.589478223372143,4,3.8160071421013764,1.9663585632122116,0.4288357732889818,0.329004329004329,0.625
d910665038efc639,Carla Esparza,16,10,6,1,1,8,2,4,2014-12-12,2024-10-05,10,31.44691540551825,61.0,63.0,115.0,Orthodox,16,16,0,0.625,0.125,0.2,True,9.8153966200538,6,2.201592267289441,3.405615917260013,0.43245864907933723,0.40378920507596977,0.25
fd55393021a8c255,Gunnar Nelson,16,10,6,0,8,2,8,0,2012-09-29,2025-03-22,11,28.956275625098392,71.0,72.0,170.0,Switch,16,16,0,0.625,0.5,0.8,True,12.476642230846629,4,2.007804231418834,2.1349368964521713,0.669966331371121,0.6571428571428571,0.6875
2e19380f34871c6a,Dominick Reyes,15,10,5,6,1,3,7,2,2017-06-25,2026-04-11,9,31.564782302169103,76.0,77.0,205.0,Southpaw,15,15,0,0.6666666666666666,0.4666666666666667,0.7,True,8.794157306447087,6,6.555390543146312,0.37942075739701947,0.541661822166826,0.4,0.13333333333333333
3d6749c4267da18f,Joanna Jedrzejczyk,15,10,5,2,0,8,2,10,2014-07-26,2022-06-11,8,29.893381337969522,66.0,65.0,115.0,Orthodox,15,15,0,0.6666666666666666,0.13333333333333333,0.2,True,7.8769584591059365,8,5.790070932338852,0.2,0.4454011043120238,0.7000000000000001,0.06666666666666667
45f0cc9d18f35137,Chris Gutierrez,15,10,4,3,0,7,3,0,2018-11-30,2025-10-04,8,30.9233819539986,69.0,67.0,135.0,Orthodox,15,14,1,0.7142857142857143,0.2,0.3,True,6.8447675174712685,4,4.517720435177,0.26666666666666666,0.5667225220359102,0.4375,0.06666666666666667
5e4eec08896c9423,Corey Anderson,15,10,5,3,0,7,3,1,2014-07-06,2020-02-15,7,27.38253808542726,75.0,79.0,205.0,Orthodox,15,15,0,0.6666666666666666,0.2,0.3,True,5.612709364326441,4,5.906512972651109,6.1812470933150765,0.47882131267284744,0.4914256795835743,0.0
8a1f3b5c526cd6e6,Daniel Rodriguez,15,10,5,3,1,6,4,0,2020-02-15,2026-08-01,7,35.81291881421247,73.0,74.0,170.0,Southpaw,15,15,0,0.6666666666666666,0.26666666666666666,0.4,True,6.458722629485889,4,6.695612051563771,0.13333333333333333,0.4689587974172605,0.3333333333333333,0.06666666666666667
98b80a717b9bda17,Matt Hamill,15,10,5,5,0,4,5,0,2006-06-24,2013-10-09,8,32.83298082780618,73.0,76.0,205.0,Orthodox,15,15,0,0.6666666666666666,0.3333333333333333,0.5,True,7.293784266617384,5,3.992607338012512,2.3954743625897503,0.42428394564725674,0.4635384456813028,0.0
9fe85152f351e737,Mike Swick,15,10,5,5,2,3,7,0,2005-04-09,2015-07-11,8,29.426111875443485,73.0,77.0,170.0,Orthodox,15,15,0,0.6666666666666666,0.4666666666666667,0.7,True,10.25346174117196,5,5.393776805637246,0.7500075988171898,0.4279205797597385,0.6326530612244898,0.3333333333333333
b7b84ccd221be298,Nasrat Haqparast,15,10,5,2,0,8,2,0,2017-10-21,2025-10-25,9,26.109228800043805,70.0,72.0,155.0,Southpaw,15,15,0,0.6666666666666666,0.13333333333333333,0.2,True,8.011115902448374,5,6.2698290598290605,0.26666666666666666,0.4886069907436361,0.23333333333333334,0.0
b9706f80d005036c,Ketlen Vieira,15,10,5,0,1,9,1,0,2016-10-01,2026-05-16,11,30.015126936213612,68.0,68.0,135.0,Orthodox,15,15,0,0.6666666666666666,0.06666666666666667,0.1,True,9.621005222557615,4,2.640771803176016,1.3479136690647482,0.42279395557034694,0.4612103174603175,0.5333333333333333
f2477cf43c4975cc,Jonathan Martinez,15,10,5,4,0,6,4,0,2018-10-27,2024-11-16,7,27.398052891800198,68.0,70.0,135.0,Southpaw,15,15,0,0.6666666666666666,0.26666666666666666,0.4,True,6.056250299458579,6,4.525580747988467,0.35799086757990867,0.511041385448939,0.375,0.06666666666666667
f4c49976c75c5ab2,Conor McGregor,15,10,5,8,0,2,8,4,2013-04-06,2026-07-11,8,28.818844101293433,69.0,74.0,155.0,Southpaw,15,15,0,0.6666666666666666,0.5333333333333333,0.8,True,13.26242154185233,7,8.43664177081491,0.5115646258503401,0.4930438540119436,0.36,0.06666666666666667
fcffee71cff5530e,Forrest Griffin,15,10,5,1,2,7,3,3,2005-04-09,2012-07-07,7,29.052113778288852,75.0,77.0,205.0,Orthodox,15,15,0,0.6666666666666666,0.2,0.3,True,7.244501940491591,3,4.261532101422409,1.037042495701302,0.3625871177219066,0.3670634920634921,0.5333333333333333
4ba8d454f762005d,Zak Cummings,14,10,4,2,4,4,6,0,2013-08-28,2023-04-15,9,32.95031969953426,72.0,75.0,205.0,Southpaw,14,14,0,0.7142857142857143,0.42857142857142855,0.6,True,9.62921894357858,2,4.190015757859015,0.853557639271925,0.35599981387505913,0.31428571428571433,0.5
e51fcd9cd84c0b93,Michel Prazeres,14,10,4,0,3,7,3,0,2013-05-18,2021-06-26,8,35.327409675958926,66.0,67.0,170.0,Orthodox,14,14,0,0.7142857142857143,0.21428571428571427,0.3,True,8.106942647692971,8,4.060590262713778,5.3865000904904425,0.4993176964610707,0.4200626754198183,0.5
1ebe20ebbfa15e29,Zhang Weili,13,10,3,2,2,6,4,9,2018-08-04,2025-11-15,8,32.22011087470337,64.0,63.0,115.0,Switch,13,13,0,0.7692307692307693,0.3076923076923077,0.4,True,7.28283263858943,5,8.289767532773018,1.8845526080254587,0.5702307865972618,0.40200216450216447,0.46153846153846156
6a740daf1b279661,Maycee Barber,13,10,3,4,0,6,4,0,2018-11-10,2026-03-28,9,23.813893930323424,65.0,65.0,125.0,Switch,13,13,0,0.7692307692307693,0.3076923076923077,0.4,True,7.3786593838340275,7,4.994954215126351,1.241366709300201,0.5143088380595452,0.4770833333333333,0.07692307692307693
7cbf7c78d3b34218,Drakkar Klose,13,10,3,2,0,8,2,0,2017-01-15,2025-08-16,8,32.84877644515419,69.0,70.0,155.0,Orthodox,13,13,0,0.7692307692307693,0.15384615384615385,0.2,True,8.583338466908971,4,4.3088573722237085,1.7509652509652511,0.5835299111249879,0.3742424242424242,0.0
9b7694d064a8a0ad,Rustam Khabilov,13,10,3,2,0,8,2,0,2012-12-15,2019-11-09,8,29.404489430362652,68.0,73.0,155.0,Orthodox,13,13,0,0.7692307692307693,0.15384615384615385,0.2,True,6.899525657611039,6,2.184759924190468,5.983628680781399,0.3612170903878468,0.43828671328671326,0.07692307692307693
d1c65d2cf2925ddd,Gregory Rodrigues,13,10,3,7,0,3,7,0,2021-06-05,2026-03-07,6,31.60997882860755,75.0,75.0,185.0,Orthodox,13,13,0,0.7692307692307693,0.5384615384615384,0.7,True,4.75300656413205,3,5.698533921018688,2.035588668825649,0.5349155528988019,0.36296296296296293,0.23076923076923078
d9c6f19f958643e9,Bryce Mitchell,13,10,3,1,2,7,3,0,2018-07-06,2026-06-06,8,27.847673384542723,70.0,70.0,135.0,Southpaw,13,13,0,0.7692307692307693,0.23076923076923078,0.3,True,7.918027064210764,6,2.1415946826401018,2.83268008514661,0.5758431201619613,0.5073056573056572,1.0
e5549c82bfb5582d,Alex Pereira,13,10,3,8,0,2,8,9,2021-11-06,2026-06-14,6,36.41353136825323,76.0,79.0,205.0,Orthodox,13,13,0,0.7692307692307693,0.6153846153846154,0.8,True,4.602421678747681,5,6.477013699531742,0.052407849531240905,0.6221254221335747,0.5,0.15384615384615385
fc08099550072fe4,Waldo Cortes Acosta,13,10,3,5,0,5,5,0,2022-10-29,2026-05-09,5,32.97724746625135,76.0,78.0,260.0,Orthodox,13,13,0,0.7692307692307693,0.38461538461538464,0.5,True,3.5264242250011977,5,5.244678814984736,0.37091248832139523,0.5000290651640462,0.35,0.07692307692307693
eae48ff31db420c2,Arman Tsarukyan,12,10,2,4,1,5,5,0,2019-04-20,2025-11-22,7,25.500637704173712,67.0,72.0,155.0,Orthodox,12,12,0,0.8333333333333334,0.4166666666666667,0.5,True,6.5928800728283266,5,4.709267020219946,2.990878498110229,0.5341623818888989,0.4142561983471074,0.08333333333333333
0d7b51c9d2649a6e,Dricus Du Plessis,11,10,1,4,2,4,6,4,2020-10-10,2026-07-18,7,29.634109841095608,73.0,76.0,185.0,Switch,11,11,0,0.9090909090909091,0.5454545454545454,0.6,True,5.768770063724785,9,5.7653391316039295,2.10184064171326,0.5053784450462846,0.5489898989898989,0.6363636363636364
17e97649403ba428,Joshua Van,11,10,1,4,0,6,4,2,2023-06-24,2026-05-09,4,23.128593891853917,65.0,65.0,125.0,Orthodox,11,11,0,0.9090909090909091,0.36363636363636365,0.4,True,2.874802357337933,7,8.14748571690531,0.7931263151884399,0.5670842325373138,0.6666666666666666,0.18181818181818182
442c9011034ae1fd,Ian Machado Garry,11,10,1,3,0,7,3,0,2021-11-06,2025-11-22,5,25.89910688228929,75.0,74.0,170.0,Orthodox,11,11,0,0.9090909090909091,0.2727272727272727,0.3,True,4.043888649322025,8,5.112293105682988,0.7272727272727273,0.539000705090838,0.43508771929824563,0.36363636363636365
9014c02eff8b3d62,Carlos Ulberg,11,10,1,6,1,3,7,1,2021-03-06,2026-04-11,6,32.98481021637554,76.0,77.0,205.0,Orthodox,11,11,0,0.9090909090909091,0.6363636363636364,0.7,True,5.097982847012601,10,9.583971085632705,0.27385213211984866,0.605457024349233,0.5,0.09090909090909091
76e2870ffafbe38f,Movsar Evloev,10,10,0,0,0,10,0,0,2019-04-20,2026-03-21,7,28.202632497587217,67.0,72.0,145.0,Orthodox,10,10,0,1.0,0.0,0.0,True,6.918691006659959,10,3.9373333333333336,4.74,0.482565742370903,0.6107211416034946,0.2
cd13728ae1151f46,Ion Cutelaba,21,9,11,4,2,3,6,0,2016-06-18,2026-06-20,11,27.598102630444156,73.0,75.0,205.0,Southpaw,21,20,1,0.45,0.2857142857142857,0.6666666666666666,True,10.004312203536006,2,6.314048895462044,5.0734806137307675,0.4904969686708635,0.5007362155388471,0.14285714285714285
eabf206b162b3b83,Paul Craig,21,9,10,3,6,0,9,0,2016-12-17,2025-09-06,10,33.31680810889829,75.0,76.0,205.0,Orthodox,21,19,2,0.47368421052631576,0.42857142857142855,1.0,True,8.720233817258396,4,2.90114354273688,1.315584980683906,0.5047078423813196,0.279265873015873,0.7142857142857143
501b07aec9b8fc2d,Sam Stout,20,9,11,1,0,8,1,0,2006-03-04,2015-08-23,10,26.701438085655422,69.0,70.0,155.0,Orthodox,20,20,0,0.45,0.05,0.1111111111111111,True,9.470420337173248,2,4.131686740252228,0.5014656144306652,0.28639542996700634,0.3833333333333333,0.1
3f7c14c7eca7195d,Roy Nelson,19,9,10,8,0,1,8,1,2009-12-05,2017-04-15,9,37.14187005533094,72.0,73.0,263.0,Orthodox,19,19,0,0.47368421052631576,0.42105263157894735,0.8888888888888888,True,7.359494034785109,3,3.111799197102233,0.993878718535469,0.3917970264597188,0.22243589743589742,0.05263157894736842
484acc7b0f856ce9,Ben Saunders,19,9,10,3,3,3,6,0,2007-12-08,2019-12-14,10,31.177988092266027,74.0,77.0,170.0,Orthodox,19,19,0,0.47368421052631576,0.3157894736842105,0.6666666666666666,True,12.01667385367256,3,4.596815264757142,0.23238661493305454,0.5422407830284323,0.5,0.6842105263157895
6c2030e0a143a94b,Chris Camozzi,19,9,10,2,1,6,3,0,2010-06-19,2017-05-28,8,27.090869332307335,74.0,75.0,185.0,Orthodox,19,19,0,0.47368421052631576,0.15789473684210525,0.3333333333333333,True,6.940594262715867,4,4.477207756051471,0.21052631578947367,0.49564138754500453,0.175,0.3684210526315789
a331233f597090a5,Bryan Barberena,19,9,10,4,1,4,5,0,2014-12-13,2024-03-16,11,30.38644476650877,72.0,72.0,185.0,Southpaw,19,19,0,0.47368421052631576,0.2631578947368421,0.5555555555555556,True,9.256863590628145,3,5.3719121151732905,0.1500974658869396,0.4837900600238486,0.19047619047619047,0.21052631578947367
d7c3816669784109,Karolina Kowalkiewicz,19,9,10,0,1,8,1,1,2015-12-19,2025-10-11,11,34.51578493452259,63.0,64.0,115.0,Orthodox,19,19,0,0.47368421052631576,0.05263157894736842,0.1111111111111111,True,9.812658713046812,4,5.7989576613095215,0.4457167023076186,0.43879876632598797,0.24305555555555555,0.15789473684210525
f9f07bb5a43535ed,Carlos Condit,19,9,10,5,0,4,5,3,2009-04-01,2021-07-10,12,30.65058074249876,74.0,75.0,170.0,Orthodox,19,19,0,0.47368421052631576,0.2631578947368421,0.5555555555555556,True,12.274037112329479,5,3.601956452120804,0.5689929047972043,0.376040478315578,0.4270833333333333,0.5789473684210527
1ccf4e7caff270df,Dan Henderson,18,9,9,4,0,5,4,4,1998-05-15,2016-10-08,9,40.48543091233906,71.0,74.0,185.0,Orthodox,18,18,0,0.5,0.2222222222222222,0.4444444444444444,True,18.401472993969758,4,3.508030194788601,0.7511261261261262,0.5030846391129632,0.4208333333333333,0.2777777777777778
7026eca45f65377b,Jared Gordon,18,9,8,3,0,6,3,0,2017-06-25,2026-05-09,10,33.10509836311187,69.0,68.0,155.0,Orthodox,18,17,1,0.5294117647058824,0.16666666666666666,0.3333333333333333,True,8.870818702642765,3,5.226628532452969,2.050278660147372,0.5286552801683334,0.4128401360544217,0.0
7acbb0972e75281a,Marvin Vettori,18,9,8,0,2,7,2,1,2016-08-20,2025-12-06,9,27.315793996834675,72.0,74.0,185.0,Southpaw,18,17,1,0.5294117647058824,0.1111111111111111,0.2222222222222222,True,9.295194288725984,5,4.888595859153576,1.6409569102176105,0.46348807201210807,0.45081032412965183,0.4444444444444444
902ec2cc48c8ae8a,Julian Erosa,18,9,9,2,4,3,6,0,2015-12-11,2026-03-28,11,32.144245109603744,73.0,74.0,145.0,Southpaw,18,18,0,0.5,0.3333333333333333,0.6666666666666666,True,10.294530346276789,3,6.508393243207697,1.2034675928962628,0.4916463710524775,0.5333333333333333,0.3888888888888889
0dba4df5f34d5ff0,Rafael Natal,17,9,7,1,1,7,2,0,2010-09-15,2017-07-22,8,31.027733790080642,72.0,77.0,185.0,Orthodox,17,16,1,0.5625,0.11764705882352941,0.2222222222222222,True,6.850243331485246,4,3.2098963224111556,2.256366389318139,0.48111305504186175,0.25882026470261765,0.4117647058823529
12f91bfa8f1f723b,Joanne Wood,17,9,8,1,1,7,2,0,2014-12-12,2024-03-09,11,33.310665073849,66.0,65.0,125.0,Orthodox,17,17,0,0.5294117647058824,0.11764705882352941,0.2222222222222222,True,9.240436148586213,2,6.670175948596956,1.2870444894515156,0.5345268490408167,0.6166666666666667,0.23529411764705882
2c99576fefe53c7c,Renan Barao,17,9,8,2,3,4,5,6,2011-05-28,2019-11-16,9,28.23200862923867,66.0,70.0,145.0,Orthodox,17,17,0,0.5294117647058824,0.29411764705882354,0.5555555555555556,True,8.471084279622442,7,4.381626972060163,1.3721818387451208,0.3908527906642816,0.3723544973544974,0.29411764705882354
3236bf606fe9fa5b,Travis Browne,17,9,7,7,1,1,8,0,2010-06-19,2017-07-08,8,31.511377010197492,78.0,79.0,255.0,Orthodox,17,16,1,0.5625,0.47058823529411764,0.8888888888888888,True,7.052848450002395,3,3.7806350409492673,1.2686513351423776,0.4691482861241863,0.6481481481481481,0.11764705882352941
98c23cb6da5b3352,Aleksei Oleinik,17,9,8,1,7,1,8,0,2014-06-28,2022-10-01,8,41.524386094814524,74.0,80.0,240.0,Orthodox,17,17,0,0.5294117647058824,0.47058823529411764,0.8888888888888888,True,8.260265440084327,2,3.510277529105603,1.619581654550008,0.44459088926410956,0.4746031746031746,0.8823529411764706
bd58d34e39b7b12a,Ben Rothwell,17,9,8,4,3,2,7,0,2009-10-24,2021-11-13,11,34.47347028505236,76.0,78.0,265.0,Orthodox,17,17,0,0.5294117647058824,0.4117647058823529,0.7777777777777778,True,12.055004551770399,4,4.252783446388342,0.5945722551315608,0.4327907295970263,0.3129251700680272,0.35294117647058826
f1d64ae34e088832,Charles Jourdain,17,9,7,2,4,3,6,0,2019-05-18,2026-04-18,8,26.769644180800103,69.0,69.0,135.0,Switch,17,16,1,0.5625,0.35294117647058826,0.6666666666666666,True,6.918691006659959,3,5.129090886864109,0.5334154604250076,0.5224170445216711,0.14732142857142858,0.47058823529411764
f34312c2ccfa0e00,Spencer Fisher,17,9,8,3,2,4,5,0,2005-10-03,2012-06-22,8,32.27235410478695,67.0,68.0,155.0,Southpaw,17,17,0,0.5294117647058824,0.29411764705882354,0.5555555555555556,True,6.718823795149798,3,3.084177523638356,0.5613964282110786,0.4616971887542241,0.31234567901234567,0.5882352941176471
0845c81e37d3bcb3,Volkan Oezdemir,16,9,7,5,1,3,6,1,2017-02-04,2025-11-22,9,31.18236514096799,74.0,75.0,205.0,Orthodox,16,16,0,0.5625,0.375,0.6666666666666666,True,8.796895213454075,3,7.028907109882583,0.5013476159332911,0.5027913156296238,0.40476190476190477,0.0625
113df4fde64735c6,Davey Grant,16,9,7,3,1,5,4,1,2013-11-30,2026-04-25,11,35.41636720808778,68.0,69.0,135.0,Orthodox,16,16,0,0.5625,0.25,0.4444444444444444,True,12.39998083465095,3,5.283789964608959,0.7933911133476593,0.4652955032778709,0.2388888888888889,0.125
3df5493bb279226f,Amanda Lemos,16,9,7,3,2,4,5,1,2017-07-16,2026-08-08,9,35.52109215110509,64.0,65.0,115.0,Southpaw,16,16,0,0.5625,0.3125,0.5555555555555556,True,9.06247219313196,5,3.758256605671047,0.9571731026768144,0.5380536369748993,0.6777777777777777,0.5
7a703c565ccaa18f,Jacare Souza,16,9,7,4,4,1,8,0,2013-05-18,2021-05-15,9,37.23433746072815,73.0,72.0,185.0,Orthodox,16,16,0,0.5625,0.5,0.8888888888888888,True,7.9919505533994535,5,3.2496423639422227,3.0098599211355133,0.5401472472454811,0.32137566137566137,0.5
b102c26727306ab6,Jussier Formiga,16,9,7,0,3,6,3,0,2012-10-05,2020-06-06,9,31.45530024572715,65.0,67.0,125.0,Orthodox,16,16,0,0.5625,0.1875,0.3333333333333333,True,7.66887752657481,4,1.6820732080927356,1.827490156966597,0.3948399914715841,0.38055555555555554,0.4375
e9a3aeb207578eea,Ilir Latifi,16,9,7,3,2,4,5,0,2013-04-06,2023-05-20,11,35.13487614393177,70.0,73.0,230.0,Orthodox,16,16,0,0.5625,0.3125,0.5555555555555556,True,10.119304297829524,3,2.809206823133297,1.975490703430359,0.4878872494658234,0.45535714285714285,0.1875
effd9de9937996f8,Tyron Woodley,16,9,6,5,1,3,6,6,2013-02-02,2021-03-27,9,34.43636761877383,69.0,74.0,170.0,Orthodox,16,15,1,0.6,0.375,0.6666666666666666,True,8.14527334579081,3,4.834632431882323,0.5207653859041662,0.5341858295351105,0.3888888888888889,0.1875
16690d100f995f8f,Omari Akhmedov,15,9,5,2,1,6,3,0,2013-11-09,2021-07-10,8,29.88918321389214,72.0,73.0,185.0,Orthodox,15,14,1,0.6428571428571429,0.2,0.3333333333333333,True,7.666139619567821,3,2.9709014224960546,2.494797930377044,0.38316490794194813,0.453052503052503,0.2
179f1948dc234f1f,Mark Munoz,15,9,6,4,0,5,4,0,2009-03-07,2015-05-16,7,33.881416684348984,72.0,71.0,185.0,Orthodox,15,15,0,0.6,0.26666666666666666,0.4444444444444444,True,6.190407742801016,4,2.7889274016638836,2.4276595744680853,0.39208829689820207,0.30458002645502646,0.3333333333333333
2cd428e9606856fd,Jairzinho Rozenstruik,15,9,6,8,0,1,8,0,2019-02-02,2025-02-01,7,33.54100357981341,74.0,78.0,242.0,Orthodox,15,15,0,0.6,0.5333333333333333,0.8888888888888888,True,5.99875425231182,4,7.817030568547546,0.0,0.522723473065994,0.0,0.0
4130a743d9d22163,Alan Belcher,15,9,6,5,3,1,8,0,2006-08-26,2013-04-27,8,25.175237456393127,74.0,75.0,185.0,Orthodox,15,15,0,0.6,0.5333333333333333,0.8888888888888888,True,6.669541469024004,4,3.0856975870657086,0.5524368775784275,0.3993082107137835,0.44047619047619047,0.5333333333333333
4144798612ef96e5,Edmen Shahbazyan,15,9,6,6,1,2,7,0,2018-11-30,2026-06-06,9,24.727315870049804,74.0,74.0,185.0,Orthodox,15,15,0,0.6,0.4666666666666667,0.7777777777777778,True,7.515554734183453,4,5.682051304552654,1.778569796043321,0.51167743729722,0.4163265306122449,0.2
5331b25a60417ffb,Anthony Rocco Martin,15,9,6,1,3,5,4,0,2014-02-01,2020-06-06,7,27.523996614121664,72.0,73.0,170.0,Orthodox,15,15,0,0.6,0.26666666666666666,0.4444444444444444,True,6.343730535192372,4,2.5908130157004643,0.836991134585444,0.3679129871200447,0.3742559523809524,0.8666666666666667
59279a7c978f7da0,Al Iaquinta,15,9,6,4,0,5,4,2,2012-06-01,2021-11-06,8,28.921606877622402,70.0,70.0,155.0,Orthodox,15,15,0,0.6,0.26666666666666666,0.4444444444444444,True,9.432089639075409,5,4.376846779092344,0.6847987444004838,0.4287419108129324,0.23484848484848486,0.2
8e5d953bdb9ae5e7,Loopy Godinez,15,9,6,0,2,7,2,0,2021-04-17,2026-04-11,6,29.778754297943603,62.0,61.0,115.0,Orthodox,15,15,0,0.6,0.13333333333333333,0.2222222222222222,True,4.9829907527190835,4,4.215746856057608,3.8941801870865578,0.5494400678972426,0.4697124304267161,0.7333333333333333
b7d524c77c27389b,Marcus Davis,15,9,6,3,4,2,7,0,2005-11-05,2011-01-01,7,34.86450782699166,70.0,70.0,170.0,Southpaw,15,15,0,0.6,0.4666666666666667,0.7777777777777778,True,5.1554788941593594,6,3.2518672173252936,1.3818150990702824,0.47595487928889496,0.47878787878787876,0.8
dbc17725b887860a,Cezar Ferreira,15,9,6,0,3,6,3,1,2012-06-23,2019-07-13,8,30.925937333871786,73.0,78.0,185.0,Southpaw,15,15,0,0.6,0.2,0.3333333333333333,True,7.052848450002395,3,2.2136329808099555,2.389271402057685,0.44928024523738336,0.5731404958677686,0.3333333333333333
e2f6b2769aaedd6c,Serghei Spivac,15,9,6,3,3,3,6,0,2019-05-04,2026-02-21,8,27.393124659187617,75.0,78.0,260.0,Orthodox,15,15,0,0.6,0.4,0.6666666666666666,True,6.803698912366442,3,3.2177748077140493,6.184262018000679,0.4611124648835902,0.5393772893772893,0.26666666666666666
e5010b1b94ca5755,Paul Felder,15,9,6,4,1,4,5,0,2014-10-04,2020-11-14,7,33.093629574871485,71.0,70.0,155.0,Orthodox,15,15,0,0.6,0.3333333333333333,0.5555555555555556,True,6.113746346605337,3,3.8255380859457335,0.250207336523126,0.46424003640969114,0.25,0.2
e8b731feff72294b,Alexa Grasso,15,9,5,1,2,6,3,3,2016-11-05,2026-03-28,11,27.665455142816075,65.0,66.0,125.0,Orthodox,15,14,1,0.6428571428571429,0.2,0.3333333333333333,True,9.391021033970581,5,4.14036876697809,0.7196624472573839,0.42962515837432935,0.34375,0.6666666666666666
236a37d96d476164,Mike Pierce,14,9,5,3,1,5,4,0,2009-09-16,2015-12-11,6,31.371916310005385,68.0,71.0,170.0,Orthodox,14,14,0,0.6428571428571429,0.2857142857142857,0.4444444444444444,True,6.234214254912832,4,2.7041817013042033,4.5038988354253515,0.451286915985227,0.3615800865800866,0.21428571428571427
327d5f279895110d,Roman Dolidze,14,9,5,5,0,4,5,0,2020-07-18,2026-03-21,7,34.742670965180665,74.0,76.0,185.0,Orthodox,14,14,0,0.6428571428571429,0.35714285714285715,0.5555555555555556,True,5.672943318480188,4,3.535145370950606,1.1428571428571428,0.45360573557344347,0.3572222222222222,0.6428571428571429
447f9858ae78f921,Muslim Salikhov,14,9,5,5,0,4,5,0,2017-11-25,2025-11-08,9,37.8091268130078,71.0,70.0,170.0,Orthodox,14,14,0,0.6428571428571429,0.35714285714285715,0.5555555555555556,True,7.953619855301614,5,3.28333349215575,0.708182820639568,0.47953380407884877,0.31666666666666665,0.0
6256b2b1562cb8e1,James Vick,14,9,5,2,3,4,5,0,2013-08-17,2019-10-12,7,29.91065622741838,75.0,76.0,155.0,Orthodox,14,14,0,0.6428571428571429,0.35714285714285715,0.5555555555555556,True,6.1520770447031765,5,3.980229304551294,0.17048206031256877,0.39757203447661943,0.25,0.35714285714285715
72db2a14ffa73ece,Mateusz Gamrot,14,9,5,3,2,4,5,0,2020-10-17,2026-08-08,7,32.67418222140085,70.0,70.0,155.0,Southpaw,14,14,0,0.6428571428571429,0.35714285714285715,0.5555555555555556,True,5.807100761822625,4,2.8886872038946225,5.34025916362822,0.5322471770523786,0.4217550776291378,0.2857142857142857
971246648e162f0d,Chase Hooper,14,9,5,2,5,2,7,0,2019-12-14,2026-07-18,8,23.745867471611326,73.0,74.0,155.0,Southpaw,14,14,0,0.6428571428571429,0.5,0.7777777777777778,True,6.5928800728283266,5,3.9943664834832577,2.9042083846452678,0.4488082890871207,0.3039377289377289,1.1428571428571428
b44f39a5c6596953,Pedro Rizzo,14,9,5,7,0,2,7,3,1998-10-16,2003-11-21,6,26.947849716284388,73.0,,241.0,Orthodox,14,14,0,0.6428571428571429,0.5,0.7777777777777778,True,5.097982847012601,4,1.9397074486610644,0.19413851389762676,0.378323289039035,0.4444444444444444,0.0
b5b684eac99ae0a3,Chad Mendes,14,9,5,6,0,3,6,3,2011-02-05,2018-12-29,6,28.968033957869476,66.0,66.0,145.0,Orthodox,14,14,0,0.6428571428571429,0.42857142857142855,0.6666666666666666,True,7.896123808154856,5,4.852682701974492,2.270679374919244,0.5799964102642864,0.5183035714285714,0.14285714285714285
ba280572acfba13f,Matt Mitrione,14,9,5,8,0,1,8,0,2009-12-05,2016-01-17,8,34.363666409498975,75.0,82.0,265.0,Switch,14,14,0,0.6428571428571429,0.5714285714285714,0.8888888888888888,True,6.116484253612326,5,5.610886192267119,0.0,0.5376085216736033,0.0,0.2857142857142857
de75d1c45a39e221,Sergio Pettis,14,9,5,0,0,9,0,0,2013-11-16,2019-09-21,7,23.013672912028113,66.0,69.0,125.0,Orthodox,14,14,0,0.6428571428571429,0.0,0.0,True,5.845431459920464,4,3.999318775620988,0.9505824817409856,0.3787829265607762,0.3783333333333333,0.35714285714285715
285ae0b4a68221f4,JunYong Park,13,9,4,0,3,6,3,0,2019-08-31,2025-10-25,7,31.569120831734026,70.0,73.0,185.0,Orthodox,13,13,0,0.6923076923076923,0.23076923076923078,0.3333333333333333,True,6.1520770447031765,4,4.832660815748361,1.7224982809398395,0.5189676208247307,0.3685185185185185,0.6923076923076923
2a542ee8a8b83559,Tim Sylvia,13,9,4,5,0,4,5,9,2002-09-27,2008-02-02,7,29.487679681728842,80.0,80.0,265.0,Orthodox,13,13,0,0.6923076923076923,0.38461538461538464,0.5555555555555556,True,5.349870291655543,5,5.172298752588232,1.3846153846153846,0.4178680318949977,1.0,0.07692307692307693
7dda2cf308f24a02,Virna Jandiroba,13,9,4,1,3,5,4,1,2019-04-27,2026-04-04,8,34.35652077307963,63.0,64.0,115.0,Orthodox,13,13,0,0.6923076923076923,0.3076923076923077,0.4444444444444444,True,6.937856355708878,5,2.1027278372005984,3.443485343274915,0.4373797468369386,0.47802216846334494,1.2307692307692308
8f6a18831a120817,James Krause,13,9,4,3,2,4,5,0,2013-06-15,2020-10-17,8,30.36717965566607,74.0,73.0,170.0,Orthodox,13,13,0,0.6923076923076923,0.38461538461538464,0.5555555555555556,True,7.340328685736189,6,5.3812177417412395,1.3353449023471962,0.5047955665531842,0.24062049062049062,0.7692307692307693
902ab9197b83d0db,Phil Davis,13,9,3,0,3,6,3,0,2010-02-06,2015-01-24,6,27.700458230859265,74.0,79.0,205.0,Orthodox,13,12,1,0.75,0.23076923076923078,0.3333333333333333,True,4.963825403670164,5,2.957011376314189,2.8422255954718967,0.40213146856779136,0.40159932659932657,0.46153846153846156
c2299ec916bc7c56,Benoit Saint Denis,13,9,4,5,4,0,9,0,2021-10-30,2026-07-11,6,28.376931869816733,71.0,73.0,155.0,Southpaw,13,13,0,0.6923076923076923,0.6923076923076923,1.0,True,4.695510516985291,5,5.49695370253281,3.5652342358387736,0.5678584280307247,0.41349206349206347,0.7692307692307693
c41d426cc7326d1b,Yan Xiaonan,13,9,4,1,0,8,1,1,2017-11-25,2025-04-12,9,32.06784112346855,65.0,63.0,115.0,Orthodox,13,13,0,0.6923076923076923,0.07692307692307693,0.1111111111111111,True,7.3786593838340275,6,5.123882477355281,0.7538461538461539,0.4702627097356672,0.6666666666666667,0.0
c670aa48827d6be6,Dan Severn,13,9,4,1,5,3,6,6,1994-12-16,2000-09-22,5,37.58725104132607,74.0,,250.0,Southpaw,13,13,0,0.6923076923076923,0.46153846153846156,0.6666666666666666,True,5.768770063724785,4,0.7909865396517761,5.276205605261103,0.5161560881411961,0.5750000000000001,0.46153846153846156
cbd5d3cdd862e90e,Rory MacDonald,13,9,4,3,1,5,4,1,2010-01-11,2016-06-18,7,23.631296593780423,72.0,76.0,170.0,Orthodox,13,13,0,0.6923076923076923,0.3076923076923077,0.4444444444444444,True,6.434081466422993,5,3.9443528270523753,2.166472145915592,0.44518063495996935,0.41590909090909095,0.38461538461538464
cc1a8b4b38b92c6d,Montel Jackson,13,9,4,3,1,5,4,0,2018-08-04,2026-04-25,9,29.882991331891724,70.0,75.0,135.0,Southpaw,13,13,0,0.6923076923076923,0.3076923076923077,0.4444444444444444,True,7.72363566671458,6,4.184068031525658,1.9230769230769231,0.5468315696594038,0.65,0.23076923076923078
f77c68bb4be8516d,Yoel Romero,13,9,4,7,0,2,7,2,2013-04-20,2020-03-07,8,39.010541468497486,72.0,73.0,185.0,Southpaw,13,13,0,0.6923076923076923,0.5384615384615384,0.7777777777777778,True,6.880360308562119,8,3.9029739925901215,1.5751813177279437,0.5455544653372564,0.2726851851851852,0.0
f9ab66e67240db7b,Joselyne Edwards,13,9,4,2,2,5,4,0,2021-01-16,2026-04-25,6,27.990044548906123,68.0,70.0,135.0,Orthodox,13,13,0,0.6923076923076923,0.3076923076923077,0.4444444444444444,True,5.270470988452877,5,5.4034182047943835,1.612560506592002,0.550170816478327,0.30573593073593075,0.46153846153846156
093e1f5bb73850be,Anthony Hernandez,12,9,3,2,5,2,7,0,2019-02-02,2026-02-21,8,29.073150030459214,72.0,75.0,185.0,Orthodox,12,12,0,0.75,0.5833333333333334,0.7777777777777778,True,7.052848450002395,8,4.0135345385463355,4.939489768311879,0.5521977101326895,0.47140700933804386,1.25
0e041d43a47d2e4b,Matt Lindland,12,9,3,3,1,4,4,1,2000-12-16,2005-08-20,6,32.75061545867928,72.0,74.0,185.0,Southpaw,12,12,0,0.75,0.3333333333333333,0.4444444444444444,True,4.676345167936371,4,2.5985731622671198,2.7235312427675695,0.44477756539456553,0.5252136752136752,0.75
232c582f29f8f65e,Gegard Mousasi,12,9,3,5,1,3,6,0,2013-04-06,2017-04-08,5,29.938328644667582,74.0,76.0,185.0,Orthodox,12,12,0,0.75,0.5,0.6666666666666666,True,4.005557951224187,5,4.261528827287918,1.5483183161182577,0.5104266148870107,0.5357142857142857,0.25
881bf86d4cba8578,Nassourdine Imavov,12,9,2,4,0,5,4,0,2020-10-03,2025-09-06,6,27.043448302611736,75.0,75.0,185.0,Orthodox,12,11,1,0.8181818181818182,0.3333333333333333,0.4444444444444444,True,4.9254947055723255,5,4.329871065216383,1.019155698782259,0.5632422228859688,0.35342261904761907,1.0
a9e260472d321361,Jasmine Jasudavicius,12,9,3,0,3,6,3,0,2022-01-22,2026-04-18,5,35.0680255811778,67.0,68.0,125.0,Orthodox,12,12,0,0.75,0.25,0.3333333333333333,True,4.235542139811221,5,3.276263199442898,2.527101500245331,0.43174257967674606,0.5212121212121212,0.5
d3f5d33d61cd00c9,Norma Dumont,12,9,3,0,0,9,0,0,2020-02-29,2026-04-25,7,32.35521605508669,67.0,67.0,135.0,Orthodox,12,12,0,0.75,0.0,0.0,True,6.1520770447031765,6,3.7629278567667193,1.6554502369668247,0.4878454105401271,0.5916666666666667,0.0
f14cf73e51b29254,Sergei Pavlovich,12,9,3,7,0,2,7,1,2018-11-24,2026-05-30,7,30.511463844797177,75.0,84.0,257.0,Southpaw,12,12,0,0.75,0.5833333333333334,0.7777777777777778,True,7.512816827176465,6,8.886324278192514,0.16666666666666666,0.4798278062874553,0.25,0.0
396fe87b84ac2e1c,Lerone Murphy,11,9,1,3,0,6,3,0,2019-09-07,2026-03-21,7,31.734333416092795,69.0,73.0,145.0,Orthodox,11,10,1,0.9,0.2727272727272727,0.3333333333333333,True,6.535384025681568,9,3.877757877101612,1.2625792811839323,0.5251911097556874,0.5194444444444445,0.45454545454545453
45f7cb591c3ab00b,Sean Brady,11,9,2,0,4,5,4,0,2019-10-18,2026-05-09,8,30.062965638644812,70.0,72.0,170.0,Orthodox,11,11,0,0.8181818181818182,0.36363636363636365,0.4444444444444444,True,6.557287281737476,5,3.929582054724831,3.2401916630302625,0.5182509446130606,0.5692874119344707,0.7272727272727273
98aa60cf58071fd6,Kyoji Horiguchi,11,9,2,2,1,6,3,1,2013-10-19,2026-06-20,6,27.459962776909734,64.0,63.0,125.0,Orthodox,11,11,0,0.8181818181818182,0.2727272727272727,0.3333333333333333,True,12.668295721335825,5,4.063479686620817,1.6052291132264818,0.5123934775174604,0.36277777777777775,0.09090909090909091
b8bbdeff718dbb7d,Pat Sabatini,11,9,2,0,3,6,3,0,2021-04-24,2026-05-09,6,32.730184864725615,68.0,70.0,145.0,Orthodox,11,11,0,0.8181818181818182,0.2727272727272727,0.3333333333333333,True,5.0404867998658425,4,1.8214697776744873,3.42989435241946,0.5236553521870541,0.3746556473829201,0.8181818181818182
271fe91f4ba9d2c5,Don Frye,10,9,1,6,3,0,9,3,1996-02-16,1996-12-07,1,30.619930594057372,73.0,,219.0,Orthodox,10,10,0,0.9,0.9,1.0,True,0.8076825670616098,4,4.984714984575624,2.502732020366408,0.5935293546169252,0.8,0.3
54f64b5e283b0ce7,Ilia Topuria,10,9,1,6,1,2,7,4,2020-10-10,2026-06-14,7,26.217923708221246,67.0,69.0,155.0,Orthodox,10,10,0,0.9,0.7,0.7777777777777778,True,5.6756812254871765,9,5.465673964689364,1.259597601865739,0.5195930899660501,0.6277777777777778,0.6
767755fd74662dbf,Khamzat Chimaev,10,9,1,2,4,3,6,2,2020-07-15,2026-05-09,7,28.591141501878887,74.0,75.0,185.0,Orthodox,10,10,0,0.9,0.6,0.6666666666666666,True,5.81531448284359,9,5.73790596813542,5.473750071375519,0.6111480485391418,0.5886877828054299,0.9
b08012bbe542592a,Tatiana Suarez,10,9,1,1,5,3,6,2,2016-07-08,2026-04-11,7,30.50575987186595,65.0,66.0,115.0,Southpaw,10,10,0,0.9,0.6,0.6666666666666666,True,9.75790057290704,7,2.8625906140192847,6.070197351384555,0.564535334612201,0.6242540792540793,0.5
d8da10db80131bec,Niko Price,21,8,11,4,2,2,6,0,2016-12-30,2026-03-28,11,31.26311710060863,72.0,76.0,170.0,Orthodox,21,19,2,0.42105263157894735,0.2857142857142857,0.75,True,9.240436148586213,2,4.607948466482788,1.446105683156888,0.4125016557724412,0.2196078431372549,0.3333333333333333
b0d6a1d8ac3d563d,Max Griffin,19,8,11,3,0,5,3,0,2016-08-20,2026-04-25,11,35.106596446556956,71.0,76.0,170.0,Orthodox,19,19,0,0.42105263157894735,0.15789473684210525,0.375,True,9.678501269704375,3,4.466053992270696,1.263157894736842,0.4689149421151354,0.3410353535353535,0.21052631578947367
b361180739bed4b0,David Abbott,18,8,10,5,2,1,7,3,1995-07-14,2003-11-21,5,32.65912373286241,72.0,,265.0,Switch,18,18,0,0.4444444444444444,0.3888888888888889,0.875,True,8.356092185328926,2,4.565061056978181,2.671862527057205,0.5038439066173747,0.5916666666666667,0.2222222222222222
c62fbc117d57b943,Tai Tuivasa,18,8,10,7,0,1,7,0,2017-11-18,2026-05-02,9,28.50024298924687,74.0,75.0,264.0,Southpaw,18,18,0,0.4444444444444444,0.3888888888888889,0.875,True,8.451918930573523,5,5.169672267786704,0.0,0.5249147525789642,0.0,0.0
eef9b891edbd4604,Mark Hunt,18,8,8,7,0,1,7,1,2010-09-25,2018-12-01,9,40.78584015338364,70.0,72.0,265.0,Orthodox,18,16,2,0.5,0.3888888888888889,0.875,True,8.18360404388865,4,2.4392790289680226,1.154308121967518,0.4154049285058402,0.6799999999999999,0.05555555555555555
7be14eaed4c74856,Brian Kelleher,17,8,9,2,3,3,5,0,2017-06-03,2024-07-20,7,33.82603580457625,66.0,66.0,135.0,Switch,17,17,0,0.47058823529411764,0.29411764705882354,0.625,True,7.129509846198074,2,2.827011782204224,1.47292024483095,0.4284396799873996,0.3939393939393939,0.35294117647058826
cc7040fe76f0ef91,Devin Clark,17,8,9,1,0,7,1,0,2016-07-13,2024-02-10,9,29.932248880578538,72.0,75.0,205.0,Orthodox,17,17,0,0.47058823529411764,0.058823529411764705,0.125,True,7.578526595344189,2,2.9393035478634366,1.9742327679278109,0.5382460380556198,0.34415584415584416,0.058823529411764705
d2bc285ead803db0,Louis Smolka,17,8,9,4,2,2,6,0,2014-01-15,2022-05-14,9,26.31917795147382,69.0,68.0,135.0,Orthodox,17,17,0,0.47058823529411764,0.35294117647058826,0.75,True,8.325975208252052,4,5.55007068931879,1.8129135451977627,0.49448291855771487,0.2928571428571428,1.1176470588235294
634e2fb70bde3fd5,Holly Holm,16,8,7,2,0,6,2,5,2015-02-28,2024-04-13,9,37.21020965522906,68.0,69.0,135.0,Southpaw,16,15,1,0.5333333333333333,0.125,0.25,True,9.122706147285708,3,3.1478024206912387,0.9066852367688022,0.46707869194835894,0.35238095238095235,0.0625
79899ecf62020f6d,Joe Stevenson,16,8,8,2,3,3,5,2,2005-11-05,2011-06-26,7,26.171995318179018,67.0,70.0,145.0,Orthodox,16,16,0,0.5,0.3125,0.625,True,5.637350527389337,4,2.040096065064748,4.358671663558691,0.47603631962007176,0.4932844932844933,1.5
c21f26bbde777573,Johnny Walker,16,8,7,6,1,1,7,0,2018-11-17,2026-04-11,9,29.95116258376284,78.0,82.0,205.0,Orthodox,16,15,1,0.5333333333333333,0.4375,0.875,True,7.397824732882947,3,5.943477553236034,0.26556859205776173,0.6209280714864263,0.5,0.1875
d317a5e2b3f88c5f,Warlley Alves,16,8,8,3,3,2,6,1,2014-05-31,2024-05-18,9,27.857861557732193,71.0,72.0,185.0,Orthodox,16,16,0,0.5,0.375,0.75,True,9.965981505438167,4,3.1437554315415728,1.5643894168974442,0.5169613097167206,0.5411255411255411,0.5625
d945aae53e3e54e6,Thiago Moises,16,8,8,1,3,4,4,0,2018-11-10,2026-04-18,9,27.16465772740029,69.0,70.0,155.0,Orthodox,16,16,0,0.5,0.25,0.5,True,7.4361554309807865,3,2.261490953068939,1.5493097647770846,0.45954315085540426,0.33626373626373623,0.8125
fa315e6c77eee106,Brandon Vera,16,8,7,4,1,3,5,0,2005-10-03,2013-08-31,9,31.396264125888962,75.0,78.0,230.0,Orthodox,16,15,1,0.5333333333333333,0.3125,0.625,True,7.909813343189798,4,3.748579536427504,0.4864556135770235,0.5748903755518423,0.5555555555555556,0.125
1ae8f3c723aacff4,Ricardo Ramos,15,8,7,2,1,5,3,0,2017-02-04,2025-10-11,9,25.867015293492223,69.0,72.0,145.0,Orthodox,15,15,0,0.5333333333333333,0.2,0.375,True,8.681903119160557,3,2.5034601235677227,3.204247714976356,0.33042526376802533,0.5423076923076923,0.6
32c355b04fc57f3a,Marc Diakiese,15,8,7,2,0,6,2,0,2016-10-08,2023-11-04,8,26.89208767690872,70.0,73.0,155.0,Orthodox,15,15,0,0.5333333333333333,0.13333333333333333,0.25,True,7.072013799051315,3,3.1419099492227405,2.782129076804354,0.4514174193653169,0.3925964908107766,0.0
729d4bd5a6cd0a97,Lauren Murphy,15,8,7,2,1,5,3,1,2014-08-16,2025-07-12,11,36.043450584200905,65.0,67.0,125.0,Orthodox,15,15,0,0.5333333333333333,0.2,0.375,True,10.905083608835225,5,3.93581062866313,1.1177892692241818,0.37846281915455576,0.3611111111111111,0.2
814e5233e2acf2ee,Charles Johnson,15,8,7,3,0,5,3,0,2022-07-23,2026-06-27,5,33.386403097485456,69.0,70.0,125.0,Switch,15,15,0,0.5333333333333333,0.2,0.375,True,3.9288965550285084,4,4.629694840618001,0.43768115942028984,0.49808418987882064,0.11851851851851852,0.3333333333333333
8667caa0451d245b,Kennedy Nzechukwu,15,8,6,6,1,1,7,0,2019-03-30,2025-12-13,6,30.438407359494033,77.0,83.0,236.0,Southpaw,15,14,1,0.5714285714285714,0.4666666666666667,0.875,True,6.7078721671218435,3,4.680829666882429,0.4059539918809202,0.4849015059246064,0.14285714285714285,0.13333333333333333
9d19d9e4aa2662e8,Nicolas Dalby,15,8,5,1,0,7,1,0,2015-05-30,2025-11-22,9,36.15387950014944,71.0,74.0,170.0,Orthodox,15,13,2,0.6153846153846154,0.06666666666666667,0.125,True,10.483445929758995,4,4.097935764367288,0.8,0.42076498761925923,0.21153846153846154,0.06666666666666667
ab2b4ff41d6ebe0f,Alex Perez,15,8,6,4,2,2,6,1,2017-12-09,2026-05-30,8,29.655000901227723,66.0,65.0,125.0,Orthodox,15,14,1,0.5714285714285714,0.4,0.75,True,8.471084279622442,3,5.3735384437433105,1.7949888613939096,0.4463630255244679,0.4686868686868687,0.3333333333333333
c6a33ff198aaaeeb,Stephan Bonnar,15,8,7,2,2,4,4,1,2005-04-09,2012-10-13,7,31.174721817240144,76.0,79.0,205.0,Orthodox,15,15,0,0.5333333333333333,0.26666666666666666,0.5,True,7.512816827176465,3,2.5902513234232347,1.604402308688305,0.4084074756734987,0.38095238095238093,0.8666666666666667
cb46dface0e28a2c,Jorge Rivera,15,8,7,5,0,3,5,0,2003-09-26,2012-01-20,10,35.77349295331184,73.0,73.0,185.0,Orthodox,15,15,0,0.5333333333333333,0.3333333333333333,0.625,True,8.317761487231087,3,4.399588447320354,1.6547619047619047,0.48027503465639376,0.5,0.06666666666666667
1bcaac2d99b90fce,Sergio Moraes,14,8,5,1,3,4,4,1,2012-06-23,2019-11-16,7,34.11803703801486,72.0,72.0,170.0,Orthodox,14,13,1,0.6153846153846154,0.2857142857142857,0.5,True,7.397824732882947,4,2.5631139339513225,1.3829062774438678,0.45298586845037303,0.4194214876033058,0.35714285714285715
20205040232ed0f3,Tyson Griffin,14,8,6,1,1,6,2,0,2006-09-23,2011-10-29,6,24.88464122173233,66.0,68.0,145.0,Orthodox,14,14,0,0.5714285714285714,0.14285714285714285,0.25,True,5.097982847012601,4,3.4765939676265765,1.9415584415584417,0.38432099964271105,0.42715617715617715,0.7142857142857143
48e093ea1f43a053,Takeya Mizugaki,14,8,6,1,0,7,1,0,2011-03-03,2016-12-17,6,29.89540217409373,67.0,69.0,135.0,Orthodox,14,14,0,0.5714285714285714,0.07142857142857142,0.125,True,5.793411226787682,5,3.836318766613089,1.1842105263157894,0.3816016585104415,0.42750000000000005,0.07142857142857142
4c2d90e335e6df19,Alexis Davis,14,8,6,0,1,7,1,1,2013-06-15,2022-02-05,9,32.777635993307776,66.0,68.0,135.0,Orthodox,14,14,0,0.5714285714285714,0.07142857142857142,0.125,True,8.643572421062718,3,4.344647849743036,0.9177178058081549,0.4860105181470111,0.5757575757575757,0.6428571428571429
4d8fa64202cee4c1,Jalin Turner,14,8,6,5,3,0,8,0,2018-10-06,2025-12-06,8,26.795895877396525,75.0,77.0,155.0,Southpaw,14,14,0,0.5714285714285714,0.5714285714285714,1.0,True,7.167840544295913,5,6.826656084495015,0.6387670543237082,0.49091858074261635,0.5555555555555555,0.5
578ef12674df1e6a,Irene Aldana,14,8,6,3,1,4,4,1,2016-12-17,2024-09-14,9,32.23905057207589,69.0,68.0,135.0,Orthodox,14,14,0,0.5714285714285714,0.2857142857142857,0.5,True,7.7428010157635,3,5.60644285352945,0.14285714285714285,0.40599450977251744,0.5,0.21428571428571427
809bd1a871491508,Terrance McKinney,14,8,6,5,3,0,8,0,2021-06-12,2026-07-11,6,29.29560497477703,70.0,73.0,155.0,Switch,14,14,0,0.5714285714285714,0.5714285714285714,1.0,True,5.078817497963682,2,15.035214973131323,2.8560500617355613,0.5567234484456973,0.5809523809523809,0.35714285714285715
92437c6775b3f7d1,John Moraga,14,8,6,2,3,3,5,1,2012-08-04,2018-08-25,7,31.379738901453926,66.0,66.0,125.0,Orthodox,14,14,0,0.5714285714285714,0.35714285714285715,0.625,True,6.056250299458579,3,2.965469776482718,0.5270614103823124,0.4431480233387294,0.2409090909090909,0.8571428571428571
9cdd2da1a9104a0b,Macy Chiasson,14,8,6,3,2,3,5,1,2018-11-30,2026-02-28,8,30.684897216037484,71.0,72.0,135.0,Orthodox,14,14,0,0.5714285714285714,0.35714285714285715,0.625,True,7.247239847498579,3,4.007392423138567,1.9526565512732164,0.46175959971191405,0.45138888888888884,0.2857142857142857
a7897d200692ab64,Kyung Ho Kang,14,8,5,0,4,4,4,0,2013-03-02,2024-06-22,8,31.384823585895475,69.0,73.0,135.0,Orthodox,14,13,1,0.6153846153846154,0.2857142857142857,0.5,True,11.307555938862537,3,3.5566799153812716,2.3717945449271625,0.45082994820828903,0.6142594778958416,0.6428571428571429
b997be68943010fc,Geoff Neal,14,8,6,5,1,2,6,0,2018-02-18,2026-02-21,9,31.210966490951705,71.0,75.0,170.0,Southpaw,14,14,0,0.5714285714285714,0.42857142857142855,0.75,True,8.008377995441384,5,5.928403832142829,1.1549882088757835,0.5133340033040651,0.4666666666666667,0.07142857142857142
def8166ff24bd237,Brian Ortega,14,8,5,3,4,1,7,2,2014-07-26,2025-08-23,10,28.47423287268048,68.0,69.0,155.0,Switch,14,13,1,0.6153846153846154,0.5,0.875,True,11.077571750275501,6,3.778912539087455,1.519993566176615,0.3905726857562057,0.17410468319559227,0.8571428571428571
f53c1f4ceeed8c08,Dustin Ortiz,14,8,6,4,0,4,4,0,2013-11-09,2019-01-19,7,27.26916266003311,65.0,65.0,125.0,Orthodox,14,14,0,0.5714285714285714,0.2857142857142857,0.5,True,5.193809592257199,3,4.953304048465516,2.766163427913081,0.45939790581347834,0.3380418192918193,0.07142857142857142
349aaa3da11eb587,Karo Parisyan,13,8,4,1,1,6,2,0,2003-09-26,2010-11-20,8,23.98575024706978,70.0,72.0,170.0,Orthodox,13,12,1,0.6666666666666666,0.15384615384615385,0.25,True,7.151413102253982,4,2.482428183016437,5.211825921636509,0.4052579817831546,0.5603835978835979,0.7692307692307693
351c4ec637380ad5,Karol Rosa,13,8,5,0,0,8,0,0,2019-08-31,2026-06-20,8,28.124201992248565,65.0,67.0,135.0,Orthodox,13,13,0,0.6153846153846154,0.0,0.0,True,6.803698912366442,4,5.466666666666667,1.0769230769230769,0.5496104019346703,0.4333333333333333,0.15384615384615385
476fe566d2df676e,Modestas Bukauskas,13,8,5,3,1,4,4,0,2020-07-15,2026-05-16,6,29.569606283707188,75.0,76.0,205.0,Switch,13,13,0,0.6153846153846154,0.3076923076923077,0.5,True,5.8344798318925095,4,3.4399316503907564,0.17482517482517484,0.4440880752126263,0.5,0.07692307692307693
52c2ae6d2f2d2613,Youssef Zalal,13,8,4,0,4,4,4,0,2020-02-08,2026-04-25,6,26.245576568991833,70.0,72.0,145.0,Switch,13,12,1,0.6666666666666666,0.3076923076923077,0.5,True,6.2095730918499354,5,2.7067828568534904,2.6892455003811695,0.4906429366257867,0.4625816993464052,1.0769230769230769
5b86d491d63890c5,Ludovit Klein,13,8,4,2,0,6,2,0,2020-09-26,2026-08-01,7,28.439271906283548,67.0,72.0,155.0,Southpaw,13,12,1,0.6666666666666666,0.15384615384615385,0.25,True,5.845431459920464,4,4.583897820998549,1.4247491638795986,0.5407144612238741,0.4171428571428571,0.0
5f61780fe5e9b6d0,Andre Petroski,13,8,5,1,2,5,3,0,2021-08-28,2026-05-16,6,32.57751304323103,72.0,73.0,185.0,Switch,13,13,0,0.6153846153846154,0.23076923076923078,0.375,True,4.71467586603421,5,2.3324434447684443,2.4522927914974137,0.43351524499714544,0.5255050505050505,0.8461538461538461
6e15f63b6c2e2c15,Brandon Royval,13,8,5,1,4,3,5,1,2020-05-30,2026-07-11,7,30.622015615547312,69.0,68.0,125.0,Southpaw,13,13,0,0.6153846153846154,0.38461538461538464,0.625,True,6.113746346605337,3,5.414504634004369,0.7474354316126788,0.45557283975836615,0.6666666666666666,0.9230769230769231
80daefbed11ce998,Alejandro Perez,13,8,4,3,1,4,4,1,2014-11-15,2022-02-26,8,28.339864821106737,66.0,67.0,135.0,Orthodox,13,12,1,0.6666666666666666,0.3076923076923077,0.5,True,7.28283263858943,4,3.505721211026836,0.43288357212407846,0.33444071323399494,0.25,0.23076923076923078
853eb0dd5c0e2149,Kai Kara-France,13,8,5,3,0,5,3,2,2018-12-01,2025-06-28,8,28.305535679403725,64.0,69.0,125.0,Orthodox,13,13,0,0.6153846153846154,0.23076923076923078,0.375,True,6.573714723779407,3,4.480743142534238,0.40228832951945076,0.4487118210902307,0.3482142857142857,0.0
c814b4c899793af6,Rafael Fiziev,13,8,5,4,0,4,4,0,2019-04-20,2026-06-27,7,29.65742991616213,68.0,71.0,155.0,Switch,13,13,0,0.6153846153846154,0.3076923076923077,0.5,True,7.187005893344832,6,4.3935252980432855,1.054945054945055,0.5831818211852375,0.5625,0.0
cf65d56b0755ed3b,Alan Jouban,13,8,5,4,0,4,4,0,2014-08-16,2020-11-21,7,34.92642664699586,72.0,73.0,170.0,Southpaw,13,13,0,0.6153846153846154,0.3076923076923077,0.5,True,6.2670691389966935,3,6.060384976439639,0.3076923076923077,0.5197934140705894,0.475,0.15384615384615385
cf9d24e4bd0cf2ce,Mark Bocek,13,8,5,0,4,4,4,0,2007-07-07,2014-04-16,7,28.635348169630188,68.0,75.0,155.0,Orthodox,13,13,0,0.6153846153846154,0.3076923076923077,0.5,True,6.776319842296556,3,2.397482481505832,3.8182701643355297,0.41344130458435246,0.5006411386501884,1.0
ffc088e64fab57e9,Quinton Jackson,13,8,5,3,0,5,3,4,2007-02-03,2015-04-25,8,31.82690530685356,73.0,73.0,205.0,Orthodox,13,13,0,0.6153846153846154,0.23076923076923078,0.375,True,8.221934741986487,3,2.9476168334721313,0.4,0.4616222965441844,0.2583333333333333,0.0
029880cdbf5ca089,Sean Sherk,12,8,4,1,1,6,2,4,2001-02-23,2010-09-25,9,32.508767006395296,66.0,67.0,155.0,Orthodox,12,12,0,0.6666666666666666,0.16666666666666666,0.25,True,9.585412431466764,3,2.2719297523639788,3.6540420038330494,0.4688408476694876,0.3918696313433156,0.3333333333333333
08e908ed6d18d6a0,Myles Jury,12,8,4,3,1,4,4,0,2012-06-01,2019-02-17,7,26.60561134041082,70.0,73.0,145.0,Orthodox,12,12,0,0.6666666666666666,0.3333333333333333,0.5,True,6.71334798113582,6,3.361162131422938,1.8548408313601683,0.38385041594062796,0.6220238095238095,0.16666666666666666
2e5c2aa8e4ab9d82,Paulo Costa,12,8,4,5,0,3,5,1,2017-03-11,2026-04-11,9,30.043738064436642,73.0,72.0,205.0,Orthodox,12,12,0,0.6666666666666666,0.4166666666666667,0.625,True,9.084375449187869,5,7.041753118635765,0.21666666666666667,0.5929184385468103,0.4,0.0
3253b16d38ae087d,Julianna Pena,12,8,4,2,2,4,4,5,2013-11-30,2025-06-07,10,29.917109865363425,66.0,69.0,135.0,Orthodox,12,12,0,0.6666666666666666,0.3333333333333333,0.5,True,11.518374778400652,4,3.8313333710022373,2.1499228398770502,0.4757718341322042,0.6393939393939394,0.6666666666666666
4bd6b4800070b069,Chas Skelly,12,8,3,2,4,2,6,0,2014-04-19,2022-02-19,7,31.52836813897616,71.0,72.0,145.0,Orthodox,12,11,1,0.7272727272727273,0.5,0.75,True,7.838627761008097,4,2.1734054903731512,2.074914295766675,0.4445630947188774,0.3852813852813853,1.4166666666666667
8ddf9c51c5fdea75,Rousimar Palhares,12,8,4,0,6,2,6,0,2008-05-24,2013-10-09,6,30.758103634343396,68.0,71.0,170.0,Orthodox,12,12,0,0.6666666666666666,0.5,0.75,True,5.377249361725429,3,1.1859683948885666,1.8378341706568972,0.3427185427185427,0.48055555555555557,1.3333333333333333
9560ff14eb3129f7,Giga Chikadze,12,8,4,3,0,5,3,0,2019-09-28,2025-12-13,7,33.55441932414765,72.0,74.0,145.0,Orthodox,12,12,0,0.6666666666666666,0.25,0.375,True,6.2095730918499354,7,4.182585801088372,0.16666666666666666,0.461901570681146,0.375,0.16666666666666666
f29a6350c69f4a33,Miranda Maverick,12,8,4,1,2,5,3,0,2020-10-24,2025-06-14,6,25.55995902265846,63.0,65.0,125.0,Southpaw,12,12,0,0.6666666666666666,0.25,0.375,True,4.638014469838532,4,3.559073279137905,2.3307860433668255,0.44359433000257215,0.3888167388167388,0.3333333333333333
1e4f273069fb9e85,Fares Ziam,11,8,3,2,0,6,2,0,2019-09-07,2026-06-06,8,26.112912529471387,73.0,75.0,155.0,Orthodox,11,11,0,0.7272727272727273,0.18181818181818182,0.25,True,6.746202865219683,6,2.5421626925410297,1.7842107016576234,0.5717155289042907,0.425,0.45454545454545453
24656ef4d605c96f,Aiemann Zahabi,11,8,3,2,0,6,2,0,2017-02-19,2026-06-14,8,34.66563621802949,68.0,68.0,135.0,Orthodox,11,11,0,0.7272727272727273,0.18181818181818182,0.25,True,9.314359637774903,7,4.33268474109101,0.09090909090909091,0.5174413427146836,0.06666666666666667,0.0
34f88592c0ab7a54,Elias Theodorou,11,8,3,2,0,6,2,1,2014-04-16,2019-05-04,6,28.482695494338444,73.0,75.0,185.0,Orthodox,11,11,0,0.7272727272727273,0.18181818181818182,0.25,True,5.048700520886808,3,4.29847930385804,1.4488942259696207,0.419125267181406,0.2982295482295483,0.0
41e83a89929d1327,Jailton Almeida,11,8,3,3,4,1,7,0,2022-02-05,2026-02-07,5,32.427272789497884,75.0,79.0,225.0,Orthodox,11,11,0,0.7272727272727273,0.6363636363636364,0.875,True,4.005557951224187,6,3.1044354576984388,7.014907807947382,0.6184917691578063,0.6336441336441336,0.9090909090909091
58bbef3770bb2dfc,Joel Alvarez,11,8,3,4,3,1,7,0,2019-02-23,2026-05-09,8,29.485516160807233,75.0,77.0,170.0,Orthodox,11,11,0,0.7272727272727273,0.6363636363636364,0.875,True,7.206171242393752,4,5.026145667020088,0.09090909090909091,0.5682363659383058,0.3333333333333333,0.5454545454545454
5d1b7e3dd9e11074,Manel Kape,11,8,3,6,0,2,6,0,2021-02-06,2026-06-20,6,29.727945381244215,65.0,68.0,125.0,Southpaw,11,11,0,0.7272727272727273,0.5454545454545454,0.75,True,5.366297733697475,4,5.2785170485708,0.2727272727272727,0.5568566534052909,0.3214285714285714,0.18181818181818182
681399317dbf4701,Uros Medic,11,8,3,8,0,0,8,0,2021-03-06,2026-08-01,6,30.893547064310326,73.0,71.0,170.0,Southpaw,11,11,0,0.7272727272727273,0.7272727272727273,1.0,True,5.404628431795314,4,8.218982665014813,0.10822510822510822,0.5997093774812633,0.5,0.0
97cf1a2c7c5e7889,Steve Garcia,11,8,3,7,0,1,7,0,2020-02-29,2026-06-14,7,31.38014780964328,72.0,75.0,145.0,Southpaw,11,11,0,0.7272727272727273,0.6363636363636364,0.875,True,6.2889723950526015,7,6.793526678098726,0.6881220968812211,0.5228199161352426,0.5333333333333333,0.18181818181818182
98d961097baaf308,Shane Burgos,11,8,3,2,1,5,3,0,2016-12-09,2022-07-16,7,28.248231094285426,71.0,75.0,145.0,Orthodox,11,11,0,0.7272727272727273,0.2727272727272727,0.375,True,5.599019829291498,3,7.435143644319887,0.36363636363636365,0.5346289430161802,0.7619047619047619,0.36363636363636365
a26198ba5093147e,TJ Grant,11,8,3,3,1,4,4,0,2009-04-18,2013-05-25,5,27.12917383033812,70.0,72.0,155.0,Orthodox,11,11,0,0.7272727272727273,0.36363636363636365,0.5,True,4.101384696468784,5,5.112842177891417,1.499029038522332,0.5185035102365907,0.3753968253968254,0.45454545454545453
399afbabc02376b5,Tom Aspinall,10,8,1,6,2,0,8,3,2020-07-25,2025-10-25,6,29.396907534035602,77.0,78.0,255.0,Orthodox,10,9,1,0.8888888888888888,0.8,1.0,False,5.251305639403958,5,9.485968275883447,1.991270860077022,0.7012127620781231,0.75,0.2
429e7d3725852ce9,Royce Gracie,10,8,1,1,7,0,8,3,1994-03-11,2006-05-27,3,28.85315920244769,73.0,,175.0,Southpaw,10,9,1,0.8888888888888888,0.8,1.0,False,12.211065251168744,8,0.9345787555084385,2.843063050486631,0.4792901844532279,0.42857142857142855,1.2
4461d7e47375a895,Tatsuro Taira,10,8,2,3,3,2,6,1,2022-05-14,2026-05-09,5,24.20939512789448,67.0,70.0,125.0,Orthodox,10,10,0,0.8,0.6,0.75,True,3.986392602175267,6,2.90848543611389,3.608526895757648,0.6293651441653003,0.5636243386243387,1.0
6b453bc35a823c3f,Jack Della Maddalena,10,8,2,4,1,3,5,2,2022-01-22,2026-05-02,5,27.25641183597199,71.0,73.0,170.0,Switch,10,10,0,0.8,0.5,0.625,True,4.27387283790906,8,6.588481944531442,0.3258469259723965,0.5090687030597856,0.18,0.1
a93f94c923c3a9cb,Christian Leroy Duncan,10,8,2,5,0,3,5,0,2023-03-18,2026-07-18,4,29.313675161023156,74.0,79.0,185.0,Switch,10,10,0,0.8,0.5,0.625,True,3.334770734512002,5,4.889576435145764,0.49582733812949636,0.5886799700801651,0.2619047619047619,0.0
cedfdf8d423d500c,Pat Miletich,10,8,2,2,3,3,5,6,1998-03-13,2002-03-22,5,31.83309718885398,70.0,,170.0,Orthodox,10,10,0,0.8,0.5,0.625,True,4.024723300273106,7,1.3468959151906277,1.5731026189430264,0.49087167483746647,0.8222222222222222,0.5
2b6fc1c02736833d,Umar Nurmagomedov,9,8,1,1,2,5,3,1,2021-01-20,2026-01-24,6,27.820481521789556,68.0,69.0,135.0,Orthodox,9,9,0,0.8888888888888888,0.3333333333333333,0.375,False,5.010369822788969,6,4.232176369979838,4.276211649622054,0.6077245827965451,0.505192723942724,0.2222222222222222
34ff304266360297,Manon Fiorot,9,8,1,3,0,5,3,1,2021-01-20,2025-10-18,5,33.023113258847054,67.0,65.0,125.0,Orthodox,9,9,0,0.8888888888888888,0.3333333333333333,0.375,False,4.742054936104095,7,6.7773214090002405,1.0797039740470398,0.4539032026864033,0.4583333333333333,0.0
4126a78111c0855a,Caio Borralho,9,8,1,1,1,6,2,0,2022-04-16,2026-03-07,5,30.915837499134895,73.0,75.0,185.0,Southpaw,9,9,0,0.8888888888888888,0.2222222222222222,0.25,False,3.890565856930669,7,3.2916092259967744,1.4259427401611218,0.5687726138868086,0.475,0.4444444444444444
669970f7feba8ecd,Erin Blanchfield,9,8,1,0,4,4,4,0,2021-09-18,2025-11-15,5,24.071982617332626,64.0,66.0,125.0,Orthodox,9,9,0,0.8888888888888888,0.4444444444444444,0.5,False,4.158880743615543,6,5.6649177393655545,2.299628859722403,0.4948972196118049,0.4583333333333333,0.7777777777777778
7826923b47f8d72a,Paddy Pimblett,9,8,1,2,4,2,6,1,2021-09-04,2026-07-11,6,28.9697940409454,70.0,73.0,155.0,Orthodox,9,9,0,0.8888888888888888,0.6666666666666666,0.75,False,4.848833309376647,7,4.91264180986052,0.8894494115462016,0.5601614551857919,0.32142857142857145,0.8888888888888888
262d32ebda89efc4,Natalia Silva,8,8,0,2,0,6,2,0,2022-06-18,2026-01-24,5,26.976939978233638,64.0,65.0,125.0,Southpaw,8,8,0,1.0,0.25,0.25,False,3.603085621196876,8,4.9756296714260015,0.375,0.45372966549615645,0.2333333333333333,0.0
4a57ebb14315b251,Randa Markos,18,7,10,0,1,6,1,0,2014-12-12,2021-10-23,8,32.88773896794595,64.0,63.0,115.0,Orthodox,18,17,1,0.4117647058823529,0.05555555555555555,0.14285714285714285,True,6.863932866520188,1,2.847376627326445,1.2052090245520903,0.4470346104322,0.4515031265031266,0.16666666666666666
fcd448a2fe1a23cc,Gian Villante,18,7,11,4,0,3,4,0,2013-04-27,2021-11-06,9,31.493231665719804,75.0,76.0,230.0,Orthodox,18,18,0,0.3888888888888889,0.2222222222222222,0.5714285714285714,True,8.528580326769202,2,4.880826009185779,0.450461917799446,0.4627066742773585,0.28125,0.0
67c1d46f4ed16f9e,Matt Schnell,17,7,9,0,3,4,3,0,2016-12-03,2026-06-06,9,31.483836886774256,68.0,70.0,125.0,Orthodox,17,16,1,0.4375,0.17647058823529413,0.42857142857142855,True,9.5060131282641,4,3.9604153725933817,0.9599087417265312,0.3948321660516091,0.4583333333333333,0.5882352941176471
7f6ed67d3ed3c036,Cody Durden,17,7,9,1,1,5,2,0,2020-08-01,2026-07-11,7,32.66162005983937,67.0,67.0,125.0,Southpaw,17,16,1,0.4375,0.11764705882352941,0.2857142857142857,True,5.941258205165061,4,4.386630537079401,4.123784401077465,0.4599069565160383,0.5635683760683761,0.4117647058823529
436f970c9ea9169c,Gabriel Benitez,15,7,8,3,2,2,5,0,2014-11-15,2024-04-27,10,31.023589350454376,68.0,71.0,155.0,Southpaw,15,15,0,0.4666666666666667,0.3333333333333333,0.7142857142857143,True,9.44851708111734,2,6.401933991546939,1.8201516793066086,0.4298823987735504,0.5,0.5333333333333333
5866fc86183a9fb8,Erick Silva,15,7,8,2,5,0,7,0,2011-08-27,2017-12-16,7,30.109858518655415,72.0,74.0,170.0,Orthodox,15,15,0,0.4666666666666667,0.4666666666666667,1.0,True,6.305399837094533,2,4.646621167564265,1.1333333333333333,0.5333147463380759,0.3020833333333333,0.6666666666666666
751de04455cfaac0,Calvin Kattar,15,7,8,4,0,3,4,0,2017-07-29,2025-07-12,8,32.84758299851012,71.0,72.0,145.0,Orthodox,15,15,0,0.4666666666666667,0.26666666666666666,0.5714285714285714,True,7.953619855301614,2,4.459927808270371,0.2533333333333333,0.3775328471299748,0.2789115646258503,0.06666666666666667
bf7ad5628363eec9,Cody Stamann,15,7,7,1,0,6,1,0,2017-07-08,2024-11-09,8,31.06173752141842,66.0,64.0,135.0,Orthodox,15,14,1,0.5,0.06666666666666667,0.14285714285714285,True,7.340328685736189,3,5.4216744146490345,1.8781609195402298,0.45049288176516866,0.3,0.0
cd2c4d30c6e13b47,Marina Rodriguez,15,7,6,2,0,5,2,0,2018-09-22,2025-05-03,8,34.591447234828,66.0,65.0,115.0,Orthodox,15,13,2,0.5384615384615384,0.13333333333333333,0.2857142857142857,True,6.612045421877246,4,4.21545303077221,0.26320346320346316,0.4456170201548831,0.5625,0.26666666666666666
f2b6fdb20675b11c,Mike Perry,15,7,8,4,0,3,4,0,2016-08-20,2021-04-10,6,26.988462003554716,70.0,71.0,170.0,Orthodox,15,15,0,0.4666666666666667,0.26666666666666666,0.5714285714285714,True,4.638014469838532,2,4.631415712330153,0.7431235431235431,0.49740525834796767,0.512962962962963,0.13333333333333333
f57a8a52ca401ed9,Nick Diaz,15,7,7,4,2,1,6,2,2003-09-26,2021-09-25,9,25.006034803361235,73.0,76.0,170.0,Southpaw,15,14,1,0.5,0.4,0.8571428571428571,True,17.99900066394245,3,5.299191835620435,1.0603144921376966,0.42859691665848954,0.27457264957264954,0.8666666666666667
3a314d9fa7c6825d,Douglas Silva de Andrade,14,7,7,2,1,4,3,0,2014-02-15,2026-02-28,11,34.67109425342654,67.0,68.0,145.0,Orthodox,14,14,0,0.5,0.21428571428571427,0.42857142857142855,True,12.03583920272148,2,3.631563900890581,0.5228727945361411,0.4162634197037925,0.3833333333333333,0.14285714285714285
48d1f690b763934c,Chael Sonnen,14,7,7,0,2,5,2,3,2005-10-07,2013-11-16,7,33.078805764076506,73.0,73.0,205.0,Southpaw,14,14,0,0.5,0.14285714285714285,0.2857142857142857,True,8.10968055469996,3,2.4708522518809954,3.4517401768515694,0.4757684948177827,0.5138772175536881,0.2857142857142857
51018a31ddf31eb2,Molly McCann,14,7,7,2,1,4,3,0,2018-05-27,2025-03-22,8,31.466178536960278,64.0,62.0,115.0,Orthodox,14,14,0,0.5,0.21428571428571427,0.42857142857142855,True,6.820126354408372,3,4.885301596854491,1.5391540555194683,0.4932939523632127,0.499037999037999,0.35714285714285715
86dfed7cc24a9fa7,Matt Serra,14,7,7,2,1,4,3,3,2001-05-04,2010-09-25,10,31.14134542705971,66.0,68.0,170.0,Orthodox,14,14,0,0.5,0.21428571428571427,0.42857142857142855,True,9.39375894097757,2,2.2578957516200595,1.9340272711059228,0.3747540025110224,0.350123650858945,0.7142857142857143
87a1dc546b1c5caf,Makwan Amirkhani,14,7,7,1,4,2,5,0,2015-01-24,2023-03-18,9,30.72361904370775,70.0,72.0,145.0,Southpaw,14,14,0,0.5,0.35714285714285715,0.7142857142857143,True,8.14527334579081,3,4.160054564099242,4.145937787227178,0.4385184481686647,0.5578668894458368,0.6428571428571429
a6cba6bb66c1a8c9,Danny Roberts,14,7,7,3,1,3,4,0,2015-12-10,2023-07-22,8,31.774779769605125,73.0,74.0,170.0,Southpaw,14,14,0,0.5,0.2857142857142857,0.5714285714285714,True,7.614119386435039,2,2.691224838852276,0.17965367965367965,0.39716802066174234,0.06547619047619048,0.14285714285714285
b27a1fcb56a3035a,Trevin Giles,14,7,7,3,0,4,3,0,2017-07-08,2024-11-02,7,28.73433403834439,72.0,74.0,170.0,Orthodox,14,14,0,0.5,0.21428571428571427,0.42857142857142855,True,7.3211633366872695,3,3.067227383237757,1.3381110240143,0.5149556398882041,0.45625,0.21428571428571427
b96619b3acd7d9da,Miesha Tate,14,7,7,1,2,4,3,3,2013-04-13,2025-05-03,8,31.3517731370254,66.0,65.0,135.0,Orthodox,14,14,0,0.5,0.21428571428571427,0.42857142857142855,True,12.055004551770399,5,2.8845628701837476,1.4891712478611452,0.46118256808522784,0.26434676434676435,0.8571428571428571
d1e7fc58d4225cdf,Danny Castillo,14,7,7,2,0,5,2,0,2011-03-03,2015-12-19,5,33.77697205085858,69.0,71.0,155.0,Orthodox,14,14,0,0.5,0.14285714285714285,0.2857142857142857,True,4.796813076243866,3,2.8263202619364907,2.6604696673189823,0.4825093109553743,0.31937229437229436,0.21428571428571427
fc31f896cde2bc2e,John Howard,14,7,7,2,0,5,2,0,2009-01-31,2015-12-10,6,29.33686914466807,67.0,72.0,170.0,Orthodox,14,14,0,0.5,0.14285714285714285,0.2857142857142857,True,6.855719145499223,4,2.395820389311825,3.0614574761824422,0.5521567151124819,0.4899100899100899,0.35714285714285715
234f3767ff0e5701,Kendall Grove,13,7,6,2,2,3,4,1,2006-06-24,2011-05-28,6,26.09478107537616,78.0,79.0,185.0,Orthodox,13,13,0,0.5384615384615384,0.3076923076923077,0.5714285714285714,True,4.9254947055723255,3,2.315938329397914,0.8521363465934919,0.4078649379871809,0.7222222222222222,1.3076923076923077
36541f1e6c5d4955,Viviane Araujo,13,7,6,1,0,6,1,0,2019-05-11,2025-06-28,7,35.30762754566118,64.0,68.0,125.0,Orthodox,13,13,0,0.5384615384615384,0.07692307692307693,0.14285714285714285,True,6.132911695654257,2,3.8221652421652426,1.7974358974358975,0.476393392931796,0.533044733044733,0.6153846153846154
46e0d677f91bacc0,Miles Johns,13,7,5,3,0,4,3,0,2019-09-14,2026-08-08,8,29.037820499657496,67.0,68.0,135.0,Orthodox,13,12,1,0.5833333333333334,0.23076923076923078,0.42857142857142855,True,6.899525657611039,2,3.274152170948358,0.8461538461538461,0.4311964022929613,0.17916666666666664,0.0
52e76bb4b3e852f3,Antonio Carlos Junior,13,7,5,0,5,2,5,1,2014-05-31,2021-01-23,7,27.057681908910887,74.0,79.0,185.0,Orthodox,13,12,1,0.5833333333333334,0.38461538461538464,0.7142857142857143,True,6.650376119975085,5,2.5088835540232632,3.091891153539743,0.42810999320691684,0.5154347966847966,0.6153846153846154
5aedf14771ca82d2,Wilson Reis,13,7,6,0,2,5,2,1,2013-09-21,2019-04-13,7,31.44170285179341,64.0,65.0,125.0,Southpaw,13,13,0,0.5384615384615384,0.15384615384615385,0.2857142857142857,True,5.55795122418667,3,1.827578624668246,6.165672696464526,0.31311363328164477,0.38906391988233424,0.46153846153846156
7be74a12d7352df2,Sara McMann,13,7,6,1,2,4,3,1,2013-04-27,2022-03-26,9,36.380044659475445,66.0,66.0,135.0,Orthodox,13,13,0,0.5384615384615384,0.23076923076923078,0.42857142857142855,True,8.911887307747593,3,2.9249845477922807,4.525531047023301,0.4769913894263146,0.6101851851851853,0.3076923076923077
b2e3aca4cd363477,Chris Cariaso,13,7,6,1,0,6,1,1,2011-01-22,2015-10-03,5,31.926101783799066,63.0,64.0,125.0,Southpaw,13,13,0,0.5384615384615384,0.07692307692307693,0.14285714285714285,True,4.695510516985291,3,3.289489982211842,0.795483205319271,0.42792400034302563,0.356060606060606,0.5384615384615384
beecb672a279223e,Amanda Ribas,13,7,6,1,2,4,3,0,2019-06-29,2025-07-26,7,28.703374628342285,64.0,66.0,115.0,Orthodox,13,13,0,0.5384615384615384,0.23076923076923078,0.42857142857142855,True,6.075415648507498,4,3.987865243668148,2.449808996530467,0.4380889961523522,0.6102564102564103,0.46153846153846156
df1eb4354d18a906,Scott Holtzman,13,7,6,2,1,4,3,0,2015-08-08,2022-12-03,8,34.92747968815239,69.0,69.0,155.0,Orthodox,13,13,0,0.5384615384615384,0.23076923076923078,0.42857142857142855,True,7.3211633366872695,3,4.095912075585932,1.6753154644049766,0.4795207999223629,0.5108815426997245,0.15384615384615385
21b8a0f5c231096f,Mark Coleman,12,7,5,3,3,1,6,3,1996-07-12,2010-02-06,6,35.34455418888364,73.0,75.0,205.0,Orthodox,12,12,0,0.5833333333333334,0.5,0.8571428571428571,True,13.571805033642033,6,3.426228557787867,4.775717129000209,0.6038354625516659,0.620515873015873,0.6666666666666666
2924886ee9c4c527,Thiago Silva,12,7,3,6,0,1,6,0,2007-05-26,2013-10-09,7,27.42447369441764,74.0,74.0,205.0,Orthodox,12,10,2,0.7,0.5,0.8571428571428571,True,6.373847512269245,4,4.322404272915336,1.858600273623626,0.5484965256952522,0.5833333333333334,0.3333333333333333
3143bf892608139a,Yana Santos,12,7,5,0,0,7,0,1,2018-03-03,2025-10-04,7,31.95023397696964,66.0,68.0,135.0,Orthodox,12,12,0,0.5833333333333334,0.0,0.0,True,7.589478223372143,3,4.268451770041182,0.9491869918699187,0.5833755519738445,0.3958333333333333,0.08333333333333333
333b9e5c723ac873,Aleksandar Rakic,12,7,5,2,0,5,2,0,2017-09-02,2026-08-01,9,29.5890173423593,76.0,78.0,238.0,Orthodox,12,12,0,0.5833333333333334,0.16666666666666666,0.2857142857142857,True,8.911887307747593,4,4.2490477026542655,0.4451068057625435,0.5131487434711041,0.15873015873015875,0.08333333333333333
49858bf46dabf6fb,Nordine Taleb,12,7,5,2,0,5,2,0,2014-04-16,2019-09-07,6,35.631806265700185,73.0,74.0,170.0,Orthodox,12,12,0,0.5833333333333334,0.16666666666666666,0.2857142857142857,True,5.39367680376736,3,3.5378886718470732,1.6337747641435805,0.5437190094812822,0.7142857142857143,0.0
55ee431411ccf07a,Olivier Aubin-Mercier,12,7,5,1,4,2,5,1,2014-04-16,2019-07-27,6,27.7308911202831,69.0,70.0,155.0,Southpaw,12,12,0,0.5833333333333334,0.4166666666666667,0.7142857142857143,True,5.2786847094738425,4,3.5703900907290844,2.1733479271081717,0.5318955943359883,0.3224426807760141,0.4166666666666667
9d83f6da776ff7d6,Roman Kopylov,12,7,5,5,0,2,5,0,2019-11-09,2026-05-09,7,31.495969572726793,72.0,75.0,185.0,Southpaw,12,12,0,0.5833333333333334,0.4166666666666667,0.7142857142857143,True,6.497053327583728,4,4.809070849893627,0.9837266301234281,0.5311850771566947,0.6031746031746031,0.0
a4de54ea806fb525,Ray Borg,12,7,5,0,2,5,2,1,2014-04-19,2020-05-13,6,23.646162024773492,64.0,63.0,135.0,Orthodox,12,12,0,0.5833333333333334,0.16666666666666666,0.2857142857142857,True,6.067201927486533,3,1.5142325854433736,4.191983000735511,0.5480784895908454,0.5230263157894737,1.0
aa1952ec0b3dd8e1,Kurt Pellegrino,12,7,5,1,4,2,5,0,2006-07-08,2011-03-19,6,29.309294509811973,68.0,70.0,155.0,Orthodox,12,12,0,0.5833333333333334,0.4166666666666667,0.7142857142857143,True,4.695510516985291,4,2.3687995298352695,3.4237605674920992,0.4701289973028939,0.6351851851851852,0.5833333333333334
ae7fe94f117f98cf,Joaquim Silva,12,7,5,3,0,4,3,0,2015-09-05,2025-09-13,10,31.55620352688054,68.0,69.0,155.0,Southpaw,12,12,0,0.5833333333333334,0.25,0.42857142857142855,True,10.023477552584927,3,3.9371151972306015,0.2654808959156785,0.46908876788721515,0.41666666666666663,0.5833333333333334
c451d67c09c55418,Chan Sung Jung,12,7,5,4,2,1,6,2,2011-03-26,2023-08-26,10,30.519677565818142,67.0,72.0,145.0,Orthodox,12,12,0,0.5833333333333334,0.5,0.8571428571428571,True,12.419146183699871,3,9.57394293518884,0.5854465301528055,0.4538946389978033,0.35000000000000003,0.5833333333333334
c77a953488e5607d,Vinc Pichel,12,7,5,1,0,6,1,0,2012-12-15,2025-03-29,10,36.183038209773876,70.0,72.0,155.0,Orthodox,12,12,0,0.5833333333333334,0.08333333333333333,0.14285714285714285,True,12.284988740357434,4,3.5074461380912996,2.0833333333333335,0.4306947064615792,0.415993265993266,0.16666666666666666
ccdd90bd1fc7dab6,Vladimir Matyushenko,12,7,5,3,0,4,3,1,2001-06-29,2013-01-26,7,36.55790331081405,72.0,74.0,205.0,Orthodox,12,12,0,0.5833333333333334,0.25,0.42857142857142855,True,11.578608732554398,2,4.247736498108015,2.888095238095238,0.45691897213102767,0.5703947368421053,0.08333333333333333
d023ae89a2a4a41e,Matthew Riddle,12,7,3,1,0,5,1,0,2008-06-21,2013-02-16,6,24.89419130212576,73.0,76.0,170.0,Southpaw,12,10,2,0.7,0.08333333333333333,0.14285714285714285,True,4.657179818887451,3,3.060510184399615,3.6264144946676704,0.5010044987211998,0.5224867724867724,0.5
d25240135aee03e5,Tabatha Ricci,12,7,5,1,1,5,2,0,2021-06-05,2026-07-18,6,28.893132644749723,61.0,61.0,115.0,Orthodox,12,12,0,0.5833333333333334,0.16666666666666666,0.2857142857142857,True,5.117148196061521,4,3.7800692647252183,2.51448710671554,0.3782549637944541,0.34898989898989896,0.08333333333333333
ec34349e7dffcde7,Claudia Gadelha,12,7,5,0,1,6,1,1,2014-07-16,2020-11-07,7,28.710377352033237,64.0,63.0,115.0,Orthodox,12,12,0,0.5833333333333334,0.08333333333333333,0.14285714285714285,True,6.313613558115499,2,3.311912568306011,3.193169398907104,0.4037465601768284,0.46071047008547006,0.6666666666666666
0232cabbc30a2372,Adrian Yanez,11,7,3,6,0,1,6,0,2020-10-31,2026-07-11,6,29.46211950092933,67.0,70.0,135.0,Orthodox,11,10,1,0.7,0.5454545454545454,0.8571428571428571,True,5.692108667529107,5,6.787482032294512,0.0,0.44810661918434713,0.0,0.0
0fd5f4b838e890cc,Said Nurmagomedov,11,7,4,2,3,2,5,0,2018-07-14,2025-07-26,6,29.883010478094562,68.0,70.0,135.0,Orthodox,11,11,0,0.6363636363636364,0.45454545454545453,0.7142857142857143,True,7.033683100953476,4,5.427870414925247,0.5454545454545454,0.5342531225037576,0.10505050505050505,0.7272727272727273
1a31ef98efce7a79,Matheus Nicolau,11,7,4,1,1,5,2,0,2015-11-07,2024-10-19,8,27.844763161710123,66.0,66.0,125.0,Orthodox,11,11,0,0.6363636363636364,0.18181818181818182,0.2857142857142857,True,8.950218005845432,4,3.0816090508719087,1.052131607212766,0.5033402480860263,0.4652777777777778,0.6363636363636364
2558ae2e5671e318,Khaos Williams,11,7,4,5,0,2,5,0,2020-02-08,2026-05-16,7,28.691772029417567,72.0,77.0,170.0,Orthodox,11,11,0,0.6363636363636364,0.45454545454545453,0.7142857142857143,True,6.2670691389966935,2,7.149232979978967,0.0,0.4330715088367226,0.0,0.0
31a13532e724ca2b,Stevie Ray,11,7,4,2,0,5,2,0,2015-04-11,2019-10-26,5,27.16700672716197,70.0,70.0,155.0,Southpaw,11,11,0,0.6363636363636364,0.18181818181818182,0.2857142857142857,True,4.542187724593934,3,3.689448116945114,0.5454545454545454,0.4296627832861079,0.4666666666666667,0.45454545454545453
4e30e4250cb08b61,Loma Lookboonmee,11,7,4,0,1,6,1,0,2019-10-26,2026-05-30,8,26.79689147994452,61.0,61.0,115.0,Orthodox,11,11,0,0.6363636363636364,0.09090909090909091,0.14285714285714285,True,6.5928800728283266,4,3.3608625330699287,1.839323467230444,0.5376936194392818,0.47333333333333333,0.09090909090909091
64facb6cc564262d,Punahele Soriano,11,7,4,4,0,3,4,0,2019-12-14,2026-02-21,7,30.336009637432664,71.0,72.0,170.0,Southpaw,11,11,0,0.6363636363636364,0.36363636363636365,0.5714285714285714,True,6.190407742801016,4,6.616153795639075,1.5062298107983387,0.5656471761156108,0.42099567099567103,0.09090909090909091
896c322f56b8be5a,George Sotiropoulos,11,7,4,1,4,2,5,0,2007-12-08,2013-10-19,7,33.081881464805136,70.0,71.0,155.0,Orthodox,11,11,0,0.6363636363636364,0.45454545454545453,0.7142857142857143,True,5.864596808969384,7,2.509885430678406,2.586189527435906,0.3259334633092478,0.45543530543530536,1.0909090909090908
9c65736747ca92ec,Leonardo Santos,11,7,3,2,2,3,4,1,2013-06-08,2022-08-20,8,37.72338054356166,72.0,75.0,155.0,Orthodox,11,10,1,0.7,0.36363636363636365,0.5714285714285714,True,9.199367543481385,6,3.5790146812736476,1.0834761825872707,0.48953303776180895,0.3492063492063492,0.18181818181818182
9c907996820d2d69,Jimmie Rivera,11,7,4,1,0,6,1,0,2015-07-18,2021-02-27,7,28.606399110926926,64.0,68.0,135.0,Orthodox,11,11,0,0.6363636363636364,0.09090909090909091,0.14285714285714285,True,5.615447271333429,5,4.173850868232891,0.7272727272727273,0.38379865636698657,0.24285714285714285,0.09090909090909091
d5f820c11a121050,Aaron Simpson,11,7,4,2,0,5,2,0,2009-04-01,2012-10-05,4,36.56026786686554,72.0,73.0,170.0,Orthodox,11,11,0,0.6363636363636364,0.18181818181818182,0.2857142857142857,True,3.5127346899662553,3,4.260927371771846,4.407682755760049,0.5609929196523957,0.4934398934398934,0.36363636363636365
e132d47bd9efbbe0,Rafa Garcia,11,7,4,1,1,5,2,0,2021-03-13,2026-04-25,6,28.84484592117192,67.0,70.0,155.0,Orthodox,11,11,0,0.6363636363636364,0.18181818181818182,0.2857142857142857,True,5.117148196061521,3,4.122560088339929,3.089628158241595,0.45486533215691816,0.413961038961039,0.36363636363636365
10f3ba6cd2f44a97,Dominick Cruz,10,7,3,1,0,6,1,6,2011-07-02,2022-08-13,6,32.16903837861147,68.0,68.0,135.0,Orthodox,10,10,0,0.7,0.1,0.14285714285714285,True,11.11590244837334,5,6.44878545327885,4.684397299903568,0.4220999949347841,0.3245263508421403,0.1
1d239d571e342453,Germaine de Randamie,10,7,3,3,1,3,4,2,2013-07-27,2024-04-06,8,33.63217588314613,69.0,71.0,135.0,Orthodox,10,10,0,0.7,0.4,0.5714285714285714,True,10.69426476929711,5,3.891398507405294,0.0,0.49075943093788094,0.0,0.3
20bccc9bb4ceb23e,Melquizael Costa,10,7,3,2,2,3,4,0,2023-01-21,2026-05-16,4,28.21714340472426,70.0,71.0,145.0,Southpaw,10,10,0,0.7,0.4,0.5714285714285714,True,3.3156053854630825,6,3.977604727929156,1.6561901392633707,0.4886024019724807,0.46770833333333334,0.6
4682bc59d5f55145,Sean Woodson,10,7,2,2,0,5,2,0,2019-10-18,2025-04-12,7,30.412397242927643,74.0,78.0,145.0,Orthodox,10,9,1,0.7777777777777778,0.2,0.2857142857142857,False,5.484027734997981,4,6.33736299142682,0.5,0.4711523884268181,0.37777777777777777,0.3
4c7781da8c6cae93,Ryan LaFlare,10,7,3,0,0,7,0,0,2013-04-06,2018-10-06,5,32.07649712177526,73.0,74.0,170.0,Southpaw,10,10,0,0.7,0.0,0.0,True,5.500455177039912,4,2.9046858832224687,2.1,0.4151349160328713,0.31216931216931215,0.2
52cae54377b433b7,Nate Quarry,10,7,3,5,0,2,5,1,2005-04-09,2010-03-31,5,35.42085053081172,72.0,72.0,185.0,Open Stance,10,10,0,0.7,0.5,0.7142857142857143,True,4.974777031698118,3,4.9161493436238395,0.6122448979591837,0.42205009981165525,0.3333333333333333,0.0
791c8437b341fba5,Joanderson Brito,10,7,3,3,3,1,6,0,2022-01-15,2026-06-06,5,29.01250539025442,68.0,72.0,145.0,Orthodox,10,10,0,0.7,0.6,0.8571428571428571,True,4.388864932202577,5,4.2593548083218105,3.635947822772013,0.4983394910928297,0.8095238095238094,0.8
ad3f53c454cbbead,Josh Barnett,10,7,3,4,2,1,6,1,2000-11-17,2016-09-03,6,30.513426011485517,75.0,78.0,250.0,Orthodox,10,10,0,0.7,0.6,0.8571428571428571,True,15.7949855233167,4,4.702298189871724,0.9366355775626511,0.6391112616299333,0.5833333333333334,0.5
c0badf3243907e59,Alexandr Romanov,10,7,3,1,3,3,4,0,2020-09-12,2024-11-02,5,31.608862604981617,74.0,75.0,262.0,Southpaw,10,10,0,0.7,0.4,0.5714285714285714,True,4.139715394566624,5,3.117801621261638,5.369184428831362,0.5620067332565867,0.5793650793650794,0.5
f166e93d04a8c274,Diego Lopes,10,7,3,4,1,2,5,2,2023-05-06,2026-06-14,4,29.78404758482378,71.0,72.0,145.0,Orthodox,10,10,0,0.7,0.5,0.7142857142857143,True,3.107524452931956,5,5.498266007935349,0.7791836734693878,0.4755081967585603,0.4138888888888889,0.8
28f3c2258a1d8874,John Hathaway,9,7,2,1,0,6,1,0,2009-01-17,2014-03-01,5,23.55968979513611,73.0,75.0,170.0,Orthodox,9,9,0,0.7777777777777778,0.1111111111111111,0.14285714285714285,False,5.117148196061521,4,3.4103896356621957,3.629318271377907,0.39992424878539534,0.37777777777777777,0.7777777777777778
71171fc96445bf65,Vitor Petrino,9,7,2,2,2,3,4,0,2023-03-11,2026-03-14,4,26.956215543250185,74.0,77.0,225.0,Orthodox,9,9,0,0.7777777777777778,0.4444444444444444,0.5714285714285714,False,3.00895980068037,4,2.961590953405553,3.2569139519202235,0.4670251896719828,0.4679012345679012,0.5555555555555556
8f5c8850b2484173,Mairbek Taisumov,9,7,2,5,0,2,5,0,2014-01-04,2019-09-07,6,27.6038826563478,69.0,73.0,155.0,Orthodox,9,9,0,0.7777777777777778,0.5555555555555556,0.7142857142857143,False,5.672943318480188,6,4.024144580607381,1.1472715318869164,0.4776415668646833,0.5714285714285715,0.0
af62f99eb7606308,Erik Perez,9,7,2,2,1,4,3,0,2012-06-01,2016-11-05,5,24.482972880270566,68.0,68.0,135.0,Orthodox,9,9,0,0.7777777777777778,0.3333333333333333,0.42857142857142855,False,4.429933537307405,3,6.8565013721060915,2.242718446601942,0.47630520890811845,0.5438131313131312,0.1111111111111111
f626118b6da0e020,Bryan Battle,9,7,1,3,2,2,5,0,2021-08-28,2024-12-07,4,28.64337468333444,73.0,77.0,185.0,Orthodox,9,8,1,0.875,0.5555555555555556,0.7142857142857143,False,3.2772746873652436,3,6.719779404389756,0.793599121185328,0.4823499888691325,0.30357142857142855,0.2222222222222222
01641ba5df0c69b0,Gabriel Bonfim,8,7,1,1,3,3,4,0,2023-01-21,2026-06-06,4,27.108017276193213,73.0,72.0,170.0,Orthodox,8,8,0,0.875,0.5,0.5714285714285714,False,3.3731014326098414,5,5.106454613381178,3.6326094872170667,0.4550159822816073,0.6261904761904762,0.625
7ee0fd831c0fe7c3,Carlos Prates,8,7,1,7,0,0,7,0,2024-02-10,2026-05-02,3,31.521181133082816,73.0,78.0,170.0,Switch,8,8,0,0.875,0.875,1.0,False,2.223180489674668,4,4.476724157644869,0.3879310344827587,0.5466951952161955,1.0,0.0
84ff027394f7e470,Gregor Gillespie,8,7,1,4,2,1,6,0,2016-09-24,2021-05-08,5,31.68785122213324,67.0,71.0,155.0,Orthodox,8,8,0,0.875,0.75,0.8571428571428571,False,4.618849120789612,6,6.230839066620555,5.393047312360453,0.5296644227784717,0.46472241209083315,0.375
8d3273573b85be09,Asu Almabayev,8,7,1,0,3,4,3,0,2023-08-05,2026-06-27,4,30.95101199887746,64.0,65.0,125.0,Orthodox,8,8,0,0.875,0.375,0.42857142857142855,False,2.8939677063868525,4,2.397143556135257,4.525243109493262,0.5364150353628041,0.4073931277056277,1.25
8eb046f83e82bf26,Martin Buday,8,7,1,0,1,6,1,0,2022-04-16,2025-07-26,4,32.02940512125505,76.0,77.0,265.0,Orthodox,8,8,0,0.875,0.125,0.14285714285714285,False,3.2772746873652436,4,4.666905269898375,0.448207171314741,0.5334947520829924,0.3333333333333333,0.125
c1085e1701b13eca,Joe Pyfer,8,7,1,4,2,1,6,0,2022-09-17,2026-03-28,5,27.759981382232354,74.0,75.0,185.0,Orthodox,8,8,0,0.875,0.75,0.8571428571428571,False,3.5264242250011977,4,3.679684337618358,1.3223434535104364,0.5120106246799795,0.3,0.5
dd6103dd7127db1d,Mike Malott,8,7,1,3,2,2,5,0,2022-04-09,2026-04-18,5,32.55063416771049,73.0,73.0,170.0,Orthodox,8,8,0,0.875,0.625,0.7142857142857143,False,4.024723300273106,4,4.290776257014087,1.6894051452200776,0.5404301631965753,0.5833333333333333,0.375
01afe0916a40c7c5,Shavkat Rakhmonov,7,7,0,1,5,1,6,0,2020-10-24,2024-12-07,5,27.896534494205902,73.0,77.0,170.0,Orthodox,7,7,0,1.0,0.8571428571428571,0.8571428571428571,False,4.120550045517704,7,3.278915979757842,1.630446259246281,0.5819092845732196,0.3904761904761905,0.8571428571428571
75353550928a7921,Muhammad Mokaev,7,7,0,0,4,3,4,0,2022-03-19,2024-07-27,3,22.75474513508149,67.0,70.0,125.0,Orthodox,7,7,0,1.0,0.5714285714285714,0.5714285714285714,False,2.357337933017105,7,1.6615683678001345,4.544611721271839,0.46987794235481367,0.4739468864468865,0.7142857142857143
a09ed60aa67a3f67,Farid Basharat,7,7,0,0,1,6,1,0,2023-03-04,2026-07-11,4,27.283243324640477,68.0,71.0,135.0,Orthodox,7,7,0,1.0,0.14285714285714285,0.14285714285714285,False,3.3539360835609218,7,3.6296918767507003,4.008403361344538,0.5296939880715551,0.4709879406307978,0.2857142857142857
c32aeb1a59e6272d,Michael Morales,7,7,0,5,0,2,5,0,2022-01-22,2025-11-15,4,24.50974352656112,72.0,79.0,170.0,Orthodox,7,7,0,1.0,0.7142857142857143,0.7142857142857143,False,3.813904460734991,7,6.784979312786513,0.14285714285714285,0.5589158875905766,0.25,0.0
6da99156486ed6c2,Joshua Burkman,19,6,12,1,1,4,2,0,2005-11-05,2018-02-18,8,31.330446282444647,70.0,72.0,170.0,Orthodox,19,18,1,0.3333333333333333,0.10526315789473684,0.3333333333333333,True,12.287726647364423,2,3.222185010550728,4.063814214517325,0.5142970653260005,0.4040508511096746,0.21052631578947367
8e9eb3fc86db0f7d,Marc-Andre Barriault,17,6,10,3,1,2,4,0,2019-05-04,2026-02-07,8,32.59639345173171,73.0,74.0,185.0,Orthodox,17,16,1,0.375,0.23529411764705882,0.6666666666666666,True,6.7653682142686025,2,5.606353186901053,0.2662013958125623,0.50886528313842,0.27777777777777773,0.058823529411764705
03f982ca3735070c,Walt Harris,16,6,9,6,0,0,6,0,2013-11-30,2021-06-05,8,34.36843330116292,77.0,77.0,250.0,Southpaw,16,15,1,0.4,0.375,1.0,True,7.512816827176465,2,5.775890306272389,0.2716078066914498,0.42059313031271717,0.26666666666666666,0.0625
f14f644d41ade29f,Cody Brundage,16,6,8,4,1,0,5,0,2021-09-25,2026-05-16,6,29.849346666940455,72.0,72.0,185.0,Orthodox,16,14,2,0.42857142857142855,0.3125,0.8333333333333334,True,4.638014469838532,2,2.7856242281519603,2.5342027731899117,0.4689916601342797,0.4136904761904762,0.25
fc9a9559a05f2704,Eddie Wineland,16,6,10,5,0,1,5,1,2011-03-19,2022-06-18,12,31.690075771576417,67.0,69.0,135.0,Orthodox,16,16,0,0.375,0.3125,0.8333333333333334,True,11.250059891715777,2,3.432963141773128,0.3628361075544174,0.30187851438631147,0.2592592592592593,0.0
5f179af5fffeb9f6,Cortney Casey,15,6,9,1,2,3,3,0,2015-07-18,2022-07-09,8,31.27821470210431,67.0,67.0,125.0,Orthodox,15,15,0,0.4,0.2,0.5,True,6.976187053806718,2,4.3297610068053025,0.9692307692307691,0.4349627334431972,0.2611111111111111,0.4
7f955f71fa2ce7ac,Alessio Sakara,15,6,8,4,0,2,4,0,2005-10-07,2013-10-26,9,27.331978069364872,72.0,72.0,185.0,Orthodox,15,14,1,0.42857142857142855,0.26666666666666666,0.6666666666666666,True,8.0521845075532,3,4.940320172648925,1.9044621723503112,0.4905770505075617,0.625,0.0
813550bc53b15fb0,Yancy Medeiros,15,6,8,2,3,1,5,0,2013-04-27,2021-06-26,9,28.961762847058235,70.0,75.0,155.0,Orthodox,15,14,1,0.42857142857142855,0.3333333333333333,0.8333333333333334,True,8.16443869483973,3,4.287351089137494,0.2164358264081256,0.35137540241655973,0.4,0.4
cc6f9d1e89f3449a,Manvel Gamburyan,15,6,8,0,3,3,3,1,2007-06-23,2016-11-19,9,30.84380012366213,65.0,67.0,135.0,Orthodox,15,14,1,0.42857142857142855,0.2,0.5,True,9.4101863830195,2,1.916778251574864,3.3089090138271144,0.4391289188606618,0.3615293454659971,0.5333333333333333
d1a1314976c50bef,Josh Neer,15,6,9,1,3,2,4,0,2005-08-06,2013-02-23,7,26.021433248686375,71.0,72.0,170.0,Orthodox,15,15,0,0.4,0.26666666666666666,0.6666666666666666,True,7.551147525274304,2,2.7839788781548136,1.0901895206243033,0.43157309743296274,0.32407407407407407,0.8666666666666667
eb04b9d31e938edb,Michelle Waterson-Gomez,15,6,9,0,2,4,2,0,2015-07-12,2024-06-29,10,33.99786899571289,63.0,62.0,115.0,Orthodox,15,15,0,0.4,0.13333333333333333,0.3333333333333333,True,8.966645447887363,3,3.5050206360969884,1.661383091943346,0.5143941000319593,0.5321428571428571,0.5333333333333333
29af297d9f1de0f8,Damon Jackson,14,6,6,1,2,3,3,0,2014-08-30,2024-11-16,8,32.63174466279253,71.0,71.0,155.0,Switch,14,12,2,0.5,0.21428571428571427,0.5,True,10.215131043074122,4,3.662670158027604,3.1380335926307064,0.4531266275376259,0.35633394383394384,0.7857142857142857
2be6596a9db33bf5,Jason MacDonald,14,6,8,2,4,0,6,0,2006-10-10,2012-05-15,7,33.565175387389395,75.0,80.0,185.0,Orthodox,14,14,0,0.42857142857142855,0.42857142857142855,1.0,True,5.5962819222845095,2,1.4745137436635651,1.4694907508510775,0.5097233704226501,0.17897102897102896,0.7857142857142857
6551c64fbcd1a467,Ariane da Silva,14,6,8,0,2,4,2,0,2019-01-19,2025-06-07,7,28.131994496806918,66.0,67.0,125.0,Orthodox,14,14,0,0.42857142857142855,0.14285714285714285,0.3333333333333333,True,6.382061233290211,3,4.004774629476552,0.4557823129251701,0.4544643857815969,0.5714285714285714,0.21428571428571427
de45aaae23dfa392,Christos Giagos,14,6,8,1,2,3,3,0,2014-10-25,2024-04-06,9,29.93490626090885,70.0,71.0,155.0,Orthodox,14,14,0,0.42857142857142855,0.21428571428571427,0.5,True,9.44851708111734,2,3.090353445324442,2.157742240350179,0.39696817353277203,0.3660968660968661,0.21428571428571427
eae431e70064e046,Abdul Razak Alhassan,14,6,7,6,0,0,6,0,2016-11-19,2025-01-11,9,35.233734143362675,70.0,73.0,185.0,Orthodox,14,13,1,0.46153846153846156,0.42857142857142855,1.0,True,8.14527334579081,3,7.8165671038781,0.5320197044334976,0.5894567022802243,0.26666666666666666,0.07142857142857142
5f99b2bafb10305f,Daron Cruickshank,13,6,6,3,0,3,3,0,2012-06-01,2016-01-17,5,28.825106186037623,68.0,72.0,155.0,Switch,13,12,1,0.5,0.23076923076923078,0.5,True,3.6277267842597727,2,3.369271493546724,1.7137072095635255,0.4060183918596073,0.40083333333333326,0.15384615384615385
63b65af1c5cb02cb,Ken Shamrock,13,6,5,2,4,0,6,6,1994-09-09,2006-10-10,7,35.212222016879196,73.0,72.0,205.0,Orthodox,13,11,2,0.5454545454545454,0.46153846153846156,1.0,True,12.085121528847273,2,1.3964689676073383,1.4477633743437,0.4252072002072002,0.65,0.6923076923076923
67f272324a030d00,Misha Cirkunov,13,6,7,1,5,0,6,0,2015-08-23,2022-10-15,7,31.773410816101627,75.0,77.0,205.0,Orthodox,13,13,0,0.46153846153846156,0.46153846153846156,1.0,True,7.145937288240005,4,4.996832160163584,3.1764600292681924,0.5351050069589673,0.48638344226579516,0.5384615384615384
73e09f837f3b5ecc,Rogerio Nogueira,13,6,7,4,0,2,4,0,2009-11-21,2020-07-25,10,38.14578407075173,74.0,75.0,205.0,Southpaw,13,13,0,0.46153846153846156,0.3076923076923077,0.6666666666666666,True,10.675099420248191,2,3.944030742681505,0.07692307692307693,0.34090934750145585,1.0,0.15384615384615385
8d26912cd2aeb366,Jeremy Horn,13,6,7,1,4,1,5,2,1998-05-15,2009-01-17,8,27.507119874519613,73.0,74.0,185.0,Orthodox,13,13,0,0.46153846153846156,0.38461538461538464,0.8333333333333334,True,10.67783732725518,4,1.5075170939526148,1.144652455288369,0.475059844361052,0.3945578231292517,0.9230769230769231
98215d037be5bcb7,Cynthia Calvillo,13,6,6,0,3,3,3,0,2017-03-04,2023-04-08,7,32.37406549178865,64.0,64.0,115.0,Orthodox,13,12,1,0.5,0.23076923076923078,0.5,True,6.094580997556418,3,4.446371721124054,2.058732473556594,0.40688396334639343,0.5253968253968254,0.6923076923076923
9e50097a89442158,Mickey Gall,13,6,7,0,5,1,5,0,2016-02-06,2024-11-16,8,27.98372630196692,74.0,74.0,170.0,Switch,13,13,0,0.46153846153846156,0.38461538461538464,0.8333333333333334,True,8.777729864405154,3,3.819917569920376,2.72438770185188,0.4662025490488445,0.5142857142857142,0.8461538461538461
af9f42e6894047fc,Jamie Mullarkey,13,6,7,2,0,4,2,0,2019-10-05,2026-01-31,8,28.340496645800656,72.0,74.0,155.0,Orthodox,13,13,0,0.46153846153846156,0.15384615384615385,0.3333333333333333,True,6.324565186143452,2,4.346982795958495,2.237983250379087,0.44005817731037783,0.37893493761140823,0.07692307692307693
b9d0fd83bb8a147a,Keith Jardine,13,6,7,2,0,4,2,0,2005-11-05,2010-06-19,6,32.12639021177184,74.0,76.0,185.0,Orthodox,13,13,0,0.46153846153846156,0.15384615384615385,0.3333333333333333,True,4.618849120789612,2,4.054381998437456,0.23076923076923078,0.3759608647442448,0.375,0.0
d0c29452d3272603,Dan Miller,13,6,7,0,4,2,4,0,2008-09-17,2015-07-12,7,29.443873169617024,73.0,74.0,185.0,Orthodox,13,13,0,0.46153846153846156,0.3076923076923077,0.6666666666666666,True,6.814650540394395,3,1.9670338676829842,1.3224222585924714,0.35173687780651974,0.4300595238095238,1.2307692307692308
e51e5cb722bd47a8,Patrick Cummins,13,6,7,2,0,4,2,0,2014-02-22,2019-05-18,6,35.4723231825431,74.0,76.0,205.0,Orthodox,13,13,0,0.46153846153846156,0.15384615384615385,0.3333333333333333,True,5.232140290355038,3,4.183411080122226,4.002908407514665,0.5129120055141058,0.31927484280425455,0.07692307692307693
1e1dbd1cc5a7469e,Jimi Manuwa,12,6,6,5,0,1,5,0,2012-09-29,2019-06-01,8,35.94712188933836,73.0,79.0,205.0,Orthodox,12,12,0,0.5,0.4166666666666667,0.8333333333333334,True,6.669541469024004,3,3.251363661612224,0.75,0.5507060597948664,0.16666666666666666,0.16666666666666666
5442f1bc4b47eaf3,Chris Curtis,12,6,5,3,0,3,3,0,2021-11-06,2026-03-14,6,36.093371755294996,70.0,75.0,170.0,Orthodox,12,11,1,0.5454545454545454,0.25,0.5,True,4.350534234104739,3,5.411746923013073,0.0,0.48508741616720413,0.0,0.0
70e1f8a821b72c8b,Jimmy Crute,12,6,4,2,4,0,6,0,2018-12-01,2025-09-27,6,25.90447898770452,74.0,74.0,205.0,Orthodox,12,10,2,0.6,0.5,1.0,True,6.8228642614153605,2,4.131101360222882,5.937352557517173,0.4985840264731774,0.45,0.9166666666666666
7339d340aa2889cb,Kyle Noke,12,6,6,3,2,1,5,0,2010-06-19,2016-11-26,6,33.451519652468335,73.0,76.0,170.0,Southpaw,12,12,0,0.5,0.4166666666666667,0.8333333333333334,True,6.439557280436969,3,4.434153138079761,2.2398611108426,0.5344890900682587,0.6408730158730158,0.3333333333333333
80d8aed0ca9b00f3,Montana De La Rosa,12,6,5,1,3,2,4,0,2017-12-01,2024-06-08,8,25.883716526234853,67.0,68.0,125.0,Orthodox,12,11,1,0.5454545454545454,0.3333333333333333,0.6666666666666666,True,6.518956583639636,3,2.819328586031116,1.759444502332905,0.4061466871582781,0.35,0.6666666666666666
8e1f36476ef02a6a,Jennifer Maia,12,6,6,0,1,5,1,1,2018-07-14,2023-10-14,6,32.42685795510289,64.0,64.0,125.0,Orthodox,12,12,0,0.5,0.08333333333333333,0.16666666666666666,True,5.251305639403958,2,4.519524989673688,0.3833333333333333,0.3985212311450479,0.2916666666666667,0.08333333333333333
9ce6d5a03af801b7,Darren Till,12,6,5,2,0,4,2,1,2015-05-30,2022-12-10,7,25.804089064114937,72.0,74.0,185.0,Southpaw,12,11,1,0.5454545454545454,0.16666666666666666,0.3333333333333333,True,7.531982176225385,4,2.579605908449979,0.5862687078046956,0.4480704925378354,0.5952380952380951,0.0
aa171d55d4b5208f,Billy Quarantillo,12,6,6,3,1,2,4,0,2019-12-07,2026-08-08,7,33.64545473213003,70.0,70.0,155.0,Orthodox,12,12,0,0.5,0.3333333333333333,0.6666666666666666,True,6.669541469024004,3,6.801624183238464,1.5085433790453182,0.519425403679049,0.3534632034632034,0.75
b4192a975027aab6,Maryna Moroz,12,6,6,0,2,4,2,0,2015-04-11,2024-03-09,9,27.62639433618304,67.0,67.0,125.0,Orthodox,12,12,0,0.5,0.16666666666666666,0.3333333333333333,True,8.911887307747593,3,4.577025984049396,0.7125246548323472,0.36744823972642454,0.2657407407407408,0.5
e94085e821bd81de,Sam Hughes,12,6,6,1,1,4,2,0,2020-12-12,2026-03-14,7,30.902984546796535,65.0,64.0,115.0,Orthodox,12,12,0,0.5,0.16666666666666666,0.3333333333333333,True,5.251305639403958,3,4.320720744898376,1.2194285977180714,0.48650233071699395,0.3013095238095238,0.16666666666666666
00e11b5c8b7bfeeb,Luke Rockhold,11,6,5,3,3,0,6,2,2013-05-18,2022-08-20,8,31.77117071036864,75.0,77.0,185.0,Southpaw,11,11,0,0.5454545454545454,0.5454545454545454,1.0,True,9.256863590628145,5,3.88929883631161,0.7224244865571987,0.5762928127835699,0.35833333333333334,0.5454545454545454
260e9e0d4954aea6,Rodolfo Vieira,11,6,5,0,5,1,5,0,2019-08-10,2026-04-25,8,33.472904365530496,72.0,73.0,185.0,Orthodox,11,11,0,0.5454545454545454,0.45454545454545453,0.8333333333333334,True,6.7078721671218435,2,2.904595382049535,4.09777134795118,0.5237973395334251,0.3773120818575364,0.6363636363636364
2650e2f846a30f64,Amir Sadollah,11,6,5,1,1,4,2,1,2008-06-21,2014-09-20,6,30.432085283314258,70.0,75.0,170.0,Orthodox,11,11,0,0.5454545454545454,0.18181818181818182,0.3333333333333333,True,6.247903789947775,2,4.466777254575663,0.5954814416352878,0.4238592228725527,0.38888888888888884,0.2727272727272727
32490e80ddab1e5a,Song Kenan,11,6,5,3,0,3,3,0,2017-11-25,2024-11-23,7,31.319664954852534,72.0,71.0,170.0,Orthodox,11,11,0,0.5454545454545454,0.2727272727272727,0.5,True,6.995352402855637,2,9.238256100141227,0.28074245939675174,0.5195745791328256,0.21666666666666667,0.0
33011768c3c4dc9a,Terry Etim,11,6,5,1,4,1,5,0,2007-04-21,2013-02-16,7,23.782455865250174,73.0,73.0,155.0,Orthodox,11,11,0,0.5454545454545454,0.45454545454545453,0.8333333333333334,True,5.826266110871544,4,3.6051836067429703,0.49057278169957996,0.43110248909526305,0.3333333333333333,0.9090909090909091
3cf18e01cb6cbde3,Sumudaerji,11,6,4,1,0,5,1,0,2018-11-24,2026-05-30,9,27.158295204867002,68.0,72.0,125.0,Southpaw,11,10,1,0.6,0.09090909090909091,0.16666666666666666,True,7.512816827176465,3,4.894248915593542,0.6565656565656566,0.5068908419076489,0.45999999999999996,0.36363636363636365
49e96ff8ab781589,Tyson Pedro,11,6,5,4,2,0,6,0,2016-11-26,2024-03-02,6,28.57951784213104,75.0,79.0,205.0,Orthodox,11,11,0,0.5454545454545454,0.5454545454545454,1.0,True,7.2636672895405106,2,3.628832139461336,0.8443135811556864,0.6082077287474589,0.27777777777777773,0.36363636363636365
4d44f37107f01b9b,Tom Lawlor,11,6,5,2,2,2,4,0,2008-12-13,2016-03-05,8,28.614115030673894,72.0,74.0,205.0,Southpaw,11,11,0,0.5454545454545454,0.36363636363636365,0.6666666666666666,True,7.225336591442671,2,2.641763259265708,1.4545454545454546,0.40309680822032595,0.32730263157894735,0.8181818181818182
5444c5a201d3ee5a,Jamahal Hill,11,6,4,4,0,2,4,2,2020-01-25,2025-06-21,6,31.10959281722542,76.0,79.0,205.0,Southpaw,11,10,1,0.6,0.36363636363636365,0.6666666666666666,True,5.404628431795314,4,5.164448643656207,0.0,0.45052130911943516,,0.0
579fcdfcabd23a7b,Brian Stann,11,6,5,3,1,2,4,0,2009-04-18,2013-03-02,5,30.356917290940576,73.0,74.0,205.0,Orthodox,11,11,0,0.5454545454545454,0.36363636363636365,0.6666666666666666,True,3.87140050788175,3,3.670440691315761,0.0,0.4410548280871632,0.0,0.2727272727272727
89a407032911e27e,Brendan Schaub,11,6,5,3,1,2,4,1,2009-12-05,2014-12-06,6,28.871229388693813,76.0,78.0,245.0,Orthodox,11,11,0,0.5454545454545454,0.36363636363636365,0.6666666666666666,True,5.002156101768003,4,6.306503481953299,1.5573560818238976,0.46115724177676365,0.44305555555555554,0.18181818181818182
91186547a7f3f758,Ricardo Almeida,11,6,5,0,3,3,3,0,2001-05-04,2011-03-19,6,30.683723827320204,72.0,74.0,170.0,Orthodox,11,11,0,0.5454545454545454,0.2727272727272727,0.5,True,9.872892667200558,3,2.2803674506499987,4.714102485061839,0.5638686399115751,0.47204906204906205,1.0
e0ec3c3b6b611f7e,Hermes Franca,11,6,5,2,2,2,4,1,2003-04-25,2009-09-19,6,31.7328400122708,66.0,71.0,155.0,Orthodox,11,11,0,0.5454545454545454,0.36363636363636365,0.6666666666666666,True,6.403964489346119,3,1.8976419162777673,1.860038707068709,0.39364684452476606,0.49740259740259735,2.090909090909091
e14b5aa06eea9653,Abel Trujillo,11,6,4,3,1,1,4,0,2012-12-08,2017-12-16,6,31.403544469521183,68.0,70.0,155.0,Orthodox,11,10,1,0.6,0.36363636363636365,0.6666666666666666,True,5.021321450816923,3,2.6514397270373657,2.1987119865360514,0.40834132696767866,0.5599999999999999,0.2727272727272727
05560764359161e4,Constantinos Philippou,10,6,4,3,0,3,3,0,2011-03-19,2015-05-16,5,33.08185657474144,71.0,73.0,185.0,Orthodox,10,10,0,0.6,0.3,0.5,True,4.158880743615543,5,2.6182575269064907,0.6712041884816754,0.3570718174511127,0.41666666666666663,0.2
1291edf2d566a71a,Julio Arce,10,6,4,3,1,2,4,0,2018-01-20,2024-03-30,5,30.912339062403742,67.0,70.0,145.0,Southpaw,10,10,0,0.6,0.4,0.6666666666666666,True,6.190407742801016,2,4.085730136781065,0.4269393511988716,0.3233821268794902,0.29047619047619044,0.3
1e719d4b676dc19a,Brunno Ferreira,10,6,4,3,2,1,5,0,2023-01-21,2026-06-27,4,32.073759214768266,70.0,72.0,185.0,Orthodox,10,10,0,0.6,0.5,0.8333333333333334,True,3.4305974797566,3,3.0891476354519254,1.14114971438582,0.51280204287623,0.27976190476190477,0.3
2c9d00968f818270,Hakeem Dawodu,10,6,4,1,0,5,1,0,2018-03-17,2023-08-12,6,29.071370390904672,68.0,73.0,145.0,Orthodox,10,10,0,0.6,0.1,0.16666666666666666,True,5.404628431795314,5,5.366909486273444,0.0,0.5475508077054512,0.0,0.0
473ce3aa581251a2,Dan Hardy,10,6,4,2,0,4,2,1,2008-10-18,2012-09-29,5,28.254105149318605,72.0,74.0,170.0,Orthodox,10,10,0,0.6,0.2,0.3333333333333333,True,3.948061904077428,4,2.9281323606972998,0.6051401869158879,0.3532697682682433,0.36309523809523814,0.3
528b071cf3da7c56,Luana Carolina,10,6,4,1,0,5,1,0,2019-05-11,2025-09-27,7,29.189647973606576,66.0,69.0,135.0,Orthodox,10,10,0,0.6,0.1,0.16666666666666666,True,6.382061233290211,3,4.26630233406774,0.3017937219730942,0.5111484482474032,0.3333333333333333,0.5
5ec591b78349ba7e,Christian Rodriguez,10,6,4,0,2,4,2,0,2022-02-19,2026-06-20,5,26.349069453855996,67.0,71.0,145.0,Orthodox,10,10,0,0.6,0.2,0.3333333333333333,True,4.331368885055819,4,3.9551945143093965,1.9035874439461886,0.5162410760600721,0.4845238095238095,1.0
5ef0088c1b19beeb,Bryan Caraway,10,6,4,0,4,2,4,0,2011-12-03,2018-11-30,7,30.329164869915196,68.0,68.0,135.0,Orthodox,10,10,0,0.6,0.4,0.6666666666666666,True,6.992614495848648,2,2.8760104662591024,2.449824683793011,0.3376205048903439,0.3222049689440994,0.6
60425d07ef4b91a7,Kyler Phillips,10,6,4,1,1,4,2,0,2020-02-29,2026-04-18,7,27.57537800228615,68.0,72.0,135.0,Orthodox,10,10,0,0.6,0.2,0.3333333333333333,True,6.132911695654257,3,4.776105636578636,3.004611746156878,0.429953018272375,0.5008784425451093,0.3
6f81b6de2557739a,Jacob Volkmann,10,6,4,0,1,5,1,0,2009-11-21,2013-02-02,5,30.679890757510417,69.0,71.0,155.0,Southpaw,10,10,0,0.6,0.1,0.16666666666666666,True,3.2006132911695655,5,1.4716667776799814,2.885805224262823,0.35194069673928696,0.49464285714285716,1.5
886264a0c9f4ea5e,Andre Muniz,10,6,4,0,3,3,3,0,2019-11-16,2025-10-04,6,32.67883666331273,73.0,78.0,185.0,Southpaw,10,10,0,0.6,0.3,0.5,True,5.883762158018302,5,2.101004155353551,4.098138812765439,0.4832816817685239,0.446031746031746,0.7
94426bb170c88115,Sodiq Yusuff,10,6,4,2,1,3,3,0,2018-12-01,2025-05-17,8,28.369097243612124,69.0,71.0,155.0,Orthodox,10,10,0,0.6,0.3,0.5,True,6.458722629485889,4,6.43316514657536,0.26,0.5191456018021556,0.2333333333333333,0.3
ac026518a9b4dc0f,Jordan Leavitt,10,6,4,2,2,2,4,0,2020-12-05,2026-06-06,6,28.001396332573563,69.0,71.0,145.0,Southpaw,10,10,0,0.6,0.4,0.6666666666666666,True,5.500455177039912,2,2.3368973825752537,8.209345665695073,0.6843332484508955,0.25357142857142856,0.5
af5b208e97f5d382,Wilson Gouveia,10,6,4,2,4,0,6,0,2006-06-24,2009-12-12,4,29.344065928800728,73.0,76.0,185.0,Orthodox,10,10,0,0.6,0.6,1.0,True,3.468928177854439,4,3.924715643067542,1.0211006303016945,0.4295479766073519,0.7,1.0
bdcbb976816fd256,Daniel Kelly,10,6,4,1,1,4,2,0,2014-11-07,2018-05-27,5,38.689363915754605,72.0,70.0,185.0,Southpaw,10,10,0,0.6,0.2,0.3333333333333333,True,3.5510653880640946,4,3.2336226821621366,1.4370786516853933,0.36130600119729755,0.3617216117216117,0.2
be0b310a12eb80b4,Enrique Barzola,10,6,3,0,0,6,0,1,2015-11-21,2020-03-14,6,28.88300238882386,67.0,70.0,145.0,Orthodox,10,9,1,0.6666666666666666,0.0,0.0,False,4.3122035360068995,4,3.913333333333333,4.2,0.4495760187662753,0.41452380952380957,0.3
c03a5022f8439f2a,Chad Laprise,10,6,4,3,0,3,3,1,2014-04-16,2018-12-08,5,30.009103540798236,70.0,71.0,170.0,Orthodox,10,10,0,0.6,0.3,0.5,True,4.646228190859498,3,5.0869335136140545,0.891004366812227,0.45245706998155866,0.5142857142857142,0.0
c2e3e67b5911bfb7,Diego Brandao,10,6,4,2,2,2,4,1,2011-12-03,2016-01-02,6,26.55605522358433,67.0,64.0,145.0,Orthodox,10,10,0,0.6,0.4,0.6666666666666666,True,4.082219347419865,3,5.574960248511076,2.5736504408149985,0.49779568836092974,0.6261904761904761,0.3
ca2efc9d7d523c43,Shawn Jordan,10,6,4,6,0,0,6,0,2012-03-02,2015-10-03,4,29.197314113226145,72.0,75.0,260.0,Southpaw,10,10,0,0.6,0.6,1.0,True,3.586658179154945,3,3.94693264825043,1.590215143277098,0.4752480427739159,0.4351851851851852,0.0
cbd3e590a85b18c5,Mirsad Bektic,10,6,4,2,1,3,3,0,2014-04-19,2020-09-19,7,26.430932873364952,68.0,70.0,145.0,Orthodox,10,10,0,0.6,0.3,0.5,True,6.420391931388051,4,2.750014097022138,4.467900955872133,0.42527832230114315,0.5513888888888889,0.3
d468288756ae3982,Renato Sobral,10,6,4,0,4,2,4,1,2000-11-17,2007-08-25,5,29.01250539025442,73.0,75.0,205.0,Orthodox,10,10,0,0.6,0.4,0.6666666666666666,True,6.768106121275591,3,2.3444776371272313,2.6538131694946445,0.5023230759608468,0.5791666666666666,1.7
e4a47b07044ddd72,Ignacio Bahamondes,10,6,4,3,2,1,5,0,2021-04-10,2026-03-28,6,26.12483486998364,75.0,75.0,170.0,Orthodox,10,10,0,0.6,0.5,0.8333333333333334,True,4.963825403670164,3,6.316685546708646,0.0,0.4877320868250088,0.0,0.5
e93b04e308913c2e,Dooho Choi,10,6,3,6,0,0,6,0,2014-11-22,2026-05-16,8,28.85014750474,70.0,70.0,145.0,Orthodox,10,9,1,0.6666666666666666,0.6,1.0,False,11.480044080302813,3,8.095684899406391,0.8969285497375384,0.5850602030921556,0.5555555555555556,0.3
009341ed974bad72,Jiri Prochazka,9,6,3,5,1,0,6,4,2020-07-11,2026-04-11,7,30.994324166668566,75.0,80.0,205.0,Orthodox,9,9,0,0.6666666666666666,0.6666666666666666,1.0,False,5.749604714675866,3,5.362184508559803,0.5594359197144047,0.5374169065366908,0.7777777777777777,0.1111111111111111
1dc56b59cb28425d,Oleg Taktarov,9,6,2,0,5,1,5,3,1995-04-07,1995-12-16,1,27.981713823312212,72.0,,210.0,Orthodox,9,8,1,0.75,0.5555555555555556,0.8333333333333334,False,0.6926904727680924,3,0.10517380376535307,0.0,0.17324973876698016,0.0,1.2222222222222223
3591d0d5d382a381,Francis Carmont,9,6,3,0,2,4,2,0,2011-10-29,2014-08-23,4,31.52547812602434,75.0,78.0,205.0,Orthodox,9,9,0,0.6666666666666666,0.2222222222222222,0.3333333333333333,False,2.8173063101911744,6,2.1950675818900485,1.7197346600331676,0.4553517266537127,0.32575757575757575,0.5555555555555556
44260175069b6276,Jens Pulver,9,6,2,2,0,4,2,3,1999-09-24,2007-06-23,6,27.33252565076627,67.0,70.0,145.0,Southpaw,9,8,1,0.75,0.2222222222222222,0.3333333333333333,False,7.745538922770488,6,2.380730394433373,0.7174258857556037,0.3367761883809291,0.6666666666666666,0.4444444444444444
59583ff832fe9d68,Krzysztof Soszynski,9,6,3,2,2,2,4,0,2008-12-13,2011-12-10,4,32.65805899124858,73.0,77.0,205.0,Open Stance,9,9,0,0.6666666666666666,0.4444444444444444,0.6666666666666666,False,2.9897944516314503,3,3.8406153576681326,0.9694802098235574,0.4005745444667409,0.24,0.6666666666666666
68d4a891e5cf2029,Tracy Cortez,9,6,3,0,0,6,0,0,2019-11-16,2026-07-11,8,29.43858456291976,65.0,65.0,125.0,Orthodox,9,9,0,0.6666666666666666,0.0,0.0,False,6.650376119975085,5,4.049558599695586,1.860121765601218,0.4987676571956354,0.3925925925925926,0.3333333333333333
b8a85389d115e35a,Jack Shore,9,6,3,0,3,3,3,0,2019-09-28,2024-11-02,6,27.16368805200198,68.0,71.0,145.0,Orthodox,9,9,0,0.6666666666666666,0.3333333333333333,0.5,False,5.097982847012601,5,3.332807360352029,3.1426503214717325,0.5676372960914239,0.39850427350427353,0.4444444444444444
d0314416a7f26527,Michael McDonald,9,6,3,2,2,2,4,1,2011-03-26,2016-07-13,4,22.301469419480057,69.0,70.0,135.0,Orthodox,9,9,0,0.6666666666666666,0.4444444444444444,0.6666666666666666,False,5.3005879655297505,4,4.154469473940575,0.6666666666666666,0.41987387464604975,0.375,0.7777777777777778
d4270315cbcf2569,Jacob Malkoun,9,6,3,1,0,5,1,0,2020-10-24,2026-05-02,6,27.666246093729203,69.0,73.0,185.0,Orthodox,9,9,0,0.6666666666666666,0.1111111111111111,0.16666666666666666,False,5.519620526088831,3,3.9105249966259854,4.281045751633987,0.5028209555395918,0.4354967948717948,0.5555555555555556
ffe9703408fb5964,David Onama,9,6,3,2,1,3,3,0,2021-10-23,2025-11-01,5,29.22533202826433,71.0,74.0,145.0,Orthodox,9,9,0,0.6666666666666666,0.3333333333333333,0.5,False,4.024723300273106,4,4.883973669219422,0.9612350687401398,0.45618210808826176,0.22916666666666666,0.3333333333333333
04835018f90b118c,Casey O'Neill,8,6,2,3,1,2,4,0,2021-02-20,2026-03-28,5,25.29723402944619,66.0,69.0,125.0,Orthodox,8,8,0,0.75,0.5,0.6666666666666666,False,5.097982847012601,4,7.396175430753511,1.5840298562167803,0.5091372888820151,0.2202380952380952,0.5
8b1ed83b02303075,Taylor Lapilus,8,6,2,1,0,5,1,0,2015-04-11,2024-09-28,4,27.75484780659425,66.0,73.0,135.0,Southpaw,8,8,0,0.75,0.125,0.16666666666666666,False,9.46768243016626,2,4.61066493955095,0.25,0.466296421529522,0.16666666666666666,0.25
8bdac25ce0bb874d,Ronda Rousey,8,6,2,3,3,0,6,8,2013-02-23,2016-12-30,4,27.839380685435017,67.0,66.0,135.0,Orthodox,8,8,0,0.75,0.75,1.0,False,3.8494972518258415,6,14.431076716165656,8.446359222662782,0.5677006783761442,0.6875,0.625
91ea901c458e95dd,Jared Rosholt,8,6,2,1,0,5,1,0,2013-11-30,2016-02-06,4,28.45232961662457,74.0,75.0,265.0,Orthodox,8,8,0,0.75,0.125,0.16666666666666666,False,2.1848497915768292,3,2.4256218905472635,1.6590909090909092,0.5120283177537868,0.3792517006802721,0.125
cffb87059e645bd1,Denise Gomes,8,6,2,3,0,3,3,0,2022-09-17,2025-11-08,4,24.240059686372753,62.0,63.0,115.0,Orthodox,8,8,0,0.75,0.375,0.5,False,3.1431172440228066,4,10.029653679653679,2.2532467532467533,0.572685625567918,0.3761904761904762,0.625
daf1b84aebd6602b,Roger Huerta,8,6,2,3,1,2,4,0,2006-09-23,2009-09-16,4,24.425552886096224,69.0,70.0,155.0,Orthodox,8,8,0,0.75,0.5,0.6666666666666666,False,2.9815807306104847,6,8.171703025168556,7.421052631578948,0.4062888459897693,0.5047619047619047,0.375
ed9d8ee3a4239b1c,Sage Northcutt,8,6,2,2,1,3,3,0,2015-10-03,2018-07-14,4,20.808777729864403,72.0,71.0,170.0,Orthodox,8,8,0,0.75,0.375,0.5,False,2.778975612093335,3,5.350750313559631,3.593184465094947,0.5935739217296019,0.4888888888888889,0.375
f00ac08ab056af5d,Tagir Ulanbekov,8,6,2,0,2,4,2,0,2020-10-10,2025-11-22,5,31.901750207054217,67.0,70.0,125.0,Southpaw,8,8,0,0.75,0.25,0.3333333333333333,False,5.117148196061521,4,2.808567314140344,3.1594477388400177,0.4624029818544607,0.4943181818181818,1.25
fd406a32a6fb3a29,Chris Duncan,8,6,2,0,3,3,3,0,2023-03-18,2026-04-04,4,31.476005667467504,70.0,71.0,155.0,Orthodox,8,8,0,0.75,0.375,0.5,False,3.047290498778209,4,4.863324943086816,3.5483897202342227,0.48337286904775223,0.3113095238095238,0.375
06734ca9d88dec3a,Shara Magomedov,7,6,1,2,0,4,2,0,2023-10-21,2026-06-27,4,30.604324524117537,74.0,73.0,185.0,Orthodox,7,7,0,0.8571428571428571,0.2857142857142857,0.3333333333333333,False,2.6831488668487373,4,5.624883317051991,0.0,0.6220932504232239,0.0,0.0
06e4245d16fc5315,Ailin Perez,7,6,1,0,1,5,1,0,2022-09-03,2026-02-28,5,29.59129893153179,65.0,66.0,135.0,Switch,7,7,0,0.8571428571428571,0.14285714285714285,0.16666666666666666,False,3.488093526903359,6,2.7085485395830227,5.039110314972384,0.5799486180706243,0.44935064935064933,0.14285714285714285
35673bf5204524ee,Bo Nickal,7,6,1,3,2,1,5,0,2023-03-04,2026-06-14,4,28.751152609958748,73.0,76.0,185.0,Southpaw,7,7,0,0.8571428571428571,0.7142857142857143,0.8333333333333334,False,3.280012594372232,4,3.8285221070131565,2.609710304637571,0.5549516310020511,0.5694444444444444,0.7142857142857143
5078e1dacf9d25f4,Luana Santos,7,6,1,1,2,3,3,0,2023-08-12,2026-06-20,4,24.638425155889582,66.0,67.0,135.0,Orthodox,7,7,0,0.8571428571428571,0.42857142857142855,0.5,False,2.8556370082890132,3,3.8361361976295645,2.193262062028847,0.5914216141969805,0.5547619047619048,0.7142857142857143
52ef95b5860fb28c,Jean Silva,7,6,1,4,1,1,5,0,2024-01-13,2026-01-24,3,28.04711937959027,67.0,69.0,145.0,Orthodox,7,7,0,0.8571428571428571,0.7142857142857143,0.8333333333333334,False,2.0315269991854725,5,4.645183349534074,1.0816326530612244,0.5586782870801065,0.8333333333333333,0.42857142857142855
634bb0de2eb043b4,Cristiane Justino,7,6,1,4,0,2,4,4,2016-05-14,2019-07-27,4,32.394915706688025,68.0,68.0,145.0,Orthodox,7,7,0,0.8571428571428571,0.5714285714285714,0.6666666666666666,False,3.2006132911695655,5,8.960943225973255,1.1998789412011206,0.5557577853799821,0.5,0.0
8f765fd5775a8873,Rinat Fakhretdinov,7,6,0,1,1,4,2,0,2022-06-04,2025-09-06,4,32.21695175123377,72.0,74.0,170.0,Orthodox,7,6,1,1.0,0.2857142857142857,0.3333333333333333,False,3.258109338316324,3,8.717460317460317,2.857142857142857,0.5758473347713918,0.38973950026581605,0.14285714285714285
e90a2f22417af68e,Azamat Murzakanov,7,6,1,5,0,1,5,0,2022-03-12,2026-04-11,5,35.03699596843193,70.0,71.0,205.0,Southpaw,7,7,0,0.8571428571428571,0.7142857142857143,0.8333333333333334,False,4.082219347419865,6,4.474267107152851,0.5307473552792433,0.5455378894079255,0.18,0.14285714285714285
fe2babf95de24fb1,Raul Rosas Jr.,7,6,1,1,2,3,3,0,2022-12-10,2026-03-07,5,19.584248820988794,69.0,67.0,135.0,Switch,7,7,0,0.8571428571428571,0.42857142857142855,0.5,False,3.2389439892674043,5,3.7483048754210877,6.445772305169723,0.3797975554014587,0.5405092592592592,0.5714285714285714
17734443a833cdf7,Quillan Salkilld,6,6,0,3,2,1,5,0,2025-02-08,2026-08-08,2,25.906532417959756,72.0,75.0,155.0,Orthodox,6,6,0,1.0,0.8333333333333334,0.8333333333333334,False,1.4948972258157252,6,6.195252292670367,3.5477227175340382,0.5927290223767304,0.4028985507246377,0.3333333333333333
87aa9fb63d6b51a1,Zabit Magomedsharipov,6,6,0,0,3,3,3,0,2017-09-02,2019-11-09,3,27.42835239601087,73.0,73.0,145.0,Orthodox,6,6,0,1.0,0.5,0.5,False,2.1848497915768292,6,4.836172023771659,5.37448225469826,0.5447738962178515,0.500559163059163,0.6666666666666666
b4b496ec2197ee3e,Navajo Stirling,6,6,0,3,0,3,3,0,2024-12-14,2026-08-01,3,28.038449340734804,76.0,79.0,205.0,Orthodox,6,6,0,1.0,0.5,0.5,False,1.629054669158162,6,7.1672857719773475,0.6666666666666666,0.58965189932817,0.2125,0.0
f72465a784c1b084,Jessica Eye,16,5,10,1,0,4,1,1,2013-10-19,2022-07-02,9,31.407215753916915,66.0,66.0,125.0,Orthodox,16,15,1,0.3333333333333333,0.0625,0.2,True,8.701068468209478,3,4.063070237533428,0.5625,0.3946802360877402,0.4270833333333333,0.4375
05fa626cb33d15b8,Andrea Lee,14,5,9,1,1,3,2,0,2018-05-19,2025-03-01,8,32.575813133935476,66.0,69.0,125.0,Orthodox,14,14,0,0.35714285714285715,0.14285714285714285,0.4,True,6.784533563317522,3,4.7114864864864865,1.6829150579150578,0.4736749659815177,0.4384615384615384,0.5714285714285714
361d49960a196976,Daniel Pineda,14,5,8,1,4,0,5,0,2012-01-20,2024-10-19,7,32.21519166815785,67.0,69.0,145.0,Orthodox,14,13,1,0.38461538461538464,0.35714285714285715,1.0,True,12.74769502453849,2,3.8002450390850817,2.848919328620353,0.5226450702027399,0.3763085399449036,0.9285714285714286
92fa1401b7927da3,Jake Collier,14,5,9,1,1,3,2,0,2014-12-20,2023-09-23,8,30.82081474245584,75.0,78.0,230.0,Orthodox,14,14,0,0.35714285714285715,0.14285714285714285,0.4,True,8.758564515356236,1,5.573822270634648,1.3336067051246852,0.4474428717575611,0.30333333333333334,0.42857142857142855
a17ad5a5048e8c3f,Darren Stewart,14,5,7,2,1,2,3,0,2016-11-19,2021-08-28,6,28.345355678565806,72.0,74.0,205.0,Orthodox,14,12,2,0.4166666666666667,0.21428571428571427,0.6,True,4.772171913180968,3,3.39083185548316,2.510663183783311,0.46009323856141865,0.4575,0.07142857142857142
b1e5bcaad32a3cac,Priscila Cachoeira,14,5,9,4,0,1,4,0,2018-02-03,2026-06-06,9,33.92814363060158,67.0,65.0,135.0,Orthodox,14,14,0,0.35714285714285715,0.2857142857142857,0.8,True,8.336926836280005,2,6.191632901137524,0.4324324324324324,0.45834167645471213,0.625,0.0
c945adc22c2bfe8f,Brad Pickett,14,5,9,1,1,3,2,0,2011-11-05,2017-03-18,7,35.77075504630485,66.0,68.0,135.0,Orthodox,14,14,0,0.35714285714285715,0.14285714285714285,0.4,True,5.366297733697475,2,2.9318886914457307,1.7496443275815963,0.32092156653536763,0.47215007215007215,0.14285714285714285
cc8c623cca88f54f,Mayra Bueno Silva,14,5,7,0,4,1,4,1,2018-09-22,2026-04-25,8,31.214877786675974,66.0,66.0,135.0,Orthodox,14,12,2,0.4166666666666667,0.2857142857142857,0.8,True,7.589478223372143,3,3.4432885989079813,0.34835164835164834,0.5750173746748904,0.2,0.9285714285714286
30a09e43f15f1d75,Paulo Thiago,13,5,8,1,1,3,2,0,2009-02-21,2014-09-13,6,30.706048299838724,71.0,74.0,170.0,Orthodox,13,13,0,0.38461538461538464,0.15384615384615385,0.4,True,5.55795122418667,2,1.627303295777156,1.532544378698225,0.345595148170399,0.3430335097001764,0.9230769230769231
3c0437fbeda06962,George Roop,13,5,8,2,0,3,2,0,2008-12-13,2015-09-26,7,30.395611766892493,73.0,72.0,135.0,Orthodox,13,13,0,0.38461538461538464,0.15384615384615385,0.4,True,6.784533563317522,2,3.943278952534023,0.695804195804196,0.36968734188392127,0.4895833333333333,0.07692307692307693
40093d1d2d78394e,Charles Rosa,13,5,8,0,2,3,2,0,2014-10-04,2022-07-23,8,32.44440864104512,69.0,69.0,145.0,Switch,13,13,0,0.38461538461538464,0.15384615384615385,0.4,True,7.800297062910258,1,3.0866255280799177,1.5652308666451564,0.4214916875299907,0.3638888888888889,0.9230769230769231
6d68c1afe954f121,Ode Osbourne,13,5,7,3,0,2,3,0,2020-01-18,2026-02-21,7,31.23172644518052,67.0,73.0,125.0,Southpaw,13,12,1,0.4166666666666667,0.23076923076923078,0.6,True,6.094580997556418,2,3.76517058441835,0.46153846153846156,0.42421329749431397,0.2552380952380952,0.15384615384615385
86f582852a5b240a,Mac Danzig,13,5,8,1,2,2,3,1,2007-12-08,2013-12-14,7,30.72816216412594,68.0,70.0,155.0,Orthodox,13,13,0,0.38461538461538464,0.23076923076923078,0.6,True,6.01791960136074,2,3.582575038397522,2.007415509391794,0.49884314108938393,0.3878787878787879,0.46153846153846156
c7d297714d9ab1a4,Marion Reneau,13,5,7,2,2,1,4,0,2015-01-03,2021-07-17,7,40.43025155573668,66.0,68.0,135.0,Orthodox,13,12,1,0.4166666666666667,0.3076923076923077,0.8,True,6.535384025681568,2,3.1707070755540365,0.5499557913351016,0.420918607264604,0.8,0.6923076923076923
294aa73dbf37d281,Bruno Silva,12,5,6,3,2,0,5,0,2019-10-05,2026-06-06,7,33.12046106353998,64.0,65.0,125.0,Orthodox,12,11,1,0.45454545454545453,0.4166666666666667,1.0,True,6.669541469024004,4,4.171345030854332,1.532587680640719,0.5193998409182939,0.19788797061524335,0.16666666666666666
31f8081c7600da93,Kyle Nelson,12,5,6,2,0,3,2,0,2018-12-08,2026-03-28,8,31.405618641496176,71.0,71.0,155.0,Switch,12,11,1,0.45454545454545453,0.16666666666666666,0.4,True,7.30199798763835,3,3.878840921210203,0.7717755443886096,0.4735995745799202,0.1375,0.3333333333333333
4b4753d19489297f,Anthony Perosh,12,5,7,2,3,0,5,0,2006-07-08,2015-11-14,7,39.31931068627921,75.0,75.0,205.0,Orthodox,12,12,0,0.4166666666666667,0.4166666666666667,1.0,True,9.352690335872742,3,4.981403167895987,1.8448245686854452,0.4261465469468529,0.26515151515151514,0.4166666666666667
658c3465581ae46b,Pat Barry,12,5,7,4,0,1,4,0,2008-12-27,2013-12-06,6,31.959588492576852,71.0,74.0,235.0,Orthodox,12,12,0,0.4166666666666667,0.3333333333333333,0.8,True,4.941922147614256,1,2.533175964702904,0.0,0.5485154024216524,0.0,0.08333333333333333
673ea7dcc786b1b3,Bethe Correia,12,5,6,1,0,4,1,1,2013-12-06,2021-10-02,8,33.822049734080785,65.0,64.0,135.0,Orthodox,12,11,1,0.45454545454545453,0.08333333333333333,0.2,True,7.822200318966166,3,5.4844538484521435,0.3333333333333333,0.4525323175067633,0.11875,0.0
71002dbc1743b9a7,Felipe Arantes,12,5,6,1,2,2,3,0,2011-08-27,2018-06-23,8,26.68501064361349,68.0,73.0,135.0,Orthodox,12,11,1,0.45454545454545453,0.25,0.6,True,6.8228642614153605,2,2.484459420221803,0.75,0.4809797425139068,0.3619047619047619,0.5833333333333334
83fd97284f4bb4a4,Efrain Escudero,12,5,7,1,1,3,2,1,2008-12-13,2016-04-23,8,26.591693646458634,69.0,71.0,155.0,Orthodox,12,12,0,0.4166666666666667,0.16666666666666666,0.4,True,7.359494034785109,2,2.731017961049418,1.3472222222222223,0.4785069836521998,0.3670634920634921,0.6666666666666666
a1f6999fe57236e0,Wanderlei Silva,12,5,7,4,0,1,4,1,1998-10-16,2013-03-02,10,31.1973095500478,71.0,74.0,205.0,Orthodox,12,12,0,0.4166666666666667,0.3333333333333333,0.8,True,14.376749693696654,1,4.766559191676636,0.16666666666666666,0.410763482839879,0.5,0.08333333333333333
b8aef0faf4ce9b31,Sam Sicilia,12,5,7,3,0,2,3,0,2012-06-01,2017-02-19,6,28.567778028752585,68.0,67.0,145.0,Orthodox,12,12,0,0.4166666666666667,0.25,0.6,True,4.720151680048187,2,3.2551639478796797,1.5368528706446607,0.36929103262400315,0.47098214285714285,0.5
d512d9f204059f57,Joe Riggs,12,5,7,2,1,1,3,0,2004-08-21,2016-02-21,6,26.417380233680362,72.0,70.0,185.0,Southpaw,12,12,0,0.4166666666666667,0.25,0.6,True,11.50194733635872,1,1.8533927813870628,3.617664012240961,0.46843814578281917,0.7824074074074073,0.16666666666666666
dccb63727f2f5f74,Matt Frevola,12,5,6,3,0,2,3,0,2018-01-14,2025-10-18,7,31.317321140520793,69.0,71.0,155.0,Orthodox,12,11,1,0.45454545454545453,0.25,0.6,True,7.75922845780543,3,4.871527738276879,2.744628926913908,0.4005195218348572,0.4015567765567766,0.3333333333333333
f797f0c57a83353e,Trevor Smith,12,5,7,0,0,5,0,0,2013-07-27,2019-12-07,7,35.24074188153533,75.0,75.0,185.0,Orthodox,12,12,0,0.4166666666666667,0.0,0.0,True,6.362895884241292,2,3.5189292906265432,1.3333333333333333,0.54030834654031,0.28546176046176047,0.5
04c8b08b16a5b99e,Tanner Boser,11,5,6,3,0,2,3,0,2019-10-18,2026-04-18,6,30.27677128582691,74.0,75.0,205.0,Orthodox,11,11,0,0.45454545454545453,0.2727272727272727,0.6,True,6.499791234590717,2,4.746650715403248,0.0,0.528066472722077,0.0,0.0
1fb80f46d3c105d9,Fabio Maldonado,11,5,6,2,0,3,2,0,2010-10-16,2015-11-07,6,33.349449649579014,73.0,75.0,205.0,Orthodox,11,11,0,0.45454545454545453,0.18181818181818182,0.4,True,5.059652148914762,3,4.995112295112295,0.36363636363636365,0.535175546398849,0.5,0.45454545454545453
2f5cbecbbe18bac4,Shamil Abdurakhimov,11,5,6,2,0,3,2,0,2015-04-04,2023-01-21,8,37.209898529432806,75.0,76.0,235.0,Orthodox,11,11,0,0.45454545454545453,0.18181818181818182,0.4,True,7.800297062910258,3,2.636693251600425,0.5644141954302383,0.4945238252027045,0.14123376623376624,0.09090909090909091
4aa58269d0664b5b,Matthew Semelsberger,11,5,6,2,0,3,2,0,2020-08-22,2024-11-09,5,29.699072907352335,73.0,75.0,170.0,Switch,11,11,0,0.45454545454545453,0.18181818181818182,0.4,True,4.216376790762301,2,5.060296239708005,0.7272727272727273,0.45353540637439854,0.5857142857142856,0.2727272727272727
583ee11abddfc581,Nate Landwehr,11,5,6,1,2,2,3,0,2020-01-25,2026-04-11,7,34.62805222184265,69.0,72.0,155.0,Orthodox,11,11,0,0.45454545454545453,0.2727272727272727,0.6,True,6.2095730918499354,3,5.645157291704868,0.5314847122538113,0.4721669735661248,0.4375,0.45454545454545453
91dac5e69e28d5b5,Pannie Kianzad,11,5,6,0,0,5,0,1,2018-11-30,2024-08-10,7,29.668458129001465,67.0,66.0,135.0,Orthodox,11,11,0,0.45454545454545453,0.0,0.0,True,5.694846574536096,4,4.481015040643811,0.6223776223776224,0.47485232499221314,0.35714285714285715,0.09090909090909091
c32fb8c0f6471a4d,Mirko Filipovic,11,5,6,4,1,0,5,0,2007-02-03,2015-04-11,5,35.388443667874455,74.0,73.0,230.0,Southpaw,11,11,0,0.45454545454545453,0.45454545454545453,1.0,True,8.18360404388865,2,2.312751091263028,0.530791788856305,0.4423599438818266,0.3333333333333333,0.2727272727272727
ee9d73f4fee9cbdd,Antonio Rodrigo Nogueira,11,5,6,1,2,2,3,2,2007-07-07,2015-08-01,9,34.859280913614676,75.0,77.0,240.0,Orthodox,11,11,0,0.45454545454545453,0.2727272727272727,0.6,True,8.068611949595132,2,2.9418405213301524,0.8356782914881721,0.3954605049289795,0.19808286951144094,0.9090909090909091
fa37628269132d1a,Godofredo Pepey,11,5,6,1,3,1,4,1,2012-06-23,2018-01-27,7,27.58117738712823,67.0,73.0,145.0,Orthodox,11,11,0,0.45454545454545453,0.36363636363636365,0.8,True,5.5962819222845095,3,2.3462877350735347,0.8330287096139247,0.3962057851253282,0.14285714285714285,0.7272727272727273
fd5b6598a3b70c0a,Seth Baczynski,11,5,6,1,2,2,3,0,2010-06-19,2015-04-11,6,31.248479372670833,75.0,75.0,170.0,Orthodox,11,11,0,0.45454545454545453,0.2727272727272727,0.6,True,4.810502611278808,4,3.1612857943845314,0.9139665617552349,0.30857585943721627,0.1465909090909091,0.45454545454545453
fea79f9bc8c68769,Marlon Moraes,11,5,6,2,1,2,3,1,2017-06-03,2022-03-12,6,31.299006201981623,66.0,67.0,135.0,Orthodox,11,11,0,0.45454545454545453,0.2727272727272727,0.6,True,4.772171913180968,4,4.34590270396999,1.12807766013431,0.4825586009295069,0.4444444444444444,0.18181818181818182
22aa91e402d0fe1f,Ramsey Nijem,10,5,5,2,0,3,2,1,2011-06-04,2015-07-25,5,25.163555719829976,71.0,75.0,155.0,Orthodox,10,10,0,0.5,0.2,0.4,True,4.139715394566624,3,2.8745986986527945,5.5863589653424395,0.37875911490337394,0.6798941798941799,0.6
2b074403b7c6cdb4,Thomas Almeida,10,5,5,4,0,1,4,0,2014-11-08,2021-03-27,7,25.66897335332005,67.0,70.0,145.0,Southpaw,10,10,0,0.5,0.4,0.8,True,6.382061233290211,4,4.881822364559284,0.10817307692307691,0.42258657762960466,0.25,0.0
2c483cf443f38ece,Vanessa Demopoulos,10,5,5,0,1,4,1,0,2021-08-28,2025-06-14,5,34.87491187361822,62.0,59.0,125.0,Orthodox,10,10,0,0.5,0.1,0.2,True,3.7947391116860714,3,3.189876215738285,0.3,0.40143532679383603,0.09183673469387754,0.2
4234f0097c83fa62,Sijara Eubanks,10,5,5,1,0,4,1,0,2018-06-01,2021-12-18,4,34.94500229299712,64.0,67.0,125.0,Orthodox,10,10,0,0.5,0.1,0.2,True,3.5483274810571057,2,4.319985105446667,2.0325479841576115,0.4390715790450379,0.45285714285714285,0.3
4798e823ada58fe9,Veronica Hardy,10,5,5,0,1,4,1,0,2016-09-03,2025-10-04,7,25.785334401117062,64.0,64.0,125.0,Southpaw,10,10,0,0.5,0.1,0.2,True,9.084375449187869,3,2.8259691954816697,0.7775147928994083,0.5470261241817201,0.7,0.3
51a0c09cbe9b8472,Liz Carmouche,10,5,5,1,0,4,1,2,2013-02-23,2019-08-10,7,32.086901168401816,66.0,66.0,125.0,Orthodox,10,10,0,0.5,0.1,0.2,True,6.458722629485889,2,2.3270375339093903,2.7027932960893857,0.5391231749135933,0.6984126984126984,0.4
7d21de9c6d7c98b2,Rich Clementi,10,5,5,0,3,2,3,0,2003-02-28,2009-02-07,5,31.22144876349275,69.0,72.0,155.0,Southpaw,10,10,0,0.5,0.3,0.6,True,5.94399611217205,4,1.5266625808400036,2.076008957810611,0.3750476476051413,0.5104166666666666,0.8
9450848a71d53776,Lorenz Larkin,10,5,5,3,0,2,3,0,2013-04-20,2016-08-20,4,28.306672963852783,71.0,72.0,170.0,Orthodox,10,10,0,0.5,0.3,0.6,True,3.334770734512002,2,4.922341723435323,0.1,0.47578807022159875,0.25,0.0
99bd87a300079ed9,Erik Koch,10,5,5,2,1,2,3,0,2011-03-19,2019-07-27,7,26.210531359302383,70.0,71.0,170.0,Southpaw,10,10,0,0.5,0.3,0.6,True,8.356092185328926,2,3.240923305149333,0.8734439834024897,0.3980087390361363,0.6212121212121212,0.6
9abc648e76c4493a,Bill Algeo,10,5,5,1,1,3,2,0,2020-08-29,2024-07-20,5,33.172207505972054,72.0,73.0,145.0,Switch,10,10,0,0.5,0.2,0.4,True,3.890565856930669,2,5.550000627805506,1.2920025426122987,0.5364729208337424,0.6666666666666666,0.1
9ba2226646046b63,Frankie Saenz,10,5,5,0,0,5,0,0,2014-08-16,2020-08-01,7,36.49082458914283,66.0,66.0,135.0,Orthodox,10,10,0,0.5,0.0,0.0,True,5.960423554213981,3,3.8233352519089827,1.5630367215379302,0.4709116330326714,0.26358024691358023,0.1
a149d6bc670cdb60,Dustin Hazelett,10,5,5,0,4,1,4,0,2006-10-10,2010-12-11,4,22.28492029268226,73.0,76.0,170.0,Orthodox,10,10,0,0.5,0.4,0.8,True,4.169832371643497,3,2.242882025847264,0.2535836177474403,0.3750183091117265,0.6666666666666666,1.5
a2b12c3f3d60ff69,Alex Garcia,10,5,5,2,1,2,3,0,2013-12-06,2018-10-27,6,28.862468086271452,69.0,72.0,170.0,Orthodox,10,10,0,0.5,0.3,0.6,True,4.889901914481475,2,2.946254704305714,3.47054808156494,0.33570175339882746,0.4974747474747475,0.1
b4eeac608fc82f88,Yves Jabouin,10,5,5,0,0,5,0,0,2011-04-30,2015-08-23,5,33.88789639759885,67.0,68.0,135.0,Orthodox,10,10,0,0.5,0.0,0.0,True,4.314941443013888,3,3.3328417005787356,2.038492381716119,0.4446026240032114,0.7152777777777778,0.0
b6850671a008bf9a,Felice Herrig,10,5,5,0,2,3,2,0,2014-12-12,2022-06-04,7,33.22258499490065,64.0,65.0,115.0,Orthodox,10,10,0,0.5,0.2,0.4,True,7.477224036085614,4,3.74210508044285,1.5418695313176816,0.49988295248805387,0.40555555555555556,0.6
c68c68efaa5ca6ef,Chidi Njokuani,10,5,5,3,0,2,3,0,2022-02-05,2026-02-21,5,34.997843898232,75.0,80.0,170.0,Orthodox,10,10,0,0.5,0.3,0.6,True,4.043888649322025,3,9.03534224586434,0.0,0.6389886992344448,0.0,0.1
cd7763bcadb5d4c8,Alan Patrick,10,5,4,1,0,4,1,0,2013-10-09,2022-05-14,8,34.21644523843747,71.0,74.0,155.0,Southpaw,10,9,1,0.5555555555555556,0.1,0.2,False,8.594290094936925,3,2.0488070120506046,2.5846153846153848,0.45087731691384236,0.2787770562770563,0.2
da22387a0407a2dc,Da'Mon Blackshear,10,5,4,1,3,1,4,0,2022-08-13,2025-07-26,4,29.58062109420454,70.0,72.0,135.0,Switch,10,9,1,0.5555555555555556,0.4,0.8,False,2.951463753533611,3,4.296074258204035,1.6614908676929168,0.5082297200887905,0.3054421768707483,1.0
f5431394fb284bb9,James Te Huna,10,5,5,3,0,2,3,0,2010-02-20,2016-03-19,6,31.143692204494272,74.0,75.0,185.0,Orthodox,10,10,0,0.5,0.3,0.6,True,6.075415648507498,4,3.7539580854644017,1.3953913067722419,0.5180908974610363,0.2966666666666667,0.1
fccf811c1e8b01c7,Andrew Sanchez,10,5,5,1,0,4,1,1,2016-07-08,2021-10-16,6,30.720137990513155,73.0,74.0,185.0,Orthodox,10,10,0,0.5,0.1,0.2,True,5.273208895459866,2,4.549747257096177,2.477463740289582,0.4842609469893421,0.24021164021164024,0.0
14ff46596ad80609,Norman Parke,9,5,3,1,0,4,1,1,2012-12-14,2016-02-27,5,27.635520692873,71.0,70.0,155.0,Southpaw,9,8,1,0.625,0.1111111111111111,0.2,False,3.203351198176554,3,3.1017274472168905,2.050543825975688,0.3517457878678862,0.405982905982906,0.0
1897b7b913736a7c,Alatengheili,9,5,3,1,0,4,1,0,2019-08-31,2025-04-26,7,30.33448857798434,65.0,66.0,135.0,Orthodox,9,8,1,0.625,0.1111111111111111,0.2,False,5.653777969431268,2,3.7284475965327024,1.5555555555555556,0.35029698122012703,0.42660910518053374,0.0
2aa49b3766a59bcd,Jordan Mein,9,5,4,2,0,3,2,0,2013-03-16,2018-07-28,6,25.95018682412674,72.0,73.0,170.0,Orthodox,9,9,0,0.5555555555555556,0.2222222222222222,0.4,False,5.366297733697475,2,4.1243205924810145,1.5555555555555556,0.49757801501212817,0.6533333333333333,0.2222222222222222
32ab52e5de93092d,Steve Erceg,9,5,4,1,0,4,1,1,2023-06-10,2026-07-25,4,29.34123675822684,68.0,68.0,125.0,Orthodox,9,9,0,0.5555555555555556,0.1111111111111111,0.2,False,3.1239518949738874,3,4.3347613812524495,0.9555555555555555,0.4304814637598922,0.23928571428571427,0.3333333333333333
36549928f90f1d36,Jose Quinonez,9,5,4,0,1,4,1,1,2014-11-15,2020-12-05,7,27.512923301337846,68.0,69.0,135.0,Southpaw,9,9,0,0.5555555555555556,0.1111111111111111,0.2,False,6.056250299458579,4,3.172733814675505,2.768157483415734,0.4382924419656602,0.4770833333333333,0.4444444444444444
3d074044a33825e7,Ramiz Brahimaj,9,5,4,1,4,0,5,0,2020-11-07,2026-02-21,6,30.816055999324647,70.0,72.0,170.0,Orthodox,9,9,0,0.5555555555555556,0.5555555555555556,1.0,False,5.289636337501797,3,2.5295327865361688,3.7028253924520635,0.5114131442745062,0.48538961038961037,0.8888888888888888
40a604761ca7d64d,Din Thomas,9,5,4,0,2,3,2,0,2001-06-29,2008-04-02,6,28.41673682553372,69.0,,155.0,Orthodox,9,9,0,0.5555555555555556,0.2222222222222222,0.4,False,6.759892400254625,4,1.7066963354174953,1.7031338464433017,0.35364885868537965,0.6285714285714287,0.8888888888888888
441eacbe20e0e80b,Augusto Sakai,9,5,4,2,0,3,2,0,2018-09-22,2023-02-25,6,29.532890248716033,75.0,77.0,265.0,Orthodox,9,9,0,0.5555555555555556,0.2222222222222222,0.4,False,4.4271956303004165,4,4.991058728541166,0.22973507315144323,0.47597583774804,0.375,0.0
4d5197f331c47290,Paige VanZant,9,5,4,2,2,1,4,0,2014-11-22,2020-07-11,6,22.77238942468208,64.0,65.0,115.0,Orthodox,9,9,0,0.5555555555555556,0.4444444444444444,0.8,False,5.634612620382349,3,3.317396486475123,1.0636769126724444,0.5061514397426949,0.18979591836734697,0.6666666666666666
849c5d9979df5357,Mateusz Rebecki,9,5,4,2,1,2,3,0,2023-01-14,2026-08-01,4,32.12112500598917,67.0,66.0,155.0,Southpaw,9,9,0,0.5555555555555556,0.3333333333333333,0.6,False,3.5455895740501173,3,6.12491505806395,3.423534608265668,0.5267199895345088,0.6759259259259259,0.2222222222222222
87c0b1c696ddfb43,Jonathan Pearce,9,5,4,2,1,2,3,0,2019-10-18,2024-10-12,6,30.228318628491113,72.0,71.0,145.0,Switch,9,9,0,0.5555555555555556,0.3333333333333333,0.6,False,4.985728659726072,5,4.018885551179875,4.413433076916982,0.5887697858566892,0.5075139146567718,0.5555555555555556
aac5ac38148f0528,Paul Kelly,9,5,4,1,1,3,2,0,2008-01-19,2011-02-05,4,25.095959837946324,69.0,70.0,155.0,Orthodox,9,9,0,0.5555555555555556,0.2222222222222222,0.4,False,3.047290498778209,2,3.1448471881055697,1.3090538585438685,0.36220342583210113,0.7777777777777778,1.1111111111111112
aceffa19749c4dc0,Zubaira Tukhugov,9,5,3,2,0,3,2,0,2014-02-15,2023-02-11,7,27.482806324260974,68.0,68.0,155.0,Orthodox,9,8,1,0.625,0.2222222222222222,0.4,False,8.98854870394327,3,4.0911419911934575,1.7777777777777777,0.427824928258418,0.4362244897959184,0.0
af65aa688d13eedf,Joe Solecki,9,5,4,0,2,3,2,0,2019-12-07,2025-01-11,7,28.850847192086228,69.0,70.0,155.0,Orthodox,9,9,0,0.5555555555555556,0.2222222222222222,0.4,False,5.097982847012601,3,1.841373717203653,2.548455685904725,0.5720986964114588,0.4486772486772487,1.0
d188a3b817860ec6,Steven Siler,9,5,4,1,1,3,2,0,2011-12-03,2014-07-26,4,26.10138013329044,71.0,70.0,145.0,Orthodox,9,9,0,0.5555555555555556,0.2222222222222222,0.4,False,2.6448181687508985,3,4.2758673129930616,0.8210246174318031,0.4425800998003321,0.1875,1.1111111111111112
d343df8ba11f4c4e,Nina Nunes,9,5,4,0,1,4,1,0,2014-11-08,2022-08-13,7,32.58809025662554,65.0,64.0,125.0,Orthodox,9,9,0,0.5555555555555556,0.1111111111111111,0.2,False,7.761966364812419,4,4.112942612942613,0.23321123321123322,0.46655259921154624,0.3,0.4444444444444444
d747eb273a40a920,Claudio Puelles,9,5,4,0,3,2,3,1,2016-11-05,2025-09-13,7,25.176271776817988,70.0,72.0,155.0,Southpaw,9,9,0,0.5555555555555556,0.3333333333333333,0.6,False,8.854391260600833,5,1.5597120196268905,2.7454775730549548,0.447484717792841,0.3790636446886447,0.7777777777777778
e00a3dee329a51f7,Jamall Emmers,9,5,4,2,0,3,2,0,2020-03-07,2025-11-08,5,33.576474686148394,70.0,74.0,145.0,Orthodox,9,9,0,0.5555555555555556,0.2222222222222222,0.4,False,5.672943318480188,2,6.722584079335423,1.7777777777777777,0.5299389862068978,0.48452380952380947,0.2222222222222222
1588b787bda7b540,Tom Breese,8,5,3,4,0,1,4,0,2015-05-30,2021-01-20,5,26.290067557855398,75.0,73.0,185.0,Southpaw,8,8,0,0.625,0.5,0.8,False,5.645564248410302,3,4.243531445300763,0.0,0.5532686272591557,0.0,0.5
2844b047183a1adb,Luis Pena,8,5,3,1,1,3,2,0,2018-07-06,2021-04-17,4,26.214775115163214,75.0,75.0,155.0,Southpaw,8,8,0,0.625,0.25,0.4,False,2.7817135191003235,2,3.6448131604608336,1.5091849319667263,0.4616799965345362,0.481859410430839,1.0
32ba186f4b0e3267,Brian Ebersole,8,5,3,1,0,4,1,0,2011-02-26,2015-06-06,5,32.06397119721829,72.0,73.0,170.0,Southpaw,8,8,0,0.625,0.125,0.2,False,4.27387283790906,4,2.415049751243781,1.25,0.501036055555864,0.19047619047619047,0.125
36b8f265bcd1b7a4,Abus Magomedov,8,5,3,1,2,2,3,0,2022-09-03,2026-06-27,5,33.92711691547397,74.0,78.0,185.0,Orthodox,8,8,0,0.625,0.375,0.6,False,3.813904460734991,3,5.357269748977663,1.9197370829248925,0.5787864096183614,0.6214285714285714,0.375
3fa97913cfd205d3,Alessandro Costa,8,5,3,4,1,0,5,0,2022-12-17,2026-07-11,5,28.867464766559202,64.0,67.0,125.0,Orthodox,8,8,0,0.625,0.625,1.0,False,3.564754923099037,3,4.842154336278057,0.6763962221092705,0.499674656582088,0.2708333333333333,0.5
6f7c616b98e18c29,Claudio Silva,8,5,3,0,3,2,3,0,2014-03-08,2022-07-23,6,36.19102377187759,71.0,71.0,170.0,Southpaw,8,8,0,0.625,0.375,0.6,False,8.375257534377845,5,3.6181184763865364,3.2117744404209287,0.4921477552656072,0.3833333333333333,0.875
9d62c2d8ee151f08,Karine Silva,8,5,3,0,3,2,3,0,2022-06-04,2026-04-18,5,30.646077605974114,65.0,67.0,125.0,Orthodox,8,8,0,0.625,0.375,0.6,False,3.87140050788175,4,2.623997465320236,2.954038684233968,0.38779551533006995,0.7108843537414966,1.0
abd5fb12437eda21,Ramazan Emeev,8,5,3,0,0,5,0,0,2017-10-21,2022-06-11,6,32.68171146567007,70.0,76.0,170.0,Southpaw,8,8,0,0.625,0.0,0.0,False,4.638014469838532,3,2.5537280701754383,2.7401315789473686,0.43871743046478506,0.3551587301587301,0.625
e7bba7ce4d6c7b07,Casey Kenney,8,5,3,0,1,4,1,0,2019-03-30,2021-08-07,3,29.254536369672202,67.0,68.0,135.0,Southpaw,8,8,0,0.625,0.125,0.2,False,2.357337933017105,3,5.511475409836065,0.875,0.49271049392273897,0.3666666666666667,0.25
fb3e61720be4690c,Mike Davis,8,5,3,2,1,2,3,0,2019-04-27,2026-07-25,6,30.26927315413732,72.0,72.0,155.0,Orthodox,8,8,0,0.625,0.375,0.6,False,7.244501940491591,4,3.844387884728424,2.084529258938513,0.5171282264388671,0.5553030303030303,0.875
ff6a1f63c254127e,Albert Tumenov,8,5,3,3,0,2,3,0,2014-02-15,2016-10-08,3,23.41389624701397,71.0,73.0,170.0,Orthodox,8,8,0,0.625,0.375,0.6,False,2.6448181687508985,5,3.7619373405300833,0.125,0.41303408189899743,0.25,0.0
135d124172a0bea3,Damir Ismagulov,7,5,2,0,0,5,0,0,2018-12-01,2023-07-01,5,30.056743122719837,70.0,74.0,155.0,Orthodox,7,7,0,0.7142857142857143,0.0,0.0,False,4.580518422691773,5,3.3619047619047615,1.0,0.4516144575061218,0.2803030303030303,0.0
2e7878927067fdca,Manuel Torres,7,5,2,4,1,0,5,0,2022-05-14,2026-06-27,5,29.391431720021632,70.0,73.0,155.0,Switch,7,7,0,0.7142857142857143,0.7142857142857143,1.0,False,4.120550045517704,3,6.380034816077514,2.4258760107816713,0.604794407029359,0.5,0.14285714285714285
50cc91ce2982785d,Ricco Rodriguez,7,5,2,5,0,0,5,2,2001-06-29,2003-11-21,3,24.868409344476614,76.0,,265.0,Orthodox,7,7,0,0.7142857142857143,0.7142857142857143,1.0,False,2.395668631114944,5,2.273547048707003,3.1924634468867166,0.5812297198925106,0.46190476190476193,0.8571428571428571
6d35bf94f7d30241,Amir Albazi,7,5,2,1,2,2,3,0,2020-07-18,2026-02-07,6,29.26001218368618,65.0,68.0,125.0,Orthodox,7,7,0,0.7142857142857143,0.42857142857142855,0.6,False,5.55795122418667,5,2.578511157389094,2.0269518942274303,0.3939768404671963,0.3968253968253968,0.42857142857142855
6e9f40c706f91f32,Nate Maness,7,5,2,2,1,2,3,0,2020-08-01,2024-06-15,5,30.908232201893263,70.0,72.0,125.0,Orthodox,7,7,0,0.7142857142857143,0.42857142857142855,0.6,False,3.87140050788175,3,3.4640563427956015,0.7282110855426234,0.4631179138321996,0.8333333333333334,0.42857142857142855
850266b3dc4e506e,Daniel Marcos,7,5,1,1,1,3,2,0,2023-01-21,2025-11-08,3,31.291539182871652,67.0,69.0,135.0,Orthodox,7,6,1,0.8333333333333334,0.2857142857142857,0.4,False,2.7981409611422547,2,5.1863779114279485,1.5422481603653895,0.5612932827311384,0.5357142857142858,0.14285714285714285
8b6e5dc2ba1edbe7,Sam Patterson,7,5,2,3,2,0,5,0,2023-03-18,2026-07-25,4,28.737071945351378,75.0,78.0,170.0,Orthodox,7,7,0,0.7142857142857143,0.7142857142857143,1.0,False,3.3539360835609218,4,4.269747555767969,1.8015986882557902,0.40778024496511894,0.6666666666666666,0.2857142857142857
8d11d9c13e2ccdf7,Muhammad Naimov,7,5,2,2,0,3,2,0,2023-06-03,2025-12-06,3,30.021150331628984,69.0,70.0,145.0,Orthodox,7,7,0,0.7142857142857143,0.2857142857142857,0.4,False,2.5106607254084614,3,2.2585819553959703,4.112554112554113,0.4145275984790051,0.4253968253968254,0.14285714285714285
93892752c5fc23ca,Jerry Bohlander,7,5,2,0,4,1,4,0,1996-02-16,1999-01-08,4,23.083293975920107,71.0,,199.0,Orthodox,7,7,0,0.7142857142857143,0.5714285714285714,0.8,False,2.8939677063868525,4,0.9047415129926211,4.970172684458398,0.41629118313992264,0.6,0.7142857142857143
abcf2cc6efc42031,Iasmin Lucindo,7,5,2,0,1,4,1,0,2022-08-13,2025-08-09,4,22.182522570620886,63.0,66.0,115.0,Orthodox,7,7,0,0.7142857142857143,0.14285714285714285,0.2,False,2.9897944516314503,4,3.097536945812808,2.3497536945812807,0.4255049009752967,0.6159863945578231,0.14285714285714285
bc7d1ad49fcb2d08,Jaqueline Amorim,7,5,2,1,4,0,5,0,2023-04-08,2026-05-30,4,29.281915439742086,63.0,68.0,115.0,Orthodox,7,7,0,0.7142857142857143,0.7142857142857143,1.0,False,3.1431172440228066,4,1.7303149962225592,1.9748750269948105,0.47130623961743506,0.4777777777777778,2.4285714285714284
c8097968da5e5f13,Chris Wade,7,5,2,0,2,3,2,0,2014-08-30,2017-07-22,4,28.226256723761804,70.0,70.0,155.0,Orthodox,7,7,0,0.7142857142857143,0.2857142857142857,0.4,False,2.8939677063868525,4,1.415873015873016,4.309523809523809,0.41844738103027346,0.6781746031746032,0.8571428571428571
d66a46de8d705353,Jeremiah Wells,7,5,2,2,1,2,3,0,2021-06-26,2025-11-01,5,36.44428017002402,69.0,74.0,170.0,Switch,7,7,0,0.7142857142857143,0.42857142857142855,0.6,False,4.350534234104739,4,2.815924346248184,2.434318139050128,0.49362437953492433,0.4166666666666667,0.8571428571428571
e1d40e8782d80bc2,William Gomis,7,5,2,1,0,4,1,0,2022-09-03,2026-05-09,5,27.064210764081395,72.0,73.0,145.0,Southpaw,7,7,0,0.7142857142857143,0.14285714285714285,0.2,False,3.6797470173925544,4,3.2213642213642215,0.7142857142857143,0.4749663451489643,0.4,0.2857142857142857
e375cb5caf4717b6,Piera Rodriguez,7,5,2,0,0,5,0,0,2022-04-09,2026-03-14,5,31.34629732301142,63.0,63.0,115.0,Orthodox,7,7,0,0.7142857142857143,0.0,0.0,False,3.9288965550285084,3,4.112685543425582,3.916970600556938,0.48525221031173416,0.6244588744588745,0.0
ec52462a1b41f714,Brett Johns,7,5,2,0,2,3,2,0,2016-11-19,2020-07-18,4,26.409850989411147,67.0,71.0,135.0,Orthodox,7,7,0,0.7142857142857143,0.2857142857142857,0.4,False,3.6605816683436347,3,2.742043984476067,4.283681389761597,0.4778388658346966,0.43684210526315786,0.8571428571428571
feedf3053472fe56,Charles Radtke,7,5,2,2,1,2,3,0,2023-09-09,2026-04-11,4,34.41549107784554,69.0,72.0,170.0,Orthodox,7,7,0,0.7142857142857143,0.42857142857142855,0.6,False,2.5873221216041395,2,3.6211593963741016,1.1581456518165378,0.5471620163669436,0.39166666666666666,0.2857142857142857
18d01f7f8338ae72,Vinicius Oliveira,6,5,1,2,0,3,2,0,2024-03-02,2026-06-20,3,29.398732805373598,69.0,70.0,145.0,Switch,6,6,0,0.8333333333333334,0.3333333333333333,0.4,False,2.299841885870346,4,5.338133667013762,1.1738554672720394,0.500633170998119,0.39166666666666666,0.16666666666666666
2747c60e42d9d75f,David Teymur,6,5,1,2,0,3,2,0,2016-02-27,2019-02-02,4,28.227821242051515,69.0,73.0,155.0,Southpaw,6,6,0,0.8333333333333334,0.3333333333333333,0.4,False,2.932298404484692,5,4.714397222293303,0.88860103626943,0.45604993093135304,0.40476190476190477,0.0
2997e7fe3c9d3d4a,Wang Cong,6,5,1,1,0,4,1,0,2024-08-24,2026-07-11,3,33.08213036544213,66.0,65.0,125.0,Southpaw,6,6,0,0.8333333333333334,0.16666666666666666,0.2,False,1.8782042067941163,4,7.171357332086644,0.3333333333333333,0.5331232989380125,0.5,0.16666666666666666
49d2a08964c5eb11,Nursulton Ruziboev,6,5,1,3,1,1,4,0,2023-07-01,2026-06-27,4,30.967553520378015,77.0,76.0,185.0,Orthodox,6,6,0,0.8333333333333334,0.6666666666666666,0.8,False,2.9897944516314503,3,2.761232125938008,3.375222816399287,0.46607531901649546,0.8333333333333334,0.16666666666666666
6c3b2525436cf5d4,Tom Nolan,6,5,1,1,1,3,2,0,2024-01-13,2026-06-06,3,24.868865662311112,75.0,73.0,155.0,Southpaw,6,6,0,0.8333333333333334,0.3333333333333333,0.4,False,2.395668631114944,5,6.432376054676195,1.1048387096774193,0.4805183199086887,0.4861111111111111,0.8333333333333334
6e743a33d56bdaa4,Payton Talbott,6,5,1,2,1,2,3,0,2023-11-18,2025-12-06,3,26.156138273430212,70.0,70.0,135.0,Switch,6,6,0,0.8333333333333334,0.5,0.6,False,2.050692348234392,3,12.417585256971554,0.6666666666666666,0.6402583069397179,0.4,0.16666666666666666
7ea1f74cef32f906,Rashid Magomedov,6,5,1,1,0,4,1,0,2014-02-01,2017-04-15,4,30.66364584260229,69.0,70.0,155.0,Orthodox,6,6,0,0.8333333333333334,0.16666666666666666,0.2,False,3.2006132911695655,4,4.403381642512078,0.6672240802675585,0.5101415476382103,0.5,0.16666666666666666
8866c6f509c19089,Ryan Hall,6,5,1,0,1,4,1,1,2015-12-11,2021-12-11,5,33.99841657711429,70.0,70.0,145.0,Southpaw,6,6,0,0.8333333333333334,0.16666666666666666,0.2,False,6.001492159318809,4,2.32098894999277,0.16666666666666666,0.5320724612345699,0.06666666666666667,1.6666666666666667
9c393e836a852f30,Mauricio Ruffy,6,5,1,4,0,1,4,0,2024-05-04,2026-06-14,3,28.97618249062837,71.0,75.0,155.0,Orthodox,6,6,0,0.8333333333333334,0.6666666666666666,0.8,False,2.1109263023881395,3,3.7222038971714473,0.0,0.5094137409142615,0.0,0.0
b07aed698fba8624,Ikram Aliskerov,6,5,1,3,0,2,3,0,2023-05-06,2026-06-27,4,31.939966825693432,72.0,76.0,185.0,Southpaw,6,6,0,0.8333333333333334,0.5,0.6,False,3.1431172440228066,3,7.074353202069118,1.6666666666666667,0.5778952165820346,0.7738095238095238,0.16666666666666666
bf2c8e01b07d3eb1,Myktybek Orolbai,6,5,1,1,2,2,3,0,2023-11-18,2026-03-14,4,26.989374639223712,70.0,74.0,170.0,Orthodox,6,6,0,0.8333333333333334,0.5,0.6,False,2.319007234919266,3,2.7434914890127042,7.871870882740448,0.475435965632044,0.557156862745098,0.3333333333333333
c0ac37a4a1133da9,Marcus McGhee,6,5,1,2,1,2,3,0,2023-04-29,2026-06-06,4,34.29411053386905,68.0,69.0,135.0,Orthodox,6,6,0,0.8333333333333334,0.5,0.6,False,3.1047865459249677,4,5.093849645443533,0.29469548133595286,0.4605956227511883,0.1111111111111111,0.16666666666666666
e0c6edcb5b5d0b90,Chepe Mariscal,6,5,1,1,0,4,1,0,2023-06-24,2025-11-15,3,31.691273605891976,67.0,69.0,145.0,Orthodox,6,6,0,0.8333333333333334,0.16666666666666666,0.2,False,2.395668631114944,5,4.172634157203295,2.3006012024048097,0.5308299669786268,0.5145238095238096,0.16666666666666666
e3964ece586e0635,Jacqueline Cavalcanti,6,5,1,0,0,5,0,0,2023-09-02,2026-05-16,4,27.40918704696195,68.0,70.0,135.0,Orthodox,6,6,0,0.8333333333333334,0.0,0.0,False,2.702314215897657,5,5.3,0.0,0.4649010117778296,0.0,0.0
f5779a2303ed76ec,Valter Walker,6,5,1,0,5,0,5,0,2024-04-06,2026-07-25,3,27.368574759691622,78.0,78.0,244.0,Orthodox,6,6,0,0.8333333333333334,0.8333333333333334,1.0,False,2.299841885870346,5,2.076346419824681,8.191724191724193,0.6982511684004221,0.6933333333333334,1.0
2f815ed5f8278ba6,Ateba Gautier,5,5,0,4,0,1,4,0,2025-03-29,2026-05-09,2,23.520263934235473,76.0,81.0,185.0,Switch,5,5,0,1.0,0.8,0.8,False,1.111590244837334,5,6.754199083928208,1.782178217821782,0.4315145493925982,1.0,0.0
fcaae0385b514f11,Frank Shamrock,5,5,0,2,3,0,5,5,1997-12-21,1999-09-24,3,25.67499674873543,70.0,,185.0,Orthodox,5,5,0,1.0,1.0,1.0,False,1.7577362984866218,5,2.9985448828489174,8.181818181818183,0.6838904265133774,1.0,1.8
01b352b6a9074d5c,Chase Sherman,15,4,11,3,0,1,3,0,2016-08-06,2023-05-13,7,30.118984875345372,76.0,78.0,250.0,Orthodox,15,15,0,0.26666666666666666,0.2,0.75,True,6.7653682142686025,2,5.643769738415553,0.06666666666666667,0.4527131480742198,0.5,0.0
f9b200db02b488d9,Lando Vannata,14,4,8,1,1,2,2,0,2016-07-13,2026-04-04,9,27.696080588337104,69.0,71.0,155.0,Orthodox,14,12,2,0.3333333333333333,0.14285714285714285,0.5,True,9.72504568882318,1,4.546987737691285,1.648966889488745,0.47249212951213154,0.4642857142857143,0.21428571428571427
3be081c29bf734d9,Takanori Gomi,13,4,9,2,0,2,2,0,2010-03-31,2017-09-22,8,34.971496808495516,67.0,70.0,155.0,Southpaw,13,13,0,0.3076923076923077,0.15384615384615385,0.5,True,7.4799619430926025,2,2.916537694873805,0.07692307692307693,0.31437016097256065,0.16666666666666666,0.0
53278852bcd91e11,Igor Pokrajac,13,4,8,2,1,1,3,0,2009-09-19,2016-04-10,7,33.3870910843744,72.0,74.0,205.0,Orthodox,13,12,1,0.3333333333333333,0.23076923076923078,0.75,True,6.557287281737476,3,5.356036058173894,1.4400157419537334,0.48862405025328665,0.24166666666666664,0.15384615384615385
0b64d0fed453ef7f,Scott Jorgensen,12,4,8,1,1,2,2,0,2011-06-04,2015-11-21,5,30.859862511436464,65.0,66.0,135.0,Orthodox,12,12,0,0.3333333333333333,0.16666666666666666,0.5,True,4.465526328398256,2,2.916430104194132,2.0613183109475712,0.4064195382032934,0.38666666666666666,0.16666666666666666
1a9480fc288e55d7,Don'Tale Mayes,12,4,7,2,0,2,2,0,2019-10-26,2025-05-03,7,30.908004042976014,78.0,81.0,260.0,Orthodox,12,11,1,0.36363636363636365,0.16666666666666666,0.5,True,5.519620526088831,2,2.697542711946774,0.641645988420182,0.42793722451909916,0.20833333333333334,0.0
4498b382c65a7faa,Roxanne Modafferi,12,4,8,1,0,3,1,1,2013-11-30,2022-02-12,7,36.783096162138854,67.0,69.0,125.0,Orthodox,12,12,0,0.3333333333333333,0.08333333333333333,0.25,True,8.202769392937569,1,3.376935763888889,1.3298177083333333,0.3070574701347975,0.3647486772486772,0.08333333333333333
9673a497a9da119a,Polyana Viana,12,4,8,1,3,0,4,0,2018-02-03,2026-05-16,9,29.366562398041484,65.0,67.0,115.0,Orthodox,12,12,0,0.3333333333333333,0.3333333333333333,1.0,True,8.279430789133247,2,3.3989951711439006,1.6400549725137434,0.39811493956760624,0.4066666666666666,0.75
d2cd7a69cc55e7ed,Austin Hubbard,12,4,8,1,0,3,1,0,2019-05-18,2025-08-23,6,30.268930915761445,70.0,71.0,155.0,Orthodox,12,12,0,0.3333333333333333,0.08333333333333333,0.25,True,6.2670691389966935,1,3.9963302492714257,1.576797385620915,0.4541316024618442,0.41527777777777775,0.08333333333333333
12ebd7d157e91701,Bruno Silva,11,4,7,4,0,0,4,0,2021-06-19,2025-05-10,5,33.652859526080746,72.0,74.0,185.0,Orthodox,11,11,0,0.36363636363636365,0.36363636363636365,1.0,True,3.890565856930669,3,4.815457432679058,0.45454545454545453,0.5107325071489878,0.1130952380952381,0.0
2eeaefbfc7f9fcff,Lina Lansberg,11,4,7,0,0,4,0,0,2016-09-24,2023-02-18,7,37.4737332046517,67.0,65.0,135.0,Orthodox,11,11,0,0.36363636363636365,0.0,0.0,True,6.401226582339131,2,2.775641532761844,0.45454545454545453,0.5317636262651305,0.35714285714285715,0.09090909090909091
6370c1c1e12723d5,Marcin Prachnio,11,4,7,1,0,3,1,0,2018-02-24,2025-07-19,7,33.57794043434406,75.0,73.0,205.0,Orthodox,11,11,0,0.36363636363636365,0.09090909090909091,0.25,True,7.397824732882947,2,5.269880777567789,0.09090909090909091,0.5456638127298832,0.25,0.0
65ddc8a9ac4e8531,Keita Nakamura,11,4,7,0,2,2,2,0,2006-12-13,2019-04-20,8,30.31261297755476,71.0,73.0,170.0,Southpaw,11,11,0,0.36363636363636365,0.18181818181818182,0.5,True,12.350698508525157,1,2.220905132308353,1.6363636363636365,0.3655374856408741,0.4303030303030303,0.36363636363636365
77d7295d1b22c694,Alessio Di Chirico,11,4,7,2,0,2,2,0,2016-04-10,2022-09-03,7,29.300831888154008,72.0,74.0,185.0,Orthodox,11,11,0,0.36363636363636365,0.18181818181818182,0.5,True,6.398488675332143,2,3.1659669104580987,1.097612065354001,0.4159531574188166,0.3958333333333333,0.0
7ea4a9f07df33a45,Francisco Rivera,11,4,6,3,0,1,3,0,2011-06-04,2016-07-30,6,32.454154058293774,68.0,70.0,135.0,Orthodox,11,10,1,0.4,0.2727272727272727,0.75,True,5.1554788941593594,2,5.694250154997713,0.7467532467532467,0.43909523757073626,0.4583333333333333,0.36363636363636365
814ff3018127e8fc,Ricky Glenn,11,4,6,1,0,3,1,0,2016-09-17,2024-08-17,6,30.897280573865306,72.0,70.0,170.0,Southpaw,11,10,1,0.4,0.09090909090909091,0.25,True,7.915289157203776,2,4.52749554854818,0.5454545454545454,0.40201635699378024,0.10068027210884353,0.2727272727272727
866fd7b1a6c90e7f,Dusko Todorovic,11,4,7,3,1,0,4,0,2020-10-03,2026-08-01,7,28.901595266407686,73.0,74.0,185.0,Orthodox,11,11,0,0.36363636363636365,0.36363636363636365,1.0,True,5.826266110871544,1,3.808290660855974,2.666910840763165,0.6221131750684212,0.4700091575091575,0.18181818181818182
98f6da59d765ec94,Charlie Brenneman,11,4,7,0,0,4,0,0,2010-03-31,2014-11-08,4,31.214877786675974,70.0,70.0,155.0,Orthodox,11,11,0,0.36363636363636365,0.0,0.0,True,4.6078974927616585,2,1.3724998250646325,3.7078666248539807,0.486675217292713,0.3476190476190476,0.0
a68575214ecad140,SeungWoo Choi,11,4,7,1,0,3,1,0,2019-04-20,2025-03-15,6,29.15273600913963,72.0,74.0,145.0,Orthodox,11,11,0,0.36363636363636365,0.09090909090909091,0.25,True,5.902927507067222,3,4.30115231052378,0.5689517508839969,0.4041821626007423,0.5277777777777778,0.0
e9213f53ddeca978,Dhiego Lima,11,4,7,1,0,3,1,2,2014-07-06,2021-06-19,6,28.760717505866275,74.0,75.0,170.0,Orthodox,11,11,0,0.36363636363636365,0.09090909090909091,0.25,True,6.95428379775081,3,3.1498698933664486,0.7272727272727273,0.4377584768251248,0.18055555555555555,0.36363636363636365
1fcfc3709fe58151,Peter Sobotta,10,4,6,1,1,2,2,0,2009-06-13,2020-07-25,8,27.908033703635255,72.0,75.0,170.0,Southpaw,10,10,0,0.4,0.2,0.5,True,11.11590244837334,2,2.230714699761612,2.017060387247601,0.40339116039168815,0.36279761904761904,0.4
322a56923b396b4d,DaMarques Johnson,10,4,6,2,2,0,4,1,2009-06-20,2012-09-29,4,28.715990061397566,73.0,75.0,170.0,Orthodox,10,10,0,0.4,0.4,1.0,True,3.2772746873652436,2,2.10088496292674,1.274258350780578,0.39894124724809926,0.625,0.3
37c5366d18ed6c05,Roosevelt Roberts,10,4,5,0,2,2,2,0,2018-11-30,2024-09-28,6,26.826286645174093,74.0,73.0,155.0,Orthodox,10,9,1,0.4444444444444444,0.2,0.5,False,5.829004017878533,2,2.5730304053918456,0.5778656126482213,0.42915413367155797,0.25,0.4
37d5b176d438d2a5,Karl Roberson,10,4,6,0,2,2,2,0,2017-11-11,2022-07-09,6,29.240299253235868,73.0,74.0,205.0,Southpaw,10,10,0,0.4,0.2,0.5,True,4.657179818887451,2,2.7312815286595273,0.7142552767928722,0.5436590204647864,0.5,0.3
38c626ca912c7bac,Damir Hadzovic,10,4,6,2,0,2,2,0,2016-04-10,2025-02-01,8,33.22094225069645,69.0,70.0,155.0,Orthodox,10,10,0,0.4,0.2,0.5,True,8.813322655496005,2,3.1971008055433394,1.469333567786179,0.4424338681877069,0.47222222222222215,0.1
4c88a1db5a46c6a4,Jai Herbert,10,4,5,2,0,2,2,0,2020-07-25,2026-04-18,7,34.78592989589109,73.0,77.0,155.0,Orthodox,10,9,1,0.4444444444444444,0.2,0.5,False,5.730439365626946,1,4.043061234317781,0.3,0.43076158949208193,0.2,0.0
7d420039bbfe7c1a,Aoriqileng,10,4,5,2,0,2,2,0,2021-04-24,2026-05-30,6,30.155581565672122,67.0,69.0,135.0,Orthodox,10,9,1,0.4444444444444444,0.2,0.5,False,5.097982847012601,2,5.960439411793364,1.1357142857142857,0.5749151257483496,0.5166666666666667,0.1
85073dbd1be65ed9,Greg Hardy,10,4,5,3,0,1,3,0,2019-01-19,2022-03-05,4,31.769851536992547,77.0,80.0,265.0,Orthodox,10,9,1,0.4444444444444444,0.3,0.75,False,3.1239518949738874,2,8.957414904351117,0.24193548387096775,0.5320140434248032,0.5,0.0
a7f4d0902bb64092,James Irvin,10,4,6,3,0,0,3,0,2005-02-05,2010-08-01,5,28.968151296741205,74.0,75.0,205.0,Orthodox,10,10,0,0.4,0.3,0.75,True,5.484027734997981,2,4.042667505892874,0.0,0.5328634085213032,0.0,0.1
c17041f1bb5768d8,Alex White,10,4,6,2,0,2,2,0,2014-04-19,2019-10-26,5,28.224535753643124,72.0,71.0,155.0,Southpaw,10,10,0,0.4,0.2,0.5,True,5.519620526088831,1,4.6872855281422705,0.7,0.44094659085498356,0.48571428571428565,0.4
d05412b513b19621,Guido Cannetti,10,4,6,1,1,2,2,0,2014-11-15,2023-03-11,7,39.607931716599246,66.0,68.0,135.0,Southpaw,10,10,0,0.4,0.2,0.5,True,8.317761487231087,2,4.595248513757576,3.3510930235340424,0.5372722915471716,0.6292517006802721,0.2
d6c0cdd7e467c440,Kyle Daukaus,10,4,5,1,2,1,3,0,2020-06-27,2026-06-14,5,29.83880572496355,74.0,76.0,185.0,Southpaw,10,9,1,0.4444444444444444,0.3,0.75,False,5.963161461220969,2,3.710210321329343,1.8065974773910043,0.536202072190586,0.2642857142857143,0.7
e13abac8089a801a,Justin Tafa,10,4,5,4,0,0,4,0,2019-10-05,2025-02-08,6,28.437818709487534,72.0,74.0,264.0,Southpaw,10,9,1,0.4444444444444444,0.4,1.0,False,5.347132384648555,2,3.7854289259789446,0.0,0.46919021536961736,0.0,0.0
1c86754617d9813a,Roan Carneiro,9,4,5,1,1,2,2,0,2007-04-05,2017-02-11,5,33.242450031295796,71.0,76.0,170.0,Orthodox,9,9,0,0.4444444444444444,0.2222222222222222,0.5,False,9.856465225158628,1,1.283643599656577,2.7293351624910818,0.4398273461431356,0.421875,1.0
1fd4fbdcc67de844,Drew McFedries,9,4,5,4,0,0,4,0,2006-11-18,2009-09-19,4,29.72789006999155,72.0,72.0,185.0,Southpaw,9,9,0,0.4444444444444444,0.4444444444444444,1.0,False,2.836471659240094,1,6.897405051884606,1.8754465348892593,0.5582754990792748,1.0,0.1111111111111111
22e47b53e4ceb27c,David Loiseau,9,4,5,4,0,0,4,1,2003-04-25,2010-06-12,5,26.25957031591644,72.0,76.0,185.0,Orthodox,9,9,0,0.4444444444444444,0.4444444444444444,1.0,False,7.132247753205062,3,1.9859912471026666,0.6033096926713948,0.4474610356963298,0.625,0.1111111111111111
23dec7c47cb418f8,Zach Reese,9,4,4,1,1,2,2,0,2023-12-02,2026-07-11,4,31.072506622312574,76.0,77.0,185.0,Switch,9,8,1,0.5,0.2222222222222222,0.5,False,2.606487470653059,2,5.431632638146695,1.6426577331099945,0.566701188083617,0.6388888888888888,0.4444444444444444
24b033b3daf1c9df,Luiz Cane,9,4,5,3,0,1,3,0,2007-12-29,2012-10-13,6,28.740114064248033,74.0,77.0,185.0,Southpaw,9,9,0,0.4444444444444444,0.3333333333333333,0.75,False,4.791337262229888,3,5.0725571883524605,1.012012012012012,0.3961904229127415,0.3333333333333333,0.1111111111111111
470fedbc8563ac47,Daniel Omielanczuk,9,4,5,2,0,2,2,0,2013-09-21,2017-07-08,5,33.22541416547453,72.0,74.0,247.0,Southpaw,9,9,0,0.4444444444444444,0.2222222222222222,0.5,False,3.7947391116860714,3,4.779437332439671,0.4728487886382623,0.6236477665505014,0.24761904761904763,0.1111111111111111
4a1329cc8eb0928a,Maximo Blanco,9,4,5,1,0,3,1,0,2012-04-21,2016-09-17,5,30.77103263965417,68.0,71.0,145.0,Orthodox,9,9,0,0.4444444444444444,0.1111111111111111,0.25,False,4.408030281251497,3,5.755963302752294,5.458715596330276,0.41728761518033547,0.532967032967033,0.2222222222222222
53ec9cb470e1a4ea,Jon Tuck,9,4,5,1,2,1,3,0,2012-11-10,2018-08-25,7,30.963294553922694,71.0,73.0,155.0,Orthodox,9,9,0,0.4444444444444444,0.3333333333333333,0.75,False,5.787935412773705,1,3.326317060215365,0.39113428943937417,0.4316869373089367,0.12,0.7777777777777778
5755960ebd0b16f6,Ivan Menjivar,9,4,5,1,2,1,3,0,2004-06-19,2014-03-01,5,29.361923166724086,66.0,64.0,145.0,Orthodox,9,9,0,0.4444444444444444,0.3333333333333333,0.75,False,9.697666618753294,3,2.872450695309873,0.8094079480940795,0.4409851461504203,0.3333333333333333,0.6666666666666666
5f6f049d54728e88,Andre Ewell,9,4,5,0,0,4,0,0,2018-09-22,2021-12-18,4,32.21603911556477,68.0,75.0,145.0,Southpaw,9,9,0,0.4444444444444444,0.0,0.0,False,3.2389439892674043,2,4.218145622655492,0.3333333333333333,0.38836089111867295,0.75,0.1111111111111111
5fa2974cbd18e05c,John Castaneda,9,4,4,1,1,2,2,0,2020-07-25,2026-04-18,7,31.35846579859804,66.0,71.0,135.0,Switch,9,8,1,0.5,0.2222222222222222,0.5,False,5.730439365626946,2,5.482967357365032,1.417057902973396,0.524526570597327,0.3678571428571429,0.1111111111111111
6c8072b61c276e67,Jessica-Rose Clark,9,4,5,1,0,3,1,0,2017-11-18,2023-05-13,7,32.62398725960606,65.0,64.0,135.0,Orthodox,9,9,0,0.4444444444444444,0.1111111111111111,0.25,False,5.4812898279909925,2,4.426256801327703,1.6788516597790561,0.5335649561844422,0.5615337043908472,0.2222222222222222
6e0273f9478be71e,Kenny Robertson,9,4,5,1,2,1,3,0,2011-02-05,2016-09-17,6,29.91254668701844,70.0,74.0,170.0,Orthodox,9,9,0,0.4444444444444444,0.3333333333333333,0.75,False,5.615447271333429,3,3.8260007000400478,2.184019370460048,0.5059472502453046,0.44761904761904764,0.5555555555555556
74f9448b97bf8bec,Da Woon Jung,9,4,4,2,1,1,3,0,2019-08-31,2024-09-28,6,28.028562454320685,76.0,78.0,205.0,Orthodox,9,8,1,0.5,0.3333333333333333,0.75,False,5.078817497963682,2,3.74049499655622,1.112485939257593,0.415812364962414,0.2648148148148148,0.1111111111111111
7b433309b0fd12aa,Brad Katona,9,4,5,0,0,4,0,1,2018-07-06,2025-05-10,5,30.120323407659903,66.0,64.0,135.0,Orthodox,9,9,0,0.4444444444444444,0.0,0.0,False,6.8447675174712685,2,4.407870370370371,1.6666666666666667,0.49471434819355625,0.3364512471655329,0.0
7c3c48cf54a2848e,Yuta Sasaki,9,4,5,0,4,0,4,0,2014-08-23,2018-11-17,5,27.02101267574891,70.0,71.0,125.0,Southpaw,9,9,0,0.4444444444444444,0.4444444444444444,1.0,False,4.235542139811221,1,2.541347431171023,2.5441321596698327,0.46216013485087554,0.34965986394557824,0.5555555555555556
84ac950d4c1722dd,Duane Ludwig,9,4,5,1,0,3,1,0,2003-04-25,2012-09-29,5,31.328044609631505,70.0,70.0,170.0,Orthodox,9,9,0,0.4444444444444444,0.1111111111111111,0.25,False,9.432089639075409,2,4.7271282074046255,0.1111111111111111,0.4348244134221759,0.25,0.0
8a8a84b743ae7699,Dennis Hallman,9,4,5,1,2,1,3,1,2000-12-16,2011-12-10,7,31.624651202055254,69.0,72.0,155.0,Orthodox,9,9,0,0.4444444444444444,0.3333333333333333,0.75,False,10.981745005030904,2,1.8208137002997355,1.7361735460958134,0.3843337158531124,0.38095238095238093,1.3333333333333333
8e382b585a92affe,Phil Rowe,9,4,5,4,0,0,4,0,2021-02-13,2026-02-21,6,33.12806636078161,75.0,80.0,170.0,Orthodox,9,9,0,0.4444444444444444,0.4444444444444444,1.0,False,5.021321450816923,3,3.1069869709894693,0.4574028122415219,0.4816619691013904,0.3333333333333333,0.2222222222222222
9583662df31d943f,Luigi Fioravanti,9,4,5,2,0,2,2,0,2006-04-06,2009-02-07,4,26.60545923446599,68.0,70.0,170.0,Orthodox,9,9,0,0.4444444444444444,0.2222222222222222,0.5,False,2.841947473254071,2,2.45992151514027,3.19566662656216,0.4545467101666898,0.49322916666666666,0.6666666666666666
9b74de674c355425,Paul Taylor,9,4,5,2,0,2,2,0,2007-04-21,2011-02-05,5,29.10151778917051,72.0,72.0,155.0,Orthodox,9,9,0,0.4444444444444444,0.2222222222222222,0.5,False,3.7947391116860714,1,4.546169006770388,0.2222222222222222,0.47847904174143757,0.4,0.4444444444444444
9fa568ad2bf2cb0b,Justin Scoggins,9,4,5,1,0,3,1,0,2013-12-06,2018-07-14,6,23.40910490975174,67.0,66.0,125.0,Southpaw,9,9,0,0.4444444444444444,0.1111111111111111,0.25,False,4.602421678747681,2,3.8499144986163083,3.790409529842436,0.5626440494257063,0.6175925925925926,0.3333333333333333
ac7c765882f2c68c,Elise Reed,9,4,5,0,0,4,0,0,2021-07-24,2025-05-17,5,30.32384116184605,63.0,63.0,115.0,Orthodox,9,9,0,0.4444444444444444,0.0,0.0,False,3.813904460734991,1,2.8593233591088265,0.3333333333333333,0.4616823528205344,0.3333333333333333,0.0
b69f24c500d783e7,Francimar Barroso,9,4,4,0,0,4,0,0,2013-08-03,2018-01-20,6,36.00104344678155,73.0,75.0,205.0,Orthodox,9,8,1,0.5,0.0,0.0,False,4.465526328398256,2,2.491302708003319,2.0739986422267482,0.4650840269185037,0.2695578231292517,0.0
b71ce838b01f2cad,Rony Jason,9,4,4,2,1,1,3,1,2012-06-23,2017-03-11,6,30.26847459792695,67.0,73.0,145.0,Orthodox,9,8,1,0.5,0.3333333333333333,0.75,False,4.71467586603421,3,2.3803880069453394,0.40207833733013587,0.4719564100789152,0.3333333333333333,0.4444444444444444
b959e8c7fd8390d2,Kyle Kingsbury,9,4,5,1,0,3,1,0,2008-12-13,2014-07-26,6,29.288912313204392,76.0,79.0,205.0,Orthodox,9,9,0,0.4444444444444444,0.1111111111111111,0.25,False,5.615447271333429,4,5.4039799597321725,2.111111111111111,0.4448131890132512,0.2721306471306471,0.0
bb1a2cdad6ff34db,Jason Knight,9,4,5,1,1,2,2,0,2015-12-11,2018-11-03,4,24.866279861248955,70.0,71.0,145.0,Orthodox,9,9,0,0.4444444444444444,0.2222222222222222,0.5,False,2.896705613393841,4,2.9563598824661117,1.3361619509092584,0.35929886144025003,0.3455433455433456,1.4444444444444444
d2c55d1d2e67773b,David Branch,9,4,5,1,0,3,1,0,2010-07-03,2019-03-30,5,33.23758264106115,73.0,78.0,185.0,Orthodox,9,9,0,0.4444444444444444,0.1111111111111111,0.25,False,8.739399166307317,2,1.6548727363791431,2.315966743219747,0.3906949267720605,0.3482142857142857,0.0
eff47295daf721a6,Tamdan McCrory,9,4,5,1,2,1,3,0,2007-06-12,2016-10-01,5,24.351249132045453,76.0,76.0,185.0,Switch,9,9,0,0.4444444444444444,0.3333333333333333,0.75,False,9.306145916753938,1,2.3190444146721636,1.8387751765910403,0.48175513454430596,0.5609523809523809,1.2222222222222223
fb1538b46877a695,Jonathan Goulet,9,4,5,2,1,1,3,0,2005-10-03,2010-05-08,5,28.043773048803953,72.0,73.0,170.0,Orthodox,9,9,0,0.4444444444444444,0.3333333333333333,0.75,False,4.594207957726716,2,1.3334474398912706,4.126234228228562,0.3816341440422323,0.5777777777777778,0.2222222222222222
068f8a189a47fea6,Maurice Greene,8,4,4,1,2,1,3,0,2018-11-30,2021-05-08,4,33.50787490502885,79.0,80.0,258.0,Orthodox,8,8,0,0.5,0.375,0.75,False,2.4367372362197717,3,3.9445317769638932,0.0,0.4795989301236377,,0.25
07a18ae55dfc3cd9,Paul Varelans,8,4,4,2,1,1,3,1,1995-07-14,1996-12-07,2,26.181235754327602,80.0,,300.0,Orthodox,8,8,0,0.5,0.375,0.75,False,1.401808387578116,1,2.3585161824005745,3.575031525851198,0.6063098086124402,1.0,0.375
2816ced060a21be3,Nick Hein,8,4,4,0,0,4,0,0,2014-05-31,2019-06-01,5,32.37677707276672,66.0,66.0,155.0,Southpaw,8,8,0,0.5,0.0,0.0,False,5.002156101768003,3,2.4783491248848533,0.8137583892617449,0.34061806831124836,0.27999999999999997,0.0
33a331684283900f,Eddie Alvarez,8,4,3,2,0,2,2,2,2014-09-27,2018-07-28,5,32.65604358747955,69.0,69.0,155.0,Orthodox,8,7,1,0.5714285714285714,0.25,0.5,False,3.8330698097839107,3,4.97382759271666,1.957919151429987,0.40240728002080794,0.21950757575757576,0.125
40f3cb27fc7305a1,Themba Gorimbo,8,4,4,1,0,3,1,0,2023-02-18,2026-05-02,4,33.54757455663018,73.0,77.0,170.0,Orthodox,8,8,0,0.5,0.125,0.25,False,3.2006132911695655,4,5.322003972098431,3.441750629722922,0.5940814953856293,0.578968253968254,0.25
43563a32c3f10e95,Cyrille Diabate,8,4,4,1,1,2,2,0,2010-05-29,2014-03-08,5,38.32282661519402,78.0,81.0,205.0,Southpaw,8,8,0,0.5,0.25,0.5,False,3.775573762637152,2,3.552508264776496,1.9375,0.7094795723367151,0.75,0.125
47cd337b86b1af92,Zak Ottow,8,4,4,1,0,3,1,0,2016-10-01,2019-03-09,4,31.00405894713786,71.0,72.0,170.0,Orthodox,8,8,0,0.5,0.125,0.25,False,2.4339993292127833,1,3.058371491727723,1.1288956607457679,0.3580027305502161,0.34722222222222227,0.25
513c6f1715e547a8,Brock Lesnar,8,4,3,2,1,1,3,4,2008-02-02,2016-07-09,5,33.08760617945612,75.0,81.0,265.0,Orthodox,8,7,1,0.5714285714285714,0.375,0.75,False,8.432753581524603,4,4.187467233195216,3.8154404227768106,0.6515082530988103,0.5520833333333334,0.25
547afe1017e72dbe,Phil Hawes,8,4,4,2,0,2,2,0,2020-10-24,2024-01-13,5,33.20602065750837,72.0,77.0,185.0,Orthodox,8,8,0,0.5,0.25,0.5,False,3.2197786402184847,3,8.282289294707823,1.4009222731634503,0.5729029207865841,0.40079365079365076,0.125
5be86bb2f78fef2f,Jason Lambert,8,4,4,3,1,0,4,0,2006-03-04,2008-09-06,3,31.831591340000138,75.0,75.0,185.0,Orthodox,8,8,0,0.5,0.5,1.0,False,2.5106607254084614,3,3.5403197911703255,1.756716510066139,0.49684626468778087,0.4166666666666667,0.875
601964f9654f911a,Tony Gravely,8,4,4,2,0,2,2,0,2020-01-25,2023-03-11,4,30.05126730870586,65.0,69.0,135.0,Orthodox,8,8,0,0.5,0.25,0.5,False,3.1239518949738874,2,3.8713899799347757,5.0152073943428706,0.4628121942111665,0.43186197555945455,0.0
654ae722109a0d31,Joe Duffy,8,4,4,1,2,1,3,0,2015-03-14,2020-07-18,5,29.12653921709549,70.0,73.0,155.0,Orthodox,8,8,0,0.5,0.375,0.75,False,5.347132384648555,2,4.171219160689082,1.2764881123711935,0.3666816376402208,0.7777777777777777,0.375
69b69c0178c4004d,Antoni Hardonk,8,4,4,4,0,0,4,0,2006-11-18,2009-10-24,4,32.20018207081596,76.0,78.0,245.0,Orthodox,8,8,0,0.5,0.5,1.0,False,2.932298404484692,3,4.991078863527442,0.0,0.6120310398170568,0.0,0.375
81801f57bd0a7c41,Marcus Brimage,8,4,4,1,0,3,1,0,2011-12-03,2015-07-18,5,28.50332313462973,64.0,71.0,135.0,Southpaw,8,8,0,0.5,0.125,0.25,False,3.6222509702457955,3,4.758077589580188,0.375,0.3546425480523537,1.0,0.0
8f2939f5fd9cca1e,TJ Waldburger,8,4,4,0,3,1,3,0,2010-09-15,2014-02-22,5,24.083656748598532,71.0,75.0,170.0,Orthodox,8,8,0,0.5,0.375,0.75,False,3.4388112007775655,2,2.0061787938537425,4.6842618588308245,0.5716736879970423,0.4758928571428571,2.375
960d6cae8879ba2b,Robert Peralta,8,4,3,2,0,2,2,0,2011-09-17,2015-04-04,5,27.28461227814397,68.0,71.0,145.0,Orthodox,8,7,1,0.5714285714285714,0.25,0.5,False,3.5455895740501173,2,4.958939227865059,0.6176470588235294,0.3806749592393914,0.75,0.0
a36556bb1565e32d,Joe Proctor,8,4,4,2,1,1,3,0,2012-06-01,2017-04-22,4,29.09847567027386,70.0,72.0,155.0,Orthodox,8,8,0,0.5,0.375,0.75,False,4.889901914481475,2,3.576941489784955,0.0,0.38859296397134097,,1.0
a53d30163304aa6e,Carlston Harris,8,4,4,1,2,1,3,0,2021-05-08,2026-05-30,6,35.95248362389371,72.0,76.0,170.0,Orthodox,8,8,0,0.5,0.375,0.75,False,5.059652148914762,2,4.317163471453998,0.625,0.4139657123928945,0.06944444444444445,0.25
ac40f7e3cbecdda4,Parker Porter,8,4,4,1,0,3,1,0,2020-08-15,2023-08-26,4,36.91896479736066,72.0,75.0,265.0,Orthodox,8,8,0,0.5,0.125,0.25,False,3.0281251497292896,3,5.542079934990383,0.625,0.45094059344977383,0.175,0.125
aec185309b4843d0,Siyar Bahadurzada,8,4,4,3,1,0,4,0,2012-04-14,2019-09-28,6,31.997919190674686,71.0,73.0,170.0,Orthodox,8,8,0,0.5,0.5,1.0,False,7.455320780029706,3,3.313893218862163,1.1411574618096356,0.42947042026268395,0.7321428571428572,0.25
b8592b4a383696cd,Mitch Gagnon,8,4,4,0,3,1,3,0,2012-07-21,2019-05-04,5,30.137511379425998,65.0,65.0,135.0,Southpaw,8,8,0,0.5,0.375,0.75,False,6.784533563317522,4,3.254536375102383,1.8879850223351142,0.44220300806877544,0.30238095238095236,1.25
d0aaedcf7ccd0b45,Chris Daukaus,8,4,4,4,0,0,4,0,2020-08-15,2023-08-12,4,32.14439721554857,75.0,76.0,205.0,Orthodox,8,8,0,0.5,0.5,1.0,False,2.9897944516314503,4,7.519511215241222,0.0,0.5639105880474834,0.0,0.0
d31a5546c0e9b213,Rodrigo Nascimento,8,4,3,0,1,3,1,0,2020-05-16,2024-11-02,5,29.824363265501688,74.0,80.0,246.0,Orthodox,8,7,1,0.5714285714285714,0.125,0.25,False,4.465526328398256,3,3.6964544494583556,1.0777553702528777,0.4719325642442274,0.48571428571428577,0.25
d7338bcb141abd2c,Antonina Shevchenko,8,4,4,1,1,2,2,0,2018-11-30,2022-07-09,5,35.70607199326475,68.0,67.0,125.0,Southpaw,8,8,0,0.5,0.25,0.5,False,3.6058235282038646,1,3.3787190668408766,0.4463350785340314,0.5600913582943632,0.3333333333333333,0.375
edd02825c29028fe,Marco Polo Reyes,8,4,4,3,0,1,3,0,2015-11-21,2019-09-21,5,33.01368269026742,71.0,71.0,155.0,Orthodox,8,8,0,0.5,0.375,0.75,False,3.8330698097839107,3,6.635255454865263,0.0,0.3874029057768834,0.0,0.0
f8fe2053d73d7bcf,Nick Catone,8,4,4,0,1,3,1,0,2009-02-07,2014-02-01,5,29.429077941367723,72.0,72.0,185.0,Southpaw,8,8,0,0.5,0.125,0.25,False,4.9829907527190835,2,2.145151852367042,4.093378773125608,0.5064932771007588,0.5342487373737373,0.375
fbbde91f7bc2d3c5,Gary Goodridge,8,4,4,4,0,0,4,1,1996-02-16,1999-03-05,2,30.695017693724033,75.0,,249.0,Orthodox,8,8,0,0.5,0.5,1.0,False,3.047290498778209,1,6.835413216049281,9.99896237736396,0.5568910256410257,0.8333333333333334,0.125
fe435e440b5de0ff,Jake Shields,8,4,3,0,0,4,0,1,2010-10-23,2014-03-15,5,33.48220702683833,72.0,72.0,170.0,Orthodox,8,7,1,0.5714285714285714,0.0,0.0,False,3.392266781658761,2,2.6648427672955974,1.2,0.34080752243230134,0.10848214285714286,0.125
0052de90691d4a93,Davi Ramos,7,4,3,0,3,1,3,0,2017-03-11,2020-07-18,4,32.00613291169565,66.0,70.0,155.0,Orthodox,7,7,0,0.5714285714285714,0.42857142857142855,0.75,False,3.3539360835609218,4,2.5342814048696405,3.0206851971557853,0.43202045951896556,0.42630385487528344,0.42857142857142855
0c5c66ddd1886b83,Caio Magalhaes,7,4,3,2,1,1,3,0,2012-06-08,2016-09-10,5,26.50254869807633,73.0,73.0,185.0,Orthodox,7,7,0,0.5714285714285714,0.42857142857142855,0.75,False,4.257445395867129,4,6.900564111758702,0.7027109351203168,0.4669805604070615,0.19404761904761905,0.8571428571428571
18524b46c570730b,Mark Hall,7,4,3,3,1,0,4,0,1995-09-08,1996-12-07,2,35.22982284763841,72.0,,190.0,Orthodox,5,7,0,0.5714285714285714,0.5714285714285714,1.0,False,1.2484855951867595,2,1.3168592939426182,0.0,0.5833333333333333,,0.0
20bcc9966affb19c,Jake O'Brien,7,4,3,1,0,3,1,0,2006-08-17,2009-07-11,4,23.25147969206369,75.0,76.0,205.0,Orthodox,7,7,0,0.5714285714285714,0.14285714285714285,0.25,False,2.8994435204008293,3,1.4299332269888756,5.128864627293711,0.42998776100647845,0.580044955044955,0.14285714285714285
323d4ca260dfa0ba,Esteban Ribovics,7,4,3,1,0,3,1,0,2023-03-04,2026-04-11,4,28.36197868539395,70.0,69.0,155.0,Orthodox,7,7,0,0.5714285714285714,0.14285714285714285,0.25,False,3.1047865459249677,3,6.991063744552116,0.2857142857142857,0.41627246082612673,0.5,0.14285714285714285
33e33d51f289d2a1,Maurice Smith,7,4,3,1,1,2,2,3,1997-07-27,2000-11-17,3,37.1440109750958,74.0,,221.0,Orthodox,7,7,0,0.5714285714285714,0.2857142857142857,0.5,False,3.3101295714491057,2,1.3032898405263746,0.0,0.7228039117745001,,0.42857142857142855
37ed1ab2f8b819f4,Brad Riddell,7,4,3,0,0,4,0,0,2019-10-05,2022-11-12,4,29.594036838538777,67.0,71.0,155.0,Orthodox,7,7,0,0.5714285714285714,0.0,0.0,False,3.1047865459249677,4,4.378635778635778,1.3166023166023166,0.5593583798375793,0.41017316017316013,0.0
3dd92ff9fb0412b3,Ali Bagautinov,7,4,3,1,0,3,1,1,2013-09-04,2016-11-19,4,29.58738763580752,64.0,65.0,125.0,Orthodox,7,7,0,0.5714285714285714,0.14285714285714285,0.25,False,3.2088270121905307,3,2.9802545968882606,2.6487977369165487,0.44053672660507004,0.35357142857142854,0.2857142857142857
5bf31a46becc1204,Michael Trizano,7,4,3,1,0,3,1,1,2018-07-06,2022-11-12,4,28.78596314190474,71.0,71.0,145.0,Orthodox,7,7,0,0.5714285714285714,0.14285714285714285,0.25,False,4.353272141111727,2,3.817456651315387,0.2857142857142857,0.5368435838091873,0.75,0.42857142857142855
5c637af9472ae7cc,Jamey-Lyn Horth,7,4,3,1,0,3,1,0,2023-04-29,2026-04-18,4,34.71939875562126,67.0,66.0,125.0,Orthodox,7,7,0,0.5714285714285714,0.14285714285714285,0.25,False,2.9706291025825307,2,4.278095238095238,0.8571428571428571,0.5069208662666852,0.36666666666666664,0.14285714285714285
5d495dec23d7c68e,Francis Marshall,7,4,3,1,1,2,2,0,2022-12-03,2026-04-25,5,25.424204466895283,69.0,72.0,155.0,Orthodox,7,7,0,0.5714285714285714,0.2857142857142857,0.5,False,3.392266781658761,2,2.130651418590621,2.3495265098107576,0.3448984869895843,0.4444444444444444,0.42857142857142855
5ef94841c4bc3f86,Edgar Chairez,7,4,2,0,3,1,3,0,2023-07-08,2026-06-06,4,28.772664736442227,67.0,71.0,125.0,Orthodox,7,6,1,0.6666666666666666,0.42857142857142855,0.75,False,2.913133055435772,3,3.9054921349847653,0.0,0.514704159175632,0.0,1.0
60029bcf496bd707,Soa Palelei,7,4,3,4,0,0,4,0,2007-12-29,2015-08-01,4,36.02459813880993,76.0,81.0,265.0,Orthodox,7,7,0,0.5714285714285714,0.5714285714285714,1.0,False,7.589478223372143,3,2.617126407318675,3.4113354649207186,0.6118453868033699,0.6476190476190476,0.0
633a45d131192ffe,Kajan Johnson,7,4,3,1,0,3,1,0,2014-06-14,2018-09-15,4,32.65775477935892,71.0,75.0,155.0,Orthodox,7,7,0,0.5714285714285714,0.14285714285714285,0.25,False,4.254707488860141,4,2.366825492001948,1.4275807410342778,0.43603041591871267,0.4057239057239057,0.14285714285714285
6859f67468ba8489,Kevin Randleman,7,4,3,0,0,4,0,4,1999-03-05,2002-01-11,4,28.83563659760296,70.0,,205.0,Orthodox,7,7,0,0.5714285714285714,0.0,0.0,False,2.8556370082890132,2,0.7744019905734861,2.3137019403306454,0.4142168316960282,0.7207792207792207,0.7142857142857143
6a96ad1bc34fb113,Ismail Naurdiev,7,4,3,1,0,3,1,0,2019-02-23,2025-11-22,4,25.476224700028066,70.0,74.0,185.0,Orthodox,7,7,0,0.5714285714285714,0.14285714285714285,0.25,False,6.746202865219683,1,3.460908084163898,1.2857142857142858,0.5198037893980294,0.4551282051282051,0.14285714285714285
7413b80dbb0f8f9f,Lucas Martins,7,4,3,2,1,1,3,0,2013-01-19,2016-04-10,4,25.586523239452458,72.0,72.0,145.0,Southpaw,7,7,0,0.5714285714285714,0.42857142857142855,0.75,False,3.2225165472254735,3,3.759982153923256,0.0,0.36903830530598414,0.0,0.2857142857142857
76984112f697631f,Leslie Smith,7,4,3,2,0,2,2,0,2014-04-16,2017-07-16,3,33.2006426258875,69.0,66.0,135.0,Orthodox,7,7,0,0.5714285714285714,0.2857142857142857,0.5,False,3.2498956172953584,2,7.7525256827582405,0.0,0.3904626238987176,0.0,0.0
7c6e87729e824ef4,Ildemar Alcantara,7,4,3,0,1,3,1,0,2013-01-19,2015-07-15,3,31.335736824555898,74.0,78.0,185.0,Orthodox,7,7,0,0.5714285714285714,0.14285714285714285,0.25,False,2.4832816553385766,2,2.0100840336134453,2.1316526610644257,0.39890119732484264,0.623015873015873,0.8571428571428571
7dcf06c1967801c1,Adriano Martins,7,4,3,2,1,1,3,0,2013-11-09,2017-09-09,5,32.442242384951676,70.0,72.0,155.0,Southpaw,7,7,0,0.5714285714285714,0.42857142857142855,0.75,False,3.8330698097839107,3,2.1294840681242952,0.7027109351203168,0.46009672543889485,0.875,0.2857142857142857
840d2c82ea68b9aa,Ben Nguyen,7,4,3,1,2,1,3,0,2015-05-09,2018-12-01,4,28.429252971851383,65.0,65.0,125.0,Switch,7,7,0,0.5714285714285714,0.42857142857142855,0.75,False,3.564754923099037,2,3.5935705191407905,2.623906705539359,0.43941078857045246,0.3333333333333333,0.5714285714285714
8bd4200561c77a62,Ketlen Souza,7,4,3,1,1,2,2,0,2023-06-03,2026-06-06,4,30.470167080775102,63.0,63.0,115.0,Orthodox,7,7,0,0.5714285714285714,0.2857142857142857,0.5,False,3.00895980068037,2,4.4506117995479695,0.2857142857142857,0.5972596035886492,0.15625,0.14285714285714285
92b62174c175ce19,Clint Hester,7,4,3,2,0,2,2,0,2013-04-13,2016-04-23,4,27.758856884711626,74.0,77.0,205.0,Orthodox,7,7,0,0.5714285714285714,0.2857142857142857,0.5,False,3.0281251497292896,4,2.930591921242398,0.9235807860262009,0.3857241542527347,0.4777777777777778,0.0
bbab3baf66128ae2,Javid Basharat,7,4,2,0,0,4,0,0,2022-03-12,2026-02-07,5,28.19770426497464,69.0,69.0,135.0,Orthodox,7,6,1,0.6666666666666666,0.0,0.0,False,3.909731205979589,3,5.250900360144057,1.5510204081632655,0.5712387963442362,0.34500000000000003,0.0
c051c2e12d692b8a,Jesus Aguilar,7,4,3,1,1,2,2,0,2023-02-04,2026-03-07,4,28.430426360568664,64.0,62.0,125.0,Orthodox,7,7,0,0.5714285714285714,0.2857142857142857,0.5,False,3.085621196876048,3,2.8551101137116675,0.7142857142857143,0.5501283218382015,0.2625,0.7142857142857143
cbfd1d34356a004c,Jeff Monson,7,4,3,1,1,2,2,1,2000-09-22,2006-11-18,3,33.16622322351393,69.0,74.0,247.0,Orthodox,7,7,0,0.5714285714285714,0.2857142857142857,0.5,False,6.154814951710165,3,2.214325674325674,1.525774225774226,0.46890109890109893,0.29320189614307257,0.42857142857142855
cc900af167fbedfd,Timothy Johnson,7,4,3,1,0,3,1,0,2015-04-04,2018-02-03,4,31.50001124497521,75.0,77.0,265.0,Southpaw,7,7,0,0.5714285714285714,0.14285714285714285,0.25,False,2.836471659240094,1,3.9015873015873015,1.1471861471861473,0.4480757001841396,0.315,0.0
d4691518d012b9e7,Aspen Ladd,7,4,3,3,0,1,3,0,2017-10-21,2022-04-09,5,24.761630971204063,66.0,66.0,135.0,Orthodox,7,7,0,0.5714285714285714,0.42857142857142855,0.75,False,4.465526328398256,3,4.673589291719843,1.4043366946602878,0.4184937166647481,0.5833333333333333,0.42857142857142855
d814f5192e58fb2f,Drew Fickett,7,4,3,0,3,1,3,0,2005-02-05,2007-04-05,3,26.223282183363498,70.0,70.0,155.0,Orthodox,7,7,0,0.5714285714285714,0.42857142857142855,0.75,False,2.1602086285139324,2,1.9141911828968976,3.324413976116763,0.3697067404548026,0.5523809523809524,1.1428571428571428
da816417a579a0bd,Gavin Tucker,7,4,3,0,2,2,2,0,2017-02-19,2023-08-05,5,33.6465303384542,66.0,66.0,145.0,Southpaw,7,7,0,0.5714285714285714,0.2857142857142857,0.5,False,6.455984722478901,3,3.600672124452089,3.4442963163878195,0.4665088290084083,0.5705128205128206,1.0
ea7e5bc78d9de658,Makhmud Muradov,7,4,2,2,0,2,2,0,2019-09-28,2024-02-03,5,31.729604303989813,74.0,75.0,185.0,Orthodox,7,6,1,0.6666666666666666,0.2857142857142857,0.5,False,4.350534234104739,3,4.567381265645815,2.2942958101968705,0.5187941157508232,0.5625,0.14285714285714285
eb8d8c2a95cfccb8,Victor Henry,7,4,2,1,0,3,1,0,2022-01-22,2025-04-05,4,36.41416319294715,67.0,68.0,135.0,Switch,7,6,1,0.6666666666666666,0.14285714285714285,0.25,False,3.2006132911695655,1,6.718958737095859,1.2690521715378311,0.5336999910739171,0.2222222222222222,0.2857142857142857
ef5dcb10d2bd4b0f,Bogdan Guskov,7,4,2,3,1,0,4,0,2023-09-02,2026-07-25,4,32.331943845527285,75.0,76.0,205.0,Orthodox,7,6,1,0.6666666666666666,0.5714285714285714,1.0,False,2.8939677063868525,4,3.789251139395714,0.0,0.5282846659903669,,0.42857142857142855
f046d724d2a84ac5,Desmond Green,7,4,3,1,0,3,1,0,2017-04-08,2019-05-18,3,28.618950814478442,70.0,73.0,155.0,Southpaw,7,7,0,0.5714285714285714,0.14285714285714285,0.25,False,2.1081883953811507,2,4.283942414174972,2.0332225913621262,0.49649195458258966,0.5,0.0
f6ad6a1e4d600e0d,Mason Jones,7,4,2,1,0,3,1,0,2021-01-20,2026-03-21,4,28.125345294075657,70.0,74.0,155.0,Orthodox,7,6,1,0.6666666666666666,0.14285714285714285,0.25,False,5.1636926151803255,3,6.060988126303767,3.537417609873331,0.4449301452938451,0.5257936507936508,0.14285714285714285
f7467152fd9f18a2,Taila Santos,7,4,3,0,1,3,1,1,2019-02-02,2023-08-26,5,27.999401571754188,66.0,68.0,125.0,Orthodox,7,7,0,0.5714285714285714,0.14285714285714285,0.25,False,4.561353073642854,4,3.3945295765364967,1.9714285714285715,0.49581894194610243,0.7857142857142857,1.2857142857142858
ff62013d2fce6d13,Nazim Sadykhov,7,4,2,3,1,0,4,0,2023-02-18,2026-06-27,3,30.420884754649308,70.0,69.0,155.0,Southpaw,7,6,1,0.6666666666666666,0.5714285714285714,1.0,False,3.3539360835609218,2,3.773142636064322,0.7729511867442902,0.3729148629148629,0.39285714285714285,0.14285714285714285
0d506315895efffc,Sean Pierson,6,4,2,0,0,4,0,0,2010-12-11,2013-06-15,4,35.95830167628356,72.0,76.0,170.0,Southpaw,6,6,0,0.6666666666666666,0.0,0.0,False,2.5106607254084614,3,3.4629629629629632,0.3333333333333333,0.3590493688478336,0.16666666666666666,0.3333333333333333
0e21976afc92e4d1,Magnus Cedenblad,6,4,2,1,2,1,3,0,2012-04-14,2016-11-19,4,32.453780707338275,77.0,79.0,185.0,Orthodox,6,6,0,0.6666666666666666,0.5,0.75,False,4.599683771740692,4,2.812243138415417,2.1166367021959682,0.5382119909079741,0.7000000000000001,0.5
1f4b04a926ef1287,Johnny Case,6,4,2,1,1,2,2,0,2014-09-20,2017-06-25,4,26.30398525180759,70.0,72.0,155.0,Orthodox,6,6,0,0.6666666666666666,0.3333333333333333,0.5,False,2.7625481700514043,4,3.7970432594252763,1.6764943265441772,0.37569995496957814,0.30761904761904757,0.16666666666666666
253076a23d03dcd0,Allan Nascimento,6,4,2,0,2,2,2,0,2021-10-30,2026-06-20,5,32.46473233536623,68.0,69.0,125.0,Orthodox,6,6,0,0.6666666666666666,0.3333333333333333,0.5,False,4.638014469838532,4,2.627555849926177,2.0306122448979593,0.49118990896394443,0.19444444444444442,0.8333333333333334
27b388f0aab49780,Dione Barbosa,6,4,2,0,2,2,2,0,2024-05-04,2026-07-18,3,33.07893614060065,66.0,66.0,125.0,Orthodox,6,6,0,0.6666666666666666,0.3333333333333333,0.5,False,2.2040151406257484,2,2.6165561531206576,2.707639473854727,0.5019184459816777,0.5719696969696969,1.1666666666666667
353de740bb6c7e75,Mike Russow,6,4,2,2,0,2,2,0,2009-08-29,2013-01-26,5,34.79149697347196,73.0,73.0,255.0,Orthodox,6,6,0,0.6666666666666666,0.3333333333333333,0.5,False,3.4114321307076803,4,1.5616180147637102,3.367424242424242,0.44646749021749027,0.3987878787878788,0.3333333333333333
53c943c873cffe90,Philipe Lins,6,4,2,1,0,3,1,0,2020-05-13,2024-03-09,4,36.69069180065299,74.0,78.0,205.0,Orthodox,6,6,0,0.6666666666666666,0.16666666666666666,0.25,False,3.8221181817559566,4,6.4572513063196295,1.1666666666666667,0.4608547798433433,0.32756132756132755,0.0
597db668b01c442c,Marco Ruas,6,4,2,1,3,0,4,1,1995-09-08,1999-07-16,2,35.35596213474609,73.0,,210.0,Orthodox,6,6,0,0.6666666666666666,0.6666666666666666,1.0,False,3.8522351588328303,3,1.1200758400769513,2.18231248257273,0.6824835914538504,0.8333333333333334,1.3333333333333333
68c6cd5287b473a7,Dean Lister,6,4,2,0,2,2,2,0,2006-05-27,2008-12-27,3,31.473609998836384,73.0,75.0,185.0,Orthodox,6,6,0,0.6666666666666666,0.3333333333333333,0.5,False,2.5873221216041395,2,1.2078270388615218,1.8132183908045978,0.35481627102694135,0.12401960784313726,0.8333333333333334
68dd7b3783c19f9c,Shane Carwin,6,4,2,4,0,0,4,2,2008-05-24,2011-06-11,4,34.74997205053264,74.0,80.0,265.0,Orthodox,6,6,0,0.6666666666666666,0.6666666666666666,1.0,False,3.047290498778209,4,6.427151970309656,1.815018315018315,0.46721406684233074,0.27777777777777773,0.0
8c57c7b8c3bab0eb,Nicolae Negumereanu,6,4,2,2,0,2,2,0,2019-03-16,2022-11-12,3,27.007627352603635,72.0,78.0,205.0,Orthodox,6,6,0,0.6666666666666666,0.3333333333333333,0.5,False,3.6605816683436347,4,4.115916393547972,0.9181286549707602,0.39646530450093764,0.26666666666666666,0.0
99c7610aa74995d3,Cathal Pendred,6,4,2,0,1,3,1,0,2014-07-19,2015-10-24,2,27.520528598579478,73.0,75.0,170.0,Orthodox,6,6,0,0.6666666666666666,0.16666666666666666,0.25,False,1.2649130372286905,4,2.2393748108739557,2.3771929824561404,0.39778157358490224,0.20667600373482728,0.3333333333333333
a9da3158dd2c2b5a,Jack Jenkins,6,4,2,1,0,3,1,0,2023-02-11,2025-09-27,3,30.452370685229678,67.0,68.0,145.0,Switch,6,6,0,0.6666666666666666,0.16666666666666666,0.25,False,2.625652819701979,2,4.705394944567228,1.3333333333333333,0.6082391417321261,0.45999999999999996,0.16666666666666666
b67d6bacc68d4c92,Daniel Santos,6,4,2,2,0,2,2,0,2022-04-09,2026-05-16,4,29.128592647350732,67.0,67.0,145.0,Orthodox,6,6,0,0.6666666666666666,0.3333333333333333,0.5,False,4.101384696468784,4,5.421288083608991,2.495458733710675,0.4330947371777103,0.34722222222222215,0.0
d549cefc7c54ab78,Reinier de Ridder,6,4,2,1,2,1,3,0,2024-11-09,2026-03-07,3,34.781457981113,76.0,78.0,185.0,Southpaw,6,6,0,0.6666666666666666,0.5,0.75,False,1.3224090843754492,4,2.7739585355291436,3.3954751902915414,0.5631889544994827,0.3660866910866911,0.5
da0995f19b749cfa,Mark Madsen,6,4,2,1,0,3,1,0,2019-09-28,2023-11-11,5,37.02791068034708,68.0,72.0,155.0,Orthodox,6,6,0,0.6666666666666666,0.16666666666666666,0.25,False,4.120550045517704,4,6.192475747941632,3.9166666666666665,0.5149948326275459,0.5416666666666666,0.0
da7f113b5ea39c43,Mohammed Usman,6,4,2,1,0,3,1,0,2022-08-06,2025-06-21,4,34.730806701483715,74.0,79.0,239.0,Orthodox,6,6,0,0.6666666666666666,0.16666666666666666,0.25,False,2.874802357337933,3,3.668253968253968,0.5,0.3581183869232671,0.1,0.0
ffd3224638c01b57,Jean Matsumoto,6,4,2,0,1,3,1,0,2024-04-06,2026-06-27,3,25.71259733829807,66.0,68.0,135.0,Orthodox,6,6,0,0.6666666666666666,0.16666666666666666,0.25,False,2.223180489674668,2,4.939417547764793,3.3341680578742348,0.4182026017385984,0.36320346320346325,0.5
06626b6287e1ae1e,Chris Padilla,5,4,0,2,1,1,3,0,2024-04-27,2026-04-11,3,29.56994325687728,69.0,74.0,155.0,Orthodox,5,4,1,1.0,0.6,0.75,False,1.9548656029897944,4,5.827765136250791,2.1780219780219783,0.5273416160975949,0.3125,0.2
0d5cc0170c1a7e71,Mick Parkin,5,4,1,1,0,3,1,0,2023-07-22,2025-03-22,3,28.539395059446804,76.0,79.0,265.0,Orthodox,5,5,0,0.8,0.2,0.25,False,1.667385367256001,4,5.556518883415435,0.8,0.5109145599884516,0.65,0.0
1c2f2571b18791b6,Laverne Clark,5,4,1,3,0,1,3,0,1998-03-13,2000-09-22,3,25.595597445532764,71.0,,170.0,Orthodox,4,5,0,0.8,0.6,0.75,False,2.529826074457381,4,2.088179996917861,1.092233009708738,0.5722222222222222,1.0,0.0
46c8ec317aff28ac,Patrick Smith,5,4,1,1,3,0,4,1,1994-03-11,1995-07-14,2,30.8041917356277,74.0,,225.0,Orthodox,5,5,0,0.8,0.8,1.0,False,1.3415744334243687,1,7.517086625039759,5.294117647058823,0.6862745098039216,0.5,0.6
745fa7b605f8e2da,Fatima Kline,5,4,1,2,0,2,2,0,2024-07-13,2026-07-18,3,24.972997392143576,66.0,67.0,115.0,Orthodox,5,5,0,0.8,0.4,0.5,False,2.012361650136553,4,4.711111111111111,3.034920634920635,0.47533057319079586,0.6698412698412699,0.2
7691a80e6ca3e55b,Jon Madsen,5,4,1,1,0,3,1,0,2009-12-05,2011-03-26,3,30.43402670828285,72.0,72.0,240.0,Orthodox,5,5,0,0.8,0.2,0.25,False,1.3032437353265296,4,3.806666666666667,2.466666666666667,0.4637310552107975,0.6875,0.0
7d6ceff6747f2de2,Jose Delgado,5,4,1,2,0,2,2,0,2025-02-15,2026-07-18,2,27.532392862276435,71.0,73.0,145.0,Switch,5,5,0,0.8,0.4,0.5,False,1.418235829620047,2,9.076243157591472,0.4,0.5777491497424404,0.16666666666666666,0.0
946f341df6472ee0,Guy Mezger,5,4,1,2,1,1,3,1,1994-12-16,1999-03-05,4,28.84330273722253,73.0,,200.0,Orthodox,5,5,0,0.8,0.6,0.75,False,4.216376790762301,4,3.401548706180679,1.3533834586466165,0.49747276688453157,0.5,0.8
a67d071163962af8,Michael Page,5,4,1,0,0,4,0,0,2024-03-09,2026-03-21,3,37.85868292983429,75.0,79.0,185.0,Switch,5,5,0,0.8,0.0,0.0,False,2.0315269991854725,3,2.1466666666666665,0.0,0.561087410608633,0.0,0.0
b1f21ce050035d58,Andre Lima,5,4,1,0,1,2,1,0,2024-03-23,2026-06-20,3,25.905528518723862,67.0,67.0,125.0,Orthodox,5,5,0,0.8,0.2,0.25,False,2.2423458387235877,4,4.013667278419518,1.2399546583180396,0.5280683139736662,0.5,1.0
ce1e867808ef5fce,Justin Willis,5,4,1,1,0,3,1,0,2017-07-16,2019-03-23,3,30.83485629410597,73.0,78.0,264.0,Southpaw,5,5,0,0.8,0.2,0.25,False,1.683812809297932,4,4.245490196078432,0.8,0.5127428068106789,0.625,0.0
d35298b6df168456,Talita Alencar,5,4,1,0,1,3,1,0,2023-12-09,2026-04-25,4,34.39851605440221,61.0,58.0,115.0,Orthodox,5,5,0,0.8,0.2,0.25,False,2.376503282066025,3,3.2485844748858446,2.8273972602739725,0.40170296991151594,0.44722222222222224,0.6
d8c811df0386d5e8,Rinya Nakamura,5,4,1,2,0,2,2,1,2023-02-04,2025-08-02,3,29.079310321224938,67.0,68.0,135.0,Southpaw,5,5,0,0.8,0.4,0.5,False,2.4914953763595418,3,7.7225806451612895,1.4,0.534134514368112,0.6666666666666666,0.8
239d8e5359022f3b,Kevin Vallejos,4,4,0,3,0,1,3,0,2025-03-15,2026-03-14,2,23.798572181495857,67.0,68.0,145.0,Switch,4,4,0,1.0,0.75,0.75,False,0.9965981505438167,4,5.917530604937825,0.5,0.5477692683751636,0.2,0.0
480779d7f9a424d3,Mairon Santos,4,4,0,2,0,2,2,1,2024-08-24,2025-12-06,2,24.84308370466197,67.0,72.0,145.0,Orthodox,4,4,0,1.0,0.5,0.5,False,1.28407838627761,4,3.477814938684504,0.0,0.49855667027708195,0.0,0.0
545092d13c67aa49,Alexia Thainara,4,4,0,0,1,3,1,0,2025-03-22,2026-08-08,2,30.064956843740802,64.0,67.0,115.0,Orthodox,4,4,0,1.0,0.25,0.25,False,1.3799051315222077,4,3.9066176470588236,4.077205882352941,0.5174227859368047,0.5833333333333333,1.25
955da1675ad58a50,Josh Hokit,4,4,0,3,0,1,3,0,2025-11-08,2026-06-14,2,28.296953393977972,73.0,73.0,235.0,Orthodox,4,4,0,1.0,0.75,0.75,False,0.5968637275234947,4,9.56662835264047,1.5721804923515545,0.6294182174765233,0.38888888888888884,0.25
99bcdf5eac39898f,Jordan Johnson,4,4,0,0,1,3,1,0,2017-01-28,2018-09-15,2,28.984852529483835,74.0,79.0,205.0,Orthodox,4,4,0,1.0,0.25,0.25,False,1.629054669158162,4,3.8684210526315788,3.973684210526316,0.5193038088921608,0.5162878787878789,1.0
a7b48e18ca27795d,Mark Kerr,4,4,0,2,2,0,4,2,1997-07-27,1997-10-17,1,28.70969287528149,75.0,,266.0,Switch,4,4,0,1.0,1.0,1.0,False,0.2245083745730576,4,4.23550419370512,8.125708428468386,0.6035714285714285,1.0,0.25
ca28cdf526d6b6e9,Nurullo Aliev,4,4,0,0,0,4,0,0,2023-02-25,2026-07-25,3,24.222947767579072,70.0,72.0,155.0,Orthodox,4,4,0,1.0,0.0,0.0,False,3.4114321307076803,4,1.9666666666666668,3.5,0.40954996800585036,0.6413461538461538,0.5
37098a6e6c27fb66,Vince Morales,12,3,9,1,0,2,1,0,2018-11-24,2026-05-02,8,31.50395513483051,67.0,70.0,135.0,Orthodox,12,12,0,0.25,0.08333333333333333,0.3333333333333333,True,7.4361554309807865,2,3.993770780929251,0.6666666666666666,0.38838045532323734,0.6166666666666667,0.4166666666666667
db1f2ed63b54b9a7,Hector Lombard,12,3,8,2,0,1,2,0,2012-07-21,2018-09-22,7,37.416237157504945,69.0,71.0,185.0,Southpaw,12,11,1,0.2727272727272727,0.16666666666666666,0.6666666666666666,True,6.171242393752096,2,3.8232491585051904,1.5199642307244012,0.5023404378940093,0.5277777777777778,0.16666666666666666
3cf66c62d9069f43,Lucie Pudilova,11,3,8,1,0,2,1,0,2017-03-18,2024-07-20,7,25.97427487466297,68.0,67.0,125.0,Orthodox,11,11,0,0.2727272727272727,0.09090909090909091,0.3333333333333333,True,7.340328685736189,2,3.4832277887231444,0.8797495074584858,0.39115100497224464,0.27539682539682536,0.5454545454545454
700a674c042b7a96,Cody Gibson,11,3,8,1,1,1,2,0,2014-02-22,2026-07-25,6,33.51795538082731,70.0,71.0,135.0,Orthodox,11,11,0,0.2727272727272727,0.18181818181818182,0.6666666666666666,True,12.419146183699871,2,4.1991828267722955,1.9869108921744612,0.49458049595867065,0.34179894179894177,0.6363636363636364
8349d55cdecd393a,Antonio Silva,11,3,7,3,0,0,3,1,2012-05-26,2016-09-24,5,34.84011556456576,76.0,82.0,264.0,Orthodox,11,10,1,0.3,0.2727272727272727,1.0,True,4.331368885055819,2,2.0070600469251314,0.0,0.44369761740939456,0.0,0.0
b4c6c904a9ffc5e8,Ashley Yoder,11,3,8,0,0,3,0,0,2016-12-09,2023-10-14,7,32.093248134645286,67.0,69.0,115.0,Southpaw,11,11,0,0.2727272727272727,0.0,0.0,True,6.8447675174712685,2,3.4181818181818184,1.0909090909090908,0.41157396748567515,0.2866666666666667,0.5454545454545454
1652f3213655b935,Phil Baroni,10,3,7,2,0,1,2,0,2001-02-23,2011-01-01,7,28.268068475054246,69.0,72.0,170.0,Orthodox,10,10,0,0.3,0.2,0.6666666666666666,True,9.85372731815164,2,5.159672756069066,0.919091967403958,0.5362519322167312,0.34523809523809523,0.3
19c591115a58982c,Viacheslav Borshchev,10,3,6,2,0,1,2,0,2022-01-15,2025-11-15,4,31.954934050664967,71.0,69.0,155.0,Orthodox,10,9,1,0.3333333333333333,0.2,0.6666666666666666,False,3.8330698097839107,1,4.74872971562958,0.0,0.5523218811162686,0.0,0.1
46baf0f57edfa4df,Joey Beltran,10,3,6,2,0,1,2,0,2010-02-06,2013-10-09,4,29.742157607616853,73.0,75.0,185.0,Orthodox,10,9,1,0.3333333333333333,0.2,0.6666666666666666,False,3.6715332963715888,2,4.613941874886601,0.5311953352769679,0.38286740700546434,0.22916666666666666,0.0
71505842fb6455c3,Dustin Stoltzfus,10,3,7,1,1,1,2,0,2020-11-21,2025-09-13,6,31.516321348145414,72.0,75.0,185.0,Orthodox,10,10,0,0.3,0.2,0.6666666666666666,True,4.810502611278808,1,3.1225974788170077,1.9265487407935662,0.4295643776473003,0.37976190476190474,0.7
a20f234df70f2182,Ji Yeon Kim,10,3,7,1,0,2,1,0,2017-06-17,2023-05-13,7,30.51534254639041,67.0,72.0,125.0,Orthodox,10,10,0,0.3,0.1,0.3333333333333333,True,5.902927507067222,2,5.3652516431815265,0.0,0.3529202333749889,0.0,0.1
c727c7d31c50c4cf,Anthony Hamilton,10,3,7,2,0,1,2,0,2014-06-28,2017-11-18,4,35.88547334989767,77.0,76.0,260.0,Orthodox,10,10,0,0.3,0.2,0.6666666666666666,True,3.392266781658761,1,6.603406951608127,2.0771302306311283,0.4551167168535589,0.38425925925925924,0.0
eb1723480fa2f96c,Caol Uno,10,3,5,1,0,2,1,2,2001-02-23,2010-03-31,5,29.2567266952778,67.0,70.0,155.0,Southpaw,10,8,2,0.375,0.1,0.3333333333333333,False,9.09806498422281,2,2.1614207686116624,3.1997997138769674,0.4696743062511894,0.44197278911564625,0.2
20999e27ddd94bda,Ryan Benoit,9,3,6,2,0,1,2,0,2013-11-30,2021-07-31,7,27.957681084028646,65.0,68.0,125.0,Orthodox,9,9,0,0.3333333333333333,0.2222222222222222,0.6666666666666666,False,7.666139619567821,1,2.7079051858545506,0.36491821771009586,0.36644988837435355,0.1875,0.3333333333333333
4dcfb28c011c11b2,Wellington Turman,9,3,6,0,1,2,1,0,2019-07-13,2023-12-02,5,25.171404386583344,72.0,72.0,170.0,Orthodox,9,9,0,0.3333333333333333,0.1111111111111111,0.3333333333333333,False,4.388864932202577,2,3.25947500840452,1.2695417789757413,0.5912158797967711,0.26102292768959434,0.5555555555555556
4e6738062d469256,Sedriques Dumas,9,3,5,0,0,3,0,0,2023-03-11,2026-04-25,4,29.120074714440097,74.0,79.0,185.0,Orthodox,9,8,1,0.375,0.0,0.0,False,3.1239518949738874,2,1.7985224281232925,0.7041847041847041,0.4172061412567742,0.25,0.0
539ed332b3078821,Sarah Moras,9,3,6,1,1,1,2,0,2014-07-06,2021-01-16,7,30.01810821273233,67.0,67.0,135.0,Orthodox,9,9,0,0.3333333333333333,0.2222222222222222,0.6666666666666666,False,6.532646118674579,1,2.134802781177668,0.6706887883358471,0.42938589166063806,0.21666666666666667,0.6666666666666666
88cd34d836b4ebcd,Teruto Ishihara,9,3,5,2,0,1,2,0,2015-09-26,2019-02-09,5,25.813291473777312,67.0,69.0,135.0,Southpaw,9,8,1,0.375,0.2222222222222222,0.6666666666666666,False,3.3731014326098414,2,3.617341225750503,0.3333333333333333,0.4592547131083014,0.09722222222222221,0.0
a54fc2d6fc224dc3,Jamie Varner,9,3,6,1,1,1,2,0,2006-08-26,2014-12-13,5,27.319748751400326,68.0,71.0,155.0,Orthodox,9,9,0,0.3333333333333333,0.2222222222222222,0.6666666666666666,False,8.298596138182166,2,3.4525014676519357,4.64279484946439,0.396450068068445,0.6416666666666666,0.6666666666666666
c15fa95b9a12fde4,Junior Tafa,9,3,6,3,0,0,3,0,2023-04-22,2026-06-06,4,28.26250139747337,75.0,75.0,205.0,Orthodox,9,9,0,0.3333333333333333,0.3333333333333333,1.0,False,3.1239518949738874,1,3.8507820913618005,0.0,0.4905545228401349,,0.0
c742287ed86a09bc,Jessica Penne,9,3,6,0,1,2,1,1,2014-12-12,2024-10-19,8,36.647493712320504,65.0,67.0,115.0,Orthodox,9,9,0,0.3333333333333333,0.1111111111111111,0.3333333333333333,False,9.85372731815164,2,2.8540799037142657,1.1454248366013071,0.36494348296291484,0.24664224664224665,0.1111111111111111
d06f8869449ba7bd,Alexander Yakovlev,9,3,6,1,1,1,2,0,2014-05-31,2020-10-24,5,32.55736485576934,75.0,74.0,155.0,Southpaw,9,9,0,0.3333333333333333,0.2222222222222222,0.6666666666666666,False,6.401226582339131,2,1.7932514093022978,2.447625783575742,0.5893438714759086,0.534375,0.1111111111111111
f2c8ebbeafd45f2b,Aaron Riley,9,3,6,0,0,3,0,0,2002-05-10,2013-07-27,7,28.13108186113792,68.0,69.0,155.0,Southpaw,9,9,0,0.3333333333333333,0.0,0.0,False,11.214467100624928,1,3.260552468164925,1.3333333333333333,0.3481714392601327,0.37916666666666665,0.1111111111111111
f59f1d3a2ff13edd,Eric Schafer,9,3,6,1,2,0,3,0,2006-08-26,2012-01-20,7,31.509354895872075,75.0,76.0,185.0,Orthodox,9,9,0,0.3333333333333333,0.3333333333333333,1.0,False,5.4018905247883255,2,2.4004103134216486,2.4255245006327875,0.5202655895994212,0.3242063492063492,1.0
fc6e681bf6658faf,Ashlee Evans-Smith,9,3,6,1,0,2,1,0,2014-12-06,2023-07-15,7,30.76646946130919,68.0,67.0,135.0,Orthodox,9,9,0,0.3333333333333333,0.1111111111111111,0.3333333333333333,False,8.605241722964879,2,3.6568153819565357,1.0399892107236868,0.38098038663435685,0.23125,0.0
045f25b3a4c08e81,Jack Marshman,8,3,5,1,0,2,1,0,2016-11-19,2020-10-31,5,28.505718803260848,72.0,73.0,185.0,Orthodox,8,8,0,0.375,0.125,0.3333333333333333,False,3.948061904077428,1,2.1939211582068725,0.0,0.20213470333332056,,0.0
077e3ace32b72be9,CJ Vergara,8,3,5,1,0,2,1,0,2021-11-06,2025-03-29,5,32.03864555740364,66.0,68.0,125.0,Orthodox,8,8,0,0.375,0.125,0.3333333333333333,False,3.392266781658761,2,4.392358224595742,0.0,0.5241664901974274,,0.125
159da492e000afbf,Leandro Silva,8,3,4,0,1,2,1,0,2013-06-08,2016-09-03,4,29.478018029117642,69.0,72.0,155.0,Orthodox,8,7,1,0.42857142857142855,0.125,0.3333333333333333,False,3.2389439892674043,2,2.312539531941809,2.0500474383301706,0.505785350302505,0.4345238095238095,0.375
1788eee370f077b7,Blagoy Ivanov,8,3,5,0,0,3,0,0,2018-07-14,2023-07-01,5,34.021574707215066,71.0,73.0,250.0,Southpaw,8,8,0,0.375,0.0,0.0,False,4.963825403670164,2,3.3466666666666667,0.75,0.43346011164948894,0.4583333333333333,0.125
32be4b7f7de1c905,Chico Camus,8,3,4,0,0,3,0,0,2012-08-11,2015-09-26,4,29.167265583824445,66.0,66.0,125.0,Orthodox,8,7,1,0.42857142857142855,0.0,0.0,False,3.1239518949738874,1,2.567957746478873,0.7834507042253521,0.44801951388969363,0.35714285714285715,0.375
34e552520a934063,Brad Scott,8,3,5,0,2,1,2,1,2012-12-14,2018-05-27,7,26.230175842077525,73.0,76.0,170.0,Orthodox,8,8,0,0.375,0.25,0.6666666666666666,False,5.44843494390713,1,3.19719667492041,0.3143939393939394,0.40443323778176005,0.1125,0.5
528c24b99fbaab79,Johnny Eduardo,8,3,5,2,0,1,2,0,2011-08-27,2021-10-02,8,37.512063902749546,67.0,71.0,135.0,Orthodox,8,8,0,0.375,0.25,0.6666666666666666,False,10.100138948780604,2,3.305476266154396,0.20343580470162748,0.41724254395303745,0.3333333333333333,0.25
6291ac0a3726732f,Pete Williams,8,3,5,1,2,0,3,1,1998-05-15,2002-03-22,4,24.59906774266412,75.0,,235.0,Orthodox,8,8,0,0.375,0.375,1.0,False,3.8522351588328303,2,1.0212553393956463,3.7054282137281875,0.42703150912106136,0.75,0.75
6751eacd16bd59bc,Josh Culibao,8,3,4,0,1,2,1,0,2020-02-22,2024-08-17,5,28.136101357317397,70.0,73.0,145.0,Orthodox,8,7,1,0.42857142857142855,0.125,0.3333333333333333,False,4.4846916774471755,3,3.221470376683647,0.0,0.436984281285128,0.0,0.25
6bf5a7d3e081ade2,Anthony Njokuani,8,3,5,1,0,2,1,0,2011-03-19,2014-10-04,4,32.584515766921974,73.0,75.0,155.0,Orthodox,8,8,0,0.375,0.125,0.3333333333333333,False,3.5455895740501173,1,3.7548022598870054,0.375,0.44328334260227553,0.3333333333333333,0.125
6e00cfffd54653c4,Tyson Nam,8,3,5,3,0,0,3,0,2019-09-21,2023-07-15,5,37.66675564864439,67.0,68.0,125.0,Orthodox,8,8,0,0.375,0.375,1.0,False,3.813904460734991,2,3.965146249466148,0.0,0.40566843355934024,0.0,0.0
8bb6f4479685bbcc,Vaughan Lee,8,3,5,0,1,2,1,0,2011-11-05,2015-07-18,5,30.613564960266125,66.0,66.0,125.0,Orthodox,8,8,0,0.375,0.125,0.3333333333333333,False,3.6989123664414736,1,4.054632554457216,0.5,0.5408456288581509,0.1111111111111111,0.625
8be158ca1e5ea6a0,Dwight Grant,8,3,5,1,0,2,1,0,2018-12-15,2022-07-16,5,36.04557246213132,73.0,76.0,185.0,Switch,8,8,0,0.375,0.125,0.3333333333333333,False,3.5839202721479566,2,4.256739808370243,0.5777027027027027,0.3595791089121312,1.0,0.0
96428b9e9bd048ea,Luke Sanders,8,3,5,1,1,1,2,0,2016-01-17,2021-05-01,6,32.73578512905809,66.0,67.0,135.0,Southpaw,8,8,0,0.375,0.25,0.6666666666666666,False,5.286898430494809,1,6.164619885078443,0.47819472616632863,0.5097730615288486,0.18,0.125
98a6b2361045898f,Dong Hyun Ma,8,3,5,1,0,2,1,0,2015-11-28,2019-12-21,5,29.27986200948685,71.0,70.0,155.0,Orthodox,8,8,0,0.375,0.125,0.3333333333333333,False,4.063053998370945,3,3.2754259879500993,1.0035112359550562,0.4090861961251331,0.5,0.0
a4e85a58fbce64b2,Joe Soto,8,3,5,0,2,1,2,1,2014-08-30,2018-02-03,5,29.35583892893078,66.0,65.0,135.0,Orthodox,8,8,0,0.375,0.25,0.6666666666666666,False,3.4305974797566,3,2.1646796489656928,1.547156451795627,0.4841337006317571,0.35374149659863946,1.125
ab850a77a0fa487d,Sean Spencer,8,3,5,0,0,3,0,0,2013-01-26,2016-09-10,4,27.195630300416845,70.0,74.0,170.0,Orthodox,8,8,0,0.375,0.0,0.0,False,3.6222509702457955,2,4.063305274340989,0.125,0.30120816705094644,0.25,0.0
b93c06d09d1c4ac0,Steven Peterson,8,3,5,1,0,2,1,0,2018-02-18,2023-03-25,5,29.832234748146778,70.0,70.0,145.0,Orthodox,8,8,0,0.375,0.125,0.3333333333333333,False,5.095244940005613,2,4.8648976982097185,1.25,0.42866403444737927,0.41904761904761906,0.75
d0e1b42d41dab603,Julian Marquez,8,3,5,0,3,0,3,0,2017-12-16,2025-03-01,7,31.413033806306768,74.0,72.0,185.0,Orthodox,8,8,0,0.375,0.375,1.0,False,7.206171242393752,2,5.2966244469425305,0.0,0.5169541474364319,0.0,1.375
d31cbcdd7d69536d,TJ Brown,8,3,5,0,1,2,1,0,2020-02-29,2023-10-14,4,31.693669274523092,69.0,72.0,145.0,Switch,8,8,0,0.375,0.125,0.3333333333333333,False,3.6222509702457955,2,3.5714784764777754,3.503402679045309,0.47825045464954963,0.5669642857142857,1.125
ed209f6618c82e41,Hacran Dias,8,3,5,0,0,3,0,0,2012-06-23,2017-10-28,6,30.750802548991423,68.0,69.0,155.0,Orthodox,8,8,0,0.375,0.0,0.0,False,5.347132384648555,2,2.075,2.5,0.4364976166447844,0.33429487179487183,0.5
ef7fa30364cbe7f2,Hatsu Hioki,8,3,5,0,0,3,0,0,2011-10-29,2015-05-09,5,29.855164719330308,71.0,73.0,145.0,Orthodox,8,8,0,0.375,0.0,0.0,False,3.5264242250011977,2,2.319893819260908,2.6219065744382197,0.4283796091123117,0.6146258503401361,0.625
f50d95223751e6ca,Russell Doane,8,3,5,1,1,1,2,0,2014-01-04,2018-02-24,5,29.34043820201647,67.0,70.0,135.0,Orthodox,8,8,0,0.375,0.25,0.6666666666666666,False,4.139715394566624,2,2.7218355553540317,1.3996010638297873,0.39167329445033583,0.5833333333333333,0.5
04d5718ed2661e8c,Jorge Gurgel,7,3,4,0,0,3,0,0,2006-06-28,2008-11-15,3,30.657909275540025,67.0,69.0,155.0,Orthodox,7,7,0,0.42857142857142855,0.0,0.0,False,2.38471700308699,2,3.3974259974259975,0.8629343629343629,0.33571519215872186,0.3185714285714286,0.14285714285714285
054defd5420a551f,Rob Kimmons,7,3,4,0,2,1,2,0,2008-06-21,2011-03-03,4,28.756237294400297,70.0,73.0,185.0,Orthodox,7,7,0,0.42857142857142855,0.2857142857142857,0.6666666666666666,False,2.69683840188368,1,1.852414005144534,1.5110006366146764,0.3956450956450957,0.47222222222222227,1.1428571428571428
0a97691039c4bbfb,Mark Hominick,7,3,4,1,1,1,2,1,2006-03-04,2012-11-17,3,27.75572784813221,68.0,68.0,145.0,Orthodox,7,7,0,0.42857142857142855,0.2857142857142857,0.6666666666666666,False,6.7078721671218435,3,3.5686067330727522,0.2285714285714286,0.38870657880722054,0.75,0.14285714285714285
147e70aa6cc48cfc,Tresean Gore,7,3,4,0,3,0,3,0,2022-02-05,2026-04-04,4,29.73367009589519,72.0,75.0,185.0,Switch,7,7,0,0.42857142857142855,0.42857142857142855,1.0,False,4.158880743615543,2,2.909124340011924,3.2586066357378742,0.5361782775522878,0.7708333333333333,0.5714285714285714
173acb3f920082b8,Roland Delorme,7,3,3,0,2,1,2,0,2011-12-03,2014-08-23,4,29.336673579881857,69.0,71.0,135.0,Orthodox,7,6,1,0.5,0.2857142857142857,0.6666666666666666,False,2.7214795649465766,2,2.5770068662321663,1.9862748742938874,0.4017920156851365,0.3760942760942761,1.0
203c957eac95dd87,Hyun Gyu Lim,7,3,4,3,0,0,3,0,2013-03-02,2017-09-22,5,29.99885594600065,75.0,77.0,170.0,Orthodox,7,7,0,0.42857142857142855,0.42857142857142855,1.0,False,4.558615166635865,2,4.775438565569723,0.5402160864345739,0.43355060319526867,1.0,0.14285714285714285
22edaf53ad59a967,Daniel Roberts,7,3,4,0,2,1,2,0,2010-03-21,2012-01-20,3,30.462344489326565,70.0,74.0,170.0,Southpaw,7,7,0,0.42857142857142855,0.2857142857142857,0.6666666666666666,False,1.8343976946823002,3,1.1973680947529017,4.538111950316185,0.23619025551266803,0.5085034013605442,1.5714285714285714
263ebd4a669e1e98,Fabiano Iha,7,3,4,1,2,0,3,0,1999-05-07,2001-09-28,3,30.22962239373254,68.0,,155.0,Orthodox,7,7,0,0.42857142857142855,0.42857142857142855,1.0,False,2.395668631114944,3,1.5891156462585034,4.443877551020408,0.3924852924852925,0.5738095238095238,1.1428571428571428
2e585c701f72fe55,Ian Heinisch,7,3,4,1,0,2,1,0,2018-11-17,2021-07-24,4,31.540688720507607,71.0,72.0,185.0,Orthodox,7,7,0,0.42857142857142855,0.14285714285714285,0.3333333333333333,False,2.6831488668487373,2,4.946809736993786,0.8571428571428571,0.5351025670308155,0.26825396825396824,0.5714285714285714
369ea36e450ae62a,Armen Petrosyan,7,3,4,0,0,3,0,0,2022-02-26,2025-03-08,4,32.73989198956857,75.0,71.0,185.0,Orthodox,7,7,0,0.42857142857142855,0.0,0.0,False,3.0281251497292896,2,5.554301750730322,0.14285714285714285,0.5231978222608132,0.25,0.0
37f560436d745c18,Nikolas Motta,7,3,3,2,0,1,2,0,2022-02-19,2025-06-21,4,30.69193754834117,69.0,70.0,155.0,Orthodox,7,6,1,0.5,0.2857142857142857,0.6666666666666666,False,3.334770734512002,2,6.641743950733199,0.0,0.4274308670917567,,0.0
394f55ebca199124,Ivan Salaverry,7,3,4,1,2,0,3,0,2002-05-10,2008-05-24,5,34.19802303557617,72.0,,185.0,Orthodox,7,7,0,0.42857142857142855,0.42857142857142855,1.0,False,6.039822857416648,2,2.327170413110949,0.3442340791738382,0.5491599670171098,0.2,1.4285714285714286
3b0a516d2921e0d6,Batgerel Danaa,7,3,4,3,0,0,3,0,2019-08-31,2023-04-22,5,32.05541523782144,67.0,70.0,135.0,Orthodox,7,7,0,0.42857142857142855,0.42857142857142855,1.0,False,3.641416319294715,3,6.385669132120043,0.4325250031247054,0.39442720754939603,0.5,0.0
3ecd936bd8814108,Cat Zingano,7,3,4,2,0,1,2,1,2013-04-13,2018-12-29,5,33.988377584755334,66.0,68.0,145.0,Southpaw,7,7,0,0.42857142857142855,0.2857142857142857,0.6666666666666666,False,5.7112740165780265,2,2.2930561190060743,2.0180068616902496,0.5162588587958823,0.67,0.5714285714285714
4148802ae4a50768,Daniel Zellhuber,7,3,4,0,1,2,1,0,2022-09-17,2026-02-28,5,24.810913297329854,73.0,77.0,155.0,Switch,7,7,0,0.42857142857142855,0.14285714285714285,0.3333333333333333,False,3.4497628288055195,3,4.8832943454061475,0.0,0.33758266947661586,0.0,0.2857142857142857
497ba5b12a4bfc47,Jason Brilz,7,3,4,1,0,2,1,0,2008-09-17,2011-11-19,4,34.69397533341351,71.0,71.0,205.0,Orthodox,7,7,0,0.42857142857142855,0.14285714285714285,0.3333333333333333,False,3.170496314092692,2,2.573764511558363,1.6998191681735986,0.47377792166543425,0.4461538461538462,0.8571428571428571
49a74b9fb2e45fdf,Neil Seery,7,3,4,0,1,2,1,0,2014-03-08,2017-07-16,4,35.91390846981311,64.0,64.0,125.0,Orthodox,7,7,0,0.42857142857142855,0.14285714285714285,0.3333333333333333,False,3.35667399056791,2,3.659290442281237,0.8944099378881988,0.41694375549557305,0.2888888888888889,1.4285714285714286
4bcb6eb12b4ad4aa,Vitor Miranda,7,3,4,3,0,0,3,1,2014-05-31,2018-07-22,5,37.03957937925781,73.0,77.0,185.0,Orthodox,7,7,0,0.42857142857142855,0.42857142857142855,1.0,False,4.142453301573612,3,3.66042213145808,0.8521522145976295,0.5076904529536882,0.45,0.14285714285714285
57ab4d7c0bc09a30,Zach Makovsky,7,3,4,0,0,3,0,0,2013-12-14,2016-12-10,4,31.885665003388162,64.0,64.0,125.0,Southpaw,7,7,0,0.42857142857142855,0.0,0.0,False,2.9897944516314503,2,1.9428571428571428,3.7142857142857144,0.4520078797146146,0.35331539314290306,0.2857142857142857
5c126c6aac3ef364,Poliana Botelho,7,3,4,1,0,2,1,0,2017-10-07,2022-06-04,6,30.880853131823375,68.0,67.0,125.0,Orthodox,7,7,0,0.42857142857142855,0.14285714285714285,0.3333333333333333,False,4.657179818887451,2,4.68733949666153,0.5714285714285714,0.5755450151061271,0.75,0.0
5da33b8fbfa5ee95,William Knight,7,3,4,1,0,2,1,0,2020-09-26,2023-02-18,4,33.61876013881188,70.0,73.0,205.0,Orthodox,7,7,0,0.42857142857142855,0.14285714285714285,0.3333333333333333,False,2.395668631114944,2,2.052730305605388,1.303370786516854,0.4903117604102119,0.3972222222222222,0.42857142857142855
5e6294b37bbef029,Stephanie Egger,7,3,4,1,2,0,3,0,2020-10-10,2023-12-09,4,33.84326851338494,66.0,68.0,135.0,Orthodox,7,7,0,0.42857142857142855,0.42857142857142855,1.0,False,3.162282593071726,2,2.9638560644991463,4.1181038849106075,0.5082553833330231,0.6587301587301587,0.2857142857142857
60a42bf82447c919,Jake Hadley,7,3,4,1,1,1,2,0,2022-05-14,2024-10-19,3,27.088851927144294,67.0,70.0,135.0,Southpaw,7,7,0,0.42857142857142855,0.2857142857142857,0.6666666666666666,False,2.4339993292127833,2,5.209634017541442,0.14285714285714285,0.4089229036446858,0.125,0.7142857142857143
6c7e25571490aa3b,George Sullivan,7,3,4,1,0,2,1,0,2014-01-25,2018-08-25,4,34.859423142550106,72.0,73.0,170.0,Orthodox,7,7,0,0.42857142857142855,0.14285714285714285,0.3333333333333333,False,4.580518422691773,2,3.142586267076498,1.085691926437981,0.46801721006594144,0.3619047619047619,0.42857142857142855
70d2329a92864fdb,Sabina Mazo,7,3,4,0,1,2,1,0,2019-03-30,2022-03-12,4,23.447435607849577,67.0,70.0,125.0,Orthodox,7,7,0,0.42857142857142855,0.14285714285714285,0.3333333333333333,False,2.951463753533611,3,5.822347227761786,0.5714285714285714,0.4297182857675585,0.5,0.14285714285714285
75a6a390fd5dca46,Juliana Lima,7,3,4,0,0,3,0,0,2014-07-26,2018-01-27,5,34.036877651736276,65.0,65.0,115.0,Orthodox,7,7,0,0.42857142857142855,0.0,0.0,False,3.507258875952278,2,1.8599757183326588,1.7927964386887898,0.44173445667968736,0.4030612244897959,0.0
764d39074a352e33,Thomas Petersen,7,3,4,0,0,3,0,0,2024-02-03,2026-07-25,3,30.138880332929492,73.0,74.0,250.0,Southpaw,7,7,0,0.42857142857142855,0.0,0.0,False,2.4723300273106226,1,2.87681614179218,2.3839285714285716,0.4961508665711963,0.36666666666666664,0.14285714285714285
798e48f9e7f6ba22,Carlos Hernandez,7,3,4,0,0,3,0,0,2022-02-26,2025-05-17,4,30.09233591381069,68.0,67.0,125.0,Orthodox,7,7,0,0.42857142857142855,0.0,0.0,False,3.2197786402184847,1,2.7582564417638173,1.2860320991577943,0.42986478551895857,0.2587301587301587,0.0
7be63795363029e8,Cody McKenzie,7,3,4,0,2,1,2,0,2010-12-04,2013-12-14,4,24.30831179676125,72.0,72.0,155.0,Switch,7,7,0,0.42857142857142855,0.2857142857142857,0.6666666666666666,False,3.0281251497292896,1,1.3861701119333671,2.3512049181823156,0.2543690344354796,0.42094017094017094,1.2857142857142858
82b4e942781b1046,Raulian Paiva,7,3,4,1,0,2,1,0,2019-02-09,2022-06-25,4,24.972449810742177,68.0,69.0,135.0,Orthodox,7,7,0,0.42857142857142855,0.14285714285714285,0.3333333333333333,False,3.3731014326098414,3,3.4947852067505503,0.42857142857142855,0.362293698627093,0.14583333333333331,0.14285714285714285
82d4c957649faf9b,Miguel Baeza,7,3,4,2,1,0,3,0,2019-10-12,2024-06-08,5,28.939677063868526,74.0,74.0,170.0,Orthodox,7,7,0,0.42857142857142855,0.42857142857142855,1.0,False,4.657179818887451,3,4.4604942690799225,0.5108082121044853,0.5138476514907407,0.375,1.2857142857142858
8a70ceb3edbe757b,Andrew Craig,7,3,4,1,0,2,1,0,2012-03-02,2015-07-15,4,27.546082397311377,73.0,76.0,170.0,Orthodox,7,7,0,0.42857142857142855,0.14285714285714285,0.3333333333333333,False,3.367625618595864,2,2.4757060044294086,0.42857142857142855,0.4187872034826596,0.2333333333333333,0.0
928ae2e5b5f7a9ec,Justine Kish,7,3,4,0,0,3,0,0,2016-01-02,2021-04-17,5,30.368864521516524,65.0,64.0,125.0,Orthodox,7,7,0,0.42857142857142855,0.0,0.0,False,5.289636337501797,2,4.533333333333333,0.8678955453149001,0.4891561398134214,0.4388888888888889,0.14285714285714285
93ce4ac89e3d7652,Luke Cummo,7,3,4,2,0,1,2,1,2005-11-05,2008-08-09,4,26.872166144019776,72.0,74.0,170.0,Orthodox,7,7,0,0.42857142857142855,0.2857142857142857,0.6666666666666666,False,2.7598102630444155,2,2.1712091288128152,0.7142857142857143,0.44614692229881886,0.45,1.1428571428571428
952f6fa06f25a0ec,Carlos Newton,7,3,4,0,3,0,3,4,1998-05-15,2004-01-31,4,24.7186067182371,69.0,,170.0,Orthodox,7,7,0,0.42857142857142855,0.42857142857142855,1.0,False,5.714011923585016,1,0.6165683843891667,4.936349364920793,0.4929538054538054,0.6222222222222222,1.1428571428571428
9b198c73e3d0d289,Justin Salas,7,3,4,1,0,2,1,0,2012-02-15,2016-03-05,4,31.66937034983607,68.0,70.0,155.0,Southpaw,7,7,0,0.42857142857142855,0.14285714285714285,0.3333333333333333,False,4.0521023703429915,1,3.5449436311385747,1.474433315761729,0.4579999572231349,0.26666666666666666,0.0
a0e6753c42698f13,Omar Morales,7,3,4,0,0,3,0,0,2019-12-21,2023-03-18,5,35.588879795126324,71.0,73.0,155.0,Orthodox,7,7,0,0.42857142857142855,0.0,0.0,False,3.2389439892674043,2,3.1178299310120883,0.42857142857142855,0.4075858254851457,1.0,0.0
a20d7dfaba74c067,Rodrigo Damm,7,3,4,0,1,2,1,0,2012-06-23,2015-01-03,4,33.76895389462383,67.0,71.0,155.0,Orthodox,7,7,0,0.42857142857142855,0.14285714285714285,0.3333333333333333,False,2.529826074457381,2,4.016826247925444,0.42857142857142855,0.38491338486273813,0.3214285714285714,0.2857142857142857
a3a542074109b347,Luana Pinheiro,7,3,4,0,0,2,0,0,2021-05-01,2025-05-17,4,30.686461734327192,62.0,62.0,115.0,Orthodox,7,7,0,0.42857142857142855,0.0,0.0,False,4.043888649322025,3,3.5723265315442947,3.8984274222111206,0.4008988096565558,0.3849206349206349,0.14285714285714285
a566371ba2ad7152,Josh Thomson,7,3,4,2,0,1,2,0,2003-09-26,2015-07-15,5,31.268071408526037,70.0,71.0,155.0,Orthodox,7,7,0,0.42857142857142855,0.2857142857142857,0.6666666666666666,False,11.800379200120467,2,2.8023501614386213,2.7413928236110543,0.4756977080793611,0.5519480519480519,0.0
ba1e6cb3d43f7430,Justin Ledet,7,3,4,0,1,2,1,0,2016-08-06,2020-10-31,5,29.788819365607388,76.0,80.0,205.0,Orthodox,7,7,0,0.42857142857142855,0.14285714285714285,0.3333333333333333,False,4.235542139811221,3,2.683952061837393,0.9453781512605042,0.3099632679375453,0.5,0.14285714285714285
bc3ec52ef70fc155,Ryan Jimmo,7,3,4,2,0,1,2,0,2012-07-21,2015-05-30,4,31.966628824880534,73.0,73.0,205.0,Orthodox,7,7,0,0.42857142857142855,0.2857142857142857,0.6666666666666666,False,2.8556370082890132,1,5.197331972793399,0.6243980738362761,0.6885224602495609,0.3,0.0
bc7230f231701d66,Mike Easton,7,3,4,1,0,2,1,0,2011-10-01,2014-06-14,4,28.93537463857183,66.0,70.0,135.0,Southpaw,7,7,0,0.42857142857142855,0.14285714285714285,0.3333333333333333,False,2.702314215897657,3,3.496460746460747,0.7142857142857143,0.3733688928760835,0.20138888888888887,0.0
c0d5c0c95c59050b,Ariane Carnelossi,7,3,4,1,1,0,2,0,2019-09-21,2026-06-06,6,30.237444985181078,62.0,61.0,115.0,Orthodox,7,7,0,0.42857142857142855,0.2857142857142857,0.6666666666666666,False,6.7078721671218435,2,3.1255683079993437,0.827357970215113,0.42240863844931614,0.17857142857142858,0.14285714285714285
c3ea8deeba00462b,Pete Spratt,7,3,4,0,3,0,3,0,2002-06-22,2007-06-12,5,34.0982849946073,69.0,,170.0,Orthodox,7,7,0,0.42857142857142855,0.42857142857142855,1.0,False,4.97203912469113,1,1.4096191339255284,0.2869897959183673,0.4994086523498288,1.0,0.14285714285714285
ce783bf73b5131f9,Eugene Jackson,7,3,4,2,1,0,3,0,1999-07-16,2002-07-13,4,34.235180344956724,68.0,,185.0,Orthodox,7,7,0,0.42857142857142855,0.42857142857142855,1.0,False,2.9925323586384387,2,0.957145856408444,1.0452961672473868,0.32451444345854286,0.3333333333333333,0.7142857142857143
cfc3e7bb44685289,Trey Ogden,7,3,3,0,0,3,0,0,2022-04-16,2025-01-11,4,33.837792699370965,71.0,72.0,155.0,Orthodox,7,6,1,0.5,0.0,0.0,False,2.7406449139954963,2,3.218975377761724,1.9162001083619289,0.5177549777956063,0.4426587301587302,0.7142857142857143
dc0f07928009a127,Rob Emerson,7,3,3,1,0,2,1,0,2007-06-23,2010-03-31,4,27.470985519405406,69.0,70.0,155.0,Orthodox,7,6,1,0.5,0.14285714285714285,0.3333333333333333,False,2.7707618910723695,2,4.087844867444309,1.8997988504276349,0.4141995890569827,0.40727272727272723,0.2857142857142857
e25bcbcdaf6537a1,Reza Madadi,7,3,4,1,2,0,3,0,2012-04-14,2017-05-28,5,36.549102895434444,71.0,73.0,155.0,Orthodox,7,7,0,0.42857142857142855,0.42857142857142855,1.0,False,5.119886103068509,1,2.3277521835308925,3.4872216173752277,0.5510415339076016,0.42569335426478283,0.42857142857142855
feaf00f3373435d6,Chris Gruetzemacher,7,3,4,1,0,2,1,0,2015-12-11,2021-12-04,5,32.62724667270962,68.0,68.0,155.0,Orthodox,7,7,0,0.42857142857142855,0.14285714285714285,0.3333333333333333,False,5.982326810269889,1,5.990083716468163,0.15971606033717836,0.5511294374177599,0.5,0.0
0a73acff6325c1e2,Shayilan Nuerdanbieke,6,3,3,1,0,2,1,0,2021-05-22,2024-06-15,4,28.382512987946367,68.0,69.0,145.0,Orthodox,6,6,0,0.5,0.16666666666666666,0.3333333333333333,False,3.0664558478271284,3,4.356042223490195,2.7914989939637826,0.5006300410459542,0.40857142857142853,0.16666666666666666
172c2135e70f87b7,Luke Barnatt,6,3,3,1,1,1,2,0,2013-04-13,2015-05-16,3,26.04434040397818,78.0,77.0,185.0,Orthodox,6,6,0,0.5,0.3333333333333333,0.6666666666666666,False,2.0890230463322315,3,5.196212121212121,0.6805555555555557,0.3611880067382096,0.4,0.3333333333333333
207773daeb4afa7b,Devonte Smith,6,3,3,3,0,0,3,0,2018-11-10,2022-03-05,4,26.859780374226258,69.0,76.0,155.0,Orthodox,6,6,0,0.5,0.5,1.0,False,3.3156053854630825,2,6.090743692329684,0.2895752895752896,0.5331074660991932,0.5,0.16666666666666666
3351aa64aa83c4d9,Cory McKenna,6,3,3,0,1,2,1,0,2020-11-14,2024-10-12,3,23.41412440593122,63.0,58.0,115.0,Orthodox,6,6,0,0.5,0.16666666666666666,0.3333333333333333,False,3.909731205979589,2,2.7551788759580966,3.7702816663855625,0.3899649053564889,0.501984126984127,0.3333333333333333
39d91e95949de3d9,Felicia Spencer,6,3,3,2,1,0,3,1,2019-05-18,2021-11-13,3,29.55524982260644,66.0,68.0,145.0,Orthodox,6,6,0,0.5,0.5,1.0,False,2.4914953763595418,1,4.79359263327433,2.120179975775505,0.5391737642773796,0.26153846153846155,0.16666666666666666
3a24769a4855040a,Diego Nunes,6,3,3,0,0,3,0,0,2011-01-01,2013-01-19,3,29.176506019973033,66.0,67.0,145.0,Orthodox,6,6,0,0.5,0.0,0.0,False,2.050692348234392,1,2.9555555555555557,0.8333333333333334,0.4574927407755875,0.5,0.0
3c8a5200436e19f3,Cameron Saaiman,6,3,3,2,0,1,2,0,2022-12-10,2025-04-26,4,22.856504012174558,68.0,67.0,135.0,Southpaw,6,6,0,0.5,0.3333333333333333,0.6666666666666666,False,2.376503282066025,3,5.401850599954074,1.7456140350877194,0.5078372458533975,0.5,0.3333333333333333
3f52ce18fb98008f,Akira Corassani,6,3,3,0,0,2,0,0,2012-09-29,2015-01-24,4,31.352685772694397,68.0,68.0,145.0,Orthodox,6,6,0,0.5,0.0,0.0,False,2.319007234919266,3,3.1964408428686215,0.3333333333333333,0.43458964270848277,0.16666666666666666,0.0
41cc71cbf210e0fe,Hyder Amil,6,3,3,2,0,1,2,0,2024-02-10,2026-06-20,3,34.869071005336636,69.0,70.0,145.0,Switch,6,6,0,0.5,0.3333333333333333,0.6666666666666666,False,2.357337933017105,3,12.275478453617467,0.513888888888889,0.539958562522919,0.1,0.3333333333333333
46a2f24feb258ae0,Valerie Letourneau,6,3,3,0,0,3,0,1,2014-06-14,2016-12-10,3,32.45651861434526,67.0,68.0,115.0,Orthodox,6,6,0,0.5,0.0,0.0,False,2.4914953763595418,3,4.600453752181501,0.7666666666666666,0.3913329793530138,0.64,0.3333333333333333
48a9a128784d53d1,Elves Brener,6,3,3,2,0,1,2,0,2023-02-11,2025-08-02,3,26.42262788877709,70.0,72.0,155.0,Orthodox,6,6,0,0.5,0.3333333333333333,0.6666666666666666,False,2.4723300273106226,3,4.642040458073374,0.8764115432873275,0.4800255377297205,0.15714285714285714,0.0
4ac1ecf8ce59ef23,Jason Saggo,6,3,3,2,0,1,2,0,2014-06-14,2017-09-16,3,30.18861897688978,71.0,71.0,155.0,Orthodox,6,6,0,0.5,0.3333333333333333,0.6666666666666666,False,3.258109338316324,2,2.7296096775584515,2.4288685171038114,0.4293425455381977,0.4083333333333333,0.0
4e0692ad070976e4,Lyman Good,6,3,3,3,0,0,3,0,2015-07-15,2020-06-20,5,33.15514121896183,72.0,74.0,170.0,Orthodox,6,6,0,0.5,0.5,1.0,False,4.933708426593291,1,5.259427838830651,0.16666666666666666,0.4313616557604494,1.0,0.0
5b03b61f9d90125e,Morgan Charriere,6,3,3,3,0,0,3,0,2023-09-02,2025-12-13,3,29.079310321224938,68.0,69.0,145.0,Orthodox,6,6,0,0.5,0.5,1.0,False,2.280676536821427,1,4.056542804538942,1.8959000921820817,0.5230994019901535,0.5333333333333333,0.16666666666666666
5eb50529a8418b77,Gabe Green,6,3,3,1,1,1,2,0,2020-05-30,2025-05-17,5,29.182894469656006,70.0,73.0,155.0,Switch,6,6,0,0.5,0.3333333333333333,0.6666666666666666,False,4.963825403670164,2,8.589657537383896,0.5,0.45365909823547823,0.625,0.3333333333333333
5eedbf1e9601be35,Brock Larson,6,3,3,0,2,1,2,0,2005-10-03,2009-11-21,3,30.847998247739515,71.0,71.0,170.0,Southpaw,6,6,0,0.5,0.3333333333333333,0.6666666666666666,False,4.134239580552647,3,1.9304680321404575,3.3431507373611264,0.4853174603174603,0.4666666666666667,1.1666666666666667
64d47ef881a437a4,Cesar Almeida,6,3,3,2,0,1,2,0,2024-04-06,2026-07-11,3,36.91976335357103,73.0,74.0,185.0,Orthodox,6,6,0,0.5,0.3333333333333333,0.6666666666666666,False,2.2615111877725074,2,4.164923970949123,0.528169014084507,0.6416031330487749,0.5,0.16666666666666666
65adf3856c4d9256,Jafel Filho,6,3,3,0,3,0,3,0,2023-03-18,2026-04-25,4,31.404249687992678,67.0,68.0,125.0,Orthodox,6,6,0,0.5,0.5,1.0,False,3.1047865459249677,2,2.4975614144851694,2.8218679862318354,0.40808225808225806,0.6976190476190476,1.1666666666666667
6747ccd6d1acd266,Shamil Gaziev,6,3,3,2,0,1,2,0,2023-12-16,2026-05-02,4,34.89371216839953,76.0,78.0,265.0,Orthodox,6,6,0,0.5,0.3333333333333333,0.6666666666666666,False,2.376503282066025,2,4.14749900399124,0.7445928753180663,0.45749040920716116,0.4365079365079365,0.0
679a9054e2815943,Tomasz Drwal,6,3,3,2,1,0,3,0,2007-09-08,2010-09-15,3,27.417400767982915,73.0,76.0,205.0,Orthodox,6,6,0,0.5,0.5,1.0,False,3.019911428708324,3,3.8139121268164704,4.818940791684344,0.3457974896883536,0.6821428571428572,0.16666666666666666
68d35296f566792b,Josiane Nunes,6,3,3,1,0,2,1,0,2021-08-21,2025-03-15,5,29.50733644998414,62.0,67.0,135.0,Southpaw,6,6,0,0.5,0.16666666666666666,0.3333333333333333,False,3.564754923099037,3,6.958399584733492,0.0,0.4296882391231833,0.0,0.0
6ad9058b7c7898b0,Tony DeSouza,6,3,3,0,2,1,2,0,2001-05-04,2007-12-29,3,29.824021027125813,72.0,70.0,170.0,Southpaw,6,6,0,0.5,0.3333333333333333,0.6666666666666666,False,6.653114026982073,2,0.9083739411420538,1.4609483960948395,0.4694444444444444,0.6666666666666666,0.6666666666666666
6b56e94a59b7b134,Oban Elliott,6,3,3,1,0,2,1,0,2024-02-17,2026-08-01,3,27.319748751400326,72.0,72.0,170.0,Orthodox,6,6,0,0.5,0.16666666666666666,0.3333333333333333,False,2.453164678261703,3,3.726640358344754,0.6666666666666666,0.4823377091418004,0.22000000000000003,0.0
7b6e40a73b567072,Shonie Carter,6,3,3,1,0,2,1,0,2000-03-10,2006-12-13,4,30.302242117679807,70.0,,170.0,Southpaw,6,6,0,0.5,0.16666666666666666,0.3333333333333333,False,6.759892400254625,3,1.9872161101460464,2.336700336700337,0.42187635226190917,0.6666666666666666,0.0
7f0b4a75ef3039a3,Eddie Sanchez,6,3,3,3,0,0,3,0,2006-09-23,2008-12-10,3,24.931837523471845,74.0,74.0,230.0,Orthodox,6,6,0,0.5,0.5,1.0,False,2.2149667686537025,2,3.4415747858510293,1.1789149336353077,0.3992948620071,0.3,0.0
80d918336163b80c,Tatsuya Kawajiri,6,3,3,0,1,2,1,0,2014-01-04,2016-08-06,3,37.056658703920455,67.0,69.0,145.0,Orthodox,6,6,0,0.5,0.16666666666666666,0.3333333333333333,False,2.5873221216041395,2,2.06984126984127,3.785714285714286,0.5419406352796906,0.3130952380952381,0.3333333333333333
86d9dbe1bfcbade7,Julia Avila,6,3,3,1,1,1,2,0,2019-07-06,2025-02-15,5,33.50604963369086,67.0,68.0,135.0,Orthodox,6,6,0,0.5,0.3333333333333333,0.6666666666666666,False,5.615447271333429,2,7.1254559565386115,0.5079549864183158,0.4223246816648886,0.4375,0.16666666666666666
893d51aaf024eddd,Jimy Hettes,6,3,3,0,2,1,2,0,2011-08-14,2015-04-18,5,25.83945369628854,69.0,71.0,145.0,Southpaw,6,6,0,0.5,0.3333333333333333,0.6666666666666666,False,3.6770091103855655,2,2.825980653390376,5.220805194321966,0.6049276800092017,0.4018518518518519,1.0
8b5f9ea38184ded3,Nicholas Musoke,6,3,3,0,1,2,1,0,2013-10-26,2017-05-28,4,28.684595394384093,72.0,75.0,170.0,Orthodox,6,6,0,0.5,0.16666666666666666,0.3333333333333333,False,3.586658179154945,2,3.6004341489887133,1.639843332378043,0.3820339016631653,0.32222222222222224,0.16666666666666666
8e5bfd4e82352340,Pablo Garza,6,3,3,1,1,1,2,0,2010-12-04,2013-04-06,4,28.39300829813982,73.0,73.0,145.0,Orthodox,6,6,0,0.5,0.3333333333333333,0.6666666666666666,False,2.3381725839681855,2,3.320246682554513,1.0579710144927537,0.4244440004055194,0.18,0.5
9ada30894bf04e19,David Dvorak,6,3,3,0,1,2,1,0,2020-03-14,2023-06-10,4,29.39599489836661,65.0,68.0,125.0,Orthodox,6,6,0,0.5,0.16666666666666666,0.3333333333333333,False,3.2389439892674043,3,3.5410628019323673,0.5,0.4102438266027982,0.19999999999999998,0.16666666666666666
9fd1f08dd4aec14a,Dave Beneteau,6,3,3,2,0,1,2,1,1995-04-07,1997-10-17,2,,74.0,,250.0,Orthodox,6,6,0,0.5,0.3333333333333333,0.6666666666666666,False,2.529826074457381,1,7.719147651482632,11.410799726589202,0.47280219780219784,1.0,0.0
a08d909a5be6f410,Eliot Marshall,6,3,3,0,1,2,1,0,2008-12-13,2011-10-29,4,29.68849463027988,74.0,77.0,205.0,Orthodox,6,6,0,0.5,0.16666666666666666,0.3333333333333333,False,2.874802357337933,3,2.323243933588761,1.8908045977011494,0.3188163367192786,0.4444444444444444,0.6666666666666666
a0e75f4a13eb73f1,Megan Anderson,6,3,3,2,1,0,3,1,2018-06-09,2021-03-06,4,29.537453427061013,72.0,72.0,145.0,Orthodox,6,6,0,0.5,0.5,1.0,False,2.7406449139954963,2,1.8440470998954972,0.6329113924050632,0.4561941251596424,0.16666666666666666,0.16666666666666666
a13d755965a4ec9f,Rongzhu,6,3,3,1,0,2,1,0,2021-04-24,2025-08-23,4,23.255325799525888,69.0,70.0,155.0,Orthodox,6,6,0,0.5,0.16666666666666666,0.3333333333333333,False,4.331368885055819,2,5.530825740645235,1.7428571428571429,0.5003441340583649,0.5833333333333334,0.0
a4a80dd7336ffd59,Melissa Gatto,6,3,3,3,0,0,3,0,2021-08-07,2026-04-04,5,27.006258399100137,65.0,69.0,125.0,Orthodox,6,6,0,0.5,0.5,1.0,False,4.657179818887451,2,3.5456346163987362,1.7209576138147566,0.5026534897452574,0.325,0.3333333333333333
a52bc1e62cf0b7c6,Melsik Baghdasaryan,6,3,3,1,0,2,1,0,2021-07-31,2026-06-20,4,31.54114503834211,69.0,70.0,145.0,Southpaw,6,6,0,0.5,0.16666666666666666,0.3333333333333333,False,4.887164007474486,2,3.897849113759549,0.0,0.48096271510250005,,0.0
a6eb54ae17a551be,Gabriella Fernandes,6,3,3,0,1,2,1,0,2023-02-25,2026-03-28,4,31.0186611178418,66.0,66.0,125.0,Southpaw,6,6,0,0.5,0.16666666666666666,0.3333333333333333,False,3.085621196876048,3,3.281335040045043,0.3333333333333333,0.42120787879940996,0.08333333333333333,0.16666666666666666
aa0c573da7119292,Juliana Miller,6,3,3,1,1,1,2,0,2022-08-06,2026-08-08,4,28.235122327403484,67.0,66.0,125.0,Orthodox,6,6,0,0.5,0.3333333333333333,0.6666666666666666,False,4.005557951224187,1,3.3119269941559755,2.3039480556906398,0.42926291095962615,0.3311965811965812,1.0
af9efbfd63d39734,Chelsea Chandler,6,3,3,1,1,1,2,0,2022-10-01,2026-06-06,5,33.58042944071405,68.0,68.0,135.0,Southpaw,6,6,0,0.5,0.3333333333333333,0.6666666666666666,False,3.6797470173925544,1,4.159054340667118,0.5,0.44601037310622765,0.6666666666666666,0.16666666666666666
b13da0b1a3aed3e7,Nick Ring,6,3,3,0,1,2,1,0,2011-02-26,2013-12-06,3,33.22587048330903,72.0,74.0,185.0,Southpaw,6,6,0,0.5,0.16666666666666666,0.3333333333333333,False,2.7762377050863467,2,3.5356293562935632,1.422509225092251,0.43680297641082827,0.25,0.3333333333333333
b4bc2e3353a770b5,Ian Freeman,6,3,2,2,0,1,2,0,2000-03-10,2003-06-06,3,34.84260457093575,71.0,,225.0,Orthodox,6,5,1,0.6,0.3333333333333333,0.6666666666666666,False,3.2389439892674043,3,2.267417109449442,0.6797536566589685,0.4608315182085674,0.7,0.3333333333333333
b76ed59283d3559c,Tsuyoshi Kohsaka,6,3,3,1,0,2,1,0,1998-03-13,2002-05-10,3,29.453947263347867,71.0,,225.0,Orthodox,6,6,0,0.5,0.16666666666666666,0.3333333333333333,False,4.158880743615543,2,1.433501300452676,1.3233454924439811,0.5324621595898191,0.32222222222222224,1.3333333333333333
bda04c573563cc2e,Todd Duffee,6,3,2,3,0,0,3,0,2009-08-29,2019-09-14,6,27.941253641986716,75.0,78.0,260.0,Orthodox,6,5,1,0.6,0.5,1.0,False,10.042642901633846,2,12.894372666639647,0.6172839506172839,0.5091544208479692,0.3333333333333333,0.0
dab8cfbb6b1db10a,Livinha Souza,6,3,3,0,1,2,1,0,2018-09-22,2021-10-23,4,28.9693377231109,63.0,63.0,115.0,Orthodox,6,6,0,0.5,0.16666666666666666,0.3333333333333333,False,3.085621196876048,2,2.4246744461356333,3.5185185185185186,0.4108823275489943,0.5633333333333332,1.0
e17ac6410c8377f4,Bartosz Fabinski,6,3,3,0,0,3,0,0,2015-04-11,2021-04-17,4,32.11199864929921,72.0,75.0,170.0,Orthodox,6,6,0,0.5,0.0,0.0,False,6.01791960136074,3,2.0921545201115093,5.842592592592593,0.5717192791485245,0.7242424242424242,0.0
ec71a892fada28c7,Marco Beltran,6,3,3,0,1,2,1,0,2014-11-15,2017-10-07,4,30.178579984530824,68.0,69.0,125.0,Orthodox,6,6,0,0.5,0.16666666666666666,0.3333333333333333,False,2.8939677063868525,3,2.044723713233554,0.5,0.3894877675840978,0.75,0.16666666666666666
f0abbb6f3444dae7,Paul Buentello,6,3,3,2,1,0,3,1,2005-02-05,2010-03-21,4,33.04927548135827,74.0,77.0,245.0,Orthodox,6,6,0,0.5,0.5,1.0,False,5.119886103068509,2,4.079724060522482,0.33557046979865773,0.4079615117357073,0.5,0.3333333333333333
f2b3f4ef3f780168,Nora Cornolle,6,3,3,1,1,1,2,0,2023-09-02,2026-02-21,4,35.016917983714016,67.0,67.0,135.0,Orthodox,6,6,0,0.5,0.3333333333333333,0.6666666666666666,False,2.4723300273106226,2,2.7103944252253593,0.16666666666666666,0.5852684010249388,0.1111111111111111,0.16666666666666666
f95381efb3051d81,Hugo Viana,6,3,3,1,0,2,1,0,2012-06-23,2015-08-01,4,31.08528352167852,66.0,67.0,135.0,Orthodox,6,6,0,0.5,0.16666666666666666,0.3333333333333333,False,3.1047865459249677,2,3.242973847928454,0.16666666666666666,0.3924039901591933,0.06666666666666667,0.0
210935fd21670f6d,Rich Attonito,5,3,2,1,0,2,1,0,2010-06-19,2011-12-10,2,33.64723437168457,70.0,72.0,170.0,Orthodox,5,5,0,0.6,0.2,0.3333333333333333,False,1.4757318767668055,2,2.3544191979590208,1.0050705572829466,0.4729651490790105,0.3333333333333333,0.0
25f9a5f3e8a52618,Jhonata Diniz,5,3,2,1,0,2,1,0,2024-04-27,2025-10-11,2,33.540455998412014,76.0,79.0,254.0,Orthodox,5,5,0,0.6,0.2,0.3333333333333333,False,1.456566527717886,2,3.1573737373737374,0.0,0.5023004269472298,,0.0
2dc1bc1a02961656,Manny Bermudez,5,3,2,0,3,0,3,0,2018-02-24,2019-10-18,2,24.513029014969508,70.0,71.0,145.0,Orthodox,5,5,0,0.6,0.6,1.0,False,1.645482111200093,3,3.8176352929208512,3.0340692951560264,0.6132432776857397,0.7375,1.2
2f6a993c7f547c13,Sergey Morozov,5,3,2,0,0,3,0,0,2021-01-20,2022-12-17,2,32.579998220360444,66.0,67.0,135.0,Orthodox,5,5,0,0.6,0.0,0.0,False,1.9055832768640013,2,2.897087806220754,3.157142857142857,0.40644505508506734,0.29759615384615384,0.0
2fe9032955c2e013,Joseph Morales,5,3,2,0,3,0,3,1,2017-08-05,2025-11-08,3,26.56536410740809,66.0,69.0,125.0,Switch,5,5,0,0.6,0.6,1.0,False,8.260265440084327,2,2.18215865229966,0.9438016528925619,0.41995528310826813,0.4666666666666666,1.6
31d7446b184e3305,Magomed Mustafaev,5,3,2,3,0,0,3,0,2015-06-20,2020-02-22,4,28.96212790132583,68.0,71.0,155.0,Orthodox,5,5,0,0.6,0.6,1.0,False,4.676345167936371,2,4.512305677646649,1.6,0.6271910673070925,0.24242424242424243,0.2
3c660c90d48fc80d,Tim Kennedy,5,3,2,1,0,2,1,0,2013-07-06,2016-12-10,3,35.000308014538284,71.0,74.0,185.0,Orthodox,5,5,0,0.6,0.2,0.3333333333333333,False,3.4305974797566,3,2.9381376720901127,1.7058823529411764,0.4505894623778997,0.33238636363636365,0.2
3dc3022232b79c7a,Brian Foster,5,3,2,2,1,0,3,0,2009-09-19,2010-11-20,2,26.012854473397812,69.0,71.0,170.0,Orthodox,5,5,0,0.6,0.6,1.0,False,1.1690862919840928,2,5.195359695671313,3.747949736969056,0.3994376387993409,0.625,0.6
40cb680ae1cd331f,Yazmin Jauregui,5,3,2,1,0,2,1,0,2022-08-13,2024-09-14,3,24.42158292093609,63.0,64.0,115.0,Orthodox,5,5,0,0.6,0.2,0.3333333333333333,False,2.0890230463322315,2,6.1802197802197805,0.0,0.3316909563771297,0.0,0.0
46e2011d92463b7e,Oumar Sy,5,3,2,1,1,1,2,0,2024-05-18,2026-03-14,3,29.40293092945098,76.0,83.0,205.0,Orthodox,5,5,0,0.6,0.4,0.6666666666666666,False,1.8207081596473575,2,2.6040103159252093,3.490945520465604,0.3608121916842847,0.3304761904761905,0.2
52ba464d9068d871,Elias Silverio,5,3,2,0,1,2,1,0,2013-09-04,2015-08-23,3,27.823706167820013,71.0,73.0,155.0,Orthodox,5,5,0,0.6,0.2,0.3333333333333333,False,1.9658172310177484,3,3.6817538912130643,1.6090592334494773,0.5189678275309875,0.6607142857142857,0.2
6e7c758f5cdec01a,Paddy Holohan,5,3,2,0,1,2,1,0,2014-07-19,2015-10-24,2,26.80465717981889,70.0,69.0,125.0,Orthodox,5,5,0,0.6,0.2,0.3333333333333333,False,1.2649130372286905,2,2.274888066278865,2.7114754098360656,0.45270125297711505,0.40555555555555556,1.0
71df36d6d8cf0d74,Kiichi Kunimoto,5,3,2,0,1,1,1,0,2014-01-04,2017-06-10,3,33.81807976892065,70.0,71.0,170.0,Orthodox,5,5,0,0.6,0.2,0.3333333333333333,False,3.4305974797566,3,2.151682943848443,1.9104412466753053,0.46042024580414953,0.21666666666666665,0.2
749685d24e2cac50,Remco Pardoel,5,3,2,1,2,0,3,0,1994-03-11,1995-09-08,2,25.397920559628194,75.0,,260.0,Southpaw,5,5,0,0.6,0.6,1.0,False,1.4948972258157252,0,1.0571670128870012,3.540977266425801,0.7222222222222222,1.0,0.8
7b143a54451263d9,Paul Sass,5,3,2,0,3,0,3,0,2010-10-16,2013-02-16,4,23.57118900456546,72.0,73.0,155.0,Orthodox,5,5,0,0.6,0.6,1.0,False,2.3381725839681855,3,0.6919298245614035,0.7894736842105263,0.3297826086956522,0.3333333333333333,2.8
7e69a4b0961aa555,Brad Blackburn,5,3,2,1,0,2,1,0,2008-07-19,2010-04-10,3,32.065271703046605,70.0,73.0,170.0,Orthodox,5,5,0,0.6,0.2,0.3333333333333333,False,1.7248814144027598,3,4.815675208236455,0.989010989010989,0.39542621304690273,0.2,0.6
7facc9c45d792985,Kaan Ofli,5,3,2,0,2,1,2,1,2024-08-24,2026-06-27,3,32.15178956446744,67.0,66.0,145.0,Orthodox,5,5,0,0.6,0.4,0.6666666666666666,False,1.8398735086962772,3,2.2853731684981686,0.989010989010989,0.6001425365911347,0.3333333333333333,0.4
841695e02c99a521,Mansur Abdul-Malik,5,3,1,2,1,0,3,0,2024-11-09,2026-03-28,3,27.758543981053684,74.0,80.0,185.0,Orthodox,5,4,1,0.75,0.6,1.0,False,1.3799051315222077,2,3.866383844584689,3.6251791686574295,0.44295938162175064,0.5694444444444444,0.2
87f8699fdcc2c404,Alice Ardelean,5,3,2,0,1,2,1,0,2024-07-27,2026-05-16,3,33.09965297028687,63.0,62.0,115.0,Orthodox,5,5,0,0.6,0.2,0.3333333333333333,False,1.801542810598438,3,6.838333333333334,1.1125,0.47465805471124617,0.5666666666666667,0.2
89b8d1bf1ff09d1d,Tim Credeur,5,3,2,2,1,0,3,0,2008-07-19,2011-06-04,3,32.05486765642005,75.0,75.0,185.0,Orthodox,5,5,0,0.6,0.6,1.0,False,2.874802357337933,3,6.529047619047619,0.3,0.32247489478817126,1.0,1.6
8a65fd9ba31fd3f7,Zhang Mingyang,5,3,2,3,0,0,3,0,2024-02-17,2026-05-30,3,26.65626262004011,74.0,75.0,205.0,Orthodox,5,5,0,0.6,0.6,1.0,False,2.280676536821427,3,7.815914933289415,0.0,0.5485769964493368,,0.0
96924b0019b3aff1,Gaston Bolanos,5,3,2,0,0,3,0,0,2023-04-15,2026-06-20,4,32.09265077311649,67.0,69.0,145.0,Orthodox,5,5,0,0.6,0.0,0.0,False,3.181447942120646,1,3.5117120810910847,0.6,0.44983717464217376,0.75,0.0
977081bc01197656,Scott Ferrozzo,5,3,2,1,1,1,2,0,1996-02-16,1997-02-07,2,31.43829099844624,71.0,,323.0,Orthodox,4,5,0,0.6,0.4,0.6666666666666666,False,0.9774328014948972,2,2.0155620763699442,1.76233924027418,0.5256458966565349,0.5,0.5
9deff9e3e8d94d47,Josh Samman,5,3,2,2,1,0,3,0,2013-04-13,2016-07-13,4,27.04723574063807,75.0,79.0,185.0,Orthodox,5,5,0,0.6,0.6,1.0,False,3.2498956172953584,3,2.6230691989166126,0.7923818707810993,0.5265541334726394,0.3333333333333333,0.2
a2ea77e974c5889f,Carlos Felipe,5,3,2,0,0,3,0,0,2020-07-18,2021-10-16,2,26.085682799783704,72.0,75.0,245.0,Orthodox,5,5,0,0.6,0.0,0.0,False,1.2457476881797709,3,4.88,0.0,0.452113957769863,0.0,0.0
b1d19449397541dc,Askar Askarov,5,3,1,0,0,3,0,0,2019-09-21,2022-03-26,4,27.97264830900018,66.0,67.0,125.0,Orthodox,5,4,1,0.75,0.0,0.0,False,2.5106607254084614,3,3.0533333333333332,2.6,0.5445483405483406,0.29463203463203463,0.4
b671bdf981ad527d,HyunSung Park,5,3,2,1,2,0,3,1,2023-02-04,2025-10-18,2,28.916678645009824,67.0,66.0,125.0,Orthodox,5,5,0,0.6,0.6,1.0,False,2.702314215897657,3,3.4448260394093304,1.7053347220813406,0.4155084461536075,0.3958333333333333,0.8
bb2c3c3a466224af,Lone'er Kavanagh,5,3,2,0,0,3,0,0,2024-11-23,2026-07-11,3,26.253242708611403,66.0,67.0,125.0,Orthodox,5,5,0,0.6,0.0,0.0,False,1.629054669158162,2,4.280149876281372,1.3325556733828208,0.5126564256633699,0.3333333333333333,0.4
bd21a1e3d41c97ee,Ronny Markes,5,3,2,0,0,3,0,0,2011-08-14,2014-03-23,4,24.66908971436785,73.0,75.0,185.0,Orthodox,5,5,0,0.6,0.0,0.0,False,2.606487470653059,3,1.7356795422031475,2.515021459227468,0.4407923165036567,0.4583333333333333,0.4
d9a56ecb6e94f02e,Evan Elder,5,3,2,0,1,2,1,0,2022-04-23,2025-04-26,4,26.48925029261381,70.0,72.0,155.0,Switch,5,5,0,0.6,0.2,0.3333333333333333,False,3.00895980068037,3,5.819997014479773,0.48213166144200625,0.5012280600718204,0.23333333333333334,0.4
de594b35c45c2e9a,Eduarda Moura,5,3,2,1,0,2,1,0,2023-11-04,2026-02-07,4,30.797073177409526,66.0,67.0,125.0,Orthodox,5,5,0,0.6,0.2,0.3333333333333333,False,2.2615111877725074,2,3.176036866359447,3.844239631336406,0.41812506576487873,0.5717948717948718,0.2
f1928a52590c5532,Curtis Millender,5,3,2,1,0,2,1,0,2018-02-18,2019-04-13,2,30.906041876287674,74.0,76.0,170.0,Orthodox,5,5,0,0.6,0.2,0.3333333333333333,False,1.1471830359281847,3,3.34590065828845,0.2,0.377409096991594,1.0,0.0
07a74004d964c7f4,Billy Elekana,4,3,1,0,2,1,2,0,2025-01-18,2026-01-31,2,30.230600217663607,75.0,77.0,205.0,Southpaw,4,4,0,0.75,0.5,0.6666666666666666,False,1.034928848641656,3,3.0882033198273695,0.8904037201437327,0.6096775666788454,0.39999999999999997,0.5
1b35af4d1529adf6,Stephanie Luciano,4,3,1,0,2,1,2,0,2024-08-10,2026-08-01,3,25.591216794321582,66.0,65.0,115.0,Orthodox,4,4,0,0.75,0.5,0.6666666666666666,False,1.974030952038714,2,5.235497835497835,2.2516233766233764,0.41188117028893934,0.5833333333333334,0.5
43a59ce3bb40449e,Mizuki,4,3,1,0,0,3,0,0,2019-08-31,2025-10-25,4,27.83082472603818,63.0,65.0,115.0,Orthodox,4,4,0,0.75,0.0,0.0,False,6.1520770447031765,2,4.45,0.75,0.54700415076173,0.375,0.0
4b1d46a1b5c0fd11,Alberto Mina,4,3,1,2,0,1,2,0,2014-08-23,2018-05-12,4,34.02397037584618,72.0,77.0,170.0,Orthodox,4,4,0,0.75,0.5,0.6666666666666666,False,3.7180777154903932,3,3.9710405722011783,1.943633952254642,0.3889054438447587,0.33333333333333337,0.0
56116a79e4deed06,Claude Patrick,4,3,1,0,1,2,1,0,2010-06-12,2011-12-10,2,30.674141152795745,71.0,75.0,170.0,Orthodox,4,4,0,0.75,0.25,0.3333333333333333,False,1.4948972258157252,3,1.8112745098039216,2.3014705882352944,0.5901772096392892,0.475,1.5
68f6e96c5fa6e044,Jeremy Kennedy,4,3,1,0,0,3,0,0,2016-08-27,2018-02-10,3,24.6692266097182,71.0,71.0,145.0,Orthodox,4,4,0,0.75,0.0,0.0,False,1.456566527717886,3,2.101005025125628,5.25,0.439518381132106,0.45436507936507936,0.0
6c7020b859c7a3ce,Edimilson Souza,4,3,1,2,0,1,2,0,2013-09-04,2015-11-07,3,29.995140215062595,72.0,74.0,145.0,Orthodox,4,4,0,0.75,0.5,0.6666666666666666,False,2.173898163548875,3,4.377627833877834,0.0,0.5260504201680672,,0.0
70380ccdc81915b8,Yadier del Valle,4,3,1,1,2,0,3,0,2025-05-17,2026-08-08,2,29.413334976077536,69.0,69.0,145.0,Southpaw,4,4,0,0.75,0.75,1.0,False,1.2265823391308515,2,3.2032591816567475,1.293103448275862,0.7232142857142857,1.0,1.0
7af33fc4435017f1,Brady Hiestand,4,3,1,1,1,1,2,0,2021-08-28,2024-06-15,4,23.748605378618315,68.0,71.0,135.0,Orthodox,4,4,0,0.75,0.5,0.6666666666666666,False,2.7981409611422547,3,2.6641219381696226,4.930039541165877,0.511729099600039,0.45264110889110887,1.0
7e511f8d842a109d,Arjan Bhullar,4,3,1,0,0,3,0,0,2017-09-09,2019-05-04,3,32.17040733211496,73.0,75.0,245.0,Orthodox,4,4,0,0.75,0.0,0.0,False,1.6482200182070816,2,2.188862370723946,2.0739856801909307,0.5502035330261137,0.7916666666666666,0.0
83455a9d17f57dae,Rafael Estevam,4,3,1,0,0,3,0,0,2023-11-18,2026-04-04,3,28.604283455512434,68.0,69.0,135.0,Orthodox,4,4,0,0.75,0.0,0.0,False,2.376503282066025,3,1.9708333333333334,4.75,0.37363443177396666,0.3177166400850612,0.25
85d905f7c4f5a1af,Murilo Bustamante,4,3,1,1,2,0,3,2,2000-04-14,2002-05-10,3,35.02672881715572,74.0,,183.0,Orthodox,4,4,0,0.75,0.75,1.0,False,2.069857697283312,2,1.5088966544123572,5.17652341686277,0.5497023809523809,0.5964285714285714,0.75
a474aade8eb3a8f0,SuYoung You,4,3,1,0,0,3,0,1,2024-11-23,2026-03-14,3,29.542701082157745,66.0,65.0,135.0,Orthodox,4,4,0,0.75,0.0,0.0,False,1.3032437353265296,3,2.0902930402930404,4.222527472527473,0.6431328369905955,0.35,0.25
c4b81cdecd5d6abe,Gerald Harris,4,3,1,3,0,0,3,0,2010-01-11,2010-11-20,1,30.533823418687582,71.0,77.0,185.0,Southpaw,4,4,0,0.75,0.75,1.0,False,0.8569648931874029,3,1.606152815974665,2.2699169714342196,0.2800341324931489,0.5952380952380952,0.0
d221ee27afc7a60e,Viscardi Andrade,4,3,1,1,0,2,1,0,2013-08-03,2016-03-19,4,30.76106970026763,71.0,75.0,170.0,Orthodox,4,4,0,0.75,0.25,0.3333333333333333,False,2.625652819701979,2,4.208333333333334,1.5,0.46813511090952287,0.375,0.25
d35f734c56a89103,Karl Williams,4,3,1,0,0,3,0,0,2023-03-11,2024-08-10,2,33.83163240860524,75.0,79.0,235.0,Orthodox,4,4,0,0.75,0.0,0.0,False,1.418235829620047,3,2.95,4.5,0.5200976595479139,0.4246794871794872,0.25
d964a59c48381cb6,Danny Silva,4,3,1,1,0,2,1,0,2024-03-16,2026-03-21,3,28.21207827676133,67.0,69.0,145.0,Switch,4,4,0,0.75,0.25,0.3333333333333333,False,2.012361650136553,2,3.991742195367573,2.1797583081570995,0.4849581502415065,0.4722222222222222,0.25
e2be0c1a9b886d92,MarQuel Mederos,4,3,0,0,0,3,0,0,2024-02-03,2026-04-11,3,28.34555124335202,70.0,69.0,155.0,Orthodox,4,3,1,1.0,0.0,0.0,False,2.1848497915768292,3,5.433333333333334,0.25,0.5867266541319724,0.05555555555555555,0.0
ec13c393d029297d,Kaue Fernandes,4,3,1,2,0,1,2,0,2023-11-04,2025-09-06,3,29.62757619937439,69.0,73.0,155.0,Orthodox,4,4,0,0.75,0.5,0.6666666666666666,False,1.8398735086962772,3,5.438413197172035,0.75,0.5662804943006285,1.0,0.0
f1ab6f37492c630a,Carli Judice,4,3,1,2,0,1,2,0,2024-06-15,2026-02-21,3,26.171653079803143,67.0,68.0,115.0,Southpaw,4,4,0,0.75,0.5,0.6666666666666666,False,1.6865507163049207,3,9.052898550724638,0.5,0.45751003073056495,0.5,0.0
008ea710276c9606,Jeff Molina,3,3,0,1,0,2,1,0,2021-04-24,2022-06-04,2,24.30713840804397,66.0,69.0,125.0,Orthodox,3,3,0,1.0,0.3333333333333333,0.3333333333333333,False,1.111590244837334,3,8.161207450224792,0.0,0.5557805903039683,0.0,0.0
1af1170ed937cba7,Kayla Harrison,3,3,0,0,2,1,2,1,2024-04-13,2025-06-07,2,34.32605278228392,68.0,66.0,135.0,Southpaw,3,3,0,1.0,0.6666666666666666,0.6666666666666666,False,1.149920942935173,3,4.736768089709266,3.1492715022126787,0.6196572658964029,0.4388888888888889,0.6666666666666666
1c23ec2f1b71be40,Iwo Baraniewski,3,3,0,3,0,0,3,0,2025-12-06,2026-06-06,2,27.30697185203438,72.0,73.0,205.0,Orthodox,3,3,0,1.0,1.0,1.0,False,0.49829907527190836,3,13.498442073458596,0.0,0.5764860139860141,0.0,0.0
369e1ce458ef50a6,Ruslan Magomedov,3,3,0,0,0,3,0,0,2014-05-31,2015-10-03,2,28.117392326102976,75.0,78.0,242.0,Orthodox,3,3,0,1.0,0.0,0.0,False,1.3415744334243687,3,4.022222222222222,0.3333333333333333,0.48275370861577754,1.0,0.0
39d309957c5c210d,Mario Pinto,3,3,0,2,0,1,2,0,2025-03-01,2026-03-21,2,27.52144123424848,77.0,79.0,265.0,Orthodox,3,3,0,1.0,0.6666666666666666,0.6666666666666666,False,1.0540941976905753,3,2.5770626620184145,2.303030303030303,0.676737388881317,0.2976190476190476,0.6666666666666666
5e9ca8dd7d783a75,Alden Coria,3,3,0,1,0,2,1,0,2025-09-13,2026-07-18,2,27.81804782667223,68.0,67.0,125.0,Orthodox,3,3,0,1.0,0.3333333333333333,0.3333333333333333,False,0.8432753581524604,3,4.031633178773828,2.2606903657908295,0.41333017583328396,0.6166666666666667,1.3333333333333333
70dd69b6a703257e,Daniil Donchenko,3,3,0,2,0,1,2,1,2025-09-13,2026-06-27,2,24.506092983885136,71.0,71.0,170.0,Orthodox,3,3,0,1.0,0.6666666666666666,0.6666666666666666,False,0.7857793110057016,3,8.738507245689723,1.1235955056179774,0.6181215880837162,0.3333333333333333,0.0
7478b7f959ba61f5,Elijah Smith,3,3,0,1,1,1,2,0,2025-02-15,2026-03-14,2,22.965563974619602,69.0,71.0,135.0,Orthodox,3,3,0,1.0,0.6666666666666666,0.6666666666666666,False,1.073259546739495,3,4.728009768009767,1.0,0.6031038509000558,0.75,0.6666666666666666
7d0a1968b38ca439,Ramazan Temirov,3,3,0,2,0,1,2,0,2024-10-12,2026-07-25,3,28.41856209687171,64.0,63.0,125.0,Orthodox,3,3,0,1.0,0.6666666666666666,0.6666666666666666,False,1.7823774615495185,3,5.997070092404779,0.3333333333333333,0.41882940741296676,0.5,0.0
85497ffd934ecf7e,Jacobe Smith,3,3,0,2,1,0,3,0,2025-01-11,2026-02-21,2,29.51007435699113,70.0,72.0,170.0,Southpaw,3,3,0,1.0,1.0,1.0,False,1.111590244837334,3,8.62837104871465,4.419889502762431,0.6151628038769574,1.0,0.3333333333333333
8ebc3a8da015d70c,Cam Rowston,3,3,0,2,0,1,2,0,2025-09-27,2026-05-02,2,31.002233675799868,75.0,78.0,185.0,Orthodox,3,3,0,1.0,0.6666666666666666,0.6666666666666666,False,0.5941258205165062,3,5.32653075617214,1.0,0.44633053221288516,0.42857142857142855,0.0
95aff2fd8d09a5f0,Abdul Rakhman Yakhyaev,3,3,0,1,2,0,3,0,2025-11-22,2026-06-27,2,25.204259270667205,74.0,78.0,205.0,Orthodox,3,3,0,1.0,1.0,1.0,False,0.5941258205165062,3,19.45031712473573,12.579281183932347,0.6055555555555555,0.8333333333333333,0.6666666666666666
9a97acbfd5a08bfa,David Martinez,3,3,0,1,0,2,1,0,2025-03-29,2026-02-28,2,27.11349309020719,65.0,67.0,135.0,Orthodox,3,3,0,1.0,0.3333333333333333,0.3333333333333333,False,0.9199367543481386,3,4.898001598721023,0.6666666666666666,0.5055337004982953,0.16666666666666666,0.0
b1de86d835638319,Luke Riley,3,3,0,2,0,1,2,0,2025-11-22,2026-07-11,2,26.718321845531847,69.0,69.0,145.0,Orthodox,3,3,0,1.0,0.6666666666666666,0.6666666666666666,False,0.6324565186143453,3,7.770160622619639,0.0,0.6051528161208206,,0.0
d0fd0d9ee560dae7,Brando Pericic,3,3,0,3,0,0,3,0,2025-09-27,2026-05-02,2,31.50965910776174,77.0,79.0,245.0,Orthodox,3,3,0,1.0,1.0,1.0,False,0.5941258205165062,3,11.95894334427358,0.0,0.6228727451339195,,0.0
d1feea7a4bdcd503,Baisangur Susurkaev,3,3,0,1,2,0,3,0,2025-08-16,2026-05-09,2,24.928643298630362,74.0,79.0,185.0,Orthodox,3,3,0,1.0,1.0,1.0,False,0.728283263858943,3,5.74057550775778,2.6368896771929413,0.5617551021344752,0.2571428571428571,0.6666666666666666
eff9074bc066f0f2,Bia Mesquita,3,3,0,0,3,0,3,0,2025-10-11,2026-06-20,2,34.88458581170957,64.0,67.0,135.0,Orthodox,3,3,0,1.0,1.0,1.0,False,0.6899525657611039,3,4.799754293386138,3.744693203672122,0.5126984126984127,0.8333333333333333,1.0
f782f953bfe7b5f2,Jonathan Micallef,3,3,0,0,1,2,1,0,2025-02-08,2026-05-02,2,26.66812688373706,72.0,77.0,170.0,Southpaw,3,3,0,1.0,0.3333333333333333,0.3333333333333333,False,1.2265823391308515,3,3.8547510328332244,0.9204174820613176,0.41860455340328223,0.625,0.3333333333333333
830f60497fab345a,Jamie Pickett,9,2,7,0,0,2,0,0,2020-12-19,2024-03-02,5,33.780905076003535,74.0,80.0,185.0,Orthodox,9,9,0,0.2222222222222222,0.0,0.0,False,3.2006132911695655,2,2.508805905432592,0.7777777777777778,0.49135664315157335,0.40277777777777773,0.0
917e53fa0adea0d3,Leonard Garcia,9,2,7,0,1,1,1,0,2007-04-07,2013-04-27,5,31.038130678780387,70.0,68.0,145.0,Orthodox,9,9,0,0.2222222222222222,0.1111111111111111,0.5,False,6.056250299458579,1,2.6020594119970943,0.4444444444444444,0.2923283061905515,0.19444444444444442,0.3333333333333333
a7151778b3381036,Kurt Holobaugh,9,2,7,0,1,1,1,0,2013-04-27,2025-05-31,6,34.76685581040906,71.0,70.0,155.0,Orthodox,9,9,0,0.2222222222222222,0.1111111111111111,0.5,False,12.093335249868238,1,4.956438718841252,0.589582325431382,0.3933518614141589,0.35416666666666663,0.5555555555555556
a78a87d8c2bbb1cb,Julija Stoliarenko,9,2,7,0,2,0,2,0,2018-11-30,2025-08-09,7,29.132243190026713,67.0,66.0,125.0,Orthodox,9,9,0,0.2222222222222222,0.2222222222222222,1.0,False,6.691444725079912,1,3.5511988655913935,3.8711965197971576,0.39824002528062175,0.35833333333333334,1.0
cc351e408bbb7d43,Brandon Davis,9,2,7,0,1,1,1,0,2018-01-20,2022-10-15,4,29.259707971796516,70.0,72.0,135.0,Orthodox,9,9,0,0.2222222222222222,0.1111111111111111,0.5,False,4.73384121508313,1,4.081046323618494,0.6666666666666666,0.36622205327897706,0.4603174603174603,0.1111111111111111
dbaaf42313af90fa,Joe Doerksen,9,2,7,0,2,0,2,0,2004-08-21,2010-12-11,6,29.999551287462744,72.0,75.0,185.0,Orthodox,9,9,0,0.2222222222222222,0.2222222222222222,1.0,False,6.305399837094533,1,1.3988043667492418,1.7985826220662926,0.5680783641667141,0.350297619047619,1.5555555555555556
016a8d958883167c,Gina Mazany,8,2,6,1,0,1,1,0,2017-02-19,2022-04-30,6,31.075244529319562,66.0,68.0,125.0,Southpaw,8,8,0,0.25,0.125,0.5,False,5.19107168525021,1,4.065727666988623,2.792016144284794,0.4702082070097977,0.49034391534391536,0.125
15b1b21cd743d652,Rafaello Oliveira,8,2,6,0,0,2,0,0,2009-09-19,2014-02-22,6,29.591641169907664,68.0,71.0,155.0,Orthodox,8,8,0,0.25,0.0,0.0,False,4.4271956303004165,1,2.0664439558361796,1.75,0.35856865261831017,0.2857142857142857,1.125
18b602842a24f7c5,Mike Rodriguez,8,2,5,2,0,0,2,0,2018-04-07,2021-09-18,4,31.200503774889285,76.0,82.0,205.0,Southpaw,8,7,1,0.2857142857142857,0.25,1.0,False,3.4497628288055195,1,5.489703534352445,0.0,0.6133194044637769,0.0,0.0
260bd4cef10b033f,Ihor Potieria,8,2,6,1,0,1,1,0,2022-07-30,2025-01-11,4,27.486532919909376,75.0,75.0,185.0,Southpaw,8,8,0,0.25,0.125,0.5,False,2.453164678261703,1,3.9193977127041553,0.375,0.5181586478647897,0.09375,0.0
49edd0d90f60fb7d,Brendson Ribeiro,8,2,6,0,1,1,1,0,2024-02-17,2026-07-25,3,28.635084909341053,75.0,81.0,205.0,Orthodox,8,8,0,0.25,0.125,0.5,False,2.4339993292127833,2,3.2303399333339504,0.375,0.4145009427257593,0.16666666666666666,0.25
4b93a88f3b1de35b,Michael Chandler,8,2,6,2,0,0,2,1,2021-01-23,2026-06-14,5,36.95181968144452,68.0,71.0,155.0,Orthodox,8,8,0,0.25,0.25,1.0,False,5.388200989753383,1,4.108852000627132,1.5204312036283616,0.49998124737911076,0.3611111111111111,0.125
764342d39cdaa54a,Frank Camacho,8,2,6,1,0,1,1,0,2017-06-17,2022-05-14,5,29.89383765580402,70.0,73.0,155.0,Orthodox,8,8,0,0.25,0.125,0.5,False,4.906329356523406,1,5.702122422357439,0.625,0.41678638975722276,0.44000000000000006,0.0
80dbeb1dd5b53e64,Nam Phan,8,2,6,0,0,2,0,0,2010-12-04,2014-03-01,5,29.293209306145915,66.0,70.0,135.0,Orthodox,8,8,0,0.25,0.0,0.0,False,3.2389439892674043,1,5.058333333333334,0.125,0.3360134737596738,0.5,0.125
aae99701b21554e4,Ryan Jensen,8,2,6,0,2,0,2,0,2007-08-25,2011-04-30,5,31.832960293503632,73.0,76.0,185.0,Orthodox,8,8,0,0.25,0.25,1.0,False,3.6797470173925544,1,2.4612483116932515,1.1725535304981904,0.4309795730278669,0.5833333333333334,0.625
d05cb1e8d1b885d8,Jinh Yu Frey,8,2,6,0,0,2,0,0,2020-06-27,2023-10-21,4,36.68898060877362,63.0,65.0,115.0,Southpaw,8,8,0,0.25,0.0,0.0,False,3.3156053854630825,2,3.5105075770539806,0.875,0.42983696599777643,0.2797619047619047,0.25
d7e40dca3ae125be,Diana Belbita,8,2,6,0,0,2,0,0,2019-10-18,2025-04-05,7,26.08848915446587,67.0,68.0,125.0,Orthodox,8,8,0,0.25,0.0,0.0,False,5.464862385949061,1,5.775371474351202,1.1901840490797546,0.42494863598511273,0.6,0.0
02f2a9702ba3d167,Artem Lobov,7,2,5,0,0,2,0,1,2015-12-11,2018-10-27,4,30.461562230181706,69.0,65.0,145.0,Southpaw,7,7,0,0.2857142857142857,0.0,0.0,False,2.8775402643449213,2,3.3885714285714283,0.31428571428571433,0.3763657224596398,0.3125,0.0
0359313549d230a1,Pete Sell,7,2,5,0,1,1,1,0,2005-02-05,2009-03-07,5,24.626300139144345,71.0,75.0,170.0,Orthodox,7,7,0,0.2857142857142857,0.14285714285714285,0.5,False,4.082219347419865,1,2.4639890238568065,0.6918229963443595,0.293772302001062,0.2125,0.5714285714285714
1971869b7e054261,Mike de la Torre,7,2,4,1,0,1,1,0,2014-04-16,2017-04-08,4,28.909168957219226,71.0,71.0,145.0,Orthodox,7,6,1,0.3333333333333333,0.14285714285714285,0.5,False,2.9788428236034963,1,3.092862653724454,0.14285714285714285,0.3469845646473657,0.125,0.0
2244d9a2b64b8c3b,Hannah Cifers,7,2,5,0,0,2,0,0,2018-11-10,2020-08-29,3,27.40644913995496,61.0,62.0,115.0,Orthodox,7,7,0,0.2857142857142857,0.0,0.0,False,1.801542810598438,2,4.871455231769878,0.14285714285714285,0.4260281323594617,1.0,0.14285714285714285
23459ee7e373b98f,Jared Hamman,7,2,5,1,0,1,1,0,2009-11-14,2013-08-31,5,29.341367134750982,75.0,75.0,185.0,Orthodox,7,7,0,0.2857142857142857,0.14285714285714285,0.5,False,3.7947391116860714,1,5.595109413016721,0.2857142857142857,0.40263364326564804,0.2,0.0
2ac4628c08ec5125,Markus Perez,7,2,5,0,2,0,2,0,2017-12-09,2021-01-20,5,30.918010441203936,73.0,73.0,185.0,Orthodox,7,7,0,0.2857142857142857,0.2857142857142857,1.0,False,3.1157381739529217,1,2.6004393396701557,1.1157892902168798,0.5412607277811184,0.2571428571428571,0.7142857142857143
33efaf2d0941cfcf,Andre Fialho,7,2,5,2,0,0,2,0,2022-01-22,2023-09-23,2,28.468757058666505,72.0,74.0,170.0,Orthodox,7,7,0,0.2857142857142857,0.2857142857142857,1.0,False,1.667385367256001,2,3.90642446771479,0.1904761904761905,0.45001862174702184,1.0,0.0
3623bd267a2eef2e,Yaotzin Meza,7,2,4,0,1,1,1,0,2012-12-14,2016-02-27,5,33.47482445615878,69.0,71.0,145.0,Orthodox,7,6,1,0.3333333333333333,0.14285714285714285,0.5,False,3.203351198176554,1,1.3174102866324984,0.9884252208346025,0.428733511733635,0.35185185185185186,1.1428571428571428
4cd8b03aee1d0138,Shane Young,7,2,5,1,0,1,1,0,2017-11-18,2023-09-09,6,27.025880065983557,68.0,72.0,145.0,Orthodox,7,7,0,0.2857142857142857,0.14285714285714285,0.5,False,5.807100761822625,2,4.647637797005665,0.5073891625615764,0.3947486595564431,0.27999999999999997,0.0
5b2d7906aa894274,Mike Massenzio,7,2,5,0,1,1,1,0,2008-09-17,2012-05-05,4,28.00526851534059,74.0,73.0,185.0,Southpaw,7,7,0,0.2857142857142857,0.14285714285714285,0.5,False,3.630464691266761,1,1.3579886327876747,3.0536844764589395,0.3789100089913098,0.4194890077243018,0.7142857142857143
6809c31286b08d97,Tom Watson,7,2,5,1,0,1,1,0,2012-09-29,2015-08-08,4,31.59270895364039,73.0,73.0,185.0,Orthodox,7,7,0,0.2857142857142857,0.14285714285714285,0.5,False,2.8556370082890132,1,4.100932744231714,0.14285714285714285,0.45385258138177725,0.041666666666666664,0.0
7138a15258dabf20,Bruna Brasil,7,2,5,0,0,2,0,0,2023-04-15,2026-03-28,4,31.025962203193767,66.0,65.0,115.0,Orthodox,7,7,0,0.2857142857142857,0.0,0.0,False,2.951463753533611,1,2.4401978973407545,1.0,0.5721193422086278,0.34523809523809523,0.0
82cbb809d5ee565c,Mara Romero Borella,7,2,5,0,1,1,1,0,2017-10-07,2020-09-19,4,32.96987617815561,66.0,69.0,125.0,Orthodox,7,7,0,0.2857142857142857,0.14285714285714285,0.5,False,2.951463753533611,1,2.2060715355231957,2.9505909216509596,0.4920393391369592,0.5095238095238095,0.14285714285714285
8abac218746e04ca,Takashi Sato,7,2,5,2,0,0,2,0,2019-04-27,2023-05-20,4,30.790502200592755,70.0,73.0,170.0,Southpaw,7,7,0,0.2857142857142857,0.2857142857142857,1.0,False,4.063053998370945,1,5.184255806791017,0.46553446553446554,0.44671508072043303,0.41666666666666663,0.0
907e60fd13407e1e,Bec Rawlings,7,2,5,0,1,1,1,0,2014-12-12,2018-04-07,5,27.515574290662073,66.0,64.0,125.0,Orthodox,7,7,0,0.2857142857142857,0.14285714285714285,0.5,False,3.3183432924700713,2,4.49071491011364,0.5714285714285714,0.4409809316929172,0.375,0.2857142857142857
b0550072e5f0afa7,Yoshihiro Akiyama,7,2,5,0,0,2,0,0,2009-07-11,2015-11-28,6,36.59760296241539,70.0,75.0,170.0,Orthodox,7,7,0,0.2857142857142857,0.0,0.0,False,6.382061233290211,1,2.939517625231911,1.7305194805194806,0.35881620996634195,0.44166666666666665,0.14285714285714285
b5da8f7d05e85a55,Josh Parisian,7,2,5,1,0,1,1,0,2020-11-28,2024-03-09,5,33.04653757435129,76.0,79.0,265.0,Orthodox,7,7,0,0.2857142857142857,0.14285714285714285,0.5,False,3.2772746873652436,1,4.880881126561163,1.0826446280991735,0.48492642487141385,0.3482142857142857,0.0
b9664eae2ac75262,Eric Spicely,7,2,5,0,2,0,2,0,2016-07-13,2019-06-22,4,30.907058813175983,73.0,73.0,185.0,Orthodox,7,7,0,0.2857142857142857,0.2857142857142857,1.0,False,2.940512125505657,2,2.6254396078882745,2.218387922527768,0.517212459839188,0.25555555555555554,0.42857142857142855
bfc2fc38a0e20211,Matt Grice,7,2,5,0,0,2,0,0,2007-04-21,2013-02-23,5,28.539942640848203,68.0,70.0,145.0,Orthodox,7,7,0,0.2857142857142857,0.0,0.0,False,5.845431459920464,1,3.864756946476301,1.5892857142857142,0.5195875381950834,0.530952380952381,0.2857142857142857
c5af5750e8bae4f0,Kyle Bochniak,7,2,5,0,0,2,0,0,2016-01-17,2019-10-18,4,30.8041917356277,67.0,70.0,145.0,Orthodox,7,7,0,0.2857142857142857,0.0,0.0,False,3.7509325995742553,1,2.6285714285714286,1.1428571428571428,0.3281539028895658,0.16111111111111112,0.0
c730a0be691dc081,Jared Gooden,7,2,5,1,1,0,2,0,2020-11-21,2024-10-12,4,28.553632175883145,72.0,77.0,170.0,Orthodox,7,7,0,0.2857142857142857,0.2857142857142857,1.0,False,3.890565856930669,1,5.798719487795118,2.66588144691839,0.5094272060276744,0.8125,0.2857142857142857
c76ec2bc3a57666a,Mitch Clarke,7,2,5,0,1,1,1,0,2011-12-10,2017-09-09,7,28.6459387549759,70.0,73.0,155.0,Orthodox,7,7,0,0.2857142857142857,0.14285714285714285,0.5,False,5.749604714675866,2,2.2712434973989595,0.42857142857142855,0.3257450897217159,0.075,0.2857142857142857
c878270af633eb11,Jordan Wright,7,2,5,2,0,0,2,0,2020-08-22,2023-02-18,4,30.103287541838643,74.0,77.0,205.0,Orthodox,7,7,0,0.2857142857142857,0.2857142857142857,1.0,False,2.4914953763595418,1,8.699314054012957,2.4323237737871883,0.6956196264382565,0.275,0.14285714285714285
cb52f9490c2dc069,Sean O'Connell,7,2,5,2,0,0,2,0,2014-04-16,2016-12-09,3,31.849289953152457,73.0,74.0,205.0,Orthodox,7,7,0,0.2857142857142857,0.2857142857142857,1.0,False,2.6502939827648753,2,6.609638828644932,0.0,0.4739841893850785,0.0,0.2857142857142857
ce632027bf2a871b,Dalcha Lungiambula,7,2,5,1,0,1,1,0,2019-06-29,2022-12-10,3,33.81471605459778,68.0,76.0,185.0,Orthodox,7,7,0,0.2857142857142857,0.14285714285714285,0.5,False,3.4497628288055195,1,3.3462435263148964,2.5953828148011495,0.4728340002975626,0.5095238095238095,0.0
d0e50a3d1b250708,Andre Soukhamthath,7,2,5,1,0,1,1,0,2017-03-04,2019-08-31,3,29.566657768468893,69.0,70.0,135.0,Orthodox,7,7,0,0.2857142857142857,0.14285714285714285,0.5,False,2.4914953763595418,1,2.811241217798595,1.1428571428571428,0.42843285647022095,0.5142857142857142,0.14285714285714285
d2d37e8eeb3abc8d,Frank Trigg,7,2,5,2,0,0,2,2,2003-11-21,2010-02-06,5,33.924623464449745,69.0,71.0,170.0,Southpaw,7,7,0,0.2857142857142857,0.2857142857142857,1.0,False,6.212310998856924,2,2.278264580796529,0.847760128502588,0.34233332302191927,0.6666666666666666,0.2857142857142857
dee294e9717012c2,Malcolm Gordon,7,2,5,1,0,1,1,0,2020-07-18,2024-01-20,5,31.78710035113657,67.0,71.0,125.0,Switch,7,7,0,0.2857142857142857,0.14285714285714285,0.5,False,3.507258875952278,2,2.2739042037315924,2.3431626615119643,0.3119694528529115,0.7954545454545454,0.42857142857142855
e56daf7725a0b5ab,Justin Edwards,7,2,5,0,1,1,1,0,2011-06-04,2015-06-06,5,29.911634051349445,70.0,70.0,155.0,Orthodox,7,7,0,0.2857142857142857,0.14285714285714285,0.5,False,4.005557951224187,1,3.245971988494864,1.57206490614063,0.4600459686397991,0.19508547008547006,0.7142857142857143
e86bc32f5997a8f7,Forrest Petz,7,2,5,0,0,2,0,0,2006-08-17,2010-09-15,3,32.43559318222042,69.0,71.0,170.0,Orthodox,7,7,0,0.2857142857142857,0.0,0.0,False,4.079481440412876,1,1.966985780588906,1.0,0.29788924824338675,1.0,0.0
f57dd0bfa8c17813,Mark De La Rosa,7,2,5,0,1,1,1,0,2017-12-30,2020-06-13,4,24.60283236479873,66.0,65.0,135.0,Orthodox,7,7,0,0.2857142857142857,0.14285714285714285,0.5,False,2.453164678261703,2,3.01569367135496,0.7551020408163265,0.3938671520109441,0.1619047619047619,0.14285714285714285
04643fd03d9159cc,Marcus Aurelio,6,2,4,1,1,0,2,0,2007-08-25,2009-08-29,3,34.831652942907795,70.0,74.0,155.0,Orthodox,6,6,0,0.3333333333333333,0.3333333333333333,1.0,False,2.012361650136553,2,5.904605534902934,1.2242874845105327,0.4136354749099847,0.11222222222222222,0.5
0541480fbf719d86,Houston Alexander,6,2,4,2,0,0,2,0,2007-05-26,2009-12-05,3,36.08743962344652,72.0,72.0,205.0,Orthodox,6,6,0,0.3333333333333333,0.3333333333333333,1.0,False,2.529826074457381,2,7.477381406178522,0.7317073170731708,0.45262206148282097,1.0,0.0
06827d70c53ff0d9,Scott Askham,6,2,4,2,0,0,2,0,2014-10-04,2017-03-18,4,27.629588561024523,75.0,75.0,185.0,Southpaw,6,6,0,0.3333333333333333,0.3333333333333333,1.0,False,2.453164678261703,1,2.962926696586427,0.6929824561403509,0.5678746072161556,0.13888888888888887,0.5
0749d968e932df53,Tarec Saffiedine,6,2,4,0,0,2,0,0,2014-01-04,2017-06-17,3,29.271876447383132,70.0,70.0,170.0,Switch,6,6,0,0.3333333333333333,0.0,0.0,False,3.4497628288055195,1,3.6104651162790695,0.6,0.4487822787765958,0.3333333333333333,0.16666666666666666
07a2bdaa0afdd831,Rogerio Bontorin,6,2,3,1,0,1,1,0,2019-02-02,2022-01-15,4,28.252918722948905,65.0,67.0,125.0,Orthodox,6,5,1,0.4,0.16666666666666666,0.5,False,2.951463753533611,2,2.3134908406094845,3.879686697483308,0.4865264685440698,0.6037037037037037,0.6666666666666666
08ae5cd9aef7ddd3,Kimo Leopoldo,6,2,4,1,1,0,2,1,1994-09-09,2004-06-19,5,30.962534024198533,75.0,,235.0,Orthodox,6,6,0,0.3333333333333333,0.3333333333333333,1.0,False,9.77706592195596,1,1.2236287794027916,2.1295518207282913,0.7279095300834432,0.6,0.5
09e62c450e754913,Jimmy Flick,6,2,4,0,2,0,2,0,2020-12-19,2025-04-26,4,32.864923076221054,67.0,68.0,125.0,Orthodox,6,6,0,0.3333333333333333,0.3333333333333333,1.0,False,4.350534234104739,1,1.5691355318314566,1.94732853353543,0.47788601788601787,0.23710317460317457,1.3333333333333333
0f1efce7d2571d10,Nikolay Veretennikov,6,2,4,1,0,1,1,0,2024-08-10,2026-05-16,3,35.615150664741,73.0,74.0,170.0,Orthodox,6,6,0,0.3333333333333333,0.16666666666666666,0.5,False,1.7632121125005988,1,3.8470525330935463,0.3333333333333333,0.5405504703788456,0.1111111111111111,0.3333333333333333
122ac9b816d8b71c,Shana Dobson,6,2,4,2,0,0,2,0,2017-12-01,2021-02-20,5,30.38209773871697,66.0,69.0,125.0,Orthodox,6,6,0,0.3333333333333333,0.3333333333333333,1.0,False,3.2225165472254735,1,4.001155092699601,0.9204355108877721,0.45232764169912865,0.625,0.0
1497e735d9f2560a,Ange Loosa,6,2,3,0,0,2,0,0,2022-04-16,2025-06-14,4,30.586984446406614,70.0,74.0,170.0,Orthodox,6,5,1,0.4,0.0,0.0,False,3.162282593071726,2,5.487722419928826,2.5338078291814945,0.48070965019644313,0.306043956043956,0.0
1c3f5e85b59ec710,Brian Johnston,6,2,4,2,0,0,2,0,1996-07-12,1997-07-27,2,28.261588761804372,75.0,,230.0,Orthodox,6,6,0,0.3333333333333333,0.3333333333333333,1.0,False,1.040404662655633,0,3.3824598987053864,6.391625615763547,0.5305555555555556,0.75,0.16666666666666666
1cf7ccf64a5bf24e,Oskar Piechota,6,2,3,1,0,1,1,0,2017-10-21,2020-06-20,4,29.014969506560707,72.0,76.0,185.0,Southpaw,6,5,1,0.4,0.16666666666666666,0.5,False,2.6639835177998177,2,3.9219075083778727,0.41876750700280113,0.5385887345432795,0.4444444444444444,0.8333333333333334
215a70f073a7b726,Jordan Espinosa,6,2,4,0,0,2,0,0,2019-03-23,2021-03-06,3,30.350155490302104,66.0,69.0,125.0,Orthodox,6,6,0,0.3333333333333333,0.0,0.0,False,1.9548656029897944,1,3.355350815024805,0.5,0.4907535985313763,0.25,0.0
275cafc9de131c83,Dave Menne,6,2,4,0,0,2,0,2,2000-03-10,2006-12-13,4,28.782703728801184,70.0,,170.0,Orthodox,6,6,0,0.3333333333333333,0.0,0.0,False,6.759892400254625,2,2.266444662808895,0.26666666666666666,0.34561101208160033,0.6666666666666666,2.0
2fc7e9701642ca38,Matthew Lopez,6,2,4,1,0,1,1,0,2016-07-13,2018-12-08,3,30.607518748959023,67.0,69.0,135.0,Southpaw,6,6,0,0.3333333333333333,0.16666666666666666,0.5,False,2.4038823521359096,2,4.592687918753367,3.595415851354671,0.5307207047114182,0.6964285714285715,1.0
303a05a7aa3ff761,Richard Walsh,6,2,4,0,0,2,0,0,2014-04-16,2016-11-26,3,26.60880556525231,72.0,73.0,170.0,Orthodox,6,6,0,0.3333333333333333,0.0,0.0,False,2.614701191674025,1,3.9083133493205438,1.3333333333333333,0.45822040115675605,0.3796296296296296,0.16666666666666666
325ad0dd9126d3df,Randy Costa,6,2,4,2,0,0,2,0,2019-04-13,2022-10-01,4,26.49746401363478,69.0,73.0,135.0,Switch,6,6,0,0.3333333333333333,0.3333333333333333,1.0,False,3.468928177854439,2,6.313785158316635,0.0,0.4726216610025579,0.0,0.0
34b96d52db1d26e6,Kevin Borjas,6,2,4,0,0,2,0,0,2023-11-11,2026-06-20,4,27.355341542491175,65.0,68.0,125.0,Orthodox,6,6,0,0.3333333333333333,0.0,0.0,False,2.606487470653059,1,3.3478530652767433,0.0,0.40875083338497314,0.0,0.0
34e516ab361afb1c,Darrick Minner,6,2,4,0,1,1,1,0,2020-02-29,2022-11-05,3,31.07341925798157,67.0,69.0,145.0,Orthodox,6,6,0,0.3333333333333333,0.16666666666666666,0.5,False,2.6831488668487373,2,4.88012392763199,1.7783995736257043,0.7207360722066604,0.95,1.5
42a7e90605df3c8a,Damian Stasiak,6,2,4,0,2,0,2,0,2015-04-11,2018-07-22,4,26.875751498433686,65.0,70.0,135.0,Orthodox,6,6,0,0.3333333333333333,0.3333333333333333,1.0,False,3.280012594372232,2,1.7120664390524913,4.16222841238002,0.4494812989205959,0.4587962962962963,0.5
4f140403000158b5,Herbert Burns,6,2,4,1,1,0,2,0,2020-01-25,2024-08-17,3,34.00069816628678,69.0,73.0,145.0,Orthodox,6,6,0,0.3333333333333333,0.3333333333333333,1.0,False,4.561353073642854,2,2.1991737446016466,4.403958034137372,0.4610998094754022,0.5787037037037037,0.6666666666666666
5f3805dda9661cba,Jason Witt,6,2,4,0,1,1,1,0,2020-06-27,2022-08-13,3,34.618552514197184,70.0,70.0,170.0,Orthodox,6,6,0,0.3333333333333333,0.16666666666666666,0.5,False,2.1273537444300703,1,4.033183447577994,4.574735075136037,0.4856362890467049,0.43650793650793646,0.3333333333333333
622f015c81a9b13a,Travis Lutter,6,2,4,1,1,0,2,1,2004-10-22,2008-04-19,5,32.97033249599011,71.0,75.0,185.0,Orthodox,6,6,0,0.3333333333333333,0.3333333333333333,1.0,False,3.4908314339103472,1,0.3364349000079858,2.747149995160015,0.23514088250930354,0.3685185185185185,0.3333333333333333
638cfec7ec559d6e,Brandon Thatch,6,2,4,2,0,0,2,0,2013-08-28,2016-12-30,3,29.697164669135347,74.0,74.0,170.0,Switch,6,6,0,0.3333333333333333,0.3333333333333333,1.0,False,3.3402465485259794,2,4.466505778626456,2.247112522047365,0.5165007948026815,0.7222222222222222,0.3333333333333333
6a92caba39b64752,Terry Martin,6,2,4,2,0,0,2,0,2005-08-20,2008-02-02,4,26.26109137536477,68.0,71.0,185.0,Orthodox,6,6,0,0.3333333333333333,0.3333333333333333,1.0,False,2.453164678261703,2,5.2320691393714736,3.393148792827543,0.6451546003016592,0.375,0.0
6aae253467e8f9ce,Tafon Nchukwi,6,2,4,0,0,2,0,0,2020-12-19,2023-08-12,4,27.26864115393654,72.0,77.0,185.0,Orthodox,6,6,0,0.3333333333333333,0.0,0.0,False,2.6448181687508985,1,4.923257418909593,0.6666666666666666,0.5625375727672928,0.5,0.0
701e057d63c124d9,Ian McCall,6,2,3,0,0,2,0,0,2012-03-02,2015-01-31,4,29.137719004040694,65.0,64.0,125.0,Orthodox,6,5,1,0.4,0.0,0.0,False,2.9158709624427606,2,3.8444444444444446,1.8333333333333333,0.4203103473036196,0.2634319384319384,0.0
710f0f8c5d5c9d41,Lucas Almeida,6,2,4,1,0,1,1,0,2022-06-04,2025-10-11,4,33.12319897054696,71.0,71.0,145.0,Orthodox,6,6,0,0.3333333333333333,0.16666666666666666,0.5,False,3.3539360835609218,1,4.148108830166087,0.0,0.414578111946533,0.0,0.0
75e0d3cc2262b732,Shane Roller,6,2,4,1,0,1,1,0,2011-03-03,2012-10-05,2,32.42959586210987,70.0,72.0,155.0,Orthodox,6,6,0,0.3333333333333333,0.16666666666666666,0.5,False,1.5934618780673113,1,1.8491393570656711,0.8715846994535519,0.25780729615840364,0.21130952380952378,0.3333333333333333
7a5e8c94a86f9895,Chris Barnett,6,2,4,2,0,0,2,0,2021-05-22,2025-10-25,4,36.69206075415648,69.0,75.0,261.0,Orthodox,6,6,0,0.3333333333333333,0.3333333333333333,1.0,False,4.4271956303004165,1,3.825788846483358,0.0,0.46527457136700834,0.0,0.0
7e47047d0971d566,Daniel Sarafian,6,2,4,1,1,0,2,0,2013-01-19,2016-02-21,3,31.680778295698516,69.0,73.0,185.0,Orthodox,6,6,0,0.3333333333333333,0.3333333333333333,1.0,False,3.0883591038830365,1,2.0662226762336275,1.0714285714285714,0.6051311697274431,0.25,0.3333333333333333
8c1ca54b5089d199,Maheshate,6,2,4,1,0,1,1,0,2022-06-11,2025-08-23,4,24.02559030415865,72.0,71.0,155.0,Orthodox,6,6,0,0.3333333333333333,0.16666666666666666,0.5,False,3.2006132911695655,1,4.357275875437801,0.0,0.37552355480556354,0.0,0.0
9fe7af8b3fbe00a0,Preston Parsons,6,2,4,0,0,2,0,0,2021-07-17,2025-01-11,5,27.917525114592816,71.0,71.0,170.0,Orthodox,6,6,0,0.3333333333333333,0.0,0.0,False,3.488093526903359,1,4.1943421908421,2.5,0.5123264167470006,0.3373737373737374,1.6666666666666667
a01a62132460a98d,Adam Fugitt,6,2,4,1,0,1,1,0,2022-07-30,2026-01-24,5,35.1643086442569,73.0,77.0,170.0,Southpaw,6,6,0,0.3333333333333333,0.16666666666666666,0.5,False,3.488093526903359,1,4.625430881417432,2.3981282901150323,0.4876794991828645,0.1392857142857143,0.0
a08ddd04eaffd81d,Mariya Agapova,6,2,4,0,2,0,2,0,2020-06-13,2024-07-13,4,24.78170895592198,66.0,68.0,125.0,Southpaw,6,6,0,0.3333333333333333,0.3333333333333333,1.0,False,4.082219347419865,1,5.115975372464708,0.7537688442211055,0.5137197413284978,1.0,0.5
a0c64f272b65d441,Eric Shelton,6,2,4,0,0,2,0,0,2017-01-28,2019-03-23,3,27.039113283184005,66.0,68.0,125.0,Orthodox,6,6,0,0.3333333333333333,0.0,0.0,False,2.14651909347899,1,2.566666666666667,2.8333333333333335,0.4012129482693494,0.44952380952380955,0.16666666666666666
a12a8314adc1c1c9,Laureano Staropoli,6,2,4,0,0,2,0,0,2018-11-17,2021-10-23,4,27.157299602319004,73.0,71.0,185.0,Orthodox,6,6,0,0.3333333333333333,0.0,0.0,False,2.932298404484692,2,3.3111111111111113,0.8333333333333334,0.3342439220036905,0.34222222222222226,0.0
a3be148af5c7b088,Piotr Hallmann,6,2,4,0,2,0,2,0,2013-09-04,2015-11-07,3,27.010365259610623,69.0,71.0,155.0,Orthodox,6,6,0,0.3333333333333333,0.3333333333333333,1.0,False,2.173898163548875,1,3.9776285951526837,2.690625331292715,0.48153008959675914,0.5727272727272728,0.3333333333333333
af997f7611673880,Gadzhimurad Antigulov,6,2,4,0,2,0,2,0,2016-11-19,2020-10-17,5,31.805809382350997,71.0,70.0,205.0,Orthodox,6,6,0,0.3333333333333333,0.3333333333333333,1.0,False,3.909731205979589,2,3.031995293283758,6.442061275807994,0.47290737643998515,0.5125000000000001,0.3333333333333333
b0bd0c5425668b8f,Henrique da Silva,6,2,4,1,1,0,2,0,2016-06-04,2017-09-22,2,27.395953829761506,75.0,76.0,205.0,Orthodox,6,6,0,0.3333333333333333,0.3333333333333333,1.0,False,1.3005058283195412,2,4.0073772877268645,0.3579952267303103,0.5495457703005043,0.16666666666666666,0.16666666666666666
b3d21b2610dcfaeb,Emily Whitmire,6,2,4,0,1,1,1,0,2017-12-01,2021-09-18,5,28.17899523376022,65.0,63.0,125.0,Orthodox,6,6,0,0.3333333333333333,0.16666666666666666,0.5,False,3.79747701869306,2,2.296844726695371,3.792998235206566,0.38934184212872736,0.625,0.16666666666666666
b45d6b73f4ca4467,Andre Winner,6,2,4,1,0,1,1,1,2009-06-20,2011-07-02,3,28.578273338946044,71.0,73.0,155.0,Orthodox,6,6,0,0.3333333333333333,0.16666666666666666,0.5,False,2.0315269991854725,2,2.8699254257222955,0.0,0.39023776554376305,0.0,0.0
b7ffa72aa148599a,KJ Noons,6,2,3,1,0,1,1,0,2013-05-25,2016-02-06,4,31.724584807810334,70.0,70.0,155.0,Orthodox,6,5,1,0.4,0.16666666666666666,0.5,False,2.702314215897657,2,4.752091767881241,0.0,0.476517859390064,,0.0
bbfca6d5c27d9cd8,Edwin Figueroa,6,2,4,1,0,1,1,0,2011-03-26,2013-11-16,3,27.98004065791905,67.0,69.0,135.0,Orthodox,6,6,0,0.3333333333333333,0.16666666666666666,0.5,False,2.6448181687508985,2,2.7079365079365076,0.26785714285714285,0.4143662668955708,1.0,0.5
c06a9b48d4132c8e,James Moontasri,6,2,4,1,1,0,2,0,2014-06-28,2016-12-17,3,27.48219790048164,70.0,71.0,170.0,Switch,6,6,0,0.3333333333333333,0.3333333333333333,1.0,False,2.4723300273106226,1,2.555189236899665,0.0,0.47220273543918473,0.0,0.16666666666666666
c5a126ace82a6025,Anthony Birchak,6,2,4,1,0,1,1,0,2014-12-13,2021-04-17,5,31.110381002575917,68.0,69.0,135.0,Orthodox,6,6,0,0.3333333333333333,0.16666666666666666,0.5,False,6.343730535192372,1,5.256070205907361,2.34375,0.39041259666259664,0.3333333333333333,0.16666666666666666
ca43de99b07b6b40,Josh Fremd,6,2,4,0,1,1,1,0,2022-04-09,2024-07-13,3,29.316595595163943,76.0,76.0,185.0,Orthodox,6,6,0,0.3333333333333333,0.16666666666666666,0.5,False,2.2615111877725074,2,2.892530681268072,0.7916666666666666,0.4902091664398523,0.4,0.8333333333333334
cd3d7e37ff2d679c,Ricky Turcios,6,2,4,0,0,2,0,0,2021-08-28,2026-03-07,5,30.361107118330057,69.0,71.0,145.0,Orthodox,6,6,0,0.3333333333333333,0.0,0.0,False,4.523022375545015,1,3.838763197586727,0.8333333333333334,0.44433221441413173,0.20222222222222222,0.3333333333333333
cf946e03ba2e7666,Kevin Aguilar,6,2,4,0,0,2,0,0,2018-11-30,2021-05-15,4,31.24727635292534,67.0,73.0,155.0,Orthodox,6,6,0,0.3333333333333333,0.0,0.0,False,2.4559025852686913,2,3.903316749585406,0.16666666666666666,0.3907361243009391,0.25,0.0
d024ed963e8bf7ea,Damien Brown,6,2,4,1,0,1,1,0,2016-03-19,2018-02-10,3,32.20554380537132,70.0,68.0,155.0,Orthodox,6,6,0,0.3333333333333333,0.16666666666666666,0.5,False,1.8973695558430357,2,4.675451686050764,0.5,0.4247790591112426,0.20634920634920637,0.5
d23ccf4a6c221284,Karlos Vemola,6,2,4,1,1,0,2,0,2010-07-03,2013-06-08,4,26.378821376665275,72.0,75.0,185.0,Orthodox,6,6,0,0.3333333333333333,0.3333333333333333,1.0,False,2.932298404484692,1,2.2139409646490176,3.160471018654809,0.4264346764346764,0.3263888888888889,1.0
d4a31850a7457f1b,Amanda Cooper,6,2,4,1,0,1,1,1,2016-07-08,2018-11-10,3,25.813443579722147,63.0,64.0,115.0,Switch,6,6,0,0.3333333333333333,0.16666666666666666,0.5,False,2.340910490975174,1,2.834962553434917,0.9279907084785134,0.3822572905131045,0.3333333333333333,1.0
dbac0a413af64bbe,Felipe Colares,6,2,4,0,0,2,0,0,2019-02-02,2022-05-21,4,26.453657501522958,68.0,69.0,145.0,Orthodox,6,6,0,0.3333333333333333,0.0,0.0,False,3.2964400364141633,1,2.158119658119658,1.8846153846153848,0.4994597739527274,0.2654761904761905,0.5
dc7927cd622676a7,Victor Altamirano,6,2,4,1,0,1,1,0,2022-02-26,2024-09-28,3,32.327380667182304,68.0,70.0,125.0,Switch,6,6,0,0.3333333333333333,0.16666666666666666,0.5,False,2.5873221216041395,2,5.659512937595129,2.3333333333333335,0.5375887748125409,0.4409090909090909,0.0
e0b74df14f52cd15,Mike Brown,6,2,4,0,0,2,0,0,2004-04-02,2013-08-17,4,34.97082988242971,66.0,70.0,145.0,Orthodox,6,6,0,0.3333333333333333,0.0,0.0,False,9.37459359192865,2,3.22722485518694,2.7109004739336497,0.6644505454597402,0.48555555555555563,0.0
e5bda12faabfc850,Luis Henrique,6,2,4,0,2,0,2,0,2015-12-19,2018-09-22,4,23.52866018239024,74.0,74.0,243.0,Orthodox,6,6,0,0.3333333333333333,0.3333333333333333,1.0,False,2.7598102630444155,2,1.7593331392112201,3.036904196901284,0.48507440931346085,0.3891774891774892,0.8333333333333334
eb393afdbe3293d5,Ismael Bonfim,6,2,4,1,0,1,1,0,2023-01-21,2026-07-25,4,28.750305162551822,68.0,71.0,155.0,Orthodox,6,6,0,0.3333333333333333,0.16666666666666666,0.5,False,3.507258875952278,1,4.136196520593175,1.301243003405636,0.5405801209372638,0.35416666666666663,0.0
eee0ef3e2b14816b,Kai Kamaka III,6,2,3,0,0,2,0,0,2020-08-15,2026-07-11,3,27.859116431777064,67.0,69.0,145.0,Orthodox,6,5,1,0.4,0.0,0.0,False,5.902927507067222,1,5.728739834269735,1.2640845070422535,0.5839622280134112,0.4666666666666667,0.16666666666666666
f6bcbd91b114ff58,Johnny Munoz,6,2,4,0,1,1,1,0,2020-08-01,2023-10-07,4,29.311576098984464,69.0,71.0,135.0,Orthodox,6,6,0,0.3333333333333333,0.16666666666666666,0.5,False,3.181447942120646,1,2.2906988436400204,2.159340659340659,0.3517829588826052,0.2967171717171717,1.3333333333333333
fcce75a25c14a804,Bojan Velickovic,6,2,3,1,0,1,1,0,2016-04-10,2017-11-18,2,28.164849380890775,72.0,76.0,170.0,Southpaw,6,5,1,0.4,0.16666666666666666,0.5,False,1.607151413102254,1,2.1821107310274925,0.6710376282782212,0.3689464511742105,0.325,0.5
ffc3e6daaa6da0b7,Johnny Bedford,6,2,3,2,0,0,2,0,2011-12-03,2014-09-13,4,30.596110803096575,70.0,71.0,135.0,Orthodox,6,5,1,0.4,0.3333333333333333,1.0,False,2.778975612093335,2,5.732127025252315,1.252321262766945,0.547848440787372,0.5555555555555555,0.0
00debc804e2b1cd4,Dylan Andrews,5,2,3,2,0,0,2,0,2013-04-13,2015-05-09,3,34.34321033286104,73.0,74.0,185.0,Switch,5,5,0,0.4,0.4,1.0,False,2.069857697283312,2,2.652931302650836,4.070320340432547,0.5429979518689196,0.5166666666666666,0.2
02f8fedc18cbd26c,Emily Ducote,5,2,3,0,0,2,0,0,2022-07-16,2024-05-18,3,29.399645441042594,62.0,63.0,115.0,Orthodox,5,5,0,0.4,0.0,0.0,False,1.8398735086962772,1,7.453333333333333,0.2,0.5232880507674269,0.3333333333333333,0.0
0bc697c5936a2d0a,Trevor Peek,5,2,3,1,0,1,1,0,2023-02-25,2024-09-07,2,28.853706783849088,69.0,70.0,145.0,Switch,5,5,0,0.4,0.2,0.5,False,1.5332279239135642,1,4.900156075808249,1.2,0.5256888018516818,0.30952380952380953,0.0
0cd0456d6029cec2,Robert Valentin,5,2,3,0,2,0,2,1,2024-08-24,2026-08-01,3,30.421979917452102,74.0,77.0,185.0,Orthodox,5,5,0,0.4,0.4,1.0,False,1.935700253940875,2,1.31765705308738,1.9762670511256517,0.4723076923076923,0.6666666666666666,1.0
0d62719b1dcf7c40,Sheymon Moraes,5,2,3,0,0,2,0,0,2017-11-25,2019-07-13,3,28.044381472583286,68.0,72.0,145.0,Orthodox,5,5,0,0.4,0.0,0.0,False,1.629054669158162,2,3.074158215010142,0.0,0.45528327495632637,0.0,0.0
0e46690e55a8df75,Timmy Cuamba,5,2,3,1,0,1,1,0,2024-02-10,2026-05-16,3,26.11306186985359,69.0,71.0,135.0,Orthodox,5,5,0,0.4,0.2,0.5,False,2.2615111877725074,2,3.0555427211312964,1.3364485981308412,0.4913119038884813,0.32916666666666666,0.0
19a8cce18a1cef9e,James Head,5,2,3,0,1,1,1,0,2011-06-11,2013-08-28,3,28.472042547074885,73.0,73.0,170.0,Orthodox,5,5,0,0.4,0.2,0.5,False,2.2149667686537025,2,3.215736423584972,0.2,0.3979739022535324,1.0,0.4
1a7745388839e52b,John Maguire,5,2,3,0,1,1,1,0,2011-11-05,2013-06-15,3,29.263297672094563,69.0,69.0,155.0,Southpaw,5,5,0,0.4,0.2,0.5,False,1.6098893201092423,2,1.3508045977011496,2.9310344827586206,0.5180091086970054,0.48571428571428565,1.0
1dafccb62a0f98ec,Robert Whiteford,5,2,3,1,0,1,1,0,2013-10-26,2016-04-10,4,31.852810119304298,69.0,69.0,145.0,Southpaw,5,5,0,0.4,0.2,0.5,False,2.4559025852686913,2,2.9695804729214337,1.4,0.4831759291759292,0.32142857142857145,0.0
1effd880e1f1bb30,Garrett Armfield,5,2,3,1,0,1,1,0,2022-07-09,2024-11-02,3,27.131015695051918,66.0,70.0,135.0,Orthodox,5,5,0,0.4,0.2,0.5,False,2.319007234919266,2,5.793040549908456,0.8,0.5182887393730767,0.26666666666666666,0.4
305d73ede05e31ad,Austin Lingo,5,2,3,0,0,2,0,0,2020-02-08,2023-07-15,3,27.388378953708838,70.0,70.0,145.0,Orthodox,5,5,0,0.4,0.0,0.0,False,3.4305974797566,2,3.965372050816697,0.4,0.346271382687304,0.75,0.0
44470bfd9483c7ad,Katsunori Kikuno,5,2,3,0,1,1,1,0,2014-01-04,2015-09-26,2,32.98356571319054,68.0,66.0,145.0,Orthodox,5,5,0,0.4,0.2,0.5,False,1.7248814144027598,1,2.9051010794165593,1.0522613065326634,0.5278846153846154,0.875,0.2
483a953b18d73bb3,Deron Winn,5,2,3,0,0,2,0,0,2019-06-22,2022-06-18,3,31.12726476245234,66.0,70.0,185.0,Orthodox,5,5,0,0.4,0.0,0.0,False,2.9897944516314503,1,4.453979805784608,3.8455661664392906,0.4599483659550927,0.4125,0.0
4bdedbdeedff7d1d,Bolaji Oki,5,2,3,0,0,2,0,0,2024-02-10,2026-03-14,3,29.35802925453637,70.0,73.0,155.0,Orthodox,5,5,0,0.4,0.0,0.0,False,2.0890230463322315,1,6.282188033428964,2.0935105962880085,0.4563075514981839,0.5416666666666666,0.0
4f95f74620a6b7a4,David Heath,5,2,3,0,1,1,1,0,2006-08-26,2008-02-02,3,31.21816327508436,71.0,72.0,205.0,Orthodox,5,5,0,0.4,0.2,0.5,False,1.4374011786689664,2,1.359023142061439,1.1842105263157896,0.35570147477580855,0.5,0.6
55f446032177b119,Chris Beal,5,2,3,1,0,1,1,0,2014-04-26,2016-06-18,3,29.636748187847797,67.0,69.0,125.0,Orthodox,5,5,0,0.4,0.2,0.5,False,2.14651909347899,2,3.4149643057672256,1.4,0.36441264332849543,0.5833333333333334,0.2
5b407acfe0ef9b76,Nick Osipczak,5,2,3,1,1,0,2,0,2009-06-20,2010-11-13,2,25.230360650800495,74.0,76.0,170.0,Orthodox,5,5,0,0.4,0.4,1.0,False,1.3990704805711274,2,2.9863014296627743,1.6181818181818184,0.5166658813678965,0.475,0.8
64788ee44b062ded,Michinori Tanaka,5,2,3,0,0,2,0,0,2014-06-14,2017-02-04,3,25.04308781152248,65.0,67.0,135.0,Orthodox,5,5,0,0.4,0.0,0.0,False,2.6448181687508985,1,1.9733333333333334,2.4,0.44000404864514986,0.41666666666666663,0.2
66ab58d0b3783607,Andrew Holbrook,5,2,3,0,0,2,0,0,2015-07-25,2017-09-02,3,30.684818990123,71.0,70.0,155.0,Southpaw,5,5,0,0.4,0.0,0.0,False,2.1081883953811507,1,4.6433379321878006,0.4,0.5194753534376175,0.3333333333333333,1.0
69898645d600abdb,Rodolfo Bellato,5,2,1,2,0,0,2,0,2023-12-02,2026-03-07,3,29.183350787490504,75.0,75.0,205.0,Orthodox,5,3,2,0.6666666666666666,0.4,1.0,False,2.2615111877725074,1,6.107078865851795,1.5251664735233543,0.5754425354237674,0.5208333333333333,0.0
6e8f1bcdda94ff45,Ibo Aslan,5,2,3,2,0,0,2,0,2024-03-30,2025-12-06,2,28.83180352779318,75.0,77.0,205.0,Orthodox,5,5,0,0.4,0.4,1.0,False,1.6865507163049207,2,13.34238102084272,0.0,0.5227801967424609,0.0,0.0
6ef65b6a152e49d5,Philip De Fries,5,2,3,0,1,1,1,0,2011-11-05,2013-04-06,3,26.26090884823097,77.0,79.0,250.0,Orthodox,5,5,0,0.4,0.2,0.5,False,1.418235829620047,1,3.572970077051637,2.6990949176142953,0.398118306813959,0.48333333333333334,0.2
7450525c7ba032a0,Heath Herring,5,2,3,0,0,2,0,0,2007-01-25,2008-08-09,2,29.55734888464513,76.0,78.0,250.0,Orthodox,5,5,0,0.4,0.0,0.0,False,1.5387037379275412,1,2.2933333333333334,1.0,0.4171637977729793,0.9166666666666666,0.2
7772b283d288dbe2,Guram Kutateladze,5,2,3,0,0,2,0,0,2020-10-17,2025-03-22,5,31.29372950847724,71.0,72.0,155.0,Orthodox,5,5,0,0.4,0.0,0.0,False,4.4271956303004165,1,3.5997992471769136,0.6258469259723964,0.44368888501127995,0.14523809523809522,0.0
78e501478a36a018,Khama Worthy,5,2,3,1,1,0,2,0,2019-08-17,2021-10-23,3,33.98454451494555,71.0,74.0,155.0,Orthodox,5,5,0,0.4,0.4,1.0,False,2.1848497915768292,2,4.065850840075133,0.0,0.4182479592497065,,0.2
7c35f869033901ae,Riki Fukuda,5,2,3,0,0,2,0,0,2011-02-26,2013-03-02,3,31.353963462630993,72.0,73.0,185.0,Southpaw,5,5,0,0.4,0.0,0.0,False,2.012361650136553,1,4.666666666666667,2.6,0.4453847659792413,0.5533333333333333,0.0
7cdd3e5d3aa9cb39,Yan Cabral,5,2,3,0,1,1,1,0,2013-10-09,2016-05-08,4,31.66663244282908,71.0,73.0,155.0,Orthodox,5,5,0,0.4,0.2,0.5,False,2.5791084005831744,1,1.7679177874336163,2.5921373887854333,0.4892803842184647,0.3555555555555555,0.8
84a067c46306a737,Sam Hoger,5,2,3,0,1,1,1,0,2005-04-09,2007-02-03,3,25.53098284016783,74.0,,205.0,Orthodox,5,5,0,0.4,0.2,0.5,False,1.8207081596473575,1,1.1090196078431371,1.6705882352941175,0.30488346475787675,0.42857142857142855,1.2
950d0ef5c17157c5,Maxim Grishin,5,2,3,1,0,1,1,0,2020-07-11,2023-06-03,4,37.26948534193036,75.0,78.0,205.0,Orthodox,5,5,0,0.4,0.2,0.5,False,2.8939677063868525,1,3.2689409141583057,0.3010033444816054,0.5441452486011918,0.3333333333333333,0.0
9a2d3567abc02e34,Tae Hyun Bang,5,2,3,1,0,1,1,0,2014-01-04,2016-09-03,3,31.99737160927329,69.0,71.0,155.0,Switch,5,5,0,0.4,0.2,0.5,False,2.6639835177998177,1,2.7760502127459508,0.9627118644067796,0.38038615313456314,0.4,0.4
9be6020024133293,Cyril Asker,5,2,3,1,1,0,2,0,2016-04-10,2018-02-10,3,31.37805704429249,72.0,74.0,247.0,Orthodox,5,5,0,0.4,0.4,1.0,False,1.8371356016892886,1,3.388808701008037,2.7074163958701822,0.34492032789905125,0.6666666666666666,0.2
9c442aaf149ea982,Shauna Bannon,5,2,3,0,1,1,1,0,2023-07-22,2026-05-16,4,31.270183508217144,65.0,65.0,115.0,Switch,5,5,0,0.4,0.2,0.5,False,2.8173063101911744,2,3.8045246622219095,0.0,0.452912659925384,0.0,0.4
9f1641c08cf8fbe2,Shannon Gugerty,5,2,3,0,2,0,2,0,2008-07-19,2010-03-21,3,27.399878163138187,70.0,71.0,155.0,Orthodox,5,5,0,0.4,0.4,1.0,False,1.6701232742629897,1,1.0146779601051283,2.898288585950743,0.298969095591577,0.5307692307692308,1.6
a54660deb6a8489c,Muin Gafurov,5,2,3,0,0,2,0,0,2023-06-03,2026-02-07,4,28.19496635796765,67.0,68.0,135.0,Orthodox,5,5,0,0.4,0.0,0.0,False,2.6831488668487373,2,3.152221900538904,0.6004449388209121,0.45899026145549876,0.14666666666666667,0.0
a6d8bfe9e0c8153b,Kevin Burns,5,2,3,1,1,0,2,0,2008-06-07,2009-12-12,2,28.899703621566495,70.0,74.0,170.0,Orthodox,5,5,0,0.4,0.4,1.0,False,1.5140625748646448,2,2.5364146815330932,0.2,0.4342340115834092,0.5,0.6
a8aba6fd8a463043,Jess Liaudin,5,2,3,1,1,0,2,0,2007-04-21,2008-10-18,2,,69.0,72.0,170.0,Orthodox,5,5,0,0.4,0.4,1.0,False,1.4948972258157252,2,3.3488148148148147,1.6,0.44943283582089555,0.5128205128205128,0.8
ab8900ae1f1dfd4c,Yoshiyuki Yoshida,5,2,3,0,2,0,2,0,2008-05-24,2010-05-08,3,35.02385401479839,71.0,70.0,170.0,Southpaw,5,5,0,0.4,0.4,1.0,False,1.9548656029897944,1,1.1742857142857144,3.4142857142857137,0.33145780051150897,0.5833333333333334,0.8
abb68e3c7ca128f2,Julia Polastri,5,2,3,1,0,1,1,0,2024-06-15,2026-04-25,3,27.13977699747428,62.0,63.0,115.0,Orthodox,5,5,0,0.4,0.2,0.5,False,1.8590388577451966,1,6.345223367697594,0.6,0.5903700670086406,0.5,0.2
aed06011bf62237b,Dongi Yang,5,2,3,2,0,0,2,0,2010-10-23,2015-11-28,4,27.459564535890536,70.0,73.0,185.0,Southpaw,5,5,0,0.4,0.4,1.0,False,5.097982847012601,1,3.7873608398775636,1.7456683425437318,0.554475550436571,0.52,0.4
b0a6124751a56bc4,Jonathan Brookins,5,2,3,1,0,1,1,1,2010-12-04,2012-12-15,3,26.41094615221394,72.0,74.0,145.0,Southpaw,5,5,0,0.4,0.2,0.5,False,2.0315269991854725,1,5.005987533353261,3.1461321287408244,0.4713291875953146,0.35615384615384615,0.2
b12fb759e02378de,Gilbert Urbina,5,2,3,2,0,0,2,0,2021-08-28,2026-08-01,5,28.003312867478456,75.0,75.0,185.0,Orthodox,5,5,0,0.4,0.4,1.0,False,4.9254947055723255,1,10.052810206657982,1.585480943738657,0.5520218228498075,0.4444444444444444,0.2
b62d5280966b2460,Clayton Carpenter,5,2,3,0,2,0,2,0,2023-02-18,2026-05-09,4,28.580463664551633,66.0,66.0,125.0,Orthodox,5,5,0,0.4,0.4,1.0,False,3.2197786402184847,2,2.8955119489459693,1.2333333333333334,0.5106280193236715,0.3531746031746032,0.8
b76c6268dc1d3c05,Danielle Taylor,5,2,3,0,0,2,0,0,2016-08-06,2018-08-04,3,27.672026119632847,60.0,60.0,115.0,Orthodox,5,5,0,0.4,0.0,0.0,False,1.9931963010876335,2,2.7466666666666666,0.2,0.28187397649377566,0.25,0.2
bd532e9a2b93870c,Melissa Mullins,5,2,3,1,0,1,1,0,2023-10-14,2026-06-20,4,33.41232195048495,67.0,68.0,135.0,Orthodox,5,5,0,0.4,0.2,0.5,False,2.6831488668487373,1,3.6305165028974558,2.8361061383617776,0.4942935040303461,0.4833333333333333,0.0
c07efc18b231f170,Jordan Rinaldi,5,2,3,0,1,1,1,0,2016-05-29,2019-03-16,4,30.29220312532085,70.0,72.0,145.0,Orthodox,5,5,0,0.4,0.2,0.5,False,2.7954030541352664,1,1.79541428268701,1.0,0.407261273209549,0.3452380952380952,0.8
c7c39e2fb70248b3,Chad Anheliger,5,2,3,1,0,1,1,0,2022-02-19,2024-11-02,3,36.63483849771042,66.0,64.0,135.0,Orthodox,5,5,0,0.4,0.2,0.5,False,2.702314215897657,1,3.1398860197825824,0.8098987626546682,0.45632870728114516,0.16666666666666666,0.4
c8136ab8aa32c974,Kalib Starnes,5,2,3,0,1,1,1,0,2006-06-24,2008-04-19,3,32.33796724094266,75.0,74.0,185.0,Orthodox,5,5,0,0.4,0.2,0.5,False,1.8207081596473575,1,3.7472066529961268,2.073855092276145,0.5045411428519667,0.36666666666666664,0.4
d0d7160824278840,Junior Assuncao,5,2,3,0,1,1,1,0,2006-10-14,2011-12-30,3,27.62712444471823,69.0,72.0,145.0,Orthodox,5,5,0,0.4,0.2,0.5,False,5.21023703429913,1,2.68466174374919,1.92,0.5163383614315291,0.2604166666666667,0.4
d1e1fdcea7c8a90a,Leandro Issa,5,2,3,0,2,0,2,0,2014-01-04,2016-09-03,3,31.43391034723506,67.0,69.0,135.0,Orthodox,5,5,0,0.4,0.4,1.0,False,2.6639835177998177,2,2.119975033991067,2.486254386834459,0.4182479871287514,0.28619047619047616,1.0
e5d03e4d966126bd,Jason High,5,2,3,0,1,1,1,0,2010-03-31,2014-06-07,3,31.34958281141981,68.0,73.0,155.0,Southpaw,5,5,0,0.4,0.2,0.5,False,4.186259813685428,2,0.9036180827385063,3.628689845728759,0.26908602150537636,0.7,1.8
e5ecaf884b6da2bc,Chris Clements,5,2,2,1,0,1,1,0,2012-04-21,2015-04-25,4,37.6423882762822,70.0,70.0,170.0,Orthodox,5,4,1,0.5,0.2,0.5,False,3.00895980068037,1,3.904947289453942,0.0,0.5296627679955219,0.0,0.2
ee18ff42063174df,Ottman Azaitar,5,2,3,2,0,0,2,0,2019-09-07,2024-12-14,5,32.20873803021281,68.0,71.0,155.0,Switch,5,5,0,0.4,0.4,1.0,False,5.270470988452877,2,5.525257884529783,0.0,0.4802417708078085,,0.0
f1b2a4365799c48b,Christian Wellisch,5,2,3,0,1,1,1,0,2006-08-26,2009-01-31,4,32.07129509846198,74.0,77.0,234.0,Orthodox,5,5,0,0.4,0.2,0.5,False,2.4339993292127833,2,2.333930257347343,2.157154192012695,0.256074494470112,0.5625,0.6
fe91d254db77a7fc,Dustin Kimura,5,2,3,0,2,0,2,0,2013-02-02,2014-12-13,2,24.626925946460226,67.0,71.0,135.0,Orthodox,5,5,0,0.4,0.4,1.0,False,1.8590388577451966,1,1.522008643338729,0.6,0.22376408849059617,0.16666666666666666,1.4
029e1293e609fd74,Abubakar Nurmagomedov,4,2,2,0,0,2,0,0,2019-11-09,2023-06-03,4,31.962326399583837,71.0,72.0,170.0,Orthodox,4,4,0,0.5,0.0,0.0,False,3.564754923099037,2,2.5029411764705882,2.0735294117647056,0.5196241017136539,0.39375,0.0
07047eb7d17fb0a2,Daria Zhelezniakova,4,2,2,0,0,2,0,0,2024-03-23,2026-04-18,3,29.123116833336756,69.0,68.0,135.0,Orthodox,4,4,0,0.5,0.0,0.0,False,2.069857697283312,1,3.6066091954022985,0.9698275862068966,0.3970176205315295,1.0,0.0
09f579be4520394a,Diego Rivas,4,2,2,1,0,1,1,0,2014-11-08,2018-05-19,4,24.871147251483603,68.0,69.0,145.0,Orthodox,4,4,0,0.5,0.25,0.5,False,3.5264242250011977,2,1.2988648090815273,1.946594427244582,0.44101989575387746,0.7666666666666666,0.75
0be6776db31d98ec,Mitch Raposo,4,2,2,0,0,2,0,0,2024-06-01,2026-06-20,3,26.704860469414157,65.0,64.0,125.0,Switch,4,4,0,0.5,0.0,0.0,False,2.050692348234392,2,1.8166666666666667,1.75,0.41217955610326984,0.2719298245614035,0.0
0c9c0a43d3f3f49d,Marcelo Guimaraes,4,2,2,0,0,2,0,0,2012-07-11,2016-03-05,4,30.609800338131514,72.0,73.0,185.0,Orthodox,4,4,0,0.5,0.0,0.0,False,3.6496300403156807,1,4.5905149051490515,2.1930894308943087,0.5292097004073777,0.175,0.0
0ccab7c889ede9ea,Fredy Serrano,4,2,2,2,0,0,2,0,2015-03-21,2016-12-17,2,36.44291121652053,63.0,65.0,125.0,Orthodox,4,4,0,0.5,0.5,1.0,False,1.7440467634516794,2,2.1883372631211246,7.012051349227143,0.3559054656345297,0.2767857142857143,0.0
0e9869d712e81f8f,Sam Adkins,4,2,2,1,0,1,1,0,1996-02-16,1996-09-20,1,31.05881708727763,75.0,,225.0,Orthodox,2,4,0,0.5,0.25,0.5,False,0.5941258205165062,1,0.0,0.0,0.0,,0.0
12585614e0ed2626,Nick Maximov,4,2,2,0,0,2,0,0,2021-09-25,2022-10-15,2,24.269492186697878,72.0,76.0,185.0,Southpaw,4,4,0,0.5,0.0,0.0,False,1.0540941976905753,2,2.0728070175438598,3.75,0.4228535353535353,0.31805555555555554,0.25
12e0fdc606f7e274,Luis Saldana,4,2,1,0,0,2,0,0,2021-04-10,2022-08-20,2,30.872639410802414,71.0,73.0,145.0,Orthodox,4,3,1,0.6666666666666666,0.0,0.0,False,1.3607397824732883,1,4.8,0.75,0.47684659090909093,0.18095238095238098,0.25
13b2f59210dda9cc,Kevin Jackson,4,2,2,1,1,0,2,2,1997-07-27,1998-03-13,2,32.926069666043794,70.0,,199.0,Switch,4,4,0,0.5,0.5,1.0,False,0.6269807046003683,2,3.507446399009747,22.484654656656787,0.5966666666666667,1.0,0.25
17923f676f100e16,Tallison Teixeira,4,2,2,1,0,1,1,0,2025-02-08,2026-05-30,2,25.850633483233743,79.0,83.0,258.0,Orthodox,4,4,0,0.5,0.25,0.5,False,1.3032437353265296,1,5.564285714285714,0.75,0.5445195195195195,0.16666666666666666,0.0
19db7ac26308178f,Ivan Jorge,4,2,2,0,0,2,0,0,2013-09-04,2015-07-18,3,33.77071397769975,69.0,73.0,155.0,Orthodox,4,4,0,0.5,0.0,0.0,False,1.8672525787661622,1,3.1842342342342342,1.25,0.4968901587381239,0.125,0.5
19ffeb5e3fffd6d5,Joe Charles,4,2,2,0,2,0,2,0,1994-12-16,1997-12-21,3,,73.0,,260.0,Southpaw,2,4,0,0.5,0.5,1.0,False,3.0144356146943467,1,0.4295792391030486,0.0,1.0,,0.0
1a08b01fdabb6ae2,Tony Kelley,4,2,2,1,0,1,1,0,2020-08-15,2022-06-18,3,34.39564125204487,69.0,70.0,135.0,Switch,4,4,0,0.5,0.25,0.5,False,1.8398735086962772,2,5.809593217671821,0.0,0.4421907216485961,0.0,1.0
1ddb480b601cefb1,Chance Rencountre,4,2,2,0,1,1,1,0,2018-06-01,2019-11-02,2,32.20531564645407,74.0,75.0,170.0,Southpaw,4,4,0,0.5,0.25,0.5,False,1.4209737366270354,2,1.4312014117422618,3.6034482758620694,0.31013076697032027,0.22916666666666666,0.25
253de74457bd6374,Tony Fryklund,4,2,2,1,1,0,2,1,1997-07-27,2004-10-22,3,29.37431980122795,72.0,,185.0,Orthodox,4,4,0,0.5,0.5,1.0,False,7.239026126477614,1,3.2001485868217387,2.4725274725274726,0.4699754901960784,0.5,0.5
257b0c8d6f199895,Impa Kasanganay,4,2,2,0,1,1,1,0,2020-08-29,2021-09-18,2,27.060788380322663,71.0,75.0,170.0,Orthodox,4,4,0,0.5,0.25,0.5,False,1.0540941976905753,1,3.5773542304521175,1.3803680981595092,0.379428364205754,0.16666666666666666,0.25
28d421729451c8ca,Carlos Leal,4,2,2,1,0,1,1,0,2024-10-26,2026-02-21,3,31.08961854110625,71.0,74.0,170.0,Orthodox,4,4,0,0.5,0.25,0.5,False,1.3224090843754492,1,10.114620535714286,0.25,0.5163787262872629,0.125,0.0
28f62d866c59c709,Waylon Lowe,4,2,2,0,0,2,0,0,2010-05-29,2011-03-26,2,30.02525719213947,67.0,,145.0,Southpaw,4,4,0,0.5,0.0,0.0,False,0.8241100091035408,2,1.6828680727874277,4.541408188585608,0.47067720530835283,0.5119047619047619,0.25
2af2f2e26c4c0402,Hunter Azure,4,2,2,0,0,2,0,0,2019-09-14,2021-04-10,3,28.3380219990828,68.0,69.0,145.0,Orthodox,4,4,0,0.5,0.0,0.0,False,1.5715586220114033,1,3.921794871794872,1.25,0.5324136492039034,0.20833333333333334,0.25
2c1170b825f58e57,Guangyou Ning,4,2,2,1,0,1,1,1,2014-08-23,2016-11-26,3,33.75154862865083,64.0,64.0,145.0,Southpaw,4,4,0,0.5,0.25,0.5,False,2.2615111877725074,2,2.8185865331107403,1.2512520868113524,0.41190376576082105,0.41666666666666663,0.25
2c5f5749569eef66,Tainara Lisboa,4,2,2,0,1,1,1,0,2023-05-13,2025-10-18,2,33.41478606679124,67.0,67.0,135.0,Orthodox,4,4,0,0.5,0.25,0.5,False,2.4339993292127833,2,1.9052856211173377,1.5276829528483038,0.4133255345092463,0.28125,0.25
2db7fa8db6bc9632,Shane Nelson,4,2,2,1,0,1,1,0,2008-12-13,2009-12-12,2,24.508374573057626,69.0,70.0,155.0,Southpaw,4,4,0,0.5,0.25,0.5,False,0.9965981505438167,2,2.6712121212121214,1.0,0.335709790673026,0.14761904761904762,1.25
2e45d08b3f2f02c8,Malcolm Wellmaker,4,2,2,2,0,0,2,0,2025-04-26,2026-05-16,2,31.33055435772124,70.0,71.0,135.0,Switch,4,4,0,0.5,0.5,1.0,False,1.0540941976905753,2,4.83875482779471,0.0,0.5307420889612671,0.0,0.0
2ee09ec2a0695eb9,Mike van Arsdale,4,2,2,0,1,1,1,0,1998-05-15,2006-02-04,3,38.3799804239649,74.0,,205.0,Switch,4,4,0,0.5,0.25,0.5,False,7.726373573721569,2,1.4698067432989839,0.9354853679589393,0.34791666666666665,0.3402777777777778,0.25
31bbd39c0a075d4e,Pingyuan Liu,4,2,2,0,0,2,0,0,2018-07-22,2019-12-21,2,26.11826389316687,66.0,72.0,135.0,Orthodox,4,4,0,0.5,0.0,0.0,False,1.4154979226130584,2,2.3522781774580332,0.25,0.37020409084460726,0.5,1.0
3329d692aea4dc28,Hamdy Abdelwahab,4,2,1,0,0,2,0,0,2022-07-30,2025-10-25,2,31.67826854760878,74.0,72.0,265.0,Southpaw,4,3,1,0.6666666666666666,0.0,0.0,False,3.2389439892674043,1,4.266666666666667,3.25,0.5481011352703906,0.5982142857142857,0.0
33b2f68ef95252e0,Miguel Torres,4,2,2,0,0,2,0,0,2011-02-05,2012-04-21,2,30.623489873166456,69.0,76.0,135.0,Orthodox,4,4,0,0.5,0.0,0.0,False,1.2074169900819318,1,3.0560606060606057,0.0,0.4287664736785133,0.0,0.75
3bc3f60b21cddc6a,Azamat Bekoev,4,2,2,2,0,0,2,0,2025-01-18,2026-04-04,2,29.61525561784294,72.0,72.0,185.0,Orthodox,4,4,0,0.5,0.5,1.0,False,1.2074169900819318,2,5.66634862057087,3.1544927063271055,0.5570190678886331,0.35,0.0
42ac4020cba261ad,Caolan Loughran,4,2,2,0,0,2,0,0,2023-09-02,2025-03-22,3,28.048488333093765,66.0,68.0,135.0,Orthodox,4,4,0,0.5,0.0,0.0,False,1.5523932729624839,1,4.733333333333333,3.0,0.40195204111465344,0.38920454545454547,0.0
449c890bd90f3374,Hector Sandoval,4,2,2,1,0,1,1,0,2016-07-30,2017-08-05,2,30.563940395764458,62.0,64.0,125.0,Orthodox,4,4,0,0.5,0.25,0.5,False,1.0157634995927363,2,4.056255212677231,3.0568181818181817,0.4209548411787218,0.2708333333333333,0.5
45e738622ea2c02c,Timur Valiev,4,2,1,0,0,2,0,0,2020-08-22,2022-03-19,3,31.309335578417077,66.0,67.0,135.0,Orthodox,4,3,1,0.6666666666666666,0.0,0.0,False,1.5715586220114033,2,5.762768496420048,1.5,0.5796561969439729,0.4444444444444444,0.25
4665f9f909cd7214,Shinsho Anzai,4,2,2,1,0,1,1,0,2014-08-23,2018-06-23,4,30.72821481618377,67.0,70.0,170.0,Orthodox,4,4,0,0.5,0.25,0.5,False,3.8330698097839107,2,3.284032229697985,1.8210041556660794,0.5124110094075769,0.3162878787878788,0.0
4959f10a62f3fec3,Cheyanne Vlismas,4,2,2,1,0,1,1,0,2021-03-20,2022-12-17,2,26.440652443239763,63.0,63.0,115.0,Switch,4,4,0,0.5,0.25,0.5,False,1.7440467634516794,2,6.05,3.75,0.5262084918796174,1.0,0.25
49ee5024966efc0d,Mounir Lazzez,4,2,2,0,0,2,0,0,2020-07-15,2023-01-21,4,33.860380432178616,73.0,76.0,170.0,Orthodox,4,4,0,0.5,0.0,0.0,False,2.518874446429427,1,6.931983761246435,1.0,0.6970719252498914,0.3333333333333333,0.0
4c288a2b250bb576,Luke Jumeau,4,2,2,0,0,2,0,0,2017-06-10,2019-10-05,3,30.14435614694347,71.0,72.0,170.0,Orthodox,4,4,0,0.5,0.0,0.0,False,2.319007234919266,1,2.933333333333333,0.25,0.43374103702258426,1.0,0.0
4e9fb05d7e5e61b8,Wesley Correira,4,2,2,2,0,0,2,0,2002-09-27,2004-04-02,3,24.687023005263626,75.0,,260.0,Orthodox,4,4,0,0.5,0.5,1.0,False,1.5140625748646448,2,3.3957736978542847,0.0,0.40085180623973726,0.0,0.0
5431dccc09118234,Lance Benoist,4,2,2,0,0,2,0,0,2011-09-17,2014-06-07,3,24.174349918205028,71.0,72.0,170.0,Southpaw,4,4,0,0.5,0.0,0.0,False,2.7214795649465766,1,3.6833333333333336,1.5,0.5354509246880571,0.26190476190476186,0.0
546015aa2ad945fd,Rory Singer,4,2,2,0,1,1,1,0,2006-06-24,2007-06-16,2,30.520818360404387,74.0,77.0,185.0,Orthodox,4,4,0,0.5,0.25,0.5,False,0.9774328014948972,2,2.5254203484919944,0.4518072289156626,0.4718948334644637,0.16666666666666666,0.5
56c9acc4e86046a2,Chris Kelades,4,2,2,0,0,2,0,0,2014-10-04,2016-04-23,3,34.316241948842205,67.0,68.0,125.0,Orthodox,4,4,0,0.5,0.0,0.0,False,1.5523932729624839,1,2.327319587628866,1.0,0.4231960559453139,0.1634920634920635,0.25
60193e707634e560,Montse Rendon,4,2,2,0,0,2,0,0,2023-09-23,2026-03-14,4,35.7584344647734,68.0,68.0,135.0,Orthodox,4,4,0,0.5,0.0,0.0,False,2.4723300273106226,1,2.3166666666666664,1.5,0.20506831092029026,0.3666666666666667,0.25
6546af7ab545b90c,Darren Uyenoyama,4,2,2,0,1,1,1,0,2011-11-12,2013-12-14,3,33.18343292470071,66.0,65.0,125.0,Orthodox,4,4,0,0.5,0.25,0.5,False,2.0890230463322315,2,1.2823637196518554,1.0,0.44856152418386286,0.2888888888888889,0.75
687c15b2eddfaa63,Danilo Marques,4,2,2,0,1,1,1,0,2020-09-26,2022-02-05,3,35.37033614653278,78.0,77.0,205.0,Orthodox,4,4,0,0.5,0.25,0.5,False,1.3607397824732883,2,1.2433994478349315,3.246076721883173,0.7609427609427609,0.32936507936507936,0.5
6aa1cbc1466e9a0b,Marcio Cruz,4,2,2,1,1,0,2,0,2005-10-07,2006-12-30,2,27.975249320656822,76.0,,232.0,Orthodox,4,4,0,0.5,0.5,1.0,False,1.2293202461378399,2,3.02390423572744,0.8999999999999999,0.3776188434207302,0.125,0.75
6b7c7460855dbbb9,Albert Duraev,4,2,2,0,0,2,0,0,2021-10-30,2023-07-15,3,33.75086415189908,71.0,75.0,185.0,Orthodox,4,4,0,0.5,0.0,0.0,False,1.7057160653538401,1,2.9782051282051283,1.8846153846153846,0.3688984795692113,0.375,0.25
6c9b66b43663f2f7,Viktoriia Dudakova,4,2,2,1,0,1,1,0,2023-07-15,2025-01-11,3,25.1702635919971,65.0,67.0,115.0,Orthodox,4,4,0,0.5,0.25,0.5,False,1.4948972258157252,2,3.599984438219732,8.161297852474323,0.3841302580600526,0.4083333333333333,0.0
6cadfd8f1d9e7685,Che Mills,4,2,1,2,0,0,2,0,2011-11-05,2013-02-16,3,29.76241811946857,73.0,76.0,170.0,Orthodox,4,3,1,0.6666666666666666,0.5,1.0,False,1.28407838627761,1,5.607022932022932,3.0405405405405403,0.533902972027972,0.5,0.0
709fadb644ee3f51,Diyar Nurgozhay,4,2,2,1,0,1,1,0,2025-03-15,2026-08-08,2,28.600861071753698,74.0,74.0,205.0,Southpaw,4,4,0,0.5,0.25,0.5,False,1.3990704805711274,2,5.268273553728507,2.5234301780693533,0.6038295038295038,0.6666666666666666,0.0
75f871836d41f90f,Justin McCully,4,2,2,0,0,2,0,0,2007-04-05,2009-08-29,3,32.46130995160749,73.0,73.0,225.0,Orthodox,4,4,0,0.5,0.0,0.0,False,2.4011444451289212,1,1.4564102564102563,1.0,0.3478557122953675,0.425,0.0
773f7feacf96153e,Benito Lopez,4,2,2,0,0,2,0,0,2017-12-09,2022-11-05,3,25.599430515342547,70.0,73.0,135.0,Switch,4,4,0,0.5,0.0,0.0,False,4.906329356523406,1,3.6229024943310657,0.0,0.5223841354723708,,0.25
776a58a67665a171,Nad Narimani,4,2,2,0,0,2,0,0,2018-07-22,2020-07-18,3,32.01297767921312,68.0,70.0,145.0,Orthodox,4,4,0,0.5,0.0,0.0,False,1.990458394080645,2,3.2336769759450172,1.75,0.43581512511995274,0.24848484848484845,0.0
7b310409440c9102,Zhang Lipeng,4,2,2,0,0,2,0,1,2014-03-01,2015-05-16,2,24.618575330088913,71.0,71.0,155.0,Southpaw,4,4,0,0.5,0.0,0.0,False,1.2074169900819318,2,1.2833333333333332,1.75,0.47730689176688257,0.35,0.75
7debc13b36343605,Cristian Quinonez,4,2,2,1,0,1,1,0,2022-09-03,2026-02-28,4,27.79249402794034,68.0,70.0,135.0,Orthodox,4,4,0,0.5,0.25,0.5,False,3.488093526903359,1,4.04052811036046,2.3715469613259668,0.45728513436884966,0.4928571428571428,0.5
81d9df19e255b8b6,Jarred Brooks,4,2,2,0,0,2,0,0,2017-07-29,2018-09-08,2,24.791747948280936,63.0,62.0,125.0,Switch,4,4,0,0.5,0.0,0.0,False,1.111590244837334,1,2.3289473684210527,4.447368421052632,0.48378175266762224,0.540340909090909,0.5
852454c572675334,James Wilks,4,2,2,0,1,1,1,1,2009-06-20,2010-10-16,2,31.805581223433744,73.0,75.0,170.0,Orthodox,4,4,0,0.5,0.25,0.5,False,1.3224090843754492,1,2.082206376526514,2.0818170641750675,0.4620672227902221,0.325,3.0
88be62d6c1e6dadb,Jose Ochoa,4,2,2,1,0,1,1,0,2024-11-23,2026-05-09,3,24.56723957370788,67.0,67.0,125.0,Southpaw,4,4,0,0.5,0.25,0.5,False,1.456566527717886,1,5.263612004287245,0.25,0.46068838590602273,0.3333333333333333,0.75
8c169fbe1ac33637,Loik Radzhabov,4,2,2,1,0,1,1,0,2023-03-04,2024-07-20,2,33.13141269156793,71.0,69.0,155.0,Orthodox,4,4,0,0.5,0.25,0.5,False,1.3799051315222077,1,2.8930534155110426,4.136748844375963,0.4360363783756397,0.661904761904762,0.0
8ce87f7e3a9baed2,Tiago dos Santos e Silva,4,2,2,0,0,2,0,0,2014-07-26,2016-12-09,3,28.30448263824719,69.0,70.0,145.0,Orthodox,4,4,0,0.5,0.0,0.0,False,2.373765375059036,1,3.419925512104283,0.5,0.41748273492239096,0.1111111111111111,0.25
9384e71bca6c409d,Marco Tulio,4,2,2,2,0,0,2,0,2025-01-11,2026-05-09,2,31.181338425840366,72.0,74.0,185.0,Orthodox,4,4,0,0.5,0.5,1.0,False,1.3224090843754492,2,8.048189574567555,0.8999999999999999,0.5309838833194096,0.4,0.0
9508cc6184cb2450,Eric McConico,4,2,2,0,0,2,0,0,2025-02-22,2026-04-25,2,35.382656728064234,72.0,77.0,185.0,Southpaw,4,4,0,0.5,0.0,0.0,False,1.1690862919840928,1,2.6975270399339166,0.5,0.4426163408090291,1.0,0.0
9f755fb04cc21499,Noad Lahat,4,2,2,0,0,2,0,0,2014-03-23,2016-02-06,3,30.65360685024333,69.0,69.0,145.0,Orthodox,4,4,0,0.5,0.0,0.0,False,1.8754662997871276,2,2.8294799151040753,1.946594427244582,0.486043956043956,0.39215686274509803,1.5
a01e84abefd85ec0,Pascal Krauss,4,2,2,0,0,2,0,0,2010-11-13,2013-08-31,3,25.190113417797765,73.0,,170.0,Orthodox,4,4,0,0.5,0.0,0.0,False,2.7981409611422547,1,5.423529411764706,1.25,0.43525319917250044,0.3958333333333333,0.75
a29db9cd4f9ccea5,Natan Levy,4,2,2,0,0,2,0,0,2021-11-20,2024-03-16,3,31.090303017857998,69.0,71.0,155.0,Southpaw,4,4,0,0.5,0.0,0.0,False,2.319007234919266,2,3.731100082712986,5.058312655086849,0.6019365487115529,0.6477678571428571,0.0
a57cb948c4c70a47,Isaac Dulgarian,4,2,2,1,1,0,2,0,2023-08-12,2025-11-01,3,28.077920833418894,67.0,71.0,145.0,Orthodox,4,4,0,0.5,0.5,1.0,False,2.223180489674668,1,3.2897622242098987,3.3362589445438284,0.4731300539083558,0.609375,1.0
ad56b3f00ca38dfd,Mark Godbeer,4,2,2,0,0,1,0,0,2016-11-19,2018-03-17,3,33.63655653435731,76.0,77.0,240.0,Orthodox,4,4,0,0.5,0.0,0.0,False,1.3224090843754492,2,2.8847790948655483,0.0,0.46352307669672943,0.0,0.0
b26d3e3746fb4024,Brian Bowles,4,2,2,0,1,1,1,0,2011-03-03,2013-05-25,2,31.513309650437723,67.0,70.0,135.0,Orthodox,4,4,0,0.5,0.25,0.5,False,2.2286563036886453,2,3.2376524076073965,1.3214285714285714,0.2932986290208039,1.0,0.5
b59037262c8fe060,Ryan Janes,4,2,2,1,0,1,1,0,2016-12-09,2017-12-01,2,35.743375976234965,75.0,76.0,185.0,Orthodox,4,4,0,0.5,0.25,0.5,False,0.9774328014948972,1,6.853343465045592,2.393617021276596,0.4482091568061063,1.0,0.0
b7c5eb7cdbac6a63,Danny Barlow,4,2,2,1,0,1,1,0,2024-02-17,2025-10-18,2,29.340780440392344,74.0,79.0,185.0,Southpaw,4,4,0,0.5,0.25,0.5,False,1.667385367256001,2,5.619313771153548,0.0,0.5080301593459489,0.0,0.0
bf12aca029bfcc47,Keith Hackney,4,2,2,1,1,0,2,0,1994-09-09,1995-12-16,2,36.85428174432055,71.0,,200.0,Sideways,4,4,0,0.5,0.5,1.0,False,1.267650944235679,1,5.292484116995231,0.0,0.4522802197802198,,0.25
c0386644627a7ee5,Mana Martinez,4,2,2,0,0,2,0,0,2021-08-28,2023-03-04,3,26.203139010383513,70.0,70.0,135.0,Orthodox,4,4,0,0.5,0.0,0.0,False,1.5140625748646448,1,4.416666666666666,0.75,0.48724069739716375,0.4583333333333333,0.25
c739c2995a275314,Yanal Ashmouz,4,2,2,1,0,1,1,0,2023-03-18,2025-06-07,3,28.975954331711122,69.0,69.0,155.0,Orthodox,4,4,0,0.5,0.25,0.5,False,2.223180489674668,1,4.966666666666667,5.25,0.5672868797868797,0.375,0.0
cdadae5363b66eef,Francisco Figueiredo,4,2,2,0,1,1,1,0,2021-01-20,2022-08-20,2,32.080056400884345,66.0,68.0,125.0,Southpaw,4,4,0,0.5,0.25,0.5,False,1.579772343032369,1,2.5137282425603593,1.5,0.7256813417190775,0.8333333333333333,0.25
cfaf010d5b389c09,Mike Wilkinson,4,2,2,1,0,1,1,0,2012-12-14,2016-02-27,4,26.621354305701008,67.0,66.0,145.0,Orthodox,4,4,0,0.5,0.25,0.5,False,3.203351198176554,1,2.970192887281495,2.928571428571429,0.5762100082034455,0.3611111111111111,0.5
d008d785f6347dc2,JeongYeong Lee,4,2,2,0,0,2,0,1,2023-02-04,2025-05-10,3,28.40715415100926,70.0,73.0,145.0,Orthodox,4,4,0,0.5,0.0,0.0,False,2.2615111877725074,2,3.2897435897435896,0.5,0.47237270004278986,0.6666666666666666,0.0
d2f43cfaf8ca3560,Fernando Padilla,4,2,2,1,1,0,2,0,2023-04-29,2024-12-14,2,27.09706564816526,73.0,76.0,145.0,Orthodox,4,4,0,0.5,0.5,1.0,False,1.629054669158162,1,8.368588670947632,0.0,0.478006661864528,0.0,0.25
d4f364dd076bb0e2,Cung Le,4,2,2,1,0,1,1,0,2011-11-19,2014-08-23,3,40.578519750576675,69.0,70.0,185.0,Southpaw,4,4,0,0.5,0.25,0.5,False,2.7598102630444155,2,3.203130937941824,0.5,0.4318104843916053,0.5,0.0
d50382dc0565a9e1,Viviane Pereira,4,2,2,0,0,2,0,0,2016-12-10,2018-06-23,3,24.01897369555843,61.0,63.0,115.0,Orthodox,4,4,0,0.5,0.0,0.0,False,1.5332279239135642,2,2.6999999999999997,0.25,0.35377797612348494,1.0,0.25
d90b630e0561818b,Gan McGee,4,2,2,2,0,0,2,1,2000-11-17,2003-09-26,3,25.7411172029542,82.0,,265.0,Orthodox,4,4,0,0.5,0.5,1.0,False,2.8556370082890132,2,2.499504701072455,0.7839721254355401,0.3601495680731063,0.2,0.0
dbea8c1cb327ab3d,Igor Araujo,4,2,2,0,0,2,0,0,2013-10-09,2015-07-15,3,33.61670670855665,73.0,77.0,170.0,Orthodox,4,4,0,0.5,0.0,0.0,False,1.7632121125005988,2,1.4660753880266075,1.247782705099778,0.40292469657605956,0.11309523809523808,0.5
dda15dbfafb792df,Kevin Jousset,4,2,2,0,1,1,1,0,2023-09-09,2025-02-08,3,31.035544877718227,74.0,75.0,170.0,Orthodox,4,4,0,0.5,0.25,0.5,False,1.418235829620047,2,6.506044201361759,1.0285467128027683,0.5167401085242169,0.5,0.25
e2ccd9a9ace60de7,Aleksei Kunchenko,4,2,2,0,0,2,0,0,2018-09-15,2020-03-14,3,35.02330643339699,68.0,70.0,170.0,Orthodox,4,4,0,0.5,0.0,0.0,False,1.4948972258157252,2,3.6666666666666665,0.25,0.4538585298460469,0.25,0.0
e6c5908910cc26e4,Lavar Johnson,4,2,2,2,0,0,2,0,2012-01-28,2013-02-23,2,35.048632073211635,76.0,82.0,240.0,Orthodox,4,4,0,0.5,0.5,1.0,False,1.073259546739495,2,7.320575288021331,0.25,0.6298884443786464,1.0,0.0
e70de1859b7ee78e,Sultan Aliev,4,2,2,0,0,2,0,0,2015-01-24,2019-04-20,4,32.7097750124917,71.0,74.0,170.0,Orthodox,4,4,0,0.5,0.0,0.0,False,4.235542139811221,1,1.7074074074074075,1.375,0.4934371184371184,0.42857142857142855,0.0
e76d9f656ceb82ab,Aleksandra Albu,4,2,2,0,1,1,1,0,2015-04-11,2019-10-26,3,27.416716291231168,62.0,63.0,115.0,Orthodox,4,4,0,0.5,0.25,0.5,False,4.542187724593934,2,4.167484212540665,1.5,0.4861176919313405,0.3194444444444444,0.25
e7e01e266a9d4342,Ronnie Lawrence,4,2,1,1,0,1,1,0,2021-02-27,2023-06-17,3,29.86440515547889,68.0,68.0,135.0,Switch,4,3,1,0.6666666666666666,0.25,0.5,False,2.299841885870346,2,2.6475562256564897,4.12467018469657,0.5379711751662971,0.7486772486772487,0.0
efaf544314bb5c2e,Ron Waterman,4,2,1,1,0,1,1,0,1999-05-07,2000-04-14,2,33.83026345510174,74.0,,280.0,Orthodox,4,3,1,0.6666666666666666,0.25,0.5,False,0.9391021033970581,1,6.227443609022557,9.285714285714285,0.6477284946236559,0.6,0.75
f2f140ce7532e327,Gabriel Santos,4,2,2,0,1,1,1,0,2023-03-18,2025-02-08,3,27.21068878895528,69.0,70.0,145.0,Orthodox,4,4,0,0.5,0.25,0.5,False,1.8973695558430357,2,4.280317975082072,3.8034126402941135,0.604434009175195,0.6314935064935066,1.0
f41b9f5efc7162d6,Jamal Pogues,4,2,2,0,0,2,0,0,2023-02-18,2025-02-01,3,28.051226240100753,75.0,77.0,205.0,Orthodox,4,4,0,0.5,0.0,0.0,False,1.9548656029897944,1,3.3833333333333333,1.25,0.47545895620246525,0.15151515151515152,0.0
f5ff7bcdcfeba3ad,Trevor Prangley,4,2,2,0,1,1,1,0,2004-06-19,2006-04-06,3,32.915802514767584,73.0,75.0,185.0,Orthodox,4,4,0,0.5,0.25,0.5,False,1.796066996584461,2,2.143150684931507,4.232876712328768,0.5608641358641359,0.5083333333333333,1.0
f7d73e452b064bf2,Danny Henry,4,2,2,0,1,1,1,0,2017-07-16,2020-07-11,4,30.32711143965995,72.0,73.0,145.0,Orthodox,4,4,0,0.5,0.25,0.5,False,2.987056544624462,2,3.55999000999001,0.25,0.47022783251231526,0.3333333333333333,0.75
fb37795db81f93f3,Bogdan Grad,4,2,2,1,1,0,2,0,2025-02-01,2026-08-01,2,30.018412424622,68.0,70.0,145.0,Orthodox,4,4,0,0.5,0.5,1.0,False,1.4948972258157252,1,3.214438952698907,6.2490209712033415,0.5786002075064576,0.3949404761904762,0.5
fbf0947399d14323,Ken Stone,4,2,2,0,1,1,1,0,2011-06-04,2012-08-11,2,29.28670677700432,68.0,71.0,135.0,Southpaw,4,4,0,0.5,0.25,0.5,False,1.1882516410330124,2,4.59128783256041,2.8125,0.5519957983193278,0.5,0.25
fef3d17e27e916e7,Antonio Carvalho,4,2,2,1,0,1,1,0,2012-01-14,2013-03-16,2,33.26009432089639,69.0,70.0,145.0,Orthodox,4,4,0,0.5,0.25,0.5,False,1.1690862919840928,2,4.255149174617598,0.0,0.33248650184711565,0.0,0.0
117a06469813e4ef,ChangHo Lee,3,2,1,1,0,1,1,0,2024-06-22,2025-11-01,2,30.837959255380557,68.0,69.0,135.0,Orthodox,3,3,0,0.6666666666666666,0.3333333333333333,0.5,False,1.3607397824732883,2,3.8666666666666667,2.803030303030303,0.6258000081529493,0.36574074074074076,0.3333333333333333
13e62d766b709aa6,Steve Nelmark,3,2,1,1,1,0,2,0,1996-05-17,1996-12-07,1,,72.0,,240.0,Orthodox,2,3,0,0.6666666666666666,0.6666666666666666,1.0,False,0.5585330294256555,1,1.8287854467629747,2.0224719101123596,0.90625,1.0,0.5
1a2bf44edb8055b6,Serhiy Sidey,3,2,1,0,0,2,0,0,2024-01-20,2025-05-03,2,28.23603496307248,71.0,72.0,135.0,Switch,3,3,0,0.6666666666666666,0.0,0.0,False,1.28407838627761,2,4.488888888888889,1.6666666666666667,0.4128154703375942,0.1388888888888889,1.3333333333333333
1d2d98ddd05b38fb,Axel Sola,3,2,1,1,1,0,2,0,2025-09-06,2026-07-25,2,28.44320325993461,72.0,74.0,155.0,Southpaw,3,3,0,0.6666666666666666,0.6666666666666666,1.0,False,0.8816060562502994,1,5.014925502538159,1.4155124653739612,0.5533509700176367,0.3392857142857143,0.3333333333333333
23725c826c481e7f,Paul Daley,3,2,1,2,0,0,2,0,2009-09-19,2010-05-08,2,26.883508901620157,69.0,76.0,170.0,Orthodox,3,3,0,0.6666666666666666,0.6666666666666666,1.0,False,0.6324565186143453,2,4.931714495952907,0.0,0.4071428571428572,,0.0
2f43a3e82661fa99,Rei Tsuruya,3,2,1,0,1,1,1,0,2024-06-29,2026-05-30,3,22.88981521409292,66.0,68.0,125.0,Orthodox,3,3,0,0.6666666666666666,0.3333333333333333,0.5,False,1.9165349048919553,1,2.797431602456728,3.8408710217755444,0.5139440035273369,0.2996031746031746,0.3333333333333333
319fa1bd3176bded,Johnny Rhodes,3,2,1,1,1,0,2,0,1994-03-11,1994-03-11,1,,72.0,,210.0,Orthodox,3,3,0,0.6666666666666666,0.6666666666666666,1.0,False,0.0,0,2.8845406079450924,0.40927694406548426,0.5132597100142738,1.0,0.3333333333333333
31dbfbe4e7a6727c,Trey Waters,3,2,1,0,0,2,0,0,2023-04-29,2025-09-06,3,29.31477032382595,77.0,77.0,170.0,Orthodox,3,3,0,0.6666666666666666,0.0,0.0,False,2.357337933017105,2,6.433394720687538,0.3333333333333333,0.47088871604298105,0.25,0.3333333333333333
3f1d23b01c552a13,Michael Graves,3,2,0,0,1,1,1,0,2015-07-12,2016-07-30,2,25.11208306809859,70.0,71.0,170.0,Orthodox,3,2,1,1.0,0.3333333333333333,0.5,False,1.051356290683587,2,1.2878048780487805,4.6637102734663705,0.5166666666666666,0.49523809523809526,0.3333333333333333
4123fd4dcc1fe937,David Terrell,3,2,1,1,1,0,2,1,2004-08-21,2006-04-15,3,27.317923480062333,73.0,,185.0,Southpaw,3,3,0,0.6666666666666666,0.6666666666666666,1.0,False,1.6482200182070816,1,5.5214055448098,3.777562862669246,0.6243386243386243,0.625,1.0
4a07b1988477502c,Seokhyeon Ko,3,2,1,0,0,2,0,0,2025-06-21,2026-07-18,2,32.21968965824076,70.0,71.0,170.0,Southpaw,3,3,0,0.6666666666666666,0.0,0.0,False,1.073259546739495,2,3.0,3.3333333333333335,0.5969945355191256,0.5555555555555555,0.3333333333333333
4c805f5f58a75df0,Mikey Burnett,3,2,1,1,0,1,1,1,1998-03-13,1999-01-08,2,24.391100889591616,66.0,,170.0,Orthodox,3,3,0,0.6666666666666666,0.3333333333333333,0.5,False,0.8241100091035408,1,2.7501831501831497,0.9890109890109889,0.4647502153316107,1.0,1.3333333333333333
50a28b9f8314e008,Saidyokub Kakhramonov,3,2,1,0,1,1,1,0,2021-08-21,2022-12-17,2,26.503852463317752,68.0,69.0,135.0,Orthodox,3,3,0,0.6666666666666666,0.3333333333333333,0.5,False,1.3224090843754492,2,1.9453180787201008,6.846115869233906,0.4876285672895842,0.44246031746031744,1.6666666666666667
51e2f44a8dbf6984,Melissa Croden,3,2,1,1,0,1,1,0,2025-10-18,2026-04-18,2,34.73673883333219,69.0,68.0,135.0,Orthodox,3,3,0,0.6666666666666666,0.3333333333333333,0.5,False,0.49829907527190836,1,4.292864424057085,2.021406727828746,0.4379973250561486,0.38888888888888884,0.3333333333333333
56b8b24f65f9f057,Mike Kyle,3,2,1,2,0,0,2,0,2004-04-02,2005-02-05,2,24.416654688323508,76.0,77.0,205.0,Orthodox,3,3,0,0.6666666666666666,0.6666666666666666,1.0,False,0.8460132651594489,1,4.500587544065805,2.608695652173913,0.6569444444444444,0.5,0.3333333333333333
72f890c5d421e705,Matheus Camilo,3,2,1,1,0,1,1,0,2025-05-17,2026-06-27,2,24.906740042574455,70.0,69.0,155.0,Orthodox,3,3,0,0.6666666666666666,0.3333333333333333,0.5,False,1.111590244837334,2,2.242919476953894,2.8138942001274696,0.43361210673038625,0.5833333333333333,0.3333333333333333
739fd4fbb5d862f4,Rizvan Kuniev,3,2,1,1,0,1,1,0,2025-06-21,2026-07-25,2,33.856958048419884,76.0,76.0,240.0,Orthodox,3,3,0,0.6666666666666666,0.3333333333333333,0.5,False,1.0924248957884146,2,3.9198412698412697,0.0,0.4763440860215054,,0.0
90da09db03e41748,Sergey Khandozhko,3,2,1,1,0,1,1,0,2019-06-01,2022-04-23,2,28.145684031841856,73.0,74.0,170.0,Orthodox,3,3,0,0.6666666666666666,0.3333333333333333,0.5,False,2.8939677063868525,1,3.6546546546546548,0.8738738738738739,0.42829354739658726,0.5833333333333334,0.0
9256f591b30c073e,Felipe Lima,3,2,1,0,1,1,1,0,2024-06-22,2025-06-28,2,26.626145642963237,66.0,68.0,145.0,Orthodox,3,3,0,0.6666666666666666,0.3333333333333333,0.5,False,1.0157634995927363,2,2.896296296296296,2.111111111111111,0.46243168394480794,0.3666666666666667,0.6666666666666666
971dba22c622af12,Josefine Knutsson,3,2,1,0,0,2,0,0,2023-09-16,2024-12-14,2,28.33094907264808,63.0,60.0,115.0,Orthodox,3,3,0,0.6666666666666666,0.0,0.0,False,1.2457476881797709,2,5.133333333333334,1.0,0.5379121646795827,0.75,0.0
99dd0147dc4ef80c,Genki Sudo,3,2,1,0,2,0,2,0,2002-07-13,2004-04-02,3,25.183268650280294,69.0,,155.0,Orthodox,3,3,0,0.6666666666666666,0.6666666666666666,1.0,False,1.7221435073957714,1,1.5543150190129162,3.9293386363095095,0.4804324028461959,0.7222222222222222,2.3333333333333335
9f488f520ed25bbf,Kenichi Yamamoto,3,2,1,0,1,1,1,2,1999-11-19,2000-12-16,2,23.71575049453445,72.0,,170.0,Orthodox,3,3,0,0.6666666666666666,0.3333333333333333,0.5,False,1.0759974537464836,2,0.6240211503369398,0.0,0.4826007326007326,0.0,0.3333333333333333
9f5e3c20ce40b344,Klaudia Sygula,3,2,1,0,0,2,0,0,2024-11-09,2026-02-07,3,26.481949207261845,68.0,69.0,135.0,Orthodox,3,3,0,0.6666666666666666,0.0,0.0,False,1.2457476881797709,2,6.231578947368422,0.3333333333333333,0.46125243946015776,0.16666666666666666,0.0
a54a35a670d8e852,Andre Roberts,3,2,1,1,0,1,1,0,1998-05-15,1999-07-16,2,33.8770360331378,74.0,,345.0,Orthodox,2,3,0,0.6666666666666666,0.3333333333333333,0.5,False,1.1690862919840928,1,3.149734802121583,0.0,0.5833333333333333,,0.0
ad047e3073a775f3,Steve Jennum,3,2,1,1,1,0,2,1,1994-09-09,1995-12-16,2,31.47497895233988,70.0,,215.0,Orthodox,3,3,0,0.6666666666666666,0.6666666666666666,1.0,False,1.267650944235679,2,2.2852336897753216,5.538868196563739,0.2901515151515151,0.8333333333333333,0.3333333333333333
ae81a3ac7b260411,Tofiq Musayev,3,2,1,1,0,1,1,0,2025-06-21,2026-08-01,2,36.14219776358629,69.0,69.0,155.0,Orthodox,3,3,0,0.6666666666666666,0.3333333333333333,0.5,False,1.111590244837334,2,2.5829113807175963,1.0,0.40791245791245795,0.3,0.0
b2a78df161bd67f9,Gauge Young,3,2,1,0,0,2,0,0,2025-04-26,2026-04-18,2,25.21794880570215,69.0,70.0,155.0,Orthodox,3,3,0,0.6666666666666666,0.0,0.0,False,0.9774328014948972,2,7.0,1.0,0.5141486532230766,0.25,0.0
b39f7a6c2be17ee8,Charlie Campbell,3,2,1,1,0,1,1,0,2023-09-16,2025-09-27,3,29.068358693196984,72.0,72.0,155.0,Orthodox,3,3,0,0.6666666666666666,0.3333333333333333,0.5,False,2.0315269991854725,2,6.354631547795205,1.3333333333333333,0.49812169312169313,0.2,0.0
b60c980f79b87ce8,Bea Malecki,3,2,1,0,1,1,1,0,2019-06-01,2021-08-21,3,28.77631527911821,69.0,74.0,135.0,Orthodox,3,3,0,0.6666666666666666,0.3333333333333333,0.5,False,2.223180489674668,2,6.176762510891389,0.0,0.40691689718972796,,0.6666666666666666
b6c37948cb226e8c,Benardo Sopaj,3,2,1,0,1,1,1,0,2024-03-02,2026-05-16,3,24.46228647177332,66.0,66.0,135.0,Orthodox,3,3,0,0.6666666666666666,0.3333333333333333,0.5,False,2.2040151406257484,2,4.484487750130724,2.362390371853571,0.5889013042058048,0.5833333333333334,0.6666666666666666
b9c03e7a4557e542,Royston Wee,3,2,1,0,0,2,0,0,2014-01-04,2015-05-16,2,27.802533020299297,67.0,67.0,135.0,Orthodox,3,3,0,0.6666666666666666,0.0,0.0,False,1.3607397824732883,2,1.1787794472268596,3.0,0.6166187739463601,0.8035714285714286,0.0
ccf5dc41417e9daf,Juan Espino,3,2,1,0,2,0,2,1,2018-11-30,2021-04-17,3,39.542678266266016,75.0,80.0,255.0,Orthodox,3,3,0,0.6666666666666666,0.6666666666666666,1.0,False,2.379241189073013,2,3.2751322751322753,11.16123642439432,0.6967371929008758,0.8380952380952381,1.0
e023fa2e648ea0f1,Steve Bosse,3,2,1,1,0,1,1,0,2015-06-27,2016-06-18,2,34.48028821034427,71.0,72.0,205.0,Orthodox,3,3,0,0.6666666666666666,0.3333333333333333,0.5,False,0.9774328014948972,2,3.98974358974359,0.3333333333333333,0.31912144702842377,0.3333333333333333,0.0
e50cd77732d39967,Aisling Daly,3,2,1,0,1,1,1,0,2014-12-12,2015-10-24,2,27.379070069885074,62.0,64.0,115.0,Orthodox,3,3,0,0.6666666666666666,0.3333333333333333,0.5,False,0.8651786142083684,1,3.0032612817595754,2.3572241183162688,0.5308913308913309,0.43333333333333335,0.6666666666666666
e56cee1ad697db04,Steven Asplund,3,2,1,1,0,1,1,0,2025-12-13,2026-08-08,2,27.712182089068676,77.0,78.0,260.0,Orthodox,3,3,0,0.6666666666666666,0.3333333333333333,0.5,False,0.6516218676632648,1,9.249443394244906,0.0,0.5245907724483233,0.0,0.3333333333333333
e979c76341f19b22,Tom Duquesnoy,3,2,1,1,0,1,1,0,2017-04-15,2018-03-17,2,24.28340988065007,67.0,68.0,135.0,Orthodox,3,3,0,0.6666666666666666,0.3333333333333333,0.5,False,0.9199367543481386,1,4.417344173441735,0.3333333333333333,0.5031123560535326,0.5,0.0
ed7d329d7c29428d,Colby Thicknesse,3,2,1,0,0,2,0,0,2025-02-08,2026-05-02,2,26.251965018674806,67.0,69.0,135.0,Orthodox,3,3,0,0.6666666666666666,0.0,0.0,False,1.2265823391308515,2,3.244444444444445,0.6666666666666666,0.4169778500487162,0.047619047619047616,1.6666666666666667
efa1f6b42c86793c,Adam Wieczorek,3,2,1,0,1,1,1,0,2017-11-18,2018-11-03,2,26.239188119308864,77.0,81.0,250.0,Orthodox,3,3,0,0.6666666666666666,0.3333333333333333,0.5,False,0.9582674524459777,2,1.70941394855476,0.3333333333333333,0.3692657569850552,0.25,0.3333333333333333
f2900678e98f6d6a,Ronaldo Rodriguez,3,2,1,0,1,1,1,0,2024-02-24,2025-03-29,2,25.352106249044585,66.0,65.0,125.0,Orthodox,3,3,0,0.6666666666666666,0.3333333333333333,0.5,False,1.0924248957884146,2,3.235058430717863,0.6666666666666666,0.4601209329110279,0.35,0.3333333333333333
faf317c665546a36,Santiago Luna,3,2,1,1,0,1,1,0,2025-09-13,2026-06-06,2,21.499871090211755,69.0,74.0,135.0,Orthodox,3,3,0,0.6666666666666666,0.3333333333333333,0.5,False,0.728283263858943,2,4.898619118798491,1.6666666666666667,0.43736417033773867,0.3333333333333333,0.6666666666666666
03688dc3c3af3ac1,Bas Rutten,2,2,0,1,0,1,1,1,1999-01-08,1999-05-07,1,34.03355305037064,73.0,,205.0,Orthodox,2,2,0,1.0,0.5,0.5,False,0.3258109338316324,2,1.5162907268170427,0.0,0.5644431882419446,,0.5
0859524157a19045,Ty Miller,2,2,0,2,0,0,2,0,2026-01-24,2026-08-08,1,25.908814007132246,74.0,77.0,170.0,Orthodox,2,2,0,1.0,1.0,1.0,False,0.5366297733697475,2,12.407537319520353,0.0,0.5447066302681276,,0.0
18aecaf50f52e4c3,Phillip Miller,2,2,0,0,1,1,1,0,2002-07-13,2002-11-22,1,23.57337933017105,71.0,,185.0,Orthodox,2,2,0,1.0,0.5,0.5,False,0.361403724922483,2,1.5084745762711864,3.5254237288135593,0.5211141060197664,0.5909090909090909,0.5
1e327b281ef6a745,Adlan Amagov,2,2,0,1,0,1,1,0,2013-04-06,2013-10-19,1,26.702807039158913,74.0,76.0,170.0,Orthodox,2,2,0,1.0,0.5,0.5,False,0.5366297733697475,2,3.7666666666666666,3.0,0.48038073038073037,0.3,0.0
4a6dff1b260bcf61,Aleksandre Topuria,2,2,0,0,0,2,0,0,2025-02-08,2025-11-22,1,29.425655557608984,67.0,68.0,135.0,Orthodox,2,2,0,1.0,0.0,0.0,False,0.7857793110057016,2,2.9333333333333336,1.5,0.5496171276761994,0.39285714285714285,0.0
5870c541798124ae,Manoel Sousa,2,2,0,1,0,1,1,0,2026-03-14,2026-08-08,1,28.976638808462873,69.0,70.0,155.0,Orthodox,2,2,0,1.0,0.5,0.5,False,0.4024723300273106,2,4.733333333333333,0.5,0.4798366273883855,0.5,0.5
68c7ad953455c73f,Don Madge,2,2,0,1,0,1,1,0,2018-10-27,2019-09-07,2,28.38798880196034,72.0,72.0,155.0,Southpaw,2,2,0,1.0,0.5,0.5,False,0.8624407072013799,2,2.706369426751592,1.5,0.5529953917050691,0.25,0.5
6902fcf0610dd303,Jakub Wiklacz,2,2,0,0,1,1,1,0,2025-10-04,2026-02-07,2,29.23810892763027,70.0,72.0,135.0,Orthodox,2,2,0,1.0,0.5,0.5,False,0.34497628288055193,2,3.4020763811642567,0.0,0.46629762292412896,,2.5
6b0a6def604de298,Tommy McMillen,2,2,0,2,0,0,2,0,2026-04-04,2026-07-18,1,28.4454848491071,72.0,74.0,145.0,Orthodox,2,2,0,1.0,1.0,1.0,False,0.2874802357337933,2,18.71195881773091,0.0,0.5217334380727939,,0.0
6eedb757f13b9978,Marwan Rahiki,2,2,0,2,0,0,2,0,2026-03-14,2026-05-02,1,23.91151084553413,68.0,72.0,145.0,Orthodox,2,2,0,1.0,1.0,1.0,False,0.13415744334243687,2,8.452095808383234,0.0,0.5493902439024391,,0.0
7674b836ce0698a0,Yousri Belgaroui,2,2,0,2,0,0,2,0,2025-10-18,2026-03-28,2,33.59822583625947,78.0,79.0,185.0,Orthodox,2,2,0,1.0,1.0,1.0,False,0.4408030281251497,2,8.114979168414283,0.6870229007633588,0.6708472686733555,1.0,0.0
8e6654e9f0461b8f,Cody Haddon,2,2,0,1,0,1,1,0,2024-10-12,2026-05-30,2,26.909519018186547,67.0,69.0,135.0,Orthodox,2,2,0,1.0,0.5,0.5,False,1.629054669158162,2,8.634184068058778,3.088167053364269,0.6571428571428571,0.41666666666666663,0.0
a3dda21be645be93,Jean-Paul Lebosnoyani,2,2,0,0,0,2,0,0,2026-02-21,2026-07-18,1,27.270922743109033,71.0,72.0,170.0,Switch,2,2,0,1.0,0.0,0.0,False,0.4024723300273106,2,3.9333333333333336,3.0,0.4683499288762447,0.5416666666666666,2.0
a6a9ab5a824e8f66,Joel Sutton,2,2,0,2,0,0,2,0,1995-07-14,1995-09-08,1,26.094991683607468,71.0,,205.0,Orthodox,0,2,0,1.0,1.0,1.0,False,0.15332279239135643,2,,,,,
ad5cb64af10fc946,Donte Johnson,2,2,0,0,1,1,1,0,2025-11-01,2026-03-07,2,26.941004948766913,68.0,74.0,185.0,Southpaw,2,2,0,1.0,0.5,0.5,False,0.34497628288055193,2,2.279220779220779,3.5064935064935066,0.490041928721174,1.0,0.5
baa5358456803df8,Alex Hunter,2,2,0,0,1,1,1,0,1997-07-27,1997-10-17,1,,69.0,,226.0,Orthodox,2,2,0,1.0,0.5,0.5,False,0.2245083745730576,2,1.8583333333333332,3.625,0.5972222222222223,0.6,0.0
ca80d72da81d7224,Michelle Montague,2,2,0,0,0,2,0,0,2025-09-27,2026-04-25,2,32.12660082000315,69.0,68.0,135.0,Southpaw,2,2,0,1.0,0.0,0.0,False,0.5749604714675866,2,2.7666666666666666,3.5,0.48596659364731654,0.5238095238095238,0.0
d776b5814f2400b4,Ethyn Ewing,2,2,0,1,0,1,1,0,2025-11-15,2026-04-04,2,29.930799400398364,66.0,69.0,135.0,Orthodox,2,2,0,1.0,0.5,0.5,False,0.38330698097839105,2,7.691287878787879,1.5,0.550076297841861,0.6,0.0
e463ce0a2ca474f4,Ryan Gandra,2,2,0,2,0,0,2,0,2026-02-28,2026-07-11,1,30.9944762726134,73.0,74.0,185.0,Orthodox,2,2,0,1.0,1.0,1.0,False,0.3641416319294715,2,14.24390243902439,0.0,0.4913793103448276,,0.0
f139d6836efd43dd,Yaroslav Amosov,2,2,0,0,2,0,2,0,2025-12-13,2026-05-09,2,32.46199442835924,72.0,75.0,170.0,Orthodox,2,2,0,1.0,1.0,1.0,False,0.4024723300273106,2,2.6786158480970674,9.558193526989303,0.5225563909774436,0.5227272727272727,1.0
fc60ecf0671b9489,Chris Holdsworth,2,2,0,0,1,1,1,1,2013-11-30,2014-05-24,2,26.342772267739925,71.0,,135.0,,2,2,0,1.0,0.5,0.5,False,0.47913372622298883,2,1.9131782945736433,3.046511627906977,0.29772727272727273,0.5833333333333333,1.5
fdd22e895a70e4a8,Damian Pinas,2,2,0,2,0,0,2,0,2026-02-28,2026-07-11,1,24.149708755142132,73.0,79.0,185.0,Orthodox,2,2,0,1.0,1.0,1.0,False,0.3641416319294715,2,5.640845070422535,0.0,0.7048748353096179,0.0,0.0
05b43e0ead3df345,Kailin Curran,7,1,6,0,1,0,1,0,2014-11-22,2017-11-25,4,25.174272670114473,64.0,65.0,115.0,Orthodox,7,7,0,0.14285714285714285,0.14285714285714285,1.0,False,3.00895980068037,1,3.630938990311662,1.81508440991162,0.42957287247410064,0.6333333333333333,0.42857142857142855
0c25d0a5e8cdbf19,Lukasz Brzeski,7,1,6,0,0,1,0,0,2022-08-13,2025-07-19,4,31.735080118003793,75.0,78.0,236.0,Orthodox,7,7,0,0.14285714285714285,0.0,0.0,False,2.932298404484692,1,4.7993560048055945,0.0,0.5518056568933442,0.0,0.0
2b68d9f125d07b42,Jared Vanderaa,7,1,6,0,0,1,0,0,2021-02-20,2022-10-29,2,29.64331916466457,76.0,80.0,265.0,Orthodox,7,7,0,0.14285714285714285,0.0,0.0,False,1.6865507163049207,1,4.508040065671482,0.0,0.4620109671478451,0.0,0.0
35faad160d346839,Mizuto Hirota,7,1,5,0,0,1,0,0,2013-03-02,2018-12-01,5,34.91105224611046,67.0,67.0,155.0,Orthodox,7,6,1,0.16666666666666666,0.0,0.0,False,5.749604714675866,1,3.4952380952380957,1.2857142857142858,0.37896523415420547,0.3761904761904762,0.14285714285714285
55fa6ce3e522c8bb,Zhalgas Zhumagulov,7,1,6,0,1,0,1,0,2020-07-11,2023-06-24,4,33.31485246103616,64.0,66.0,125.0,Switch,7,7,0,0.14285714285714285,0.14285714285714285,1.0,False,2.951463753533611,1,5.45771188572977,1.0,0.4297789206418218,0.22379953379953382,0.14285714285714285
64360e618823a8e4,Phillipe Nover,7,1,6,0,0,1,0,1,2008-12-13,2017-02-11,6,29.281133180597234,69.0,72.0,145.0,Orthodox,7,7,0,0.14285714285714285,0.0,0.0,False,8.16443869483973,1,1.9319727891156462,0.8571428571428571,0.36553272179277896,0.1,0.5714285714285714
817e0bdf08efce2e,Elvis Sinosic,7,1,6,0,1,0,1,1,2001-02-23,2007-04-21,5,32.67535561011813,75.0,77.0,205.0,Orthodox,7,7,0,0.14285714285714285,0.14285714285714285,1.0,False,6.154814951710165,1,1.5896690576186596,0.0,0.3941900106793724,0.0,0.5714285714285714
8d9586726252dbf7,Kevin Casey,7,1,3,0,0,1,0,0,2013-04-13,2016-08-27,4,34.03570426301899,71.0,77.0,185.0,Southpaw,7,4,3,0.25,0.0,0.0,False,3.3731014326098414,1,3.8621101352723164,0.42857142857142855,0.49628731713053253,0.13333333333333333,0.2857142857142857
9f842be1a5337be6,Michihiro Omigawa,7,1,6,0,0,1,0,0,2007-09-22,2012-08-04,4,34.720963273910975,66.0,68.0,145.0,Orthodox,7,7,0,0.14285714285714285,0.0,0.0,False,4.867998658425567,1,2.066666666666667,1.1428571428571428,0.4108455868628202,0.37857142857142856,1.1428571428571428
aa5b4eff51bdc7d1,Gilbert Melendez,7,1,6,0,0,1,0,2,2013-04-20,2019-07-06,6,33.61328432479791,69.0,73.0,145.0,Orthodox,7,7,0,0.14285714285714285,0.0,0.0,False,6.2095730918499354,1,2.9394073561628042,0.5398823936354202,0.2818254353695921,0.3541666666666667,0.0
be9bdec19b7e9ffe,Austen Lane,7,1,5,0,0,1,0,0,2023-06-24,2026-03-21,4,36.88782110515616,78.0,80.0,205.0,Orthodox,7,6,1,0.16666666666666666,0.0,0.0,False,2.7406449139954963,1,3.084304861405724,0.7261904761904763,0.48895130361295774,0.20833333333333334,0.0
0112352cb32f5026,Denis Tiuliulin,6,1,5,1,0,0,1,0,2022-03-26,2024-08-03,3,34.97813096778168,73.0,77.0,185.0,Orthodox,6,6,0,0.16666666666666666,0.16666666666666666,1.0,False,2.357337933017105,1,3.3162440543988425,0.5,0.3791298936004924,0.19999999999999998,0.0
3920d0cc288f9b0d,Francisco Prado,6,1,5,1,0,0,1,0,2023-02-11,2026-04-11,4,22.165182492909963,70.0,69.0,170.0,Orthodox,6,6,0,0.16666666666666666,0.16666666666666666,1.0,False,3.162282593071726,1,4.362131519274377,0.6666666666666666,0.4766244662268719,0.11666666666666667,0.6666666666666666
51e86de150ee8be6,Thibault Gouti,6,1,5,1,0,0,1,0,2016-02-27,2018-10-27,3,30.159870953316403,70.0,72.0,155.0,Orthodox,6,6,0,0.16666666666666666,0.16666666666666666,1.0,False,2.6639835177998177,1,3.5119957254724596,0.6666666666666666,0.3076540587808905,0.8,0.16666666666666666
544d7460b3e44393,Albert Morales,6,1,4,0,0,1,0,0,2016-09-17,2018-02-24,3,26.004640752376844,69.0,72.0,135.0,Orthodox,6,5,1,0.2,0.0,0.0,False,1.4374011786689664,1,3.550604330121237,0.8756262476298509,0.3328787359209648,0.36666666666666664,0.0
55f80a8aeffcdb33,Dustin Pague,6,1,5,0,1,0,1,0,2011-12-03,2013-10-19,3,25.190569735632263,69.0,74.0,135.0,Orthodox,6,6,0,0.16666666666666666,0.16666666666666666,1.0,False,1.8782042067941163,1,1.769448263472615,1.362087865755966,0.575025025025025,0.6,1.6666666666666667
78f485f851891d68,Journey Newson,6,1,4,0,0,1,0,0,2019-06-29,2023-04-29,4,32.31095322514037,65.0,67.0,135.0,Orthodox,6,5,1,0.2,0.0,0.0,False,3.8330698097839107,1,3.4746228570908335,0.3333333333333333,0.33923936709206526,0.16666666666666666,0.16666666666666666
7abe471b61725980,Fabricio Camoes,6,1,4,0,1,0,1,0,2009-11-21,2014-10-25,5,33.273783855931335,70.0,71.0,155.0,Orthodox,6,5,1,0.2,0.16666666666666666,1.0,False,4.9254947055723255,1,1.3687731630439963,1.8851410934744266,0.39086240942487116,0.38522727272727275,0.8333333333333334
b4537562f88ac582,Khalid Taha,6,1,4,1,0,0,1,0,2018-07-22,2022-09-03,5,28.320453762454623,65.0,69.0,135.0,Orthodox,6,5,1,0.2,0.16666666666666666,1.0,False,4.117812138510716,1,4.061538461538461,0.0,0.45438514219415094,0.0,0.16666666666666666
b6c4451cb13c9303,Andy Ogle,6,1,5,0,0,1,0,0,2012-09-29,2015-01-24,4,24.75432988585209,68.0,69.0,145.0,Orthodox,6,6,0,0.16666666666666666,0.0,0.0,False,2.319007234919266,1,1.8540935672514618,1.1973684210526316,0.45698251714478894,0.4248484848484848,0.0
c4d039123e62f6a9,Dennis Buzukja,6,1,5,1,0,0,1,0,2023-08-05,2026-08-01,3,27.12079417555916,69.0,70.0,145.0,Switch,6,6,0,0.16666666666666666,0.16666666666666666,1.0,False,2.9897944516314503,1,4.574442363770646,0.0,0.42670290807741873,0.0,0.0
c549573c0df4d676,Maki Pitolo,6,1,5,1,0,0,1,0,2019-10-05,2021-12-04,3,29.85322536853369,70.0,75.0,185.0,Orthodox,6,6,0,0.16666666666666666,0.16666666666666666,1.0,False,2.1656844425279096,1,3.6301738853508865,2.7700951055333647,0.4361178584616708,0.6136363636363636,0.5
e4ba58725825412d,Dan Argueta,6,1,3,0,0,1,0,0,2022-06-04,2024-10-12,3,29.999703393407575,67.0,68.0,135.0,Southpaw,6,4,2,0.25,0.0,0.0,False,2.357337933017105,1,2.3083260460555954,5.158518165195962,0.523915372320158,0.49561403508771923,1.1666666666666667
e9ac7bfb65c25497,John Phillips,6,1,5,1,0,0,1,0,2018-03-17,2020-10-17,3,34.12618557077376,71.0,75.0,185.0,Southpaw,6,6,0,0.16666666666666666,0.16666666666666666,1.0,False,2.5873221216041395,1,3.982719597987442,0.0,0.3583589655958077,,0.0
ec23c1be628d8057,Trevin Jones,6,1,4,1,0,0,1,0,2020-08-22,2023-03-04,4,31.338539919824957,67.0,70.0,135.0,Southpaw,6,5,1,0.2,0.16666666666666666,1.0,False,2.529826074457381,1,2.453201371823058,0.6953103575607994,0.4174859293676512,0.1875,0.16666666666666666
f1f9e48a0d150757,Steve Cantwell,6,1,5,0,1,0,1,0,2008-12-10,2012-02-25,4,23.570641423164062,74.0,75.0,185.0,Orthodox,6,6,0,0.16666666666666666,0.16666666666666666,1.0,False,3.2088270121905307,1,3.225865209471767,0.9480874316939891,0.3392151867551363,0.5357142857142857,0.5
f748267c4ab6c127,Rhys McKee,6,1,5,1,0,0,1,0,2020-07-25,2025-09-06,4,27.691191468681765,74.0,78.0,170.0,Orthodox,6,6,0,0.16666666666666666,0.16666666666666666,1.0,False,5.117148196061521,1,4.457063711911357,0.0,0.38286158781962704,0.0,0.0
f8dc544e7077d014,Jorge Santiago,6,1,5,1,0,0,1,0,2006-06-28,2013-02-16,3,28.62207985105786,73.0,75.0,170.0,Orthodox,6,6,0,0.16666666666666666,0.16666666666666666,1.0,False,6.639424491947131,1,1.9626262148610902,1.5755807429020312,0.3889819330509314,0.4,0.5
f9d0cae37dabfafc,Ike Villanueva,6,1,5,1,0,0,1,0,2020-05-13,2022-04-23,3,37.02015327716061,73.0,73.0,205.0,Orthodox,6,6,0,0.16666666666666666,0.16666666666666666,1.0,False,1.9439139749618404,1,3.9237333906138794,0.42134831460674155,0.44506649780911384,0.5,0.0
fdbefee0827e1567,Wu Yanan,6,1,5,0,1,0,1,0,2017-11-25,2022-08-20,5,24.109096467871804,68.0,66.0,135.0,Orthodox,6,6,0,0.16666666666666666,0.16666666666666666,1.0,False,4.73384121508313,1,4.1723856209150325,0.5,0.4566652994080547,0.4,0.16666666666666666
01fcef7e3d051722,Henry Briones,5,1,4,0,1,0,1,0,2014-11-15,2018-05-19,5,35.83591723307118,68.0,69.0,135.0,Orthodox,5,5,0,0.2,0.2,1.0,False,3.507258875952278,1,3.0715574665036227,0.0,0.43161997200912294,0.0,0.4
04b39f4e8eb59d7c,Oluwale Bamgbose,5,1,4,1,0,0,1,0,2015-08-08,2017-12-16,3,29.092999856259883,71.0,78.0,185.0,Switch,5,5,0,0.2,0.2,1.0,False,2.357337933017105,1,3.7777631545813235,0.9836065573770492,0.4991967109424415,0.2,0.0
05866d8c3a321856,Marvin Eastman,5,1,4,0,0,1,0,0,2003-06-06,2008-06-21,4,34.944454711595725,69.0,73.0,185.0,Orthodox,5,5,0,0.2,0.0,0.0,False,5.043224706872831,1,1.94247458629507,2.8470588235294114,0.3298876404494382,0.2222222222222222,0.0
1235b31de15d0c6e,Montserrat Conejo Ruiz,5,1,4,0,0,1,0,0,2021-03-20,2025-11-01,3,30.11697707687358,60.0,61.0,115.0,Southpaw,5,5,0,0.2,0.0,0.0,False,4.618849120789612,1,2.5878515391854746,1.2192448233861144,0.29795658415274395,0.6555555555555556,0.4
1dab0d1d81dd06db,Tra Telligman,5,1,4,0,1,0,1,0,1997-02-07,2005-08-20,4,35.593886253653395,74.0,,233.0,Orthodox,5,5,0,0.2,0.2,1.0,False,8.53131823377619,1,2.2311069171720086,0.0,0.3352174185702834,0.0,0.2
202b0467521c9d6f,Viktor Pesta,5,1,4,0,0,1,0,0,2014-05-31,2017-01-15,4,25.23857437182146,75.0,77.0,240.0,Orthodox,5,5,0,0.2,0.0,0.0,False,2.6283907267089672,1,1.5321148295748575,3.350282485875706,0.3915956775903252,0.3606837606837607,0.0
219a254e15d60135,Tim Hague,5,1,4,0,1,0,1,0,2009-05-23,2011-01-22,3,26.760850667707068,76.0,76.0,260.0,Orthodox,5,5,0,0.2,0.2,1.0,False,1.667385367256001,1,1.4544506517690876,2.364705882352941,0.27214285714285713,0.5714285714285714,0.4
231926533134ec1f,Justin Buchholz,5,1,4,0,1,0,1,0,2008-01-23,2010-02-06,3,25.52714977035805,72.0,73.0,155.0,Orthodox,5,5,0,0.2,0.2,1.0,False,2.039740720206438,1,2.275498095477208,0.0,0.27258550972836687,0.0,0.4
26b63bc5c0c1f65d,Alex Chambers,5,1,4,0,1,0,1,0,2014-12-12,2018-09-22,4,37.70207464903454,63.0,63.0,115.0,Southpaw,5,5,0,0.2,0.2,1.0,False,3.7783116696441406,1,2.892840462251127,1.8671646596690064,0.585853836882531,0.4928571428571429,0.6
26e3f3928b1891d9,Hannah Goldy,5,1,4,0,1,0,1,0,2019-08-03,2023-09-23,4,29.451665674175377,64.0,61.0,115.0,Orthodox,5,5,0,0.2,0.2,1.0,False,4.139715394566624,1,3.519109978084887,0.6,0.41176587521546304,0.1349206349206349,0.2
29162be25ebef5f0,Luis Gurule,5,1,4,0,0,1,0,0,2025-04-05,2026-05-30,2,32.10141207553885,65.0,64.0,125.0,Orthodox,5,5,0,0.2,0.0,0.0,False,1.149920942935173,1,3.9281275944942102,0.8347826086956521,0.4068129269185288,0.19583333333333333,0.2
304a21d0595e1a08,Justin Jaynes,5,1,4,1,0,0,1,0,2020-06-20,2021-06-26,2,31.31015695051918,67.0,68.0,145.0,Orthodox,5,5,0,0.2,0.2,1.0,False,1.0157634995927363,1,7.297448234957862,0.4,0.44960382548845745,0.3333333333333333,0.6
3bb2dc8e87b10a46,David Zawada,5,1,4,0,1,0,1,0,2018-07-22,2021-09-04,3,29.42373902270409,72.0,75.0,170.0,Orthodox,5,5,0,0.2,0.2,1.0,False,3.1212139879668985,1,3.348748292705512,0.8,0.3799318839311235,0.475,1.4
5c1ca0c72b599a3c,Rafael Cavalcante,5,1,4,1,0,0,1,0,2013-06-08,2016-02-06,4,34.400158798606405,73.0,74.0,205.0,Orthodox,5,5,0,0.2,0.2,1.0,False,2.6639835177998177,1,4.226744075209536,0.0,0.47825484415648345,0.0,0.0
68c11c27d4d56572,Dominique Steele,5,1,4,1,0,0,1,0,2015-07-25,2017-06-10,3,28.292435847416442,70.0,74.0,170.0,Orthodox,5,5,0,0.2,0.2,1.0,False,1.8782042067941163,1,2.5938014168613925,2.5483253588516748,0.5854927807066855,0.37987012987012986,0.0
784285b7ae7dd85f,Shane Campbell,5,1,4,0,0,1,0,0,2015-04-25,2016-08-27,2,28.97636501776217,72.0,71.0,155.0,Orthodox,5,5,0,0.2,0.0,0.0,False,1.3415744334243687,1,4.581683088740111,0.8,0.60392577461387,0.26666666666666666,0.0
7bd94b60d7521e4a,John Albert,5,1,4,1,0,0,1,0,2011-12-03,2013-07-27,3,25.811892099084854,68.0,68.0,135.0,Orthodox,5,5,0,0.2,0.2,1.0,False,1.6482200182070816,1,5.887591325917994,0.0,0.4529233511586453,0.0,1.8
88a9bc81271ccd89,Vinny Magalhaes,5,1,4,0,1,0,1,1,2008-12-13,2013-08-03,4,27.07516239210935,75.0,75.0,205.0,Orthodox,5,5,0,0.2,0.2,1.0,False,4.638014469838532,1,2.526252366559272,1.081283422459893,0.4822512788145413,0.4444444444444444,0.4
8f382b3baa954d2a,Jessica Aguilar,5,1,4,0,0,1,0,0,2015-08-01,2019-03-30,4,35.574720904604476,63.0,63.0,115.0,Orthodox,5,5,0,0.2,0.0,0.0,False,3.6605816683436347,1,4.555354449472096,0.8,0.5479837582114109,0.16,0.2
8f3df4c579cfbb69,David Mitchell,5,1,4,0,0,1,0,0,2010-09-15,2013-10-09,3,32.73167826854761,72.0,75.0,170.0,Orthodox,5,5,0,0.2,0.0,0.0,False,3.0664558478271284,1,1.7761403508771931,0.6,0.3809767486182581,0.38888888888888884,1.8
9dedfdd91070ddd8,Victoria Leonardo,5,1,4,0,0,1,0,0,2021-01-20,2024-08-24,4,32.52085942900949,65.0,64.0,125.0,Orthodox,5,5,0,0.2,0.0,0.0,False,3.592133993168922,1,2.4177212731789526,0.4,0.30738989405656075,0.08333333333333333,0.0
b12fc8a41e82d3a2,Joby Sanchez,5,1,4,0,0,1,0,0,2014-08-23,2018-11-10,3,25.04801604413506,66.0,68.0,135.0,Orthodox,5,5,0,0.2,0.0,0.0,False,4.216376790762301,1,3.044396073410158,0.4,0.3016261800724386,0.3333333333333333,0.2
b72a60a0cadff408,Louis Gaudinot,5,1,3,0,1,0,1,0,2011-12-03,2015-01-03,5,28.766641341026855,63.0,63.0,125.0,Orthodox,5,4,1,0.25,0.2,1.0,False,3.085621196876048,1,2.422176987951018,0.6060606060606061,0.36334442388297483,0.3333333333333333,0.8
ba043b03eb799063,Phil Harris,5,1,3,0,0,1,0,0,2012-10-05,2014-07-19,3,30.013484192009418,64.0,65.0,125.0,Orthodox,5,4,1,0.25,0.0,0.0,False,1.7851153685565069,1,2.6806003902759494,1.294980694980695,0.36626399331662485,0.446078431372549,0.0
c482c8605455a213,Junior Albini,5,1,4,1,0,0,1,0,2017-07-22,2019-06-29,3,27.27119653380973,75.0,74.0,264.0,Orthodox,5,5,0,0.2,0.2,1.0,False,1.935700253940875,1,4.91258240454191,2.731234866828087,0.5635963407661521,0.4444444444444444,0.0
cbd6f1abf955e628,Dave Herman,5,1,4,1,0,0,1,0,2011-06-11,2013-07-06,3,27.696667282695746,76.0,77.0,242.0,Orthodox,5,5,0,0.2,0.2,1.0,False,2.069857697283312,1,5.56975554587325,0.9911942975267521,0.6086711711711711,1.0,0.0
ebef46976554f975,Jordan Griffin,5,1,4,0,1,0,1,0,2018-12-15,2021-04-10,4,29.95598814486266,70.0,73.0,145.0,Southpaw,5,5,0,0.2,0.2,1.0,False,2.319007234919266,1,2.400823680823681,1.4,0.4969767452722237,0.36428571428571427,1.6
f215cfbd4ba3c270,Garreth McLellan,5,1,4,1,0,0,1,0,2015-04-11,2017-03-11,3,33.590285905939204,73.0,72.0,185.0,Southpaw,5,5,0,0.2,0.2,1.0,False,1.9165349048919553,1,3.579597667639618,0.800890868596882,0.5101301323944262,0.1625,0.6
fbf0537e420e698e,Daniel Teymur,5,1,4,0,0,1,0,0,2017-07-16,2019-12-14,3,30.803096572824906,65.0,69.0,145.0,Orthodox,5,5,0,0.2,0.0,0.0,False,2.4120960731568752,1,2.6651791513670484,0.6864864864864864,0.44560827565953404,0.2916666666666667,0.2
009c4420727149ea,AJ Dobson,4,1,3,0,0,1,0,0,2022-02-12,2024-03-23,3,31.143692204494272,73.0,76.0,185.0,Orthodox,4,4,0,0.25,0.0,0.0,False,2.1081883953811507,1,3.774175824175824,1.25,0.4410282953761214,0.8333333333333333,0.0
01784fbc27c68b14,Rachael Ostovich,4,1,3,0,1,0,1,0,2017-12-01,2020-11-28,4,27.945816820331697,63.0,62.0,125.0,Orthodox,4,4,0,0.25,0.25,1.0,False,2.9925323586384387,1,2.2362471817995493,4.445121951219512,0.4483251397725082,0.6666666666666666,0.5
01c9e4013afce141,Michael Aswell Jr.,4,1,3,1,0,0,1,0,2025-05-31,2026-06-20,2,25.229813069399096,68.0,69.0,145.0,Orthodox,4,4,0,0.25,0.25,1.0,False,1.0540941976905753,1,9.145098039215686,0.25,0.42324703344120823,0.5,0.0
025f0b1b58fbad01,Darko Stosic,4,1,3,1,0,0,1,0,2018-07-22,2020-01-25,3,27.298986289930664,72.0,76.0,205.0,Orthodox,4,4,0,0.25,0.25,1.0,False,1.5113246678576562,1,2.649481865284974,2.75,0.4783860055781698,0.4666666666666666,0.0
029afd138865d20a,Rafael Alves,4,1,3,0,1,0,1,0,2021-05-22,2023-02-25,3,31.377098776840043,68.0,68.0,155.0,Orthodox,4,4,0,0.25,0.25,1.0,False,1.7632121125005988,1,2.2376811594202897,0.32608695652173914,0.47967596129360834,0.16666666666666666,1.0
04c15b52c3cc1cab,Nate Mohr,4,1,3,0,0,1,0,0,2007-04-05,2009-01-17,2,24.767791261969787,69.0,72.0,155.0,Orthodox,4,4,0,0.25,0.0,0.0,False,1.7878532755634955,1,2.874682246592359,0.2727272727272727,0.515271956448427,0.5,0.0
0641c21bec209472,Mike Jackson,4,1,2,0,0,0,0,0,2016-02-06,2022-10-15,3,34.68722834828915,74.0,74.0,170.0,Orthodox,4,3,1,0.3333333333333333,0.0,0.0,False,6.688706818072924,1,4.843362995921394,0.25,0.5614364364364364,0.3333333333333333,0.0
065eb44700e641a4,Devin Powell,4,1,3,1,0,0,1,0,2017-01-15,2018-11-17,2,29.828812364388043,72.0,73.0,155.0,Orthodox,4,4,0,0.25,0.25,1.0,False,1.8371356016892886,1,3.6571428571428575,0.0,0.42452711151429395,0.0,0.5
082eba4cd80f736f,Jarno Errens,4,1,3,0,0,1,0,0,2022-09-03,2024-08-10,3,28.911613517046895,71.0,73.0,145.0,Orthodox,4,4,0,0.25,0.0,0.0,False,1.935700253940875,1,2.971264367816092,0.0,0.3775277350630315,0.0,0.25
0abcf6bc47191219,Bruno Lopes,4,1,3,0,0,1,0,0,2025-01-11,2026-08-08,2,32.509223324229794,74.0,74.0,205.0,Orthodox,4,4,0,0.25,0.0,0.0,False,1.5715586220114033,1,2.4320742480495174,2.0025083612040135,0.4523015873015873,0.4523809523809524,0.0
0d0351c20169a499,Jon Delos Reyes,4,1,3,0,1,0,1,0,2014-01-04,2015-10-24,2,27.347584139304708,66.0,67.0,125.0,Orthodox,4,4,0,0.25,0.25,1.0,False,1.801542810598438,1,3.2494457382100634,3.3709448625974496,0.39852714783749266,0.9166666666666666,0.75
0de720c0f1d4ab9c,Danny Chavez,4,1,2,0,0,1,0,0,2020-08-15,2022-06-18,3,34.25327008768147,68.0,67.0,145.0,Orthodox,4,3,1,0.3333333333333333,0.0,0.0,False,1.8398735086962772,1,2.775,1.5,0.37416197371949583,0.7333333333333334,0.0
102a8fdf8cbf7467,Kleydson Rodrigues,4,1,3,1,0,0,1,0,2022-05-07,2024-05-18,3,27.57140803712602,65.0,67.0,135.0,Orthodox,4,4,0,0.25,0.25,1.0,False,2.0315269991854725,1,5.9377534064473245,0.5,0.6245629370629371,0.14285714285714285,0.25
103b06d8707895a9,Emil Meek,4,1,3,0,0,1,0,0,2016-12-10,2020-02-22,3,29.784321375524478,71.0,74.0,170.0,Switch,4,4,0,0.25,0.0,0.0,False,3.2006132911695655,1,2.5166666666666666,0.25,0.392626695072539,0.25,1.0
103e2e33a60683e1,Irina Alekseeva,4,1,3,0,1,0,1,0,2023-04-29,2025-10-11,2,34.10336967904885,68.0,67.0,135.0,Orthodox,4,4,0,0.25,0.25,1.0,False,2.453164678261703,1,4.118441974179477,0.25,0.36708437575560193,0.125,0.25
11583163f45c7b31,Lucas Alexander,4,1,3,0,0,1,0,0,2022-10-15,2025-02-01,3,28.175801008918732,71.0,73.0,145.0,Orthodox,4,4,0,0.25,0.0,0.0,False,2.299841885870346,1,4.260277609134151,0.0,0.5948302093476144,0.0,0.0
12f1b140e248bdb9,Jerrod Sanders,4,1,2,0,0,1,0,0,2014-07-16,2016-07-07,3,35.586630800084876,68.0,72.0,135.0,Orthodox,4,3,1,0.3333333333333333,0.0,0.0,False,1.9767688590457024,1,0.9601792943898206,1.3139097744360901,0.6121212121212121,0.23611111111111108,0.75
132f860d02953f4c,Goran Reljic,4,1,3,1,0,0,1,0,2008-05-24,2010-11-13,2,25.759598075251375,75.0,81.0,205.0,Southpaw,4,4,0,0.25,0.25,1.0,False,2.4723300273106226,1,1.95,1.5,0.37115508365508365,0.6444444444444445,1.0
148bb103cfbf123e,Toshiomi Kazama,4,1,3,0,1,0,1,1,2023-02-04,2025-08-09,3,26.870503843336962,67.0,69.0,135.0,Orthodox,4,4,0,0.25,0.25,1.0,False,2.5106607254084614,1,2.7693772248083244,1.4421686746987952,0.42795698924731185,0.3703703703703704,0.5
165c244bcca3ed26,Seo Hee Ham,4,1,3,0,0,1,0,0,2014-12-12,2016-11-26,3,28.81167991129181,62.0,62.0,115.0,Southpaw,4,4,0,0.25,0.0,0.0,False,1.957603509996783,1,4.2,0.0,0.4010022522369887,0.0,0.25
18e8b7070228e728,Darrell Horcher,4,1,3,0,0,1,0,0,2016-04-16,2018-11-30,3,30.086175623044962,70.0,70.0,155.0,Southpaw,4,4,0,0.25,0.0,0.0,False,2.6229149126949904,1,1.9076532197221852,0.25,0.39588080048606367,0.5,0.5
19b7738321cfae42,Mallory Martin,4,1,3,0,1,0,1,0,2019-12-07,2021-12-04,3,26.831488668487374,64.0,63.0,115.0,Orthodox,4,4,0,0.25,0.25,1.0,False,1.9931963010876335,1,2.910858421801251,1.708882720333102,0.49354636591478696,0.5,0.25
1d4bbaabd8b60173,Stanislav Nedkov,4,1,2,1,0,0,1,0,2011-08-27,2015-01-24,4,31.23814999623538,71.0,71.0,205.0,Orthodox,4,3,1,0.3333333333333333,0.25,1.0,False,3.4114321307076803,1,3.8217866657980335,1.9329896907216497,0.4564425770308123,0.20833333333333334,0.0
1e7483dbff40b84b,Vik Grujic,4,1,3,1,0,0,1,0,2014-04-16,2015-05-09,2,37.64485239258849,71.0,73.0,170.0,Orthodox,4,4,0,0.25,0.25,1.0,False,1.062307918711541,1,2.3772279934390377,2.2223892837616184,0.5141509433962264,0.29166666666666663,0.25
1eff7bc0f815b270,Yorgan De Castro,4,1,3,1,0,0,1,0,2019-10-05,2021-04-10,3,33.57084676618959,72.0,74.0,250.0,Orthodox,4,4,0,0.25,0.25,1.0,False,1.5140625748646448,1,1.8263736263736265,0.0,0.3357444005270092,0.0,0.0
22e07d3da1aa3475,Andrey Pulyaev,4,1,3,1,0,0,1,0,2025-03-22,2026-06-27,2,28.147737462097098,76.0,78.0,185.0,Southpaw,4,4,0,0.25,0.25,1.0,False,1.2649130372286905,1,2.291736694677871,0.0,0.470554085306249,0.0,0.0
242d36d241b43c12,Kron Gracie,4,1,3,0,1,0,1,0,2019-02-17,2024-12-07,3,33.271045948924346,69.0,70.0,145.0,Southpaw,4,4,0,0.25,0.25,1.0,False,5.804362854815636,1,2.34560697518444,1.7857142857142856,0.346237973967176,0.25,0.5
27fc9218a3653e3c,Justin Eilers,4,1,3,1,0,0,1,1,2004-08-21,2006-02-04,3,26.82532837772165,73.0,,235.0,Orthodox,4,4,0,0.25,0.25,1.0,False,1.456566527717886,1,2.307347369359464,0.0,0.3759920634920635,0.0,0.0
2b6d855c6e280fb1,Alex Nicholson,4,1,3,1,0,0,1,0,2016-02-06,2017-05-28,2,26.387947733355237,76.0,77.0,185.0,Orthodox,4,4,0,0.25,0.25,1.0,False,1.3059816423335182,1,3.0193142767885037,0.0,0.3987300255089629,,0.25
2c2caf2f2bab9df5,Humberto Bandenay,4,1,3,1,0,0,1,0,2017-08-05,2019-08-10,3,23.939574392355762,71.0,71.0,145.0,Southpaw,4,4,0,0.25,0.25,1.0,False,2.012361650136553,1,4.6871794871794865,1.5,0.6294827790271038,0.5333333333333333,0.25
2d447cc91bdaa545,Joachim Christensen,4,1,3,1,0,0,1,0,2016-10-01,2017-06-25,2,38.30947931853495,75.0,76.0,205.0,Orthodox,4,4,0,0.25,0.25,1.0,False,0.7310211708659315,1,2.7583496197596613,0.0,0.37536785512167514,0.0,0.0
2e25c1d983c26311,Colton Smith,4,1,3,0,0,1,0,1,2012-12-15,2014-06-28,3,26.05597650875788,72.0,71.0,155.0,Orthodox,4,4,0,0.25,0.0,0.0,False,1.5332279239135642,1,1.9613305086081905,2.8721945137157108,0.5212148962148963,0.3680555555555555,0.75
2f1a257d6777096d,Luigi Vendramini,4,1,3,1,0,0,1,0,2018-09-22,2021-09-04,3,24.6096771323162,68.0,73.0,155.0,Orthodox,4,4,0,0.25,0.25,1.0,False,2.951463753533611,1,4.847989076464747,1.099056603773585,0.4121505810562211,0.2916666666666667,0.25
32feae6d9a1e5047,Quang Le,4,1,3,0,1,0,1,0,2024-08-10,2025-09-13,2,33.34086257760255,67.0,70.0,135.0,Orthodox,4,4,0,0.25,0.25,1.0,False,1.0924248957884146,1,3.095762915884251,3.0009479271991912,0.4647682495157951,0.3133116883116883,0.25
3410cf010558dc8b,Scott Smith,4,1,3,1,0,0,1,0,2006-04-15,2007-06-16,2,27.539922106545653,72.0,70.0,185.0,Orthodox,4,4,0,0.25,0.25,1.0,False,1.1690862919840928,1,1.6794291920227165,0.0,0.414336917562724,0.0,0.5
36df8e119aec6175,Sarah Kaufman,4,1,2,0,0,1,0,0,2013-10-19,2015-12-19,3,29.12243235658501,65.0,66.0,135.0,Orthodox,4,3,1,0.3333333333333333,0.0,0.0,False,2.1656844425279096,1,7.268720054757015,0.5,0.516531091414269,0.625,0.0
37d752ec41ed84bb,Maria Oliveira,4,1,3,0,0,1,0,0,2021-10-23,2023-06-10,3,25.70141755135287,66.0,69.0,115.0,Orthodox,4,4,0,0.25,0.0,0.0,False,1.629054669158162,1,5.15,1.0,0.40348306499991893,0.45,0.0
38c5817ade8a8014,Ivana Petrovic,4,1,3,0,1,0,1,0,2023-07-01,2025-05-03,3,30.05605864596809,68.0,70.0,125.0,Southpaw,4,4,0,0.25,0.25,1.0,False,1.8398735086962772,1,1.9837445573294632,2.2296806966618288,0.41325521028745166,0.4041666666666667,0.75
39330403ad27c2bb,Patrick Williams,4,1,3,0,1,0,1,0,2014-04-26,2018-04-14,4,34.6502666036948,68.0,73.0,135.0,Orthodox,4,4,0,0.25,0.25,1.0,False,3.9672272531263473,1,4.52403656859482,2.7168417304611,0.49162058564785727,0.45555555555555555,0.25
3e61082025db8137,Yosdenis Cedeno,4,1,3,1,0,0,1,0,2014-02-22,2015-07-11,2,29.624153815615653,68.0,69.0,155.0,Orthodox,4,4,0,0.25,0.25,1.0,False,1.3799051315222077,1,1.8,0.0,0.36381423952087344,0.0,0.25
3e8118c1ab52f211,Tuco Tokkos,4,1,3,0,1,0,1,0,2024-05-18,2026-05-16,3,34.81385654736237,76.0,76.0,205.0,Orthodox,4,4,0,0.25,0.25,1.0,False,1.9931963010876335,1,1.927162453536516,2.7411504424778763,0.5111449864498645,0.2962962962962963,0.5
3f11fd1751fa83b1,Yizha,4,1,3,1,0,0,1,1,2023-02-04,2026-01-31,4,27.855465889101076,67.0,71.0,145.0,Orthodox,4,4,0,0.25,0.25,1.0,False,2.9897944516314503,1,7.486936936936937,2.0,0.5325136490894338,0.41269841269841273,0.0
40ff198adda94b9f,Mark Eddiva,4,1,3,0,0,1,0,0,2014-03-01,2016-03-19,3,28.912982470550386,68.0,68.0,145.0,Orthodox,4,4,0,0.25,0.0,0.0,False,2.050692348234392,1,3.4325289575289575,1.0,0.47115408446515317,0.1,0.0
4100c7a09497ad41,Kay Hansen,4,1,3,0,1,0,1,0,2020-06-27,2022-04-09,2,21.80537588040822,62.0,63.0,115.0,Orthodox,4,4,0,0.25,0.25,1.0,False,1.7823774615495185,1,2.9899910634495086,1.8532171581769437,0.5027420599202778,0.24366883116883117,0.75
4304992c2acc187b,Bart Palaszewski,4,1,3,1,0,0,1,0,2011-10-29,2013-04-13,3,29.09642224001862,69.0,70.0,145.0,Orthodox,4,4,0,0.25,0.25,1.0,False,1.456566527717886,1,3.6220705150362944,0.0,0.2980390103255378,,0.75
4417980b3e798abf,Reuben Duran,4,1,3,0,1,0,1,0,2011-03-03,2013-03-16,3,28.689158572729077,67.0,71.0,135.0,Orthodox,4,4,0,0.25,0.25,1.0,False,2.0370028131994498,1,2.9851236729001225,0.8776150627615064,0.4656154291717672,0.18888888888888888,0.5
44bc27bfa76dcd9e,Renee Forte,4,1,3,0,0,1,0,0,2012-10-13,2014-03-15,3,26.225726743191167,67.0,71.0,155.0,Orthodox,4,4,0,0.25,0.0,0.0,False,1.418235829620047,1,2.3781061477839387,1.75,0.2990806264026078,0.6111111111111112,0.0
494b0bfdbac74502,Brendan O'Reilly,4,1,3,0,0,1,0,0,2014-08-23,2016-12-03,3,28.305851591750685,67.0,69.0,170.0,Orthodox,4,4,0,0.25,0.0,0.0,False,2.280676536821427,1,2.2555555555555555,3.1666666666666665,0.4806501547987616,0.4,0.5
4f3064faf17aa711,Tamires Vidal,4,1,3,1,0,0,1,0,2022-11-05,2024-10-19,3,25.36944632675551,66.0,68.0,135.0,Orthodox,4,4,0,0.25,0.25,1.0,False,1.9548656029897944,1,3.308378392159094,0.0,0.5366651536617013,0.0,0.5
53c10176e3bc7416,Felipe Bunes,4,1,3,0,1,0,1,0,2024-01-13,2026-02-28,3,35.376496437298506,67.0,69.0,125.0,Orthodox,4,4,0,0.25,0.25,1.0,False,2.1273537444300703,1,2.8887539310396777,1.0380910683012257,0.42713536463536467,0.16666666666666666,1.0
54578e5927adea53,Richie Vaculik,4,1,3,0,0,1,0,0,2013-12-06,2015-11-14,3,31.321656159948528,66.0,69.0,125.0,Orthodox,4,4,0,0.25,0.0,0.0,False,1.9384381609478634,1,3.402123571992178,2.4781553398058254,0.43767180003095496,0.7555555555555555,0.75
55a7b2d4e54ffac9,Ryo Chonan,4,1,3,0,0,1,0,0,2007-11-17,2009-04-18,3,31.941792097031424,69.0,70.0,170.0,Orthodox,4,4,0,0.25,0.0,0.0,False,1.418235829620047,1,2.533333333333333,0.5,0.3900625515971296,0.5,0.0
55ed59d541f8b90c,Rolando Dy,4,1,3,0,0,1,0,0,2017-06-17,2018-06-23,2,27.281189894385236,68.0,69.0,145.0,Orthodox,4,4,0,0.25,0.0,0.0,False,1.0157634995927363,1,3.2074712643678165,0.375,0.37750611316787785,0.125,0.0
568bbad0eaced57c,Shanna Young,4,1,3,1,0,0,1,0,2020-02-15,2022-11-05,3,30.62485882666995,67.0,65.0,125.0,Orthodox,4,4,0,0.25,0.25,1.0,False,2.7214795649465766,1,3.393551345024928,0.0,0.45935774378456296,0.0,0.5
56f7d7ee06be4aab,Zac Pauga,4,1,3,0,0,1,0,0,2022-08-06,2024-02-10,3,35.17389131878136,74.0,76.0,205.0,Orthodox,4,4,0,0.25,0.0,0.0,False,1.5140625748646448,1,4.6982961992136305,0.25,0.6401533433886375,0.06666666666666667,0.0
56fcb2c4d99f9d1b,Mike Grundy,4,1,3,1,0,0,1,0,2019-03-16,2022-03-19,4,33.83163240860524,67.0,72.0,145.0,Orthodox,4,4,0,0.25,0.25,1.0,False,3.00895980068037,1,1.7171821305841926,6.583966359196961,0.3500631313131313,0.4708333333333333,0.25
57186c150c645200,Jeka Saragih,4,1,3,1,0,0,1,1,2023-02-04,2025-06-07,3,29.21483671807087,68.0,69.0,145.0,Orthodox,4,4,0,0.25,0.25,1.0,False,2.3381725839681855,1,2.6819913051441873,2.4725274725274726,0.5011111111111111,0.5,0.0
5904b0b38dc6718d,Cody Pfister,4,1,3,0,0,1,0,0,2015-02-14,2016-07-13,2,25.25240080220675,70.0,73.0,155.0,Orthodox,4,4,0,0.25,0.0,0.0,False,1.4100221085990814,1,1.376705815151276,2.819648093841642,0.36353412332675006,0.45634920634920634,0.0
5b2325cd70dbe2ea,Talita Bernardo,4,1,3,0,0,1,0,0,2017-09-02,2019-05-11,3,31.30112185739611,64.0,68.0,135.0,Orthodox,4,4,0,0.25,0.0,0.0,False,1.6865507163049207,1,3.200608998260005,1.5050335570469797,0.42630155510480056,0.2132034632034632,0.5
5b8ba8f5512893b1,Matt Sayles,4,1,3,0,1,0,1,0,2018-08-04,2021-12-18,3,25.81504069214289,67.0,68.0,155.0,Orthodox,4,4,0,0.25,0.25,1.0,False,3.3731014326098414,1,3.2708580610442866,0.5294117647058824,0.4300541493193022,0.5,0.5
5c84f673b7bb7c15,Cameron Smotherman,4,1,3,0,0,1,0,0,2024-10-19,2026-05-30,3,27.788387167429857,69.0,69.0,135.0,Orthodox,4,4,0,0.25,0.0,0.0,False,1.6098893201092423,1,3.4590909090909094,0.0,0.38124822826315363,,0.0
5cdf5339728f580d,Felipe dos Santos,4,1,3,0,0,1,0,0,2023-09-09,2025-03-22,3,23.74039165759735,67.0,70.0,125.0,Orthodox,4,4,0,0.25,0.0,0.0,False,1.5332279239135642,1,3.75,0.0,0.43533246661082414,0.0,0.5
5dd180c8b3196786,Gloria de Paula,4,1,3,0,0,1,0,0,2021-03-13,2022-06-18,2,26.405059652148914,65.0,67.0,115.0,Orthodox,4,4,0,0.25,0.0,0.0,False,1.2649130372286905,1,4.983333333333333,0.75,0.5431380534670008,0.43333333333333335,0.0
5ea918ea81b7dee2,Yao Zhikui,4,1,3,0,0,1,0,0,2014-08-23,2016-11-26,3,24.604201318302223,65.0,64.0,125.0,Orthodox,4,4,0,0.25,0.0,0.0,False,2.2615111877725074,1,1.4242424242424243,0.5,0.22171401059220028,0.16666666666666666,0.0
5fceb45939fc0c8a,Tom Niinimaki,4,1,3,0,0,1,0,0,2013-11-30,2014-12-20,2,31.92194227123076,69.0,69.0,145.0,Orthodox,4,4,0,0.25,0.0,0.0,False,1.0540941976905753,1,1.762460468058191,2.764705882352941,0.5079045664983165,0.47619047619047616,0.25
64ad3e3b0efa30bb,Ivan Erslan,4,1,3,0,0,1,0,0,2024-09-28,2026-05-16,3,33.68104752322087,74.0,72.0,205.0,Orthodox,4,4,0,0.25,0.0,0.0,False,1.629054669158162,1,2.620435510887772,0.75,0.5500272915490306,0.38888888888888884,0.0
65db4065e2bc107d,Darrius Flowers,4,1,3,1,0,0,1,0,2023-07-29,2026-04-04,3,29.9704990519997,69.0,71.0,155.0,Orthodox,4,4,0,0.25,0.25,1.0,False,2.6831488668487373,1,3.4705914906793955,2.3249376397012784,0.5084201388888889,0.4583333333333333,0.25
6add18754930182b,Julius Walker,4,1,3,0,0,1,0,0,2025-02-22,2026-06-27,2,26.297596802124616,76.0,78.0,205.0,Orthodox,4,4,0,0.25,0.0,0.0,False,1.3415744334243687,1,2.4278606965174125,3.4291044776119404,0.3864836823240898,0.3798941798941799,0.0
6ded9184b2284645,Willie Gates,4,1,3,1,0,0,1,0,2014-12-13,2016-05-08,3,28.551578745627904,68.0,72.0,125.0,Orthodox,4,4,0,0.25,0.25,1.0,False,1.401808387578116,1,3.991816536684137,0.0,0.4203977272727273,,0.25
6eaec40f724852f4,Jessin Ayari,4,1,3,0,0,1,0,0,2016-09-03,2020-10-03,4,26.00053389186636,72.0,73.0,155.0,Orthodox,4,4,0,0.25,0.0,0.0,False,4.082219347419865,1,3.1,0.0,0.32837462082912033,0.0,0.25
6fc506e1099afe20,Luan Lacerda,4,1,3,0,1,0,1,0,2023-01-21,2026-03-14,3,31.59476238389563,67.0,71.0,135.0,Orthodox,4,4,0,0.25,0.25,1.0,False,3.1431172440228066,1,3.8260807168609334,2.933030557597396,0.4659802961771194,0.40340909090909094,0.5
725b1abc9a39d873,AJ Fletcher,4,1,3,0,1,0,1,0,2022-03-12,2023-09-23,2,25.788346098824753,70.0,67.0,170.0,Switch,4,4,0,0.25,0.25,1.0,False,1.5332279239135642,1,2.9367446994651027,1.0,0.47846844193478494,0.2222222222222222,0.75
7279654c7674cd24,Klidson Abreu,4,1,2,0,0,1,0,0,2019-02-23,2020-05-30,2,26.760303086305672,72.0,74.0,205.0,Orthodox,4,3,1,0.3333333333333333,0.0,0.0,False,1.2649130372286905,1,2.1923423423423425,0.5,0.4750010621250201,0.27777777777777773,0.0
72ffecf712673af1,Adam Milstead,4,1,2,1,0,0,1,0,2016-05-29,2018-12-15,3,30.155307774971423,75.0,76.0,205.0,Orthodox,4,3,1,0.3333333333333333,0.25,1.0,False,2.546253516499312,1,3.4545713101634785,0.0,0.6030701754385965,,0.0
74d35fbc9c6a61bd,Alvaro Herrera Mendoza,4,1,3,1,0,0,1,0,2015-11-21,2018-07-28,4,26.776730528347606,72.0,74.0,155.0,Orthodox,4,4,0,0.25,0.25,1.0,False,2.6831488668487373,1,3.523779748959175,0.0,0.37401125444603706,,0.25
7559395ad833c074,Miranda Granger,4,1,3,0,0,1,0,0,2019-08-03,2022-08-06,3,28.47423287268048,67.0,68.0,115.0,Orthodox,4,4,0,0.25,0.0,0.0,False,3.00895980068037,1,2.37291504527542,0.0,0.48899629781982723,,0.0
76ee3d666c648f6b,Charles Byrd,4,1,3,0,1,0,1,0,2018-03-17,2020-06-06,3,35.347063936973385,70.0,73.0,185.0,Orthodox,4,4,0,0.25,0.25,1.0,False,2.223180489674668,1,2.8383079250625354,1.5534862593686123,0.4988888888888888,0.375,0.25
7832f2f62f04178f,Tucker Lutz,4,1,3,0,0,1,0,0,2021-05-15,2023-07-15,2,27.97798722766381,68.0,72.0,145.0,Orthodox,4,4,0,0.25,0.0,0.0,False,2.1656844425279096,1,3.426950354609929,1.75,0.433571476986187,0.5208333333333333,0.0
79325a3c1a5c3bf4,Andreas Michailidis,4,1,3,0,0,1,0,0,2020-07-15,2022-06-04,3,32.99041048070802,72.0,76.0,170.0,Orthodox,4,4,0,0.25,0.0,0.0,False,1.8864179278150817,1,2.8081761006289305,1.6650943396226416,0.4627571333775713,0.3214285714285714,0.0
79cb2a690b9ba5e8,Zarrukh Adashev,4,1,3,0,0,1,0,0,2020-06-13,2022-06-04,3,28.802097236767352,65.0,65.0,125.0,Southpaw,4,4,0,0.25,0.0,0.0,False,1.974030952038714,1,4.4254781420765035,0.0,0.41122292341804534,0.0,0.25
7a39bbac8cc0fa70,Gasan Umalatov,4,1,3,0,0,1,0,0,2014-02-01,2015-11-07,2,32.082794307891334,71.0,71.0,170.0,Orthodox,4,4,0,0.25,0.0,0.0,False,1.7632121125005988,1,2.2333333333333334,0.75,0.39969169804340265,0.09821428571428571,0.0
7b3503352cd53abb,Westin Wilson,4,1,3,0,1,0,1,0,2023-07-01,2025-08-23,3,35.34227259971115,73.0,73.0,145.0,Southpaw,4,4,0,0.25,0.25,1.0,False,2.14651909347899,1,0.9995894909688013,2.064220183486239,0.2013888888888889,0.16666666666666666,1.25
7bc96507e4b38d3b,Cody Donovan,4,1,3,1,0,0,1,0,2012-12-14,2014-07-19,3,32.611894836991866,75.0,74.0,205.0,Orthodox,4,4,0,0.25,0.25,1.0,False,1.5934618780673113,1,5.280689860221542,1.5757575757575757,0.6188746438746439,0.375,0.5
7f1bf0c255ec8756,Azat Maksum,4,1,3,0,0,1,0,0,2023-07-15,2025-10-25,3,29.639896780905836,67.0,70.0,125.0,Southpaw,4,4,0,0.25,0.0,0.0,False,2.280676536821427,1,2.75,3.5,0.2705903188923504,0.31613123718386876,0.25
80779d7441af1b52,Christian Morecraft,4,1,3,0,1,0,1,0,2010-08-07,2012-01-20,3,24.65553707468326,78.0,81.0,260.0,Orthodox,4,4,0,0.25,0.25,1.0,False,1.4538286207108975,1,2.932384313860828,3.9643223776790637,0.33126112382405287,0.7083333333333333,1.0
83b00f7597e5ac83,Juan Adams,4,1,3,1,0,0,1,0,2018-12-15,2020-02-08,3,27.445464314804546,77.0,80.0,265.0,Orthodox,4,4,0,0.25,0.25,1.0,False,1.149920942935173,1,5.19283926336492,0.6838905775075987,0.5249987812487813,0.5,0.0
84f727cf0166d6f2,Jose Johnson,4,1,3,0,1,0,1,0,2023-08-12,2025-01-11,3,28.863015667672848,72.0,71.0,125.0,Orthodox,4,4,0,0.25,0.25,1.0,False,1.418235829620047,1,2.6427017560349366,0.5030933633295838,0.5148809523809523,0.75,0.5
86bace9e4ad85542,Xiao Long,4,1,3,1,0,0,1,0,2024-06-22,2026-03-07,3,27.017666344962592,68.0,70.0,135.0,Orthodox,4,4,0,0.25,0.25,1.0,False,1.7057160653538401,1,5.146802325581395,0.75,0.49434312009984305,0.3,0.0
876f478f796495f7,Josh Quinlan,4,1,3,1,0,0,1,0,2022-08-13,2024-06-15,3,30.530401034928847,72.0,72.0,170.0,Orthodox,4,4,0,0.25,0.25,1.0,False,1.8398735086962772,1,2.9283357343760716,0.25,0.3736483134920635,0.0625,0.0
88d7b6d8230e1f3f,Saparbeg Safarov,4,1,3,0,0,1,0,0,2016-12-09,2020-03-07,4,31.824746572482663,73.0,78.0,185.0,Orthodox,4,4,0,0.25,0.0,0.0,False,3.241681896274393,1,3.2717215700432885,2.6730769230769234,0.49000815002501497,0.3333333333333333,0.0
899923ff6ab13917,Bevon Lewis,4,1,3,0,0,1,0,0,2018-12-29,2020-11-07,3,28.49613612873639,75.0,79.0,185.0,Orthodox,4,4,0,0.25,0.0,0.0,False,1.8590388577451966,1,3.1591682255065527,0.0,0.39696492376661713,0.0,0.0
8a9c6c4301f6d088,Danny Martinez,4,1,3,0,0,1,0,0,2014-02-01,2015-11-14,2,29.517375442343102,66.0,67.0,125.0,Orthodox,4,4,0,0.25,0.0,0.0,False,1.7823774615495185,1,3.216666666666667,3.5,0.31627824406714566,0.36904761904761907,0.0
8abf70f79e9e27c2,Tor Troeng,4,1,3,0,1,0,1,0,2013-04-06,2014-10-04,2,30.994476272613397,74.0,,185.0,Orthodox,4,4,0,0.25,0.25,1.0,False,1.4948972258157252,1,1.3045375218150088,1.4280104712041886,0.49294825602710457,0.3,0.25
8bbc0cfc01bc1ba1,Leonardo Mafra,4,1,3,0,0,1,0,0,2012-06-23,2015-07-18,3,25.129879463644016,70.0,70.0,155.0,Orthodox,4,4,0,0.25,0.0,0.0,False,3.0664558478271284,1,5.02084200034668,1.25,0.5061385010665115,0.8333333333333334,0.25
8cad40a75e5c97f5,Eddie Gordon,4,1,3,1,0,0,1,1,2014-07-06,2015-06-27,2,31.501673545658022,72.0,76.0,185.0,Orthodox,4,4,0,0.25,0.25,1.0,False,0.9746948944879087,1,5.715700783888456,1.6721311475409837,0.3970238095238095,0.6666666666666666,0.0
8d20d76af3f213ce,Joseph Holmes,4,1,3,0,1,0,1,0,2022-01-15,2023-05-06,2,27.144294544035812,76.0,80.0,185.0,Orthodox,4,4,0,0.25,0.25,1.0,False,1.3032437353265296,1,5.728816746671946,3.9647267964071857,0.6130931510051426,0.5,0.25
8f0d576beba1cfcd,Matt Dwyer,4,1,3,1,0,0,1,0,2014-10-04,2016-01-30,3,25.418728652881306,76.0,76.0,170.0,Orthodox,4,4,0,0.25,0.25,1.0,False,1.3224090843754492,1,2.2551546391752577,0.25,0.26836035083457765,0.041666666666666664,0.0
8f4eeaf7a0df7c1a,Teemu Packalen,4,1,3,0,1,0,1,0,2015-07-18,2019-09-07,4,29.761733642716827,73.0,75.0,155.0,Orthodox,4,4,0,0.25,0.25,1.0,False,4.139715394566624,1,5.396713615023474,0.75,0.6350694172091929,0.13636363636363635,0.5
917a5cb9821df261,Jeremy Kimball,4,1,3,1,0,0,1,0,2017-01-28,2018-07-22,2,26.752089365284707,72.0,72.0,205.0,Switch,4,4,0,0.25,0.25,1.0,False,1.4784697837737941,1,4.243205661536071,1.0273972602739725,0.47269607843137257,0.125,0.0
92aafa8f4b26269b,Walel Watson,4,1,3,1,0,0,1,0,2011-10-01,2012-09-22,2,27.595364723437168,71.0,75.0,135.0,Orthodox,4,4,0,0.25,0.25,1.0,False,0.9774328014948972,1,2.937304724261246,0.0,0.26702636576102834,0.0,0.75
93b62c5f2ba18e51,Gustavo Lopez,4,1,2,0,1,0,1,0,2020-06-13,2021-09-18,2,31.57149017433623,65.0,67.0,135.0,Orthodox,4,3,1,0.3333333333333333,0.25,1.0,False,1.2649130372286905,1,3.909543937926243,3.5107361963190185,0.4209635714218634,0.34722222222222215,0.5
96c336b463e0662c,Frankie Perez,4,1,3,1,0,0,1,0,2015-01-18,2017-07-22,3,26.93826704175993,71.0,73.0,155.0,Orthodox,4,4,0,0.25,0.25,1.0,False,2.507922818401473,1,4.3694677871148455,1.315126050420168,0.48790490555196436,0.3944444444444444,0.25
972c456ff38b2015,Claudio Ribeiro,4,1,3,1,0,0,1,0,2023-01-14,2024-03-02,2,30.988315981847677,73.0,77.0,185.0,Orthodox,4,4,0,0.25,0.25,1.0,False,1.1307555938862537,1,3.5620132036898875,0.4491017964071856,0.47410596207753125,0.5,0.0
9b7dfb3b7d99926a,Vanessa Melo,4,1,3,0,0,1,0,0,2019-09-21,2021-01-16,3,32.05609971457319,65.0,65.0,135.0,Orthodox,4,4,0,0.25,0.0,0.0,False,1.3224090843754492,1,3.4833333333333334,0.0,0.3141735700197239,0.0,0.0
9c44f290f5726d95,Martin Bravo,4,1,3,1,0,0,1,1,2016-11-05,2019-09-21,4,24.446087188648637,68.0,71.0,145.0,Southpaw,4,4,0,0.25,0.25,1.0,False,2.874802357337933,1,7.200252199038135,1.9008951406649617,0.38970313232126924,0.3666666666666667,0.0
9ccf8371fd80d45d,Luan Chagas,4,1,2,0,1,0,1,0,2016-05-14,2018-04-21,3,23.746551948363074,72.0,75.0,170.0,Orthodox,4,3,1,0.3333333333333333,0.25,1.0,False,1.935700253940875,1,4.283598731685287,0.2688172043010753,0.4270833581894943,0.0625,0.25
9d4522df6fc49a47,Kuniyoshi Hironaka,4,1,3,0,0,1,0,0,2006-10-14,2008-04-19,3,31.05471022676715,70.0,70.0,168.0,Orthodox,4,4,0,0.25,0.0,0.0,False,1.5140625748646448,1,1.6513078592092576,2.6041379666620745,0.4044218200100553,0.2375,0.75
a4dc0f2b95df4cc1,Bekzat Almakhan,4,1,3,1,0,0,1,0,2024-03-02,2026-06-27,3,27.70693443397195,67.0,68.0,135.0,Orthodox,4,4,0,0.25,0.25,1.0,False,2.319007234919266,1,3.7249999999999996,0.0,0.4191165209651614,0.0,0.0
a56607a451e4c70d,Chris Wilson,4,1,3,0,0,1,0,0,2008-03-01,2009-09-16,2,31.4592359870497,73.0,75.0,170.0,Orthodox,4,4,0,0.25,0.0,0.0,False,1.5441795519415182,1,2.2877551020408164,1.3061224489795917,0.4925224335285311,0.611111111111111,1.5
a6959da32f0e6b5d,Kyle Bradley,4,1,3,1,0,0,1,0,2008-02-02,2010-01-11,3,26.424225001197833,69.0,71.0,155.0,Orthodox,4,4,0,0.25,0.25,1.0,False,1.941176067954852,1,2.7019458544839257,3.571428571428571,0.351897512864494,0.5,0.0
a7ddae0be8b78147,Jessamyn Duke,4,1,3,0,0,1,0,0,2013-11-30,2015-07-25,3,28.105299903488778,71.0,73.0,135.0,Orthodox,4,4,0,0.25,0.0,0.0,False,1.6482200182070816,1,5.216666666666667,1.0,0.4936734811734812,0.4444444444444444,1.5
a851c35f58199231,Syuri Kondo,4,1,3,0,0,1,0,0,2017-09-22,2019-06-22,3,29.51258410508087,64.0,66.0,115.0,Orthodox,4,4,0,0.25,0.0,0.0,False,1.7467846704586678,1,4.975757575757576,0.0,0.5265397627089838,,0.25
aa03a3ca00ac6827,Carmelo Marrero,4,1,3,0,0,1,0,0,2006-10-14,2009-04-01,3,26.536479188484364,72.0,73.0,205.0,Orthodox,4,4,0,0.25,0.0,0.0,False,2.464116306289657,1,0.5715692536995635,1.5,0.34207212517415064,0.19999999999999998,0.0
ac29d508d78384c9,Marcelo Golm,4,1,3,0,1,0,1,0,2017-10-28,2019-04-20,3,25.802720110611443,75.0,75.0,249.0,Orthodox,4,4,0,0.25,0.25,1.0,False,1.4757318767668055,1,6.937926136363636,1.7578125,0.5384738186462324,0.5,0.25
af90b10c785ced3e,Mike Rio,4,1,3,0,1,0,1,0,2012-12-15,2014-01-25,3,32.03898779577952,70.0,70.0,155.0,Orthodox,4,4,0,0.25,0.25,1.0,False,1.111590244837334,1,1.7151179675004868,2.2543878290871815,0.41636613582803683,0.17424242424242425,0.5
b4880ef2f838d4e1,Silvana Gomez Juarez,4,1,3,1,0,0,1,0,2021-10-09,2022-11-12,2,37.353949773095955,63.0,65.0,115.0,Orthodox,4,4,0,0.25,0.25,1.0,False,1.0924248957884146,1,3.958396080431073,0.0,0.4364417795976731,,0.0
b6e6c3b1dcaae0a1,Will Brooks,4,1,3,0,0,1,0,0,2016-07-08,2017-11-18,2,30.33669411418441,70.0,72.0,155.0,Orthodox,4,4,0,0.25,0.0,0.0,False,1.3634776894802767,1,3.7590413943355117,2.419934640522876,0.7256787330316742,0.3888888888888889,0.25
b7f38813485745da,Michael Kuiper,4,1,3,1,0,0,1,0,2012-02-04,2013-10-26,2,23.514514329520797,72.0,73.0,185.0,Orthodox,4,4,0,0.25,0.25,1.0,False,1.7248814144027598,1,3.4105082816246273,3.2408564956876678,0.5834702626049737,0.5833333333333334,0.0
b909a9a9688b5284,Gabriel Miranda,4,1,3,0,1,0,1,0,2022-09-03,2025-03-29,4,33.857642525171634,71.0,71.0,145.0,Orthodox,4,4,0,0.25,0.25,1.0,False,2.56815677255522,1,3.0599897964518403,7.042926325667934,0.4194083180925286,0.3958333333333333,0.5
bbc9ab95fa766493,Anderson Dos Santos,4,1,3,0,1,0,1,0,2018-11-17,2021-08-07,4,34.654373464205285,65.0,70.0,135.0,Orthodox,4,4,0,0.25,0.25,1.0,False,2.7214795649465766,1,2.6600591715976334,1.3181818181818183,0.3202154254162862,0.09722222222222221,0.5
bebb4ae55ac2bf6f,Chris Fishgold,4,1,3,0,1,0,1,0,2018-10-27,2020-07-15,3,27.04983675229471,68.0,68.0,145.0,Orthodox,4,4,0,0.25,0.25,1.0,False,1.7166676933817941,1,2.5208987854688236,3.9369548831700225,0.3391716401414677,0.3333333333333333,0.75
bf0e700106d00e55,Austin Arnett,4,1,3,0,0,1,0,0,2018-01-27,2019-02-09,2,26.852022971039787,72.0,72.0,145.0,Orthodox,4,4,0,0.25,0.0,0.0,False,1.034928848641656,1,3.8090909090909095,0.6761363636363636,0.42503573419688506,0.3888888888888889,0.0
bf43fed8f29e1671,Marcin Held,4,1,3,0,0,1,0,0,2016-11-05,2017-10-21,2,25.227759639143855,69.0,71.0,155.0,Orthodox,4,4,0,0.25,0.0,0.0,False,0.9582674524459777,1,1.9660626029654036,3.4827018121911033,0.33597639229319143,0.575,0.75
c136b2a8852da5bd,Akbarh Arreola,4,1,3,0,1,0,1,0,2014-07-26,2015-11-14,2,32.09990622668501,70.0,71.0,155.0,Southpaw,4,4,0,0.25,0.25,1.0,False,1.3032437353265296,1,3.1988095238095235,2.508928571428571,0.4610379867646824,1.0,0.25
c169545ab0825f44,Geane Herrera,4,1,3,1,0,0,1,0,2015-08-08,2016-11-26,2,25.82667679692259,65.0,66.0,125.0,Orthodox,4,4,0,0.25,0.25,1.0,False,1.3032437353265296,1,1.756338028169014,0.8961267605633803,0.40076301648612755,0.5666666666666667,0.5
c23e3d4875340d8d,Zhang Tiequan,4,1,3,0,1,0,1,0,2011-02-26,2012-11-10,2,33.420946357556964,68.0,69.0,155.0,Orthodox,4,4,0,0.25,0.25,1.0,False,1.7057160653538401,1,2.2210843373493976,0.5,0.3051611188283514,1.0,1.25
c295de4e10acd4c9,Isaac Vallie-Flagg,4,1,3,0,0,1,0,0,2013-02-02,2014-11-22,2,35.8179839421754,68.0,70.0,155.0,Orthodox,4,4,0,0.25,0.0,0.0,False,1.801542810598438,1,4.733333333333333,0.25,0.463129782032312,0.16666666666666666,0.0
c2a670b22d2e196f,Aleksa Camur,4,1,3,0,0,1,0,0,2020-01-18,2023-08-05,3,25.728796621422752,73.0,74.0,205.0,Orthodox,4,4,0,0.25,0.0,0.0,False,3.5455895740501173,1,4.45,0.5,0.5601760851760852,0.1875,0.0
c3ded6f7155f9ea4,Alex Da Silva,4,1,3,0,0,1,0,0,2019-04-20,2022-06-04,3,24.423499455840982,68.0,73.0,155.0,Orthodox,4,4,0,0.25,0.0,0.0,False,3.1239518949738874,1,2.0115646258503403,1.9591836734693877,0.44990481010217853,0.47222222222222215,0.25
c4af2feb4b58bc3b,Kazuki Tokudome,4,1,3,0,0,1,0,0,2013-03-02,2014-09-20,2,26.719918957952594,71.0,73.0,155.0,Southpaw,4,4,0,0.25,0.0,0.0,False,1.5523932729624839,1,2.1798091042584433,1.9955947136563876,0.435484598914017,0.46964285714285714,0.0
c9f6385af6df66d7,Papy Abedi,4,1,3,0,0,1,0,0,2011-11-05,2013-08-28,3,34.26832857621991,71.0,,185.0,Southpaw,4,4,0,0.25,0.0,0.0,False,1.812494438626392,1,2.890144686447446,2.7996093501873847,0.5292580409356725,0.5333333333333333,0.75
cbe79765d44bd172,Alvin Robinson,4,1,3,0,0,1,0,0,2007-07-07,2008-11-15,2,25.524138072650363,69.0,68.0,155.0,Southpaw,4,4,0,0.25,0.0,0.0,False,1.3607397824732883,1,1.2978740735641678,1.3333333333333333,0.4240613553113553,0.5,0.75
cc900c6a71ed23f3,Clay Collard,4,1,3,0,0,1,0,0,2014-08-23,2015-09-05,2,21.986077742869462,71.0,73.0,145.0,Orthodox,4,4,0,0.25,0.0,0.0,False,1.034928848641656,1,4.236316001612253,2.772067714631197,0.31524973302458437,0.43636363636363634,0.5
cd01f0b768a32475,Jonathan Wilson,4,1,3,1,0,0,1,0,2015-08-08,2017-10-21,3,29.105320437791327,74.0,75.0,205.0,Southpaw,4,4,0,0.25,0.25,1.0,False,2.2040151406257484,1,3.780066545674531,0.40834845735027225,0.46209027227068467,1.0,0.0
cdb7b38b1b357f26,Louie Sutherland,4,1,3,0,0,1,0,0,2025-10-25,2026-08-08,2,32.13686797127936,75.0,76.0,258.0,Orthodox,4,4,0,0.25,0.0,0.0,False,0.7857793110057016,1,2.544805194805195,3.3333333333333335,0.6725,0.2626262626262626,0.0
d1528ac5675558b1,Rashad Coulter,4,1,3,0,0,1,0,0,2017-05-13,2018-11-24,2,36.239621621251636,71.0,76.0,205.0,Orthodox,4,4,0,0.25,0.0,0.0,False,1.5332279239135642,1,4.069577180240822,0.0,0.5276425850906139,0.0,0.0
d403b1a6f278c95e,Vagner Rocha,4,1,3,0,1,0,1,0,2011-06-11,2014-11-07,3,30.103287541838643,70.0,73.0,155.0,Orthodox,4,4,0,0.25,0.25,1.0,False,3.408694223700692,1,2.928076727782162,1.1006616257088848,0.4282822327044025,0.5714285714285714,1.0
d80ee110748171ac,Mike Breeden,4,1,3,1,0,0,1,0,2021-10-02,2023-10-21,3,33.57084676618959,70.0,70.0,155.0,Orthodox,4,4,0,0.25,0.25,1.0,False,2.050692348234392,1,4.804034690799397,0.75,0.40375302663438256,0.25,0.0
dcbf01d605681ad1,Elizabeth Phillips,4,1,3,0,0,1,0,0,2014-06-14,2016-08-20,3,28.689158572729077,66.0,65.0,135.0,Orthodox,4,4,0,0.25,0.0,0.0,False,2.1848497915768292,1,2.6,0.75,0.40935902413770786,0.2333333333333333,0.25
df05aa15b2d66f57,Chris Tuchscherer,4,1,3,0,0,1,0,0,2009-08-29,2011-02-26,3,34.66943195274372,74.0,76.0,258.0,Orthodox,4,4,0,0.25,0.0,0.0,False,1.4948972258157252,1,0.9605389511296386,0.8110972568578554,0.20456081081081082,0.19642857142857142,0.25
df2bf09c99594848,Mario Miranda,4,1,3,1,0,0,1,0,2010-03-31,2011-03-26,2,31.11836656467963,75.0,74.0,185.0,Orthodox,4,4,0,0.25,0.25,1.0,False,0.9856465225158627,1,2.4488532395429403,1.2340036563071297,0.5853658536585367,0.5,0.0
dfae5da5676e4194,Chris Dempsey,4,1,3,0,0,1,0,0,2014-07-19,2016-02-27,3,27.714463678241167,70.0,72.0,185.0,Orthodox,4,4,0,0.25,0.0,0.0,False,1.6098893201092423,1,1.1672330432380162,1.5394736842105263,0.2797101449275362,0.16666666666666666,0.0
e18a19001a3f7c7d,Alptekin Ozkilic,4,1,3,0,0,1,0,0,2013-12-14,2015-05-09,3,28.236719439824224,65.0,65.0,125.0,Orthodox,4,4,0,0.25,0.0,0.0,False,1.3990704805711274,1,3.683989842685495,4.005033613729266,0.30809264858424124,0.5565476190476191,0.0
e45cfa47f504033a,Jason Gonzalez,4,1,3,0,1,0,1,0,2016-09-10,2019-04-27,3,27.539237629793902,74.0,74.0,155.0,Southpaw,4,4,0,0.25,0.25,1.0,False,2.625652819701979,1,3.587006574245553,0.0,0.3667958656330749,,0.25
e51ee8ded927fc51,Chris de la Rocha,4,1,3,1,0,0,1,0,2015-07-18,2018-12-15,3,37.96860989616488,75.0,80.0,250.0,Orthodox,4,4,0,0.25,0.25,1.0,False,3.4114321307076803,1,3.454184889416559,1.608361799072749,0.38177382878534494,0.4166666666666667,0.5
e8fe9c15d348e778,Daniel Barez,4,1,3,0,0,1,0,0,2023-07-22,2026-05-16,4,36.026064874706535,66.0,66.0,125.0,Orthodox,4,4,0,0.25,0.0,0.0,False,2.8173063101911744,1,4.941252860058129,0.536624203821656,0.498113931966973,0.26666666666666666,0.0
eaea0fc7b76525a8,Mike Guymon,4,1,3,0,0,1,0,0,2010-01-11,2011-01-22,2,35.851523303011014,72.0,74.0,170.0,Orthodox,4,4,0,0.25,0.0,0.0,False,1.029453034627679,1,1.394669410761301,0.75,0.520042194092827,0.25,0.5
ec18eb918121787c,Kazula Vargas,4,1,3,0,0,1,0,0,2019-08-10,2022-03-19,4,35.19305666783028,68.0,71.0,155.0,Southpaw,4,4,0,0.25,0.0,0.0,False,2.606487470653059,1,3.3216006832918303,0.9297520661157025,0.579166044683286,0.16666666666666666,0.25
ec664422b22d9787,Jenel Lausa,4,1,3,0,0,1,0,0,2016-11-26,2018-06-23,3,29.049193344148065,65.0,68.0,125.0,Orthodox,4,4,0,0.25,0.0,0.0,False,1.5715586220114033,1,1.3763480392156864,0.5,0.3757521949294663,0.75,0.75
ed74afc8b5b47a61,William Macario,4,1,3,0,0,1,0,1,2013-06-08,2015-02-22,3,22.849887403574336,71.0,75.0,170.0,Orthodox,4,4,0,0.25,0.0,0.0,False,1.7084539723608287,1,4.209422157983774,1.521869639794168,0.48976418318523585,0.3333333333333333,0.0
eebc23626e38f5dc,Liana Jojua,4,1,3,0,1,0,1,0,2019-09-07,2021-11-13,3,25.50565720035319,64.0,62.0,125.0,Orthodox,4,4,0,0.25,0.25,1.0,False,2.1848497915768292,1,2.632753279933332,1.1032171581769437,0.4211670274170274,0.6666666666666666,0.75
f59e9e49ef85b469,Jason Young,4,1,3,0,0,1,0,0,2011-06-11,2012-09-29,2,25.59053231756983,69.0,73.0,145.0,Orthodox,4,4,0,0.25,0.0,0.0,False,1.3032437353265296,1,3.521014492753623,1.5,0.5359815109056767,0.6666666666666666,0.0
f65dcb22dada2223,Josh Sampo,4,1,3,0,1,0,1,0,2013-11-30,2015-05-23,3,29.937644167915835,64.0,64.0,125.0,Orthodox,4,4,0,0.25,0.25,1.0,False,1.4757318767668055,1,1.8774871476187784,1.0380910683012257,0.344606186723724,0.5714285714285714,1.5
f86cb5f25d545e0e,Daniel Spitz,4,1,3,1,0,0,1,0,2017-03-04,2019-10-18,3,27.693929375688754,79.0,82.0,245.0,Orthodox,4,4,0,0.25,0.25,1.0,False,2.6229149126949904,1,4.9340428491931,9.625,0.4773478835978836,0.75,0.0
f923e012414c883e,Lauren Mueller,4,1,3,0,0,1,0,0,2018-04-14,2019-10-12,2,27.188785532899374,65.0,67.0,125.0,Orthodox,4,4,0,0.25,0.0,0.0,False,1.4948972258157252,1,3.7125,0.75,0.38491576539319694,0.6666666666666666,0.0
f998f5c102250d6e,Yohan Lainesse,4,1,3,0,0,1,0,0,2022-04-30,2024-01-20,3,30.437312196691238,73.0,76.0,170.0,Orthodox,4,4,0,0.25,0.0,0.0,False,1.7248814144027598,1,1.6987944291207617,0.8302583025830258,0.3055239898989899,0.25,0.25
fa07345cc9db5cc9,Billy Ray Goff,4,1,3,1,0,0,1,0,2023-08-26,2026-08-08,4,26.54469290950533,70.0,72.0,170.0,Switch,4,4,0,0.25,0.25,1.0,False,2.951463753533611,1,5.2397073793837485,0.25,0.4270953784176955,0.020833333333333332,0.0
fa8b9e6b0c2269f8,Jason Dent,4,1,3,0,1,0,1,0,2006-09-23,2009-11-21,3,27.86710199388078,70.0,71.0,155.0,Orthodox,4,4,0,0.25,0.25,1.0,False,3.162282593071726,1,2.218640734265734,0.0,0.3779805037957212,,1.0
fe5a9547479396ab,Jim Alers,4,1,2,0,0,1,0,0,2014-04-11,2016-07-23,3,28.69600334024655,69.0,71.0,145.0,Orthodox,4,3,1,0.3333333333333333,0.0,0.0,False,2.2834144438284154,1,3.061487278572014,1.8756260434056762,0.409340498551401,0.43333333333333335,0.25
ff4c3ab594c7fac3,Cristiano Marcello,4,1,3,0,0,1,0,0,2012-06-01,2014-02-15,3,35.20127038885124,69.0,72.0,155.0,Orthodox,4,4,0,0.25,0.0,0.0,False,1.7084539723608287,1,3.4201198026779425,0.5,0.3565747615927786,0.0875,0.25
008dc37cca279def,Sean McCorkle,3,1,2,0,1,0,1,0,2010-09-25,2011-03-26,2,34.42735534154249,79.0,81.0,265.0,Orthodox,3,3,0,0.3333333333333333,0.3333333333333333,1.0,False,0.49829907527190836,1,0.6313346228239846,1.8220502901353968,0.3386243386243386,0.5,1.3333333333333333
00a3ff40c4b2cf21,Glaico Franca Moreira,3,1,2,0,1,0,1,1,2015-08-01,2016-09-24,2,25.04819857126886,72.0,77.0,155.0,Orthodox,3,3,0,0.3333333333333333,0.3333333333333333,1.0,False,1.149920942935173,1,2.341409581138701,2.687735139202408,0.5018697914932809,0.4222222222222222,0.3333333333333333
010986ee359fb863,John Salter,3,1,2,1,0,0,1,0,2010-01-11,2010-08-28,1,25.126685238802526,73.0,74.0,185.0,Southpaw,3,3,0,0.3333333333333333,0.3333333333333333,1.0,False,0.6269807046003683,1,1.5614488761465737,3.677770683842022,0.30987993487993487,0.4166666666666667,0.0
01b39decaf0abf6a,Benji Radach,3,1,1,0,0,1,0,0,2002-05-10,2002-09-27,1,23.263995838381348,70.0,,185.0,Orthodox,3,2,1,0.5,0.0,0.0,False,0.38330698097839105,1,8.532060185185186,0.0,0.5958132045088567,,0.0
03c9994c5b8958ec,John Cholish,3,1,2,1,0,0,1,0,2011-12-10,2013-05-18,3,28.594700780987974,71.0,74.0,155.0,Orthodox,3,3,0,0.3333333333333333,0.3333333333333333,1.0,False,1.4374011786689664,1,2.950642437591777,0.8541666666666666,0.4596306471306471,0.1111111111111111,0.0
058e4e08a1ad8aba,Dale Hartt,3,1,2,1,0,0,1,0,2008-07-19,2009-06-13,2,29.72454373920523,70.0,69.0,155.0,Orthodox,3,3,0,0.3333333333333333,0.3333333333333333,1.0,False,0.900771405299219,1,1.0865075510534472,1.4778325123152711,0.30787037037037035,1.0,0.6666666666666666
06a80a685ea98573,Irwin Rivera,3,1,2,0,0,1,0,0,2020-05-16,2020-09-19,1,31.44212406825602,66.0,67.0,135.0,Southpaw,3,3,0,0.3333333333333333,0.0,0.0,False,0.34497628288055193,1,3.3555555555555556,1.0,0.4383600284394513,0.17037037037037037,0.0
06f0ffa6446c5b6d,Branden Lee Hinkle,3,1,2,1,0,0,1,0,2005-10-07,2006-06-28,2,32.542762685065405,75.0,,235.0,Orthodox,3,3,0,0.3333333333333333,0.3333333333333333,1.0,False,0.722807449844966,1,2.7562872822715345,4.181102362204725,0.6673976608187134,0.55,1.3333333333333333
072a10e85f7d4bff,Milana Dudieva,3,1,2,0,0,1,0,0,2014-08-23,2016-11-19,3,26.003728116707848,63.0,,135.0,Orthodox,3,3,0,0.3333333333333333,0.0,0.0,False,2.2423458387235877,1,0.6786717752234993,2.688180317093894,0.22241922773837666,0.4666666666666666,0.0
0b31f87be71ebbb1,Ben Askren,3,1,2,0,1,0,1,0,2019-03-02,2019-10-26,1,34.95303348688429,71.0,73.0,170.0,Orthodox,3,3,0,0.3333333333333333,0.3333333333333333,1.0,False,0.6516218676632648,1,1.510791366906475,2.9388489208633093,0.24803149606299213,0.5357142857142857,0.3333333333333333
11f8860028b68fcf,Aaron Rosa,3,1,2,0,0,1,0,0,2011-06-11,2012-03-02,2,28.421300003878702,76.0,77.0,205.0,Orthodox,3,3,0,0.3333333333333333,0.0,0.0,False,0.7255453568519545,1,3.439390994493035,0.0,0.33459360833662505,0.0,0.0
140567899d98978a,Robelis Despaigne,3,1,2,1,0,0,1,0,2024-03-09,2024-10-19,1,35.7588907826079,79.0,84.0,265.0,Orthodox,3,3,0,0.3333333333333333,0.3333333333333333,1.0,False,0.6132911695654257,1,9.044444444444446,0.0,0.6505636070853462,,0.0
15ec018d144710db,Nathan Coy,3,1,2,0,0,1,0,0,2015-12-10,2017-04-15,3,37.89628351939693,70.0,69.0,170.0,Southpaw,3,3,0,0.3333333333333333,0.0,0.0,False,1.3470502474383457,1,3.909975534321193,3.9566542030189726,0.4329133866735493,0.8666666666666667,0.0
182f2b78582de3d8,Marcus LeVesseur,3,1,2,0,0,1,0,0,2012-05-15,2012-12-08,1,30.14891932528845,69.0,70.0,155.0,Southpaw,3,3,0,0.3333333333333333,0.0,0.0,False,0.566746750446621,1,2.2703554300569224,5.36264622831787,0.5836038961038961,0.5428571428571428,0.3333333333333333
198994b47f395af0,Carlo Pedersoli Jr.,3,1,2,0,0,1,0,0,2018-05-27,2019-02-23,2,25.322901907636705,71.0,75.0,170.0,Southpaw,3,3,0,0.3333333333333333,0.0,0.0,False,0.7447107059008741,1,3.6516536603493126,2.0033444816053514,0.41735981791847715,0.475,0.0
1b38a2b897f6209c,Felipe Silva,3,1,2,1,0,0,1,0,2016-08-27,2018-05-19,3,33.21811308012257,72.0,77.0,155.0,Orthodox,3,3,0,0.3333333333333333,0.3333333333333333,1.0,False,1.7248814144027598,1,4.897951658400782,0.40376850605652764,0.3261538461538461,1.0,0.0
1efa064872f089d0,David Bielkheden,3,1,2,0,0,1,0,0,2008-03-01,2009-04-18,2,29.32480931618491,70.0,71.0,155.0,Orthodox,3,3,0,0.3333333333333333,0.0,0.0,False,1.1307555938862537,1,1.1400316474521421,2.3333333333333335,0.8264150943396227,0.6363636363636364,0.0
1fe7adb23b3eedfb,Yuki Kondo,3,1,2,1,0,0,1,1,2000-09-22,2001-06-29,2,25.519118576470884,71.0,,183.0,Southpaw,3,3,0,0.3333333333333333,0.3333333333333333,1.0,False,0.7666139619567821,1,1.26171802054155,0.0,0.48148148148148145,0.0,0.0
2284092f8b63273b,Luke Zachrich,3,1,2,0,0,1,0,0,2014-04-19,2014-11-07,1,32.58656919717722,74.0,74.0,185.0,Orthodox,3,3,0,0.3333333333333333,0.0,0.0,False,0.5530572154116785,1,4.553149472250596,0.3333333333333333,0.3549208903191204,0.5,0.0
23a16ebe733e3041,Rory Markham,3,1,2,1,0,0,1,0,2008-07-19,2010-03-27,3,27.079725570454332,72.0,71.0,170.0,Orthodox,3,3,0,0.3333333333333333,0.3333333333333333,1.0,False,1.6865507163049207,1,2.1761049841151405,0.0,0.2316017316017316,,0.0
2721bb808bb2523c,Curt Warburton,3,1,2,0,0,1,0,0,2010-10-16,2011-06-26,2,,72.0,73.0,155.0,Orthodox,3,3,0,0.3333333333333333,0.0,0.0,False,0.6926904727680924,1,2.2474576271186444,1.6666666666666667,0.363412043978011,0.45238095238095233,0.6666666666666666
297a2b35444c245b,Mandy Bohm,3,1,2,0,0,1,0,0,2021-09-18,2023-05-13,3,32.968050906817616,67.0,71.0,125.0,Orthodox,3,3,0,0.3333333333333333,0.0,0.0,False,1.6482200182070816,1,2.431080031080031,0.8391608391608392,0.4802867383512544,0.1111111111111111,0.6666666666666666
2c010b26a3306969,Orion Cosce,3,1,2,0,0,1,0,0,2021-07-31,2023-05-20,3,27.977759068746565,71.0,71.0,170.0,Switch,3,3,0,0.3333333333333333,0.0,0.0,False,1.801542810598438,1,2.0135534915720674,2.0695187165775404,0.4679487179487179,0.35416666666666663,0.0
2ebfbe72ed703925,Tristan Connelly,3,1,2,0,0,1,0,0,2019-09-14,2022-04-30,3,35.167502869098385,70.0,68.0,145.0,Orthodox,3,3,0,0.3333333333333333,0.0,0.0,False,2.625652819701979,1,3.3111111111111113,0.3333333333333333,0.4853675213675214,0.5,0.3333333333333333
2f3f12002564bb55,Steve Bruno,3,1,2,0,1,0,1,0,2008-08-09,2009-02-07,2,27.04413277936348,70.0,,170.0,Orthodox,3,3,0,0.3333333333333333,0.3333333333333333,1.0,False,0.49829907527190836,1,0.9816793893129772,2.3842239185750635,0.48730158730158735,0.5256410256410257,0.3333333333333333
30ea504870f8597b,Josh Stansbury,3,1,2,0,0,1,0,0,2016-07-08,2017-06-25,2,32.0900953932433,74.0,74.0,205.0,Orthodox,3,3,0,0.3333333333333333,0.0,0.0,False,0.9637432664599547,1,3.1432098765432097,0.0,0.48296044557726797,0.0,0.6666666666666666
312f7d7b2b2f7de4,Djorden Santos,3,1,2,0,0,1,0,0,2025-03-08,2026-05-09,2,28.194966357967655,72.0,75.0,185.0,Orthodox,3,3,0,0.3333333333333333,0.0,0.0,False,1.1690862919840928,1,6.94209702660407,0.3333333333333333,0.4025705749021224,0.1111111111111111,0.0
31ceaf0e670c1578,Gil Castillo,3,1,2,0,0,1,0,2,2001-09-28,2002-11-22,2,36.41690109995414,69.0,,170.0,Southpaw,3,3,0,0.3333333333333333,0.0,0.0,False,1.149920942935173,1,0.5644444444444444,2.4,0.45838383838383834,0.6842105263157895,0.0
37b1696e6d115957,Rolando Delgado,3,1,2,0,1,0,1,0,2008-12-13,2009-11-14,2,27.53148022660744,75.0,77.0,155.0,Orthodox,3,3,0,0.3333333333333333,0.3333333333333333,1.0,False,0.9199367543481386,1,2.0851515288515152,1.0182648401826484,0.43333333333333335,0.225,2.0
39cc64bf0a269db9,Niklas Backstrom,3,1,2,0,1,0,1,0,2014-05-31,2015-06-20,2,25.238939426089058,73.0,,145.0,Orthodox,3,3,0,0.3333333333333333,0.3333333333333333,1.0,False,1.0540941976905753,1,2.4087532059237198,1.3333333333333333,0.4516129032258065,0.8,1.0
3a12a2f096a6d975,Roger Narvaez,3,1,2,0,0,1,0,0,2014-06-07,2015-03-14,2,31.152818561184233,75.0,,185.0,Southpaw,3,3,0,0.3333333333333333,0.0,0.0,False,0.7666139619567821,1,1.7856043788630627,0.0,0.29975262832405686,0.0,0.6666666666666666
3ae10ac4df3df05c,Jesse Lennox,3,1,2,1,0,0,1,0,2009-08-08,2010-06-12,2,27.838125811390153,69.0,72.0,170.0,Orthodox,3,3,0,0.3333333333333333,0.3333333333333333,1.0,False,0.8432753581524604,1,2.231745715265047,1.039896911593938,0.26825657894736843,0.6666666666666666,0.3333333333333333
3c241737a6069b9f,Denis Kang,3,1,2,0,0,1,0,0,2009-01-17,2009-11-14,1,31.693098877229968,71.0,77.0,185.0,Orthodox,3,3,0,0.3333333333333333,0.0,0.0,False,0.8241100091035408,1,1.9817375886524824,3.2291666666666665,0.38573250648722346,0.4777777777777778,0.6666666666666666
3c921b1a30fdcbdd,Mike Ricci,3,1,2,0,0,1,0,1,2012-12-15,2013-09-21,2,27.08520138446831,72.0,76.0,155.0,Southpaw,3,3,0,0.3333333333333333,0.0,0.0,False,0.7666139619567821,1,1.8,0.6666666666666666,0.39938924474899445,1.0,0.0
3d5b1ce6097dbb49,Augusto Mendes,3,1,2,0,0,1,0,0,2016-02-21,2017-04-15,2,33.65526556557173,66.0,65.0,135.0,Orthodox,3,3,0,0.3333333333333333,0.0,0.0,False,1.1471830359281847,1,2.4527131782945735,1.3333333333333333,0.3348217049327624,0.2222222222222222,0.0
3eeec2f53cebdf12,Jackson McVey,3,1,2,0,1,0,1,0,2025-07-19,2026-04-25,2,26.67725324042702,76.0,77.0,185.0,Southpaw,3,3,0,0.3333333333333333,0.3333333333333333,1.0,False,0.7666139619567821,1,6.320491733223562,0.0,0.5859759617907941,0.0,0.3333333333333333
3f4c3bc822bea45d,Melissa Martinez,3,1,2,0,0,1,0,0,2022-09-10,2025-07-12,3,26.711020760179878,62.0,66.0,115.0,Southpaw,3,3,0,0.3333333333333333,0.0,0.0,False,2.836471659240094,1,3.764021164021164,0.3333333333333333,0.48107423340689054,0.5,0.0
41f90012b86a11bf,Raphael Pessoa,3,1,2,0,0,1,0,0,2019-08-10,2020-07-25,2,30.81058018531067,75.0,78.0,262.0,Orthodox,3,3,0,0.3333333333333333,0.0,0.0,False,0.9582674524459777,1,1.9485380116959063,0.0,0.2622245787675268,0.0,0.0
450bcab0968562c4,John Yannis,3,1,2,1,0,0,1,0,2025-08-02,2026-06-06,2,31.589971046633405,67.0,70.0,135.0,Southpaw,3,3,0,0.3333333333333333,0.3333333333333333,1.0,False,0.8432753581524604,1,3.7989093387866393,0.0,0.3653026427962489,,0.0
4638cc6479cc0afe,Masio Fullen,3,1,2,0,0,1,0,0,2015-02-28,2016-01-30,2,28.806432256195084,70.0,70.0,145.0,Orthodox,3,3,0,0.3333333333333333,0.0,0.0,False,0.9199367543481386,1,1.9091309130913092,0.3333333333333333,0.5464344941956882,0.25,0.0
46d0a888d87d91ac,Abu Azaitar,3,1,2,0,0,1,0,0,2018-07-22,2023-10-21,3,35.01052953403104,69.0,76.0,185.0,Orthodox,3,3,0,0.3333333333333333,0.0,0.0,False,5.248567732396969,1,4.3884920634920634,1.0,0.4183143792538985,0.5,0.0
49f4b511932f71e9,David Michaud,3,1,2,0,0,1,0,0,2014-05-24,2015-04-25,2,26.02563137276376,69.0,,155.0,Orthodox,3,3,0,0.3333333333333333,0.0,0.0,False,0.9199367543481386,1,3.1114308553157475,2.3333333333333335,0.40525535070989616,0.6875,0.6666666666666666
4b8fb0453a596b8e,Hector Urbina,3,1,2,0,1,0,1,0,2014-11-15,2016-09-24,3,28.12104286877896,71.0,73.0,170.0,Orthodox,3,3,0,0.3333333333333333,0.3333333333333333,1.0,False,1.8590388577451966,1,2.255861365953109,0.0,0.4218487394957983,0.0,1.6666666666666667
4f2fcbefb668689d,Jake Rosholt,3,1,2,0,1,0,1,0,2009-02-07,2009-11-21,1,27.442954566714807,73.0,,185.0,Orthodox,3,3,0,0.3333333333333333,0.3333333333333333,1.0,False,0.7857793110057016,1,1.662026328935552,9.831942964560755,0.47222222222222227,0.6666666666666666,0.6666666666666666
4f736494fc733095,Carlos Eduardo Rocha,3,1,2,0,1,0,1,0,2010-11-13,2012-06-08,3,29.939013121419332,70.0,73.0,170.0,Orthodox,3,3,0,0.3333333333333333,0.3333333333333333,1.0,False,1.568820715004415,1,1.1281323877068556,0.0,0.4119250829777146,0.0,1.0
4f853e98886283cf,Carlo Prater,3,1,2,0,0,0,0,0,2012-01-14,2012-10-05,1,30.90823220189326,71.0,72.0,155.0,Switch,3,3,0,0.3333333333333333,0.0,0.0,False,0.7255453568519545,1,1.5333333333333332,0.0,0.48713426021996264,0.0,1.3333333333333333
5095b0920a3602aa,Blake Bilder,3,1,2,0,0,1,0,0,2023-02-11,2024-02-03,2,33.02098377561939,68.0,68.0,145.0,Switch,3,3,0,0.3333333333333333,0.0,0.0,False,0.9774328014948972,1,3.8888888888888893,0.3333333333333333,0.4370207927225471,0.047619047619047616,0.0
5140122c3eecd307,Daichi Abe,3,1,2,0,0,1,0,0,2017-09-22,2018-06-23,2,26.199944785542026,71.0,71.0,170.0,Orthodox,3,3,0,0.3333333333333333,0.0,0.0,False,0.7501865199148511,1,3.8000000000000003,0.3333333333333333,0.3349637133071128,0.5,0.0
51b1e2fd9872005b,Mackens Semerzier,3,1,1,0,1,0,1,0,2011-03-26,2012-03-02,2,30.913708015907236,69.0,72.0,145.0,Orthodox,3,2,1,0.5,0.3333333333333333,1.0,False,0.9363641963900696,1,3.7496511331805444,4.965622612681436,0.7311594202898551,0.4,0.3333333333333333
523f6ad11dbe9b53,Hans Stringer,3,1,2,0,0,1,0,0,2014-03-23,2015-07-18,2,27.350778364146194,75.0,,205.0,Orthodox,3,3,0,0.3333333333333333,0.0,0.0,False,1.3196711773684606,1,2.9008547008547008,1.9816849816849818,0.5629399585921325,0.5625,0.0
546f8599a63c29da,Robert Sanchez,3,1,2,0,1,0,1,0,2017-08-05,2018-09-08,2,31.964151670921826,66.0,66.0,125.0,Orthodox,3,3,0,0.3333333333333333,0.3333333333333333,1.0,False,1.0924248957884146,1,0.8886834446156481,9.786337955829481,0.4666666666666666,0.75,0.3333333333333333
56709e66f1c6008f,Cole Smith,3,1,2,0,0,1,0,0,2019-05-04,2020-09-05,2,30.64721840056036,71.0,67.0,135.0,Orthodox,3,3,0,0.3333333333333333,0.0,0.0,False,1.3415744334243687,1,1.777777777777778,1.6666666666666667,0.3358388957804162,0.35555555555555557,1.6666666666666667
5731cc327790b731,Matt Veach,3,1,2,1,0,0,1,0,2009-02-07,2010-04-10,2,28.355590235710977,71.0,,155.0,Orthodox,3,3,0,0.3333333333333333,0.3333333333333333,1.0,False,1.1690862919840928,1,1.3476450906645507,3.716160795366982,0.34163473818646234,0.5555555555555555,0.6666666666666666
57bad6a84230f0c9,Tony Sims,3,1,2,1,0,0,1,0,2015-06-27,2016-01-02,2,29.92532358638439,71.0,70.0,155.0,Southpaw,3,3,0,0.3333333333333333,0.3333333333333333,1.0,False,0.517464424320828,1,2.2431554811922907,1.5151515151515154,0.5786953014720709,0.5,0.3333333333333333
57bf89d42364d39e,Issei Tamura,3,1,2,1,0,0,1,0,2012-02-25,2013-03-16,2,28.433164267575652,65.0,63.0,135.0,Orthodox,3,3,0,0.3333333333333333,0.3333333333333333,1.0,False,1.0540941976905753,1,1.8861533912905042,0.9036144578313253,0.5107142857142858,0.16666666666666666,0.0
58bc81376286b3d3,Per Eklund,3,1,2,0,1,0,1,0,2008-01-19,2009-02-21,2,27.797969841954316,70.0,72.0,155.0,Orthodox,3,3,0,0.3333333333333333,0.3333333333333333,1.0,False,1.0924248957884146,1,2.6747727404319375,3.346633911511452,0.6318397364908993,0.4222222222222222,2.3333333333333335
59c438c81fbf3ece,Tereza Bleda,3,1,2,0,0,1,0,0,2022-11-19,2025-12-13,3,22.183435206289886,69.0,71.0,125.0,Orthodox,3,3,0,0.3333333333333333,0.0,0.0,False,3.0664558478271284,1,2.110684133915575,1.4366812227074235,0.37513432194283264,0.14761904761904762,0.6666666666666666
5abf827d62f98fee,Clifford Starks,3,1,2,0,0,1,0,0,2011-10-29,2013-04-20,3,31.09258460703049,72.0,78.0,185.0,Orthodox,3,3,0,0.3333333333333333,0.0,0.0,False,1.4757318767668055,1,2.023996355833663,1.0,0.3093947606142728,1.0,0.0
5cafbc97dba2e797,Robert McDaniel,3,1,2,0,1,0,1,0,2013-04-13,2014-03-15,2,30.378903513875485,75.0,75.0,185.0,Southpaw,3,3,0,0.3333333333333333,0.3333333333333333,1.0,False,0.9199367543481386,1,1.5144244860759815,1.4322344322344323,0.4327160493827161,0.6666666666666666,1.0
6967153c7edb4d87,Ozzy Diaz,3,1,2,0,0,1,0,0,2024-11-23,2026-05-09,3,34.58615394794783,76.0,79.0,185.0,Orthodox,3,3,0,0.3333333333333333,0.0,0.0,False,1.456566527717886,1,4.565703634669152,0.0,0.5224137931034484,0.0,0.0
69f01b25dfabaf6b,Mads Burnell,3,1,2,0,0,1,0,0,2017-09-02,2018-05-27,2,23.85994693023585,68.0,69.0,145.0,Orthodox,3,3,0,0.3333333333333333,0.0,0.0,False,0.7310211708659315,1,1.2616138126610383,3.365308804204993,0.42623716153127916,0.4642857142857143,0.3333333333333333
6ceff86fae4f6b3b,Jason DeLucia,3,1,2,0,1,0,1,0,1994-03-11,1999-11-19,2,26.52758099071165,71.0,,190.0,Southpaw,3,3,0,0.3333333333333333,0.3333333333333333,1.0,False,5.692108667529107,0,0.37689866243482206,4.477611940298508,0.8,0.5,1.6666666666666667
6dd758d34da8d254,Ron Stallings,3,1,2,0,0,1,0,0,2015-01-18,2015-09-05,1,32.260758263345586,74.0,75.0,170.0,Southpaw,3,3,0,0.3333333333333333,0.0,0.0,False,0.6297186116073568,1,3.1041986687147975,0.0,0.6058201058201058,,0.0
6e7506127408aa9e,Nadia Kassem,3,1,2,0,0,1,0,0,2017-11-18,2019-10-05,2,23.044963277822273,65.0,66.0,125.0,Southpaw,3,3,0,0.3333333333333333,0.0,0.0,False,1.8782042067941163,1,2.876878109922243,0.5008347245409015,0.5176784199684964,0.25,2.0
706f8e2b34e8e18b,Anton Kuivanen,3,1,2,0,0,1,0,0,2012-02-15,2013-02-23,2,28.277103568177306,68.0,72.0,155.0,Orthodox,3,3,0,0.3333333333333333,0.0,0.0,False,1.0239772206137019,1,2.290670626082653,1.0,0.40162577373405917,1.0,0.3333333333333333
744e098e065cfdbe,Ricardo Romero,3,1,2,0,1,0,1,0,2010-07-03,2011-09-24,2,32.82385447111622,72.0,76.0,205.0,Orthodox,3,3,0,0.3333333333333333,0.3333333333333333,1.0,False,1.2265823391308515,1,1.7358861070201275,0.6185567010309277,0.3222222222222222,0.07142857142857142,0.6666666666666666
76729a829623e266,Henry Martinez,3,1,2,0,0,1,0,0,2012-02-04,2012-12-08,1,28.89130737341173,67.0,69.0,155.0,Southpaw,3,3,0,0.3333333333333333,0.0,0.0,False,0.8432753581524604,1,2.7693920335429767,0.0,0.24187324277202168,0.0,0.0
776d4262c4da38bf,Pete Rodriguez,3,1,2,1,0,0,1,0,2022-01-22,2024-02-03,2,26.111419125649395,69.0,71.0,170.0,Switch,3,3,0,0.3333333333333333,0.3333333333333333,1.0,False,2.0315269991854725,1,7.524478885084399,0.0,0.3429951690821256,,0.0
777dea713da2441d,Valmir Lazaro,3,1,2,0,0,1,0,0,2014-08-23,2015-11-21,2,29.609551644911715,72.0,73.0,155.0,Orthodox,3,3,0,0.3333333333333333,0.0,0.0,False,1.2457476881797709,1,4.866666666666666,1.3333333333333333,0.37947328776416317,0.4,0.0
7bde387d50829adf,Eduardo Garagorri,3,1,2,0,0,1,0,0,2019-08-10,2020-11-07,2,30.70653971904511,69.0,70.0,145.0,Orthodox,3,3,0,0.3333333333333333,0.0,0.0,False,1.2457476881797709,1,2.9211239626811634,0.3333333333333333,0.46725195094760313,1.0,0.0
7c9f96f9a6a5cd50,Brok Weaver,3,1,2,0,0,0,0,0,2020-02-15,2020-09-12,1,28.48518450070843,72.0,73.0,155.0,Southpaw,3,3,0,0.3333333333333333,0.0,0.0,False,0.5749604714675866,1,2.966582824290334,0.5357142857142857,0.5157407407407407,0.16666666666666666,0.3333333333333333
7d8435c56043b0ae,Ante Delija,3,1,2,1,0,0,1,0,2025-09-06,2026-02-21,2,35.28797077740588,75.0,78.0,239.0,Orthodox,3,3,0,0.3333333333333333,0.3333333333333333,1.0,False,0.4599683771740693,1,4.808288827658151,0.0,0.42112710717361884,0.0,0.0
8163cd7de0342652,Erick Montano,3,1,2,0,0,1,0,1,2015-11-21,2016-11-05,2,30.598848710103557,72.0,73.0,170.0,Orthodox,3,3,0,0.3333333333333333,0.0,0.0,False,0.9582674524459777,1,2.8796116504854368,1.6375404530744337,0.45439344787536545,0.4583333333333333,0.0
83a477a7dba1ca58,Clay Harvison,3,1,2,0,0,1,0,0,2011-06-04,2011-11-12,1,30.93196072928716,73.0,74.0,170.0,Orthodox,3,3,0,0.3333333333333333,0.0,0.0,False,0.4408030281251497,1,3.1884237016700983,0.3333333333333333,0.4193121693121693,1.0,0.6666666666666666
8614b7134913f5d5,Jarjis Danho,3,1,1,1,0,0,1,0,2016-02-27,2021-04-10,2,34.24847875041924,75.0,74.0,265.0,Orthodox,3,2,1,0.5,0.3333333333333333,1.0,False,5.117148196061521,1,3.3543119366563654,0.3333333333333333,0.5985879200164915,0.1,0.0
879f6cae48d25baa,Justin Lawrence,3,1,2,1,0,0,1,0,2012-06-01,2013-04-13,2,22.401555131179965,68.0,67.0,145.0,Orthodox,3,3,0,0.3333333333333333,0.3333333333333333,1.0,False,0.8651786142083684,1,2.831337032455546,0.9939905263706454,0.23464755077658306,0.29166666666666663,0.0
87f19d19f4cb73f8,Magomed Bibulatov,3,1,2,0,0,1,0,0,2017-04-08,2019-02-02,2,29.40055807671159,65.0,65.0,125.0,Orthodox,3,3,0,0.3333333333333333,0.0,0.0,False,1.8207081596473575,1,3.442630385487528,2.0,0.5117716651878143,0.39285714285714285,0.0
882d62561063a927,Jamie Moyle,3,1,2,0,0,1,0,0,2016-12-03,2018-07-07,3,28.412173647188737,61.0,65.0,115.0,Orthodox,3,3,0,0.3333333333333333,0.0,0.0,False,1.590723971060323,1,4.511111111111111,1.0,0.514492241764969,0.09999999999999999,0.0
8c8c92a12621d7e0,Chris Cope,3,1,2,0,0,1,0,0,2011-06-04,2012-02-04,2,28.613866130036893,72.0,72.0,170.0,Orthodox,3,3,0,0.3333333333333333,0.0,0.0,False,0.6707872167121843,1,3.0220756376429203,0.0,0.20707112113137938,0.0,0.0
8cb76103cd8a1562,Nick Pace,3,1,2,0,1,0,1,0,2010-12-04,2011-11-19,2,24.176631507377518,67.0,68.0,135.0,Orthodox,3,3,0,0.3333333333333333,0.3333333333333333,1.0,False,0.9582674524459777,1,1.7901489117983964,3.4054982817869415,0.3752025502400315,0.5370370370370371,0.6666666666666666
8fc9ae9c7527dfcb,Callan Potter,3,1,2,0,0,1,0,0,2019-02-09,2020-02-22,2,35.23230000159711,72.0,72.0,170.0,Orthodox,3,3,0,0.3333333333333333,0.0,0.0,False,1.034928848641656,1,3.19874213836478,3.1428571428571423,0.5722222222222223,0.5833333333333334,0.0
9310418684bc896f,Pawel Pawlak,3,1,2,0,0,1,0,0,2014-05-31,2015-07-18,2,25.970873232623987,72.0,73.0,170.0,Orthodox,3,3,0,0.3333333333333333,0.0,0.0,False,1.1307555938862537,1,1.6666666666666667,1.0,0.3525641025641026,0.375,0.0
938ad489fb7a1f31,Levan Makashvili,3,1,1,0,0,1,0,0,2015-05-16,2016-01-30,2,26.627058278632234,68.0,68.0,145.0,Orthodox,3,2,1,0.5,0.0,0.0,False,0.7091179148100235,1,2.8666666666666667,3.6666666666666665,0.5376968061178587,0.39615384615384613,0.0
94508d80e1f885fc,Augusto Montano,3,1,2,1,0,0,1,0,2014-11-15,2016-09-17,3,30.861687782774457,73.0,73.0,170.0,Orthodox,3,3,0,0.3333333333333333,0.3333333333333333,1.0,False,1.8398735086962772,1,4.09558561813389,0.0,0.4694685627571533,,0.0
97a6bbe6e6566a94,Francisco Trevino,3,1,2,0,0,1,0,0,2014-03-15,2015-10-03,2,33.174306568010756,69.0,70.0,155.0,Orthodox,3,3,0,0.3333333333333333,0.0,0.0,False,1.5523932729624839,1,2.150877192982456,0.6666666666666666,0.3993217355286321,0.14285714285714285,0.0
97a8f39186f489db,Jeff Hougland,3,1,2,0,0,1,0,0,2011-07-02,2012-11-10,2,33.658916108247716,67.0,68.0,135.0,Orthodox,3,3,0,0.3333333333333333,0.0,0.0,False,1.3607397824732883,1,2.0666666666666664,0.6666666666666666,0.4773386383731211,0.11428571428571428,1.3333333333333333
98a58c26c5b1ed17,Patricio Pitbull,3,1,2,0,0,1,0,0,2025-04-12,2026-04-11,2,38.18832693347571,66.0,67.0,145.0,Orthodox,3,3,0,0.3333333333333333,0.0,0.0,False,0.9965981505438167,1,2.6888888888888887,2.0,0.4879428303655107,0.4027777777777778,0.3333333333333333
9c669abd35b2522f,Greg Soto,3,1,2,0,0,1,0,0,2010-03-27,2011-01-01,2,24.21039902713038,71.0,73.0,170.0,Orthodox,3,3,0,0.3333333333333333,0.0,0.0,False,0.7666139619567821,1,2.697584541062802,1.0,0.5666666666666667,0.21428571428571427,0.6666666666666666
9ccdd2ce45903f34,Mark Weir,3,1,2,1,0,0,1,0,2002-07-13,2003-04-25,2,35.19670721050626,74.0,,185.0,Southpaw,3,3,0,0.3333333333333333,0.3333333333333333,1.0,False,0.7830414039987131,1,8.814280562567616,0.0,0.7598566308243727,,1.0
9cfbfae5fa1fdd93,Geraldo de Freitas,3,1,2,0,0,1,0,0,2019-02-02,2020-11-14,2,28.110091240751007,67.0,72.0,135.0,Orthodox,3,3,0,0.3333333333333333,0.0,0.0,False,1.7823774615495185,1,3.6666666666666665,3.0,0.5318765664160401,0.40079365079365076,0.0
a00ec21cfbba17b6,Yui Chul Nam,3,1,2,0,0,1,0,0,2014-03-01,2015-11-28,2,33.60872114645293,69.0,,145.0,Orthodox,3,3,0,0.3333333333333333,0.0,0.0,False,1.7440467634516794,1,3.5333333333333337,1.3333333333333333,0.5057692307692307,0.5714285714285714,0.3333333333333333
a0c139b34f11421a,John Gunderson,3,1,2,0,0,1,0,0,2010-01-02,2010-09-15,1,31.380064842764284,69.0,69.0,155.0,Orthodox,3,3,0,0.3333333333333333,0.0,0.0,False,0.700904193789058,1,1.0444444444444445,1.6666666666666667,0.24722796380506182,0.5,2.0
a2b06ca02bca14c0,Harold Howard,3,1,2,1,0,0,1,1,1994-09-09,1995-09-08,2,,74.0,,240.0,Orthodox,3,3,0,0.3333333333333333,0.3333333333333333,1.0,False,0.9965981505438167,0,5.16489280112419,2.97029702970297,0.6277777777777778,0.25,0.3333333333333333
a2d342ffc83913ed,Nathan Fletcher,3,1,2,0,1,0,1,0,2024-09-07,2025-08-02,2,27.15729960231901,67.0,70.0,135.0,Orthodox,3,3,0,0.3333333333333333,0.3333333333333333,1.0,False,0.900771405299219,1,3.02751614819926,3.5418894830659533,0.5728571428571428,0.40476190476190477,0.3333333333333333
a6c20202c701e5ca,Sasha Palatnikov,3,1,2,1,0,0,1,0,2020-11-21,2021-08-21,2,32.06545423018041,73.0,72.0,170.0,Switch,3,3,0,0.3333333333333333,0.3333333333333333,1.0,False,0.7474486129078626,1,4.1877173785130895,0.39113428943937417,0.6896976090014064,1.0,0.0
a6fd2173d5e2d7f0,Jason Day,3,1,2,1,0,0,1,0,2008-04-19,2009-03-07,2,27.257689525908585,72.0,72.0,185.0,Orthodox,3,3,0,0.3333333333333333,0.3333333333333333,1.0,False,0.8816060562502994,1,4.371953246633553,0.0,0.49925064599483204,,0.0
a72a2a769fa5a2be,Anshul Jubli,3,1,2,1,0,0,1,1,2023-02-04,2025-02-08,2,28.967968769607406,72.0,69.0,155.0,Switch,3,3,0,0.3333333333333333,0.3333333333333333,1.0,False,2.012361650136553,1,4.091407320414954,1.1450381679389314,0.42534195808907754,0.2,0.3333333333333333
a7d687e6ecb30981,Rob Broughton,3,1,2,0,1,0,1,0,2010-10-16,2011-11-05,2,28.287142560536264,74.0,74.0,265.0,Orthodox,3,3,0,0.3333333333333333,0.3333333333333333,1.0,False,1.0540941976905753,1,3.0394499762920812,0.0,0.5959108630161262,0.0,3.0
a9d6e047ce48ab63,Allen Crowder,3,1,2,0,0,0,0,0,2017-12-02,2019-06-22,2,28.96066768425544,75.0,76.0,245.0,Orthodox,3,3,0,0.3333333333333333,0.0,0.0,False,1.5523932729624839,1,2.4964985994397764,0.6696428571428571,0.2649122807017544,0.3333333333333333,0.3333333333333333
abbc737317f66b81,Corey Hill,3,1,2,1,0,0,1,0,2008-01-23,2008-12-10,1,29.750097537937123,76.0,80.0,155.0,Orthodox,3,3,0,0.3333333333333333,0.3333333333333333,1.0,False,0.8816060562502994,1,3.487362476446242,2.9923184357541897,0.4771212121212121,0.8333333333333333,0.0
ae071698e1a3ccd4,Christian Aguilera,3,1,2,1,0,0,1,0,2020-06-13,2021-05-08,2,28.921424350488603,69.0,72.0,170.0,Switch,3,3,0,0.3333333333333333,0.3333333333333333,1.0,False,0.900771405299219,1,4.292350364482805,0.0,0.3150130063173541,0.0,0.0
b19fc66613dc75b9,Chris Brennan,3,1,2,0,1,0,1,0,1998-03-13,2002-01-11,2,27.695754647026746,68.0,,170.0,Orthodox,2,3,0,0.3333333333333333,0.3333333333333333,1.0,False,3.8330698097839107,0,0.3773677736777368,0.8302583025830258,0.27391304347826084,0.5,1.0
b2acebbef8da14ea,Akihiro Gono,3,1,2,0,1,0,1,0,2007-11-17,2009-01-31,3,33.821365257329035,67.0,68.0,170.0,Switch,3,3,0,0.3333333333333333,0.3333333333333333,1.0,False,1.2074169900819318,1,2.4821643286573147,1.6012024048096194,0.49566694987255727,0.875,0.3333333333333333
b406da701c479076,Ernest Chavez,3,1,2,0,0,1,0,0,2014-02-22,2014-10-04,1,30.952951349674077,68.0,70.0,145.0,Orthodox,3,3,0,0.3333333333333333,0.0,0.0,False,0.6132911695654257,1,2.796117852804144,0.6666666666666666,0.4133673706196333,0.5,0.0
b57edace7b647f07,Matt Hobar,3,1,2,0,0,1,0,0,2014-05-31,2014-12-06,1,27.644647049562963,70.0,70.0,135.0,Southpaw,3,3,0,0.3333333333333333,0.0,0.0,False,0.517464424320828,1,3.038323353293413,2.6666666666666665,0.3931939466348069,0.4444444444444444,0.0
ba15006c804a8de0,Guilherme Pat,3,1,2,0,0,1,0,0,2025-12-13,2026-08-08,2,31.969627484935803,78.0,81.0,250.0,Orthodox,3,3,0,0.3333333333333333,0.0,0.0,False,0.6516218676632648,1,2.7999999999999994,0.0,0.5934974533106961,,0.0
be68b375707dcb85,Spike Carlyle,3,1,2,1,0,0,1,0,2020-02-29,2020-11-28,1,27.14999851696704,68.0,71.0,145.0,Switch,3,3,0,0.3333333333333333,0.3333333333333333,1.0,False,0.7474486129078626,1,6.03921568627451,2.3333333333333335,0.5614078323902657,0.40384615384615385,0.3333333333333333
c1a5d3843596df92,Thiago Perpetuo,3,1,2,1,0,0,1,0,2012-06-23,2014-03-23,3,25.568400902596675,70.0,,170.0,Orthodox,3,3,0,0.3333333333333333,0.3333333333333333,1.0,False,1.7467846704586678,1,3.827846004835454,4.746962525758986,0.45542046605876396,0.75,0.0
c24b1db4b809d41b,Renato Verissimo,3,1,2,0,0,1,0,0,2004-01-31,2004-10-22,1,30.864425689781445,73.0,,170.0,Orthodox,3,3,0,0.3333333333333333,0.0,0.0,False,0.7255453568519545,1,0.8300592936323795,1.0,0.4466829466829467,0.375,2.3333333333333335
c4b9296214f4c09c,Jason Von Flue,3,1,2,0,1,0,1,0,2006-01-16,2006-08-17,1,30.729355610770014,72.0,,170.0,Orthodox,3,3,0,0.3333333333333333,0.3333333333333333,1.0,False,0.5831741924885521,1,1.2049565074675856,0.6666666666666666,0.23667010663914687,0.1111111111111111,1.0
c4fe2e9a06ea5bcb,Ben Alloway,3,1,2,1,0,0,1,0,2012-12-14,2013-08-28,2,32.15489252574203,71.0,76.0,170.0,Orthodox,3,3,0,0.3333333333333333,0.3333333333333333,1.0,False,0.7036421007960465,1,1.7407615407615407,0.3333333333333333,0.5344932844932845,0.5,0.0
c575ab451e3c5b1d,Mickael Lebout,3,1,2,0,0,1,0,0,2015-04-11,2015-10-24,1,27.9211756572688,71.0,73.0,155.0,Orthodox,3,3,0,0.3333333333333333,0.0,0.0,False,0.5366297733697475,1,2.6,0.0,0.3745167935603822,0.0,0.0
c5ccd878231c5407,Ramon Taveras,3,1,2,0,0,1,0,0,2024-01-20,2025-09-27,2,30.89180475985133,68.0,70.0,145.0,Southpaw,3,3,0,0.3333333333333333,0.0,0.0,False,1.6865507163049207,1,3.866666666666667,0.0,0.4148691244140043,0.0,0.0
c7d7fda69ec410d3,Kamuela Kirk,3,1,2,0,0,1,0,0,2021-06-05,2023-07-08,3,28.098226977054058,70.0,75.0,155.0,Switch,3,3,0,0.3333333333333333,0.0,0.0,False,2.0890230463322315,1,2.622680412371134,1.0,0.4584054459443867,0.21428571428571427,1.3333333333333333
cac08b8685387ca5,James McSweeney,3,1,2,1,0,0,1,0,2009-12-05,2010-10-16,2,29.581259939172835,76.0,77.0,230.0,Switch,3,3,0,0.3333333333333333,0.3333333333333333,1.0,False,0.8624407072013799,1,3.403522149600581,0.375,0.5503101187311713,0.25,0.6666666666666666
d1152823307d7e7c,Rameau Thierry Sokoudjou,3,1,2,1,0,0,1,0,2007-12-29,2008-10-18,2,24.099057475512847,70.0,78.0,205.0,Orthodox,3,3,0,0.3333333333333333,0.3333333333333333,1.0,False,0.8049446600546212,1,2.9566280566280567,1.0714285714285714,0.3855602686461647,0.25,0.6666666666666666
d33da8a3d82bdb62,Kai Asakura,3,1,2,1,0,0,1,1,2024-12-07,2026-05-30,3,31.824518413565414,68.0,69.0,135.0,Orthodox,3,3,0,0.3333333333333333,0.3333333333333333,1.0,False,1.4757318767668055,1,3.161752237399906,0.0,0.4187192118226601,,0.0
d3f89fa685bd8420,Austin Bashi,3,1,2,0,1,0,1,0,2025-01-11,2026-07-18,2,23.975851660198362,66.0,70.0,145.0,Orthodox,3,3,0,0.3333333333333333,0.3333333333333333,1.0,False,1.5140625748646448,1,1.404870624048706,3.3698630136986303,0.3711767925561029,0.4603174603174603,0.6666666666666666
d5bab53a1a603aac,Ryan Loder,3,1,2,1,0,0,1,1,2024-08-24,2025-11-22,2,33.86699704077884,74.0,76.0,185.0,Southpaw,3,3,0,0.3333333333333333,0.3333333333333333,1.0,False,1.2457476881797709,1,3.8717137242447652,0.7334963325183375,0.5258974358974359,0.16666666666666666,0.3333333333333333
d761b3766e38c5db,Marcel Fortuna,3,1,2,1,0,0,1,0,2017-02-04,2017-11-11,1,31.68397252054001,73.0,74.0,205.0,Orthodox,3,3,0,0.3333333333333333,0.3333333333333333,1.0,False,0.7666139619567821,1,4.067836257309941,0.3333333333333333,0.4786638927415627,0.05555555555555555,0.3333333333333333
d7adfcfdf7c6c1f8,Ian Entwistle,3,1,2,0,1,0,1,0,2014-06-28,2016-04-10,2,28.35467760004198,65.0,,135.0,Orthodox,3,3,0,0.3333333333333333,0.3333333333333333,1.0,False,1.7851153685565069,1,0.09345794392523364,0.0,0.037037037037037035,0.0,2.3333333333333335
da1d8d76404bb6b5,Bruno Santos,3,1,2,0,0,1,0,0,2013-12-06,2014-10-04,2,26.85886773855726,69.0,,185.0,Orthodox,3,3,0,0.3333333333333333,0.0,0.0,False,0.8268479161105293,1,1.1777777777777778,3.0,0.4633986928104575,0.47222222222222215,0.3333333333333333
da97d6c97d09c030,Charles McCarthy,3,1,2,0,1,0,1,0,2005-06-04,2008-04-19,3,26.264741918040755,70.0,71.0,185.0,Orthodox,3,3,0,0.3333333333333333,0.3333333333333333,1.0,False,2.874802357337933,1,0.20800942285041227,2.757745089982743,0.08333333333333333,0.7777777777777778,1.0
dd4c16777fb2ccf9,Heather Clark,3,1,2,0,0,1,0,0,2014-12-12,2016-11-05,2,35.3308646538487,66.0,64.0,115.0,Orthodox,3,3,0,0.3333333333333333,0.0,0.0,False,1.9001074628500243,1,3.6888888888888887,0.3333333333333333,0.495317665462856,0.06666666666666667,0.3333333333333333
de3ed2e152520c8d,Cal Worsham,3,1,2,1,0,0,1,0,1995-07-14,1996-12-07,2,32.83936927748916,71.0,,230.0,Orthodox,3,3,0,0.3333333333333333,0.3333333333333333,1.0,False,1.401808387578116,1,4.415856179635431,1.5463917525773196,0.6017316017316018,0.5,0.0
de62052b2ede65ba,Matt Arroyo,3,1,2,0,1,0,1,0,2007-12-08,2009-01-31,3,25.83032733959858,70.0,72.0,170.0,Orthodox,3,3,0,0.3333333333333333,0.3333333333333333,1.0,False,1.149920942935173,1,1.639243498817967,1.8205128205128205,0.5154166666666667,0.3666666666666667,3.3333333333333335
dedc3bb440d09554,Anthony Macias,3,1,2,1,0,0,1,0,1994-12-16,1995-07-14,2,26.23188703395689,69.0,,185.0,Switch,2,3,0,0.3333333333333333,0.3333333333333333,1.0,False,0.5749604714675866,0,2.2857142857142856,0.0,0.8888888888888888,0.0,0.0
e0b0cf71e0d69dd0,Kanako Murata,3,1,2,0,0,1,0,0,2020-11-14,2023-10-07,3,28.42677581789268,61.0,62.0,115.0,Orthodox,3,3,0,0.3333333333333333,0.0,0.0,False,2.8939677063868525,1,2.1666666666666665,3.0,0.5761319591261452,0.4259259259259259,0.6666666666666666
e2b8186b618b00c4,Shamar Bailey,3,1,2,0,0,1,0,0,2011-06-04,2011-11-19,1,28.94789078488949,69.0,75.0,155.0,Southpaw,3,3,0,0.3333333333333333,0.0,0.0,False,0.4599683771740693,1,1.7165905631659057,1.6666666666666667,0.46605459406219224,0.2777777777777778,0.0
e361e5c858af6ff1,Alex Karalexis,3,1,2,1,0,0,1,0,2005-04-09,2006-01-16,2,27.917525114592816,68.0,66.0,155.0,Orthodox,3,3,0,0.3333333333333333,0.3333333333333333,1.0,False,0.7720897759707591,1,2.4944696192073703,0.44313146233382567,0.3575757575757576,0.2,1.0
e363b21261814830,Marcos Vinicius,3,1,2,1,0,0,1,0,2012-06-23,2013-09-04,2,33.11042207118102,69.0,,125.0,Orthodox,3,3,0,0.3333333333333333,0.3333333333333333,1.0,False,1.1992032690609664,1,1.7339125478812942,0.0,0.44129779082090165,,0.3333333333333333
e4faa79383c9f214,Ernesta Kareckaite,3,1,2,0,0,1,0,0,2024-05-04,2026-02-28,3,26.669039519406056,69.0,71.0,125.0,Orthodox,3,3,0,0.3333333333333333,0.0,0.0,False,1.8207081596473575,1,5.622222222222223,0.6666666666666666,0.3939281063441422,0.75,0.0
e57fdbea1b828202,Jake Hecht,3,1,2,1,0,0,1,0,2011-12-10,2012-06-08,2,28.074498449660155,72.0,73.0,170.0,Orthodox,3,3,0,0.3333333333333333,0.3333333333333333,1.0,False,0.49556116826491986,1,3.3332787332787333,1.0,0.4919550111039473,0.21428571428571427,0.0
e8fb8e53bc2e29d6,Marcus Bossett,3,1,2,1,0,0,1,0,1994-12-16,1996-12-07,2,,73.0,,215.0,Orthodox,1,3,0,0.3333333333333333,0.3333333333333333,1.0,False,1.9767688590457024,0,1.1538461538461537,0.0,0.5,,0.0
e99821959a840bb8,Lara Procopio,3,1,2,0,0,1,0,0,2019-08-31,2021-06-19,2,24.874797794159587,64.0,67.0,125.0,Orthodox,3,3,0,0.3333333333333333,0.0,0.0,False,1.801542810598438,1,5.52609819121447,3.108527131782946,0.6068081343943413,0.3925925925925926,0.3333333333333333
ec2d13a87d3d9541,Sheldon Westcott,3,1,2,1,0,0,1,1,2014-04-16,2016-01-02,3,30.554129562322746,73.0,71.0,170.0,Southpaw,3,3,0,0.3333333333333333,0.3333333333333333,1.0,False,1.7139297863748058,1,4.262782080703768,3.5952022375215145,0.404951378491599,0.5909090909090909,0.0
eea0274e153256a0,Ian Loveland,3,1,2,0,0,1,0,0,2010-12-04,2011-08-27,2,27.58076255273323,68.0,,145.0,Orthodox,3,3,0,0.3333333333333333,0.0,0.0,False,0.728283263858943,1,2.711111111111111,1.0,0.40546218487394964,0.21428571428571427,0.3333333333333333
f3388d2cf7ab3f64,Rob MacDonald,3,1,2,0,1,0,1,0,2006-03-04,2006-08-26,1,27.75963914385648,75.0,78.0,205.0,Orthodox,3,3,0,0.3333333333333333,0.3333333333333333,1.0,False,0.47913372622298883,1,1.6301639108856094,4.979253112033195,0.47385620915032683,0.5,1.0
f3a078277b3b8ff4,Masanori Kanehara,3,1,2,0,0,1,0,0,2014-09-20,2016-01-02,3,32.53637423538243,67.0,67.0,135.0,Orthodox,3,3,0,0.3333333333333333,0.0,0.0,False,1.28407838627761,1,1.9437451437451436,2.065268065268065,0.6305252008576817,0.75,1.0
f4d92416da98804b,Bassil Hafez,3,1,2,0,0,1,0,0,2023-07-15,2024-11-16,2,32.19413585950886,71.0,72.0,170.0,Orthodox,3,3,0,0.3333333333333333,0.0,0.0,False,1.3415744334243687,1,3.5722222222222224,2.0,0.35785282496885773,0.375,0.0
f8f1ec513bcfef43,Alexander Munoz,3,1,2,0,0,1,0,0,2020-08-08,2023-07-15,3,31.65294290779413,69.0,72.0,155.0,Switch,3,3,0,0.3333333333333333,0.0,0.0,False,2.932298404484692,1,3.5777777777777775,2.6666666666666665,0.3755712073019765,0.3326719576719577,0.0
f9081770e28ea2e1,Reginaldo Vieira,3,1,2,0,0,1,0,1,2015-08-01,2017-02-19,3,33.50924385853234,67.0,65.0,135.0,Orthodox,3,3,0,0.3333333333333333,0.0,0.0,False,1.5551311799694723,1,3.5597796143250684,2.5261707988980717,0.4186299081035923,0.30128205128205127,0.6666666666666666
f96856f9d69fd7e4,Robert Bryczek,3,1,2,1,0,0,1,0,2024-02-10,2026-05-02,3,34.86998364100563,72.0,75.0,185.0,Orthodox,3,3,0,0.3333333333333333,0.3333333333333333,1.0,False,2.223180489674668,1,3.0234550339813495,0.4267425320056899,0.39760486213575463,1.0,0.3333333333333333
fae67903c4fe636b,Antonio Braga Neto,3,1,2,0,1,0,1,0,2013-06-08,2017-12-09,3,27.463032551432722,75.0,77.0,185.0,Orthodox,3,3,0,0.3333333333333333,0.3333333333333333,1.0,False,4.503857026496095,1,1.9089118378275005,4.481784279977051,0.3821917808219178,0.36944444444444446,0.3333333333333333
fc0a4053eb8a3a59,Nicolle Caliari,3,1,2,0,1,0,1,0,2025-01-11,2026-05-16,2,28.806432256195084,63.0,62.0,115.0,Orthodox,3,3,0,0.3333333333333333,0.3333333333333333,1.0,False,1.3415744334243687,1,2.9240393339709168,2.957625248289561,0.41558731015777545,0.2612433862433862,0.3333333333333333
fea8acf9bfcf09ec,Simeon Thoresen,3,1,2,0,1,0,1,0,2012-04-14,2013-01-26,2,28.494310857398393,73.0,79.0,170.0,Orthodox,3,3,0,0.3333333333333333,0.3333333333333333,1.0,False,0.7857793110057016,1,4.0716959064327485,0.9912280701754387,0.43104685910223445,0.625,1.0
02f484417a6fa69d,Uran Satybaldiev,2,1,1,0,1,0,1,0,2025-04-05,2025-08-23,1,30.845260340732526,76.0,79.0,205.0,Orthodox,2,2,0,0.5,0.5,1.0,False,0.38330698097839105,1,1.5636363636363635,0.0,0.2387706855791962,0.0,1.0
07bc580bdf3eb9c8,Lance Gibson Jr.,2,1,1,1,0,0,1,0,2025-12-13,2026-03-28,2,31.005427900641354,69.0,72.0,155.0,Switch,2,2,0,0.5,0.5,1.0,False,0.2874802357337933,1,3.2159090909090913,1.0,0.5037878787878788,0.6666666666666666,0.0
07f959e6596307bb,Carlos Vera,2,1,1,0,1,0,1,0,2024-02-17,2025-03-15,2,36.82211133698844,66.0,69.0,135.0,Orthodox,2,2,0,0.5,0.5,1.0,False,1.073259546739495,1,2.8489795918367347,0.0,0.5733333333333333,0.0,1.0
0d980975001ae3d8,Shamil Gamzatov,2,1,1,0,0,1,0,0,2019-11-09,2021-10-30,2,30.238813938684572,74.0,76.0,205.0,Orthodox,2,2,0,0.5,0.0,0.0,False,1.974030952038714,1,7.109636650868879,0.0,0.49307808782176077,0.0,0.0
13c4313ed0f744f3,Brad Kohler,2,1,1,1,0,0,1,0,1997-12-21,1999-09-24,2,34.451083868936394,69.0,,220.0,Orthodox,2,2,0,0.5,0.5,1.0,False,1.7577362984866218,1,3.5950413223140494,17.231404958677686,0.75,0.75,0.0
17cb6d8e8187f304,Nyamjargal Tumendemberel,2,1,1,0,0,1,0,0,2024-11-23,2026-03-07,2,27.317467162227835,67.0,71.0,125.0,Orthodox,2,2,0,0.5,0.0,0.0,False,1.28407838627761,1,1.7000000000000002,2.0,0.43740399385560674,0.5,1.0
199eb7cf6ae90294,Naoki Inoue,2,1,1,0,0,1,0,0,2017-06-17,2018-06-23,2,20.51650615686838,69.0,71.0,125.0,Orthodox,2,2,0,0.5,0.0,0.0,False,1.0157634995927363,1,3.666666666666667,0.0,0.3896903589021815,0.0,2.5
19f8a2f6eecd92ac,Puja Tomar,2,1,1,0,0,1,0,0,2024-06-08,2025-03-22,2,30.901387434375792,61.0,59.0,115.0,Southpaw,2,2,0,0.5,0.0,0.0,False,0.7857793110057016,1,5.318061088977423,0.0,0.4886934673366834,,0.0
1d147d4163a6989b,Nick Sanzo,2,1,1,1,0,0,1,0,1997-02-07,1997-02-07,1,34.06230107394402,69.0,,190.0,,1,2,0,0.5,0.5,1.0,False,0.0,0,0.0,0.0,,0.0,0.0
1de9ad94de18eeaf,Nicco Montano,2,1,1,0,0,1,0,1,2017-12-01,2019-07-13,2,29.76515602647556,65.0,65.0,135.0,Southpaw,2,2,0,0.5,0.0,0.0,False,1.612627227116231,1,4.986666666666666,2.4,0.44445369753497665,0.55,0.5
20ec0061400178ca,Roberto Traven,2,1,1,1,0,0,1,0,1996-09-20,2001-11-02,2,30.570100686530182,75.0,,227.0,Orthodox,1,2,0,0.5,0.5,1.0,False,5.117148196061521,1,0.9230769230769231,0.0,0.5,,0.0
2525a853486ee670,Sirwan Kakai,2,1,1,0,0,1,0,0,2015-06-27,2015-08-08,1,25.788346098824753,65.0,,135.0,Orthodox,2,2,0,0.5,0.0,0.0,False,0.11499209429351732,1,3.5666666666666664,4.0,0.421445023639229,0.41666666666666663,0.0
25af5e832f17b474,Jesus Pinedo,2,1,1,0,0,1,0,0,2018-11-17,2019-03-23,2,22.576781179627233,70.0,,155.0,Southpaw,2,2,0,0.5,0.0,0.0,False,0.34497628288055193,1,3.2333333333333334,2.5,0.3749844197930948,1.0,0.0
27541033b97c076d,Kevin Ferguson,2,1,1,0,0,1,0,0,2009-12-05,2010-05-08,2,36.03359411897575,74.0,77.0,235.0,Orthodox,2,2,0,0.5,0.0,0.0,False,0.4216376790762302,1,1.1659574468085108,3.595744680851064,0.3235930735930736,0.7,0.5
2961be02cfb0d2c1,Roman Mitichyan,2,1,1,0,1,0,1,0,2007-12-08,2008-04-02,2,29.418810790091513,70.0,,170.0,Orthodox,2,2,0,0.5,0.5,1.0,False,0.3175972128106669,1,0.13513513513513511,19.565217391304348,0.16666666666666666,1.0,0.5
2c64c035485906aa,Nah-Shon Burrell,2,1,1,0,0,1,0,0,2013-02-23,2013-05-25,1,23.175013860654225,71.0,,170.0,Orthodox,2,2,0,0.5,0.0,0.0,False,0.24914953763595418,1,5.9,0.0,0.5114975512702786,0.0,0.5
2caf993f53541fa1,Andreas Gustafsson,2,1,1,0,0,1,0,0,2025-06-07,2025-09-06,1,34.41959793835602,73.0,73.0,170.0,Orthodox,2,2,0,0.5,0.0,0.0,False,0.24914953763595418,1,6.044444444444444,4.0,0.514391447368421,0.5714285714285714,0.0
2efbc83a6b9b7f86,Tai Bowden,2,1,1,1,0,0,1,0,1996-05-17,1996-12-07,1,,71.0,,230.0,,1,2,0,0.5,0.5,1.0,False,0.5585330294256555,1,0.5393258426966292,0.0,1.0,,0.0
304fcd812f12c589,Geza Kalman,2,1,1,1,0,0,1,0,1995-09-08,1996-07-12,2,,73.0,,200.0,,1,2,0,0.5,0.5,1.0,False,0.8432753581524604,1,3.5294117647058822,0.0,0.5833333333333334,0.0,1.0
31c01fbc2586a5eb,Dwayne Cason,2,1,1,1,0,0,1,1,1997-10-17,1997-10-17,1,,70.0,,212.0,Orthodox,2,2,0,0.5,0.5,1.0,False,0.0,0,1.4798206278026906,2.0179372197309418,0.5,1.0,0.0
32c3ee378671a5d9,Austin Vanderford,2,1,1,1,0,0,1,0,2025-02-22,2025-10-04,1,35.2341252729351,71.0,74.0,170.0,Orthodox,2,2,0,0.5,0.5,1.0,False,0.6132911695654257,1,2.4535702067347636,4.66802697815356,0.53125,0.5,0.5
330ec26453c44a59,Mike Nickels,2,1,1,0,1,0,1,0,2006-06-24,2007-07-07,2,35.047947596459885,76.0,,205.0,Orthodox,2,2,0,0.5,0.5,1.0,False,1.034928848641656,1,3.9214454045561666,10.463472113118618,0.4084084084084084,0.75,0.5
3956bdc8ab2e54b3,John Gunther,2,1,1,0,0,1,0,0,2018-07-06,2018-11-10,1,32.78780536219087,69.0,72.0,155.0,Orthodox,2,2,0,0.5,0.0,0.0,False,0.34771418988754044,1,1.1564102564102565,4.0,0.3568075117370892,0.42105263157894735,0.0
3e514f437c51ce0a,Steven Graham,2,1,1,0,1,0,1,1,1997-05-30,1997-05-30,1,,73.0,,290.0,Orthodox,2,2,0,0.5,0.5,1.0,False,0.0,0,0.0,5.0,,1.0,0.5
3f24c96753dbd9f9,Scott Bessac,2,1,1,0,1,0,1,0,1995-09-08,1995-12-16,1,30.06084998323032,76.0,,245.0,,1,2,0,0.5,0.5,1.0,False,0.27105279369186225,1,1.9354838709677418,0.0,0.2,,2.0
445a98acb8985970,Falaniko Vitale,2,1,1,1,0,0,1,0,2003-06-06,2003-11-21,1,29.125854740343744,70.0,,185.0,Orthodox,2,2,0,0.5,0.5,1.0,False,0.4599683771740693,1,0.6215287489511329,0.0,0.22619047619047616,0.0,0.0
4690d47bf725fd98,Gokhan Saki,2,1,1,1,0,0,1,0,2017-09-22,2018-07-07,2,34.32240223960793,72.0,73.0,205.0,Orthodox,2,2,0,0.5,0.5,1.0,False,0.7885172180126901,1,5.7730263157894735,0.0,0.5303030303030303,,0.0
480b702debcb5433,Dan Cramer,2,1,1,0,0,1,0,0,2009-01-31,2009-08-08,1,23.511776422513808,74.0,,170.0,Orthodox,2,2,0,0.5,0.0,0.0,False,0.517464424320828,1,0.9666666666666667,0.0,0.2657563025210084,0.0,0.5
4a01dc8376736ef5,John Lewis,2,1,1,1,0,0,1,0,1999-09-24,2000-11-17,2,,72.0,,155.0,Southpaw,2,2,0,0.5,0.5,1.0,False,1.149920942935173,1,0.9787928221859706,0.7340946166394781,0.16393442622950818,1.0,0.0
4a574b8512fc1b30,Javier Reyes,2,1,1,1,0,0,1,0,2026-02-28,2026-06-27,1,32.541393731561904,67.0,73.0,145.0,Orthodox,2,2,0,0.5,0.5,1.0,False,0.3258109338316324,1,5.435697115384615,1.5050167224080269,0.4066666666666666,0.5,0.0
51b0bb73a1da34bc,Mike Ciesnolevicz,2,1,1,0,1,0,1,0,2009-02-21,2009-06-20,1,29.483151604755744,72.0,,235.0,Orthodox,2,2,0,0.5,0.5,1.0,False,0.3258109338316324,1,0.3125,0.0,0.5,0.0,1.0
530af2900b5a1693,Dom Mar Fan,2,1,1,0,0,1,0,1,2026-01-31,2026-05-02,1,25.995058077852384,71.0,75.0,155.0,Orthodox,2,2,0,0.5,0.0,0.0,False,0.24914953763595418,1,3.4271186440677965,0.5,0.5361271676300579,0.25,0.0
53e533db1b8e9712,Jack Nilson,2,1,1,1,0,0,1,0,1996-12-07,1997-05-30,2,,,,,,1,2,0,0.5,0.5,1.0,False,0.4763958192160003,1,7.951807228915663,0.0,0.8461538461538461,,0.0
5537efc6e496dd84,Aaron Pico,2,1,1,0,0,1,0,0,2025-08-16,2026-04-11,2,29.22168148558834,68.0,70.0,145.0,Orthodox,2,2,0,0.5,0.0,0.0,False,0.6516218676632648,1,5.27363184079602,7.477611940298507,0.5003810249571348,0.5641025641025641,0.0
5823ceab56741617,Jonathan Meunier,2,1,1,0,0,1,0,0,2016-06-18,2016-11-26,1,29.094368809763374,75.0,,170.0,Switch,2,2,0,0.5,0.0,0.0,False,0.4408030281251497,1,3.200611620795107,0.5,0.5865357643758766,0.3333333333333333,0.0
597499ac7a5aac62,Abdul-Kareem Al-Selwady,2,1,1,0,0,1,0,0,2024-03-02,2026-03-21,2,29.921216725873904,68.0,69.0,155.0,Orthodox,2,2,0,0.5,0.0,0.0,False,2.050692348234392,1,4.456548536209553,2.0801232665639446,0.556809024979855,0.21428571428571427,0.0
5f2f0da6fd6a84fd,Andrei Semenov,2,1,1,1,0,0,1,0,2002-01-11,2002-05-10,1,24.732882947630685,72.0,,185.0,Orthodox,2,2,0,0.5,0.5,1.0,False,0.3258109338316324,1,0.5570977496685078,0.6024096385542168,0.14055472263868066,0.5,0.5
63eedfcc73071d41,Lance Gibson,2,1,1,1,0,0,1,0,2000-03-10,2000-12-16,1,29.688494630279884,69.0,,185.0,Orthodox,2,2,0,0.5,0.5,1.0,False,0.7693518689637706,1,1.8187507720179519,1.1042944785276072,0.6863207547169812,0.5,0.5
69037fc7730e4225,Steven Nguyen,2,1,1,1,0,0,1,0,2024-03-23,2025-07-26,2,31.516047557444708,71.0,73.0,145.0,Switch,2,2,0,0.5,0.5,1.0,False,1.3415744334243687,1,6.699999999999999,0.5,0.40374834706540536,1.0,0.0
69e8c632135af48b,Anying Wang,2,1,1,1,0,0,1,0,2014-03-01,2014-08-23,1,23.147634790584338,72.0,,170.0,Orthodox,2,2,0,0.5,0.5,1.0,False,0.47913372622298883,1,1.3,0.0,0.14444444444444443,,0.0
6e344b71421103da,Magomed Gadzhiyasulov,2,1,1,0,0,1,0,0,2024-06-22,2025-01-11,2,30.909601155396757,74.0,75.0,205.0,Orthodox,2,2,0,0.5,0.0,0.0,False,0.555795122418667,1,1.9000000000000001,2.5,0.5646766169154229,0.5,0.0
725a834930c2b5bf,Troy Mandaloniz,2,1,1,1,0,0,1,0,2007-12-08,2009-02-21,2,28.453698570128065,69.0,,170.0,Orthodox,2,2,0,0.5,0.5,1.0,False,1.2074169900819318,1,4.728205128205128,2.0,0.6264441591784339,0.5,0.0
7a359ef685a304a7,Amaury Bitetti,2,1,1,0,0,0,0,0,1996-05-17,2000-06-09,2,29.123116833336756,69.0,,185.0,Orthodox,2,2,0,0.5,0.0,0.0,False,4.063053998370945,1,0.6300444990026085,0.0,0.5,0.0,0.0
7ab478c397cd68ef,Aliaskhab Khizriev,2,1,0,0,1,0,1,0,2022-03-26,2024-02-03,2,32.516752568499015,69.0,74.0,185.0,Southpaw,2,1,1,1.0,0.5,1.0,False,1.8590388577451966,1,5.741626794258373,2.15311004784689,0.5634328358208955,0.6666666666666666,0.5
7d3caf0f96f1b33d,Nick Thompson,2,1,1,0,0,1,0,0,2005-11-19,2006-04-15,2,24.6096771323162,73.0,74.0,170.0,Orthodox,2,2,0,0.5,0.0,0.0,False,0.4024723300273106,1,1.8112676056338028,2.084507042253521,0.36715620827770357,1.0,1.5
80e6d71e14c1d356,Joe Slick,2,1,1,1,0,0,1,0,1999-11-19,2000-04-14,2,22.290669897396935,72.0,,199.0,Orthodox,2,2,0,0.5,0.5,1.0,False,0.4024723300273106,1,1.0179526355996944,5.113636363636364,0.75,0.5,2.0
81d2c551886bd5a1,Alice Pereira,2,1,1,1,0,0,1,0,2025-09-13,2026-04-04,2,20.009993360575507,68.0,71.0,135.0,Orthodox,2,2,0,0.5,0.5,1.0,False,0.555795122418667,1,2.9354609929078013,0.0,0.3834717707957145,0.0,0.0
8a56ea383fd26e52,Galore Bofando,2,1,1,1,0,0,1,0,2017-07-16,2017-12-16,1,35.36143794876007,71.0,72.0,170.0,Switch,2,2,0,0.5,0.5,1.0,False,0.41889977206924167,1,3.867692307692308,3.4615384615384617,0.45,1.0,0.0
8cb78f3a6c2a08f7,Leah Letson,2,1,1,0,0,1,0,0,2018-11-30,2021-11-13,2,27.752794376339008,67.0,71.0,145.0,Southpaw,2,2,0,0.5,0.0,0.0,False,2.9542016605406,1,3.0229287090558765,0.5202312138728324,0.44002172563625075,0.5,0.0
8e8e4487c621aa1c,Joe Ellenberger,2,1,1,0,0,1,0,0,2014-06-28,2014-12-13,1,29.48178265125225,69.0,72.0,155.0,Orthodox,2,2,0,0.5,0.0,0.0,False,0.4599683771740693,1,1.6288557213930348,3.1791044776119404,0.4972972972972973,0.44999999999999996,1.0
911fb265462f0d94,Travis Fulton,2,1,1,0,0,1,0,0,1999-05-07,1999-07-16,1,22.03467559224351,72.0,,240.0,Orthodox,2,2,0,0.5,0.0,0.0,False,0.19165349048919553,1,1.713917525773196,0.75,0.5269886363636364,0.25,0.0
918d9d89d4d52acc,Anthony Torres,2,1,1,0,1,0,1,0,2006-08-17,2007-09-08,2,28.576904385442546,68.0,,170.0,Orthodox,2,2,0,0.5,0.5,1.0,False,1.0595700117045523,1,3.6619108280254773,0.0,0.4891304347826087,,0.5
95eb112a85601a0a,Jutaro Nakao,2,1,1,1,0,0,1,0,2001-09-28,2002-03-22,2,31.06839976180209,69.0,,170.0,Southpaw,2,2,0,0.5,0.5,1.0,False,0.47913372622298883,1,0.8952380952380952,0.0,0.6,0.0,0.0
980b4e712489098e,Dave Strasser,2,1,1,0,0,1,0,0,2003-04-25,2003-09-26,1,33.99385339876931,70.0,,170.0,Orthodox,2,2,0,0.5,0.0,0.0,False,0.4216376790762302,1,2.2586206896551726,0.5,0.33090909090909093,0.25,0.0
9b5b5a75523728f3,Kazushi Sakuraba,2,1,0,0,1,0,1,1,1997-12-21,1997-12-21,1,28.43864008158963,72.0,,185.0,Southpaw,2,1,1,1.0,0.5,1.0,False,0.0,0,0.13392857142857142,2.008928571428571,0.25,0.5,1.0
a112097ad877a48f,Alberto Montes,2,1,1,0,1,0,1,0,2026-03-07,2026-07-18,1,31.95000581805239,67.0,69.0,145.0,Orthodox,2,2,0,0.5,0.5,1.0,False,0.3641416319294715,1,4.900167236239366,0.0,0.4663382594417077,,0.5
a44020ea2e8cd026,JooSang Yoo,2,1,1,1,0,0,1,0,2025-06-07,2025-10-04,1,31.539319767004113,67.0,71.0,145.0,Orthodox,2,2,0,0.5,0.5,1.0,False,0.3258109338316324,1,9.325767690253672,0.0,0.6568181818181817,,0.0
a6c2f5381d575920,Orlando Wiet,2,1,1,1,0,0,1,0,1994-03-11,1994-03-11,1,28.37840612743588,70.0,,170.0,Southpaw,2,2,0,0.5,0.5,1.0,False,0.0,0,1.748843357567746,0.0,0.5833333333333333,,0.0
aa6e591c2a2cdecd,Ricardo Abreu,2,1,1,0,1,0,1,0,2014-05-31,2015-06-06,2,30.600217663607054,71.0,,185.0,Orthodox,2,2,0,0.5,0.5,1.0,False,1.0157634995927363,1,4.271584699453552,1.5,0.31899547570651104,0.42857142857142855,0.5
aebaa8cec15b083d,Kody Steele,2,1,1,0,1,0,1,0,2025-02-08,2026-05-02,2,30.41814684764232,69.0,71.0,155.0,Orthodox,2,2,0,0.5,0.5,1.0,False,1.2265823391308515,1,2.093785310734463,2.406779661016949,0.6411483253588517,0.625,0.5
b2a2da86546ddb19,Buddy Roberts,2,1,1,0,0,1,0,0,2012-06-08,2012-08-11,1,29.730932188888204,74.0,,185.0,Orthodox,2,2,0,0.5,0.0,0.0,False,0.1752260484472645,1,2.0945017182130585,0.0,0.3719433719433719,,0.5
b369533a577fa97c,Dan Christison,2,1,1,0,1,0,1,0,2006-04-06,2006-07-08,1,34.07188374846848,80.0,,265.0,Orthodox,2,2,0,0.5,0.5,1.0,False,0.2546253516499312,1,4.280538555691555,0.0,0.5289745627980922,,1.0
b4443fae47e7eb9d,Wes Schultz,2,1,1,0,1,0,1,0,2026-02-28,2026-05-02,1,29.641950211161078,73.0,77.0,185.0,Orthodox,2,2,0,0.5,0.5,1.0,False,0.17248814144027597,1,1.1070422535211266,0.0,0.4683257918552036,0.0,2.5
b4c96c3d9139bf0e,Patrick Walsh,2,1,1,0,0,1,0,0,2014-07-06,2015-02-14,2,25.907445053628756,71.0,,185.0,,2,2,0,0.5,0.0,0.0,False,0.6105532625584372,1,2.033333333333333,3.0,0.3136261261261261,0.48214285714285715,1.5
b53c46f613f6f248,Brianna Fortino,2,1,1,0,0,1,0,0,2019-07-13,2020-06-20,2,26.408482035907653,60.0,62.0,115.0,Southpaw,2,2,0,0.5,0.0,0.0,False,0.9391021033970581,1,3.533333333333333,2.5,0.4425133689839572,0.5178571428571428,0.0
b5c19c34f12c917e,Denzel Freeman,2,1,1,0,0,1,0,0,2025-11-22,2026-01-24,2,34.12116607459427,73.0,77.0,265.0,Southpaw,2,2,0,0.5,0.0,0.0,False,0.17248814144027597,1,1.6333333333333333,0.0,0.310126582278481,0.0,0.0
b60391da771deefe,Todd Medina,2,1,1,0,1,0,1,0,1995-04-07,1995-04-07,1,24.936857019651328,70.0,,193.0,Southpaw,2,2,0,0.5,0.5,1.0,False,0.0,0,0.6857142857142857,2.5714285714285716,1.0,1.0,0.5
b63e800c18e011b5,Tedd Williams,2,1,1,1,0,0,1,0,2000-03-10,2000-09-22,1,30.49207033683101,73.0,,275.0,Orthodox,2,2,0,0.5,0.5,1.0,False,0.5366297733697475,1,2.1633825944170773,0.5,0.6678765880217785,0.1,0.0
bc7f4b2d4c2724a2,Tyrell Fortune,2,1,1,0,0,1,0,0,2026-03-28,2026-07-25,1,35.89532981512283,75.0,75.0,259.0,Orthodox,2,2,0,0.5,0.0,0.0,False,0.3258109338316324,1,1.8928571428571428,1.5,0.4867954276704769,0.3,0.0
be9d259be012e8a4,Scott Morris,2,1,1,0,1,0,1,0,1994-03-11,1994-03-11,1,,70.0,,210.0,Orthodox,2,2,0,0.5,0.5,1.0,False,0.0,0,1.5,22.5,1.0,0.5,0.5
c75b99887c8c3f5a,Keith Rockel,2,1,1,0,1,0,1,0,2002-01-11,2003-11-21,2,37.30261401671493,72.0,,185.0,Orthodox,2,2,0,0.5,0.5,1.0,False,1.8590388577451966,1,1.1989867717421896,4.559527160146355,0.8,0.75,1.5
cbf94e4c4af4ff6d,Nate Loughran,2,1,1,0,1,0,1,0,2008-07-19,2008-12-10,1,28.173063101911744,74.0,,185.0,Orthodox,2,2,0,0.5,0.5,1.0,False,0.3942586090063451,1,1.3649425287356323,0.0,0.3682795698924731,0.0,1.0
cc84b68f862b466f,Eddie Yagin,2,1,1,0,0,1,0,0,2011-09-24,2012-04-21,2,32.794650129708344,67.0,,145.0,Orthodox,2,2,0,0.5,0.0,0.0,False,0.5749604714675866,1,3.1333333333333333,0.0,0.3401950162513543,,1.0
cd7bafbeee1f29a0,War Machine,2,1,1,1,0,0,1,0,2007-12-08,2008-05-24,2,26.251052383005813,71.0,,170.0,Orthodox,2,2,0,0.5,0.5,1.0,False,0.4599683771740693,1,1.7423717059639388,0.624133148404993,0.5520833333333333,0.5,0.0
d2036f31c035e0d1,Jose Torres,2,1,1,1,0,0,1,0,2018-06-01,2018-08-04,1,25.91702772815321,64.0,65.0,125.0,Orthodox,2,2,0,0.5,0.5,1.0,False,0.1752260484472645,1,5.23903120633442,0.9473684210526316,0.36820882852292025,0.3333333333333333,0.0
d5ed14b2153c6ed2,Semmy Schilt,2,1,1,1,0,0,1,0,2001-05-04,2001-06-29,1,27.595364723437168,82.0,,265.0,Orthodox,2,2,0,0.5,0.5,1.0,False,0.15332279239135643,1,1.2747363431686218,0.0,0.7884615384615384,,0.0
d71d968dc6ecfdaf,Katsuhisa Fujii,2,1,1,1,0,0,1,1,1999-11-19,1999-11-19,1,27.26134006858457,72.0,,205.0,Orthodox,2,2,0,0.5,0.5,1.0,False,0.0,0,2.557020435069216,1.6216216216216217,0.4337979094076655,0.6666666666666666,0.0
d74cba8566291bfa,Junie Browning,2,1,1,0,1,0,1,0,2008-12-13,2009-04-01,2,24.738358761644662,69.0,,155.0,Orthodox,2,2,0,0.5,0.5,1.0,False,0.29843186376174735,1,2.62668626772743,2.295918367346939,0.4126984126984127,0.5,1.0
d7b2c0b53883ee80,Kyle Watson,2,1,1,0,0,1,0,0,2010-12-04,2011-04-30,2,31.522892324962182,72.0,,155.0,Southpaw,2,2,0,0.5,0.0,0.0,False,0.4024723300273106,1,3.491703056768559,0.0,0.3553191489361702,0.0,0.0
dd992d569aaebee6,Jesse Taylor,2,1,1,0,1,0,1,1,2008-07-19,2017-07-07,2,30.02799509914646,72.0,73.0,170.0,Orthodox,2,2,0,0.5,0.5,1.0,False,8.966645447887363,1,2.3409363745498197,4.514663008060367,0.5913461538461539,0.5,1.0
df85d6ec3493d120,Joe Moreira,2,1,1,0,0,1,0,0,1996-02-16,1997-07-27,2,35.34501050671814,71.0,,195.0,Southpaw,2,2,0,0.5,0.0,0.0,False,1.4428769926829434,1,0.8333333333333333,1.5,0.6031746031746031,0.5,0.0
e0d3d9b564f95635,Lucas Rocha,2,1,1,0,0,1,0,0,2024-10-12,2025-10-11,2,24.665804225959466,63.0,64.0,125.0,Orthodox,2,2,0,0.5,0.0,0.0,False,0.9965981505438167,1,5.013888888888889,1.5,0.4617418519317936,0.75,0.0
e4aaaa34535e32b6,Nick Denis,2,1,1,1,0,0,1,0,2012-01-20,2012-05-05,1,28.422212639547695,67.0,,135.0,Orthodox,2,2,0,0.5,0.5,1.0,False,0.2902181427407818,1,17.408026755852845,1.5050167224080269,0.5182002022244692,1.0,0.0
e564146b9cf6dbef,Felipe Franco,2,1,1,1,0,0,1,0,2026-03-21,2026-07-18,1,25.32153295413321,73.0,76.0,205.0,Orthodox,2,2,0,0.5,0.5,1.0,False,0.3258109338316324,1,3.625,3.3749999999999996,0.5232142857142856,0.25,0.0
eee7dafac7d672b5,Brian Melancon,2,1,1,1,0,0,1,0,2013-07-06,2013-08-28,1,31.18065394908862,68.0,,170.0,Orthodox,2,2,0,0.5,0.5,1.0,False,0.1451090713703909,1,3.8463829202364046,1.5050167224080269,0.45238095238095233,1.0,0.0
efb9a43415a56d34,Sai Wang,2,1,1,0,0,1,0,1,2014-03-01,2014-08-23,1,28.366085545904433,72.0,,170.0,Southpaw,2,2,0,0.5,0.0,0.0,False,0.47913372622298883,1,3.166666666666667,0.0,0.45426704777460186,0.0,0.0
f264ba50b007f39e,Victor Hugo,2,1,1,0,0,1,0,0,2024-04-06,2024-10-26,1,31.648836047283652,67.0,71.0,135.0,Orthodox,2,2,0,0.5,0.0,0.0,False,0.555795122418667,1,3.7666666666666666,0.5,0.45419354838709675,0.25,0.5
f341f9551ba744e2,Paul Jones,2,1,1,0,1,0,1,0,1999-07-16,1999-09-24,1,36.17870319034614,69.0,,199.0,Orthodox,2,2,0,0.5,0.5,1.0,False,0.19165349048919553,1,3.0668537471112582,0.0,0.6571428571428571,0.0,1.0
f348d05403fad037,Dan Bobish,2,1,1,0,1,0,1,1,1997-07-27,1997-07-27,1,27.49953797819257,74.0,,345.0,Southpaw,2,2,0,0.5,0.5,1.0,False,0.0,0,2.076923076923077,3.4615384615384617,0.21428571428571427,1.0,0.5
fbb60f24af5d5a02,Torrez Finney,2,1,1,0,0,1,0,0,2025-04-05,2026-01-31,2,26.860236692060752,68.0,75.0,185.0,Orthodox,2,2,0,0.5,0.0,0.0,False,0.8241100091035408,1,1.0333333333333334,4.0,0.4253246753246753,0.23529411764705882,0.0
037cfd34a27d59e9,Michael Oliveira,1,1,0,1,0,0,1,0,2026-08-01,2026-08-01,1,28.52625310581326,73.0,78.0,170.0,Orthodox,1,1,0,1.0,1.0,1.0,False,0.0,1,7.706422018348624,0.0,0.56,,0.0
04ff3a711504d6b3,Magomed Zaynukov,1,1,0,0,0,1,0,0,2026-07-25,2026-07-25,1,31.559854069556526,70.0,68.0,155.0,Orthodox,1,1,0,1.0,0.0,0.0,False,0.0,1,4.933333333333334,2.0,0.5648854961832062,0.3333333333333333,0.0
078695e385ec2f57,Victor Valenzuela,1,1,0,0,0,1,0,0,2026-04-25,2026-04-25,1,32.20600012320581,69.0,71.0,170.0,Orthodox,1,1,0,1.0,0.0,0.0,False,0.0,1,3.533333333333333,1.0,0.452991452991453,0.5,0.0
084532da3d25f3b8,Cezary Oleksiejczuk,1,1,0,0,0,1,0,0,2025-12-13,2025-12-13,1,25.936193077202134,75.0,75.0,185.0,Southpaw,1,1,0,1.0,0.0,0.0,False,0.0,1,0.9333333333333333,6.0,0.7368421052631579,0.8571428571428571,0.0
08a7080ff5904661,Rafael Carino,1,1,0,1,0,0,1,0,1996-05-17,1996-05-17,1,,80.0,,245.0,Orthodox,1,1,0,1.0,1.0,1.0,False,0.0,1,1.4457831325301205,2.710843373493976,0.47058823529411764,1.0,0.0
0cf935519d439ba6,Enson Inoue,1,1,0,0,1,0,1,0,1997-05-30,1997-05-30,1,30.12519079789455,70.0,,210.0,Orthodox,1,1,0,1.0,1.0,1.0,False,0.0,1,0.0,0.0,,,1.0
0e6bc8d1d6c0ad90,Abdul Hussein,1,1,0,0,1,0,1,0,2026-07-25,2026-07-25,1,28.978007761966364,67.0,67.0,135.0,Orthodox,1,1,0,1.0,1.0,1.0,False,0.0,1,4.955527318932655,1.1435832274459974,0.6565656565656566,0.5,3.0
182a73d5b4e57871,Jovan Leka,1,1,0,1,0,0,1,0,2026-08-01,2026-08-01,1,24.38106189723266,76.0,75.0,263.0,Orthodox,1,1,0,1.0,1.0,1.0,False,0.0,1,4.225352112676056,0.0,0.625,,0.0
1a97a3ef4c758fae,Gokhan Saricam,1,1,0,1,0,0,1,0,2026-04-18,2026-04-18,1,35.13556062068352,75.0,75.0,265.0,Orthodox,1,1,0,1.0,1.0,1.0,False,0.0,1,5.866209262435677,0.0,0.47107438016528924,0.0,0.0
1c061eb6e29eaa0a,Bob Cook,1,1,0,0,1,0,1,0,2000-03-10,2000-03-10,1,,69.0,,170.0,Orthodox,1,1,0,1.0,1.0,1.0,False,0.0,1,3.3933161953727504,2.313624678663239,0.46808510638297873,0.2,2.0
1f8cd7634e8286ff,Jose Montanha,1,1,0,0,1,0,1,0,2026-08-08,2026-08-08,1,29.952702656454274,76.0,76.0,259.0,Orthodox,1,1,0,1.0,1.0,1.0,False,0.0,1,1.090909090909091,8.181818181818183,0.2857142857142857,0.5,1.0
20a0e4cc5227c117,Jose Souza,1,1,0,0,0,1,0,0,2026-05-30,2026-05-30,1,24.019658172310177,75.0,79.0,170.0,Orthodox,1,1,0,1.0,0.0,0.0,False,0.0,1,4.8,0.0,0.47058823529411764,,0.0
231cae8b77fbbcc1,Khalid Murtazaliev,1,1,0,1,0,0,1,0,2018-09-15,2018-09-15,1,25.16957911524535,72.0,76.0,185.0,Orthodox,1,1,0,1.0,1.0,1.0,False,0.0,1,4.8,7.5,0.6956521739130435,1.0,0.0
2620f3eb21c79614,Scott Adams,1,1,0,0,1,0,1,0,2000-03-10,2000-03-10,1,,72.0,,225.0,Southpaw,1,1,0,1.0,1.0,1.0,False,0.0,1,0.0,4.761904761904762,,1.0,4.0
2975297f505e9447,Jonny Parsons,1,1,0,1,0,0,1,0,2023-07-22,2023-07-22,1,31.874713375360205,69.0,69.0,170.0,Orthodox,1,1,0,1.0,1.0,1.0,False,0.0,1,6.331658291457287,0.0,0.5080645161290323,,0.0
2b266e623e20737a,Rodrigo Vera,1,1,0,1,0,0,1,0,2026-05-30,2026-05-30,1,30.61527615214549,68.0,68.0,145.0,Orthodox,1,1,0,1.0,1.0,1.0,False,0.0,1,9.272727272727273,8.181818181818183,0.5862068965517241,1.0,0.0
32016899d0a222a3,Lee Murray,1,1,0,0,1,0,1,0,2004-01-31,2004-01-31,1,26.385209826348248,75.0,,185.0,Orthodox,1,1,0,1.0,1.0,1.0,False,0.0,1,0.0,0.0,0.0,,2.0
32a3025d5db456ae,Jon Hess,1,1,0,1,0,0,1,0,1995-04-07,1995-04-07,1,,79.0,,295.0,,1,1,0,1.0,1.0,1.0,False,0.0,1,12.289156626506024,0.0,0.6071428571428571,,0.0
33a86e839ad202d8,Luis Felipe Dias,1,1,0,1,0,0,1,0,2026-05-30,2026-05-30,1,31.365462672060342,70.0,74.0,185.0,,1,1,0,1.0,1.0,1.0,False,0.0,1,5.7272727272727275,0.0,0.525,,0.0
3618e0632ecdba9c,Keiichiro Nakamura,1,1,0,1,0,0,1,1,2026-01-31,2026-01-31,1,27.165513323339972,70.0,70.0,145.0,Southpaw,1,1,0,1.0,1.0,1.0,False,0.0,1,3.260869565217391,0.0,0.37815126050420167,,0.0
37e03538c960bac6,Abdul-Kerim Edilov,1,1,0,1,0,0,1,0,2017-09-02,2017-09-02,1,25.771918656782823,74.0,,205.0,Orthodox,1,1,0,1.0,1.0,1.0,False,0.0,1,10.221238938053098,3.9823008849557526,0.616,1.0,1.0
3be16d817b36098b,DongHun Choi,1,1,0,1,0,0,1,1,2024-11-23,2024-11-23,1,25.892386565090316,65.0,66.0,125.0,Switch,1,1,0,1.0,1.0,1.0,False,0.0,1,4.615384615384615,0.0,0.631578947368421,,0.0
3cc506f115cbb9d5,Mantas Kondratavicius,1,1,0,0,0,1,0,0,2026-03-21,2026-03-21,1,26.678165876096017,74.0,75.0,185.0,Orthodox,1,1,0,1.0,0.0,0.0,False,0.0,1,5.0,2.0,0.7009345794392523,0.5,1.0
3da19339ee7051d5,Justin Martin,1,1,0,0,1,0,1,0,1997-02-07,1997-02-07,1,,72.0,,185.0,,0,1,0,1.0,1.0,1.0,False,0.0,1,,,,,
5898357a45a73674,Sione Latu,1,1,0,1,0,0,1,0,1999-03-05,1999-03-05,1,,72.0,,215.0,,1,1,0,1.0,1.0,1.0,False,0.0,1,0.8985024958402662,1.497504159733777,0.47368421052631576,1.0,0.0
5f926979c980b87e,Borislav Nikolic,1,1,0,0,0,1,0,0,2026-08-01,2026-08-01,1,33.50376804451837,69.0,72.0,135.0,Orthodox,1,1,0,1.0,0.0,0.0,False,0.0,1,3.8,1.0,0.3877551020408163,1.0,2.0
60884f31ead1609c,Jonathan Wiezorek,1,1,0,1,0,0,1,0,2004-04-02,2004-04-02,1,26.14153610272627,75.0,,250.0,Southpaw,1,1,0,1.0,1.0,1.0,False,0.0,1,2.142857142857143,3.214285714285714,1.0,0.25,0.0
6266abf6e4245c72,Noah Gugnon,1,1,0,0,1,0,1,0,2026-08-01,2026-08-01,1,25.785608191817765,71.0,71.0,155.0,Orthodox,1,1,0,1.0,1.0,1.0,False,0.0,1,3.7037037037037033,0.0,0.45454545454545453,,1.0
62918a2118de08b2,Tom Murphy,1,1,0,1,0,0,1,0,2006-03-04,2006-03-04,1,31.288801275864664,74.0,,227.0,Southpaw,1,1,0,1.0,1.0,1.0,False,0.0,1,2.503477051460362,7.510431154381084,0.7142857142857143,0.8571428571428571,2.0
640a0f838f057a81,Lerryan Douglas,1,1,0,1,0,0,1,0,2026-03-28,2026-03-28,1,30.919183829921216,69.0,72.0,145.0,Orthodox,1,1,0,1.0,1.0,1.0,False,0.0,1,8.169014084507042,0.0,0.6041666666666666,,0.0
6420efac0578988b,Yoshiki Takahashi,1,1,0,0,0,1,0,0,1997-02-07,1997-02-07,1,27.90748612223386,71.0,,199.0,Southpaw,1,1,0,1.0,0.0,0.0,False,0.0,1,1.3333333333333333,1.0,0.46511627906976744,1.0,0.0
672ef06fd9f41f7d,Marcelo Mello,1,1,0,1,0,0,1,0,1999-05-07,1999-05-07,1,,67.0,,170.0,Southpaw,1,1,0,1.0,1.0,1.0,False,0.0,1,5.0602409638554215,10.843373493975903,0.5384615384615384,0.5,0.0
6776260cb0aef647,Logan Clark,1,1,0,0,0,1,0,0,2006-12-13,2006-12-13,1,21.821118845698404,74.0,,185.0,Orthodox,1,1,0,1.0,0.0,0.0,False,0.0,1,2.6666666666666665,0.0,0.7272727272727273,,2.0
6e8349a0a0476d60,Imanol Rodriguez,1,1,0,1,0,0,1,0,2026-02-28,2026-02-28,1,26.28938308110365,64.0,64.0,125.0,Orthodox,1,1,0,1.0,1.0,1.0,False,0.0,1,4.919786096256685,1.6042780748663101,0.5476190476190477,0.3333333333333333,0.0
70fc8214822b5a85,Shane Collins,1,1,0,0,0,1,0,0,2026-06-20,2026-06-20,1,26.283907267089674,69.0,71.0,145.0,Orthodox,1,1,0,1.0,0.0,0.0,False,0.0,1,5.066666666666666,0.0,0.5507246376811594,0.0,3.0
74939a16c7b56f33,Juan Diaz,1,1,0,0,1,0,1,0,2026-05-16,2026-05-16,1,27.951292634345673,68.0,69.0,135.0,Orthodox,1,1,0,1.0,1.0,1.0,False,0.0,1,1.4233576642335768,8.211678832116789,0.52,0.625,1.0
7498b3ac79a3b948,Taiyilake Nueraji,1,1,0,1,0,0,1,0,2025-08-23,2025-08-23,1,24.611046085819694,74.0,75.0,155.0,Southpaw,1,1,0,1.0,1.0,1.0,False,0.0,1,7.605633802816902,4.225352112676057,0.7105263157894737,0.3333333333333333,0.0
77ba5b2939c4018b,Carol Foro,1,1,0,0,0,1,0,0,2026-08-08,2026-08-08,1,29.383217999000664,62.0,61.0,115.0,Orthodox,1,1,0,1.0,0.0,0.0,False,0.0,1,7.066666666666666,0.0,0.6127167630057804,,0.0
8061a3136026a673,Jeisla Chaves,1,1,0,0,0,1,0,0,2026-06-06,2026-06-06,1,29.339411486888846,66.0,68.0,115.0,Orthodox,1,1,0,1.0,0.0,0.0,False,0.0,1,4.266666666666667,3.0,0.6464646464646465,0.5,1.0
85ff1b9471d35238,Dmitry Sosnovskiy,1,1,0,0,1,0,1,0,2018-03-17,2018-03-17,1,28.69600334024655,75.0,77.0,240.0,Orthodox,1,1,0,1.0,1.0,1.0,False,0.0,1,2.9525483304042184,3.163444639718805,0.7,0.6666666666666666,2.0
96d173b7f92aa520,Onassis Parungao,1,1,0,1,0,0,1,0,1995-09-08,1995-09-08,1,,71.0,,200.0,,0,1,0,1.0,1.0,1.0,False,0.0,1,,,,,
9f5609dba6584ab2,Regina Tarin,1,1,0,0,0,1,0,0,2026-02-28,2026-02-28,1,21.361150468524336,67.0,66.0,125.0,Southpaw,1,1,0,1.0,0.0,0.0,False,0.0,1,7.6,1.0,0.4769874476987448,0.3333333333333333,0.0
a1ad35b98a9136e5,Lawrence Lui,1,1,0,0,0,1,0,1,2026-01-31,2026-01-31,1,29.492734279280203,67.0,72.0,135.0,Orthodox,1,1,0,1.0,0.0,0.0,False,0.0,1,3.466666666666667,7.0,0.3466666666666667,0.4666666666666667,0.0
a69a7120cf26669d,Levan Chokheli,1,1,0,1,0,0,1,0,2026-06-20,2026-06-20,1,29.714504746846274,71.0,72.0,170.0,Orthodox,1,1,0,1.0,1.0,1.0,False,0.0,1,15.652173913043477,0.0,0.5454545454545454,,0.0
b01a5e0dcd9f231d,Muhammad Saidov,1,1,0,1,0,0,1,0,2026-07-25,2026-07-25,1,30.538614755949812,74.0,73.0,205.0,Orthodox,1,1,0,1.0,1.0,1.0,False,0.0,1,6.112054329371817,0.0,0.45112781954887216,,0.0
b852ad2b35354fcb,Ezra Elliott,1,1,0,0,0,1,0,0,2026-07-18,2026-07-18,1,26.166177265789166,69.0,72.0,145.0,Orthodox,1,1,0,1.0,0.0,0.0,False,0.0,1,0.4,12.0,0.5454545454545454,0.6666666666666666,3.0
bc5a51159ec2fdf2,Magomed Tuchalov,1,1,0,0,0,1,0,0,2026-07-25,2026-07-25,1,26.568649595816478,75.0,78.0,205.0,Orthodox,1,1,0,1.0,0.0,0.0,False,0.0,1,2.3333333333333335,8.0,0.4375,0.5714285714285714,1.0
be5cfd73617a5b1a,Javier Vazquez,1,1,0,0,0,1,0,0,2011-06-26,2011-06-26,1,33.94457107264352,67.0,69.0,145.0,Southpaw,1,1,0,1.0,0.0,0.0,False,0.0,1,4.133333333333334,3.0,0.38509316770186336,0.6,1.0
c1684f00c626f4c0,Mark Schultz,1,1,0,1,0,0,1,0,1996-05-17,1996-05-17,1,35.55719829975975,69.0,,200.0,Orthodox,1,1,0,1.0,1.0,1.0,False,0.0,1,0.6666666666666666,3.75,0.27586206896551724,1.0,0.0
c3c23c99477c041b,Frank Hamaker,1,1,0,0,1,0,1,0,1994-03-11,1994-03-11,1,,,,,,1,1,0,1.0,1.0,1.0,False,0.0,1,0.4109589041095891,3.082191780821918,0.6666666666666666,1.0,3.0
c85bad793cd14e28,Marcio Barbosa,1,1,0,1,0,0,1,0,2026-04-18,2026-04-18,1,27.90748612223386,66.0,70.0,145.0,Orthodox,1,1,0,1.0,1.0,1.0,False,0.0,1,3.0,0.0,0.5,,0.0
c88f8a9c1ea7165d,Farman Hasanov,1,1,0,0,0,1,0,0,2026-06-27,2026-06-27,1,30.905494294886275,71.0,74.0,170.0,Orthodox,1,1,0,1.0,0.0,0.0,False,0.0,1,1.4,17.0,0.5121951219512195,0.6296296296296297,0.0
ce6065baef021cf3,Ikuhisa Minowa,1,1,0,1,0,0,1,0,2000-04-14,2000-04-14,1,24.25511817491119,69.0,,181.0,Orthodox,1,1,0,1.0,1.0,1.0,False,0.0,1,0.25210084033613445,3.7815126050420167,0.15789473684210525,0.375,0.0
cfbb3edab781dfd2,Shanelle Dyer,1,1,0,1,0,0,1,0,2026-03-21,2026-03-21,1,24.909477949581444,66.0,65.0,115.0,Orthodox,1,1,0,1.0,1.0,1.0,False,0.0,1,7.798408488063661,2.387267904509284,0.6282051282051282,1.0,0.0
d1e6a6536ee62517,Tyrone Roberts,1,1,0,0,0,1,0,0,2000-06-09,2000-06-09,1,27.90474821522687,69.0,,185.0,Orthodox,1,1,0,1.0,0.0,0.0,False,0.0,1,1.0666666666666667,1.0,0.26666666666666666,1.0,0.0
d436f5d55156a521,Murtazali Magomedov,1,1,0,0,1,0,1,0,2026-06-20,2026-06-20,1,26.817799133452432,69.0,70.0,145.0,Orthodox,1,1,0,1.0,1.0,1.0,False,0.0,1,3.8961038961038956,11.688311688311687,0.7142857142857143,0.5,1.0
d58478ded5534695,Maiquel Falcao,1,1,0,0,0,1,0,0,2010-11-20,2010-11-20,1,29.70355311881832,71.0,,185.0,Orthodox,1,1,0,1.0,0.0,0.0,False,0.0,1,1.6666666666666667,1.0,0.5555555555555556,1.0,3.0
d62bb4d84a7267ba,Mark Hughes,1,1,0,0,0,1,0,0,2000-11-17,2000-11-17,1,27.09706564816526,69.0,,205.0,Southpaw,1,1,0,1.0,0.0,0.0,False,0.0,1,0.9,3.0,0.47368421052631576,0.5,3.0
d683f4870742b273,Shi Ming,1,1,0,1,0,0,1,1,2024-11-23,2024-11-23,1,30.02662614564296,62.0,60.0,115.0,Orthodox,1,1,0,1.0,1.0,1.0,False,0.0,1,2.786377708978328,1.393188854489164,0.2777777777777778,0.5,0.0
d7c4956d61ae76a9,Jose Delano,1,1,0,0,0,1,0,0,2026-04-04,2026-04-04,1,29.561181954454916,68.0,70.0,145.0,Orthodox,1,1,0,1.0,0.0,0.0,False,0.0,1,7.133333333333334,0.0,0.622093023255814,0.0,0.0
dc950d59dc590aca,Ebenezer Fontes Braga,1,1,0,0,1,0,1,0,1998-10-16,1998-10-16,1,29.506423814315145,72.0,,199.0,Orthodox,1,1,0,1.0,1.0,1.0,False,0.0,1,2.608695652173913,4.3478260869565215,0.5625,1.0,1.0
dd12382f28296f7b,Wang Guan,1,1,0,0,0,1,0,0,2017-11-25,2017-11-25,1,31.70222523391993,69.0,71.0,145.0,Orthodox,1,1,0,1.0,0.0,0.0,False,0.0,1,4.733333333333333,0.0,0.4329268292682927,0.0,0.0
de83f920fd302871,Tommy Gantt,1,1,0,1,0,0,1,0,2026-05-16,2026-05-16,1,33.34770734512002,71.0,76.0,155.0,Orthodox,1,1,0,1.0,1.0,1.0,False,0.0,1,3.56687898089172,11.464968152866243,0.7368421052631579,0.35294117647058826,0.0
e03187ec8b5b6abc,RJ Harris,1,1,0,1,0,0,1,0,2026-07-18,2026-07-18,1,27.795231934947328,75.0,78.0,258.0,Orthodox,1,1,0,1.0,1.0,1.0,False,0.0,1,9.0,0.0,0.5769230769230769,,0.0
e047d3b541afd4a7,Tahir Abdullayev,1,1,0,1,0,0,1,0,2026-06-27,2026-06-27,1,29.396907534035606,68.0,73.0,170.0,Orthodox,1,1,0,1.0,1.0,1.0,False,0.0,1,2.557603686635945,2.0737327188940093,0.42528735632183906,0.3333333333333333,0.0
e4bde462b043d3e1,Sanae Kikuta,1,1,0,0,1,0,1,0,2000-04-14,2000-04-14,1,28.594700780987974,69.0,,200.0,Orthodox,1,1,0,1.0,1.0,1.0,False,0.0,1,1.7266187050359711,6.474820143884892,0.5,1.0,2.0
e803242fb2e41112,Islam Dulatov,1,1,0,1,0,0,1,0,2025-07-19,2025-07-19,1,26.962908204822824,75.0,75.0,170.0,Orthodox,1,1,0,1.0,1.0,1.0,False,0.0,1,5.121951219512195,0.0,0.5121951219512195,,0.0
e8c170a64dc920ac,Tulio Palhares,1,1,0,1,0,0,1,0,1998-10-16,1998-10-16,1,,,,180.0,,1,1,0,1.0,1.0,1.0,False,0.0,1,3.4444444444444446,6.666666666666666,0.7045454545454546,1.0,0.0
e8efeb9cf33b1941,Cesar Marscucci,1,1,0,1,0,0,1,0,1998-10-16,1998-10-16,1,,,,,,0,1,0,1.0,1.0,1.0,False,0.0,1,,,,,
eabece0edc2d62ca,Nina Milosevic,1,1,0,1,0,0,1,0,2026-08-01,2026-08-01,1,29.98008172652416,65.0,67.0,135.0,Orthodox,1,1,0,1.0,1.0,1.0,False,0.0,1,5.701357466063349,0.0,0.5384615384615384,,0.0
ec3bd30378d63dd1,Hecher Sosa,1,1,0,0,0,1,0,0,2026-03-14,2026-03-14,1,30.552304290984758,69.0,70.0,135.0,Orthodox,1,1,0,1.0,0.0,0.0,False,0.0,1,6.933333333333334,0.0,0.47058823529411764,,0.0
ee457ef1e1c326c1,Ben Earwood,1,1,0,0,0,1,0,0,2000-11-17,2000-11-17,1,,68.0,,170.0,Orthodox,1,1,0,1.0,0.0,0.0,False,0.0,1,0.5,3.0,0.5555555555555556,1.0,0.0
f7adc1fd115f8fdd,Abubakar Vagaev,1,1,0,0,0,1,0,0,2026-07-25,2026-07-25,1,33.27925966994531,71.0,73.0,170.0,Orthodox,1,1,0,1.0,0.0,0.0,False,0.0,1,1.8,4.0,0.38571428571428573,0.4,0.0
f7e856a73c96048e,Gable Steveson,1,1,0,1,0,0,1,0,2026-07-11,2026-07-11,1,26.111419125649398,71.0,74.0,249.0,Orthodox,1,1,0,1.0,1.0,1.0,False,0.0,1,16.29139072847682,0.0,0.7192982456140351,0.0,0.0
31bb0772f21cabd8,Daniel Lacerda,6,0,5,0,0,0,0,0,2021-10-23,2024-02-24,4,26.54902792893306,66.0,70.0,125.0,Switch,6,5,1,0.0,0.0,,False,2.3381725839681855,0,3.445956602787772,3.954495679685325,0.4811367281955517,0.6,0.3333333333333333
50d2f0018bcf9eef,Pat Healy,6,0,5,0,0,0,0,0,2006-08-17,2014-07-16,3,29.194758733352955,72.0,72.0,155.0,Orthodox,6,5,1,0.0,0.0,,False,7.9125512501967865,0,3.5574791594172197,1.5574030087094222,0.3878587195460343,0.17989417989417988,0.3333333333333333
5580771f383e141f,Jesse Ronson,6,0,5,0,0,0,0,0,2013-09-21,2022-10-01,4,32.01434663271662,70.0,70.0,155.0,Southpaw,6,5,1,0.0,0.0,,False,9.026879402041109,0,4.553067871586904,0.3333333333333333,0.494594186025521,0.3,0.3333333333333333
7a15f3694c5cbc02,John Alessio,5,0,5,0,0,0,0,1,2000-06-09,2012-07-07,3,28.179634078728515,70.0,72.0,155.0,Orthodox,5,5,0,0.0,0.0,,False,12.076907807826307,0,1.3364433416046322,0.4,0.33517967389424924,0.1,0.6
873626e5547b5235,Kyle Prepolec,5,0,5,0,0,0,0,0,2019-05-04,2026-08-01,3,33.69323120940197,70.0,70.0,155.0,Southpaw,5,5,0,0.0,0.0,,False,7.244501940491591,0,2.5872182129395376,0.0,0.3219582453594731,0.0,0.0
bc8f6b42767e28df,Naoyuki Kotani,5,0,5,0,0,0,0,0,2007-04-05,2015-09-26,3,30.07262298336037,68.0,66.0,155.0,Southpaw,5,5,0,0.0,0.0,,False,8.476560093636419,0,1.0024348077238625,0.7703703703703704,0.30053946053946057,0.40625,0.6
bd5403efbaa445c0,Sean Soriano,5,0,5,0,0,0,0,0,2014-01-04,2021-11-20,3,27.6353381657392,69.0,70.0,145.0,Orthodox,5,5,0,0.0,0.0,,False,7.8769584591059365,0,3.4788716492284664,1.0115515288788222,0.6222876526277945,0.7142857142857143,0.0
efc67b07eed39794,Istela Nunes,5,0,5,0,0,0,0,0,2021-10-16,2025-04-05,4,30.601039035709153,64.0,66.0,115.0,Orthodox,5,5,0,0.0,0.0,,False,3.468928177854439,0,4.121286768345592,0.0,0.4850675550355966,0.0,0.0
09a4447655fd4b7b,Rafael Cerqueira,4,0,4,0,0,0,0,0,2024-10-26,2025-11-22,2,35.1643086442569,75.0,76.0,205.0,Southpaw,4,4,0,0.0,0.0,,False,1.073259546739495,0,1.633511586452763,0.0,0.4653679653679654,,0.0
0b362247806341e5,JP Buys,4,0,4,0,0,0,0,0,2021-03-20,2023-08-12,3,25.927294879429418,65.0,67.0,135.0,Orthodox,4,4,0,0.0,0.0,,False,2.395668631114944,0,2.6448199423654355,0.25,0.35165043290043285,0.03571428571428571,1.0
2bd98ab77a8daa75,Stewart Nicoll,4,0,4,0,0,0,0,0,2024-08-17,2026-07-18,3,30.9595679582743,65.0,65.0,125.0,Orthodox,4,4,0,0.0,0.0,,False,1.9165349048919553,0,3.1542695538390104,3.165094339622642,0.39563344441861065,0.4138888888888889,0.0
34c2b3656f88f7ef,Aaron Phillips,4,0,4,0,0,0,0,0,2014-05-24,2023-04-15,3,28.62139537430611,69.0,71.0,135.0,Southpaw,4,4,0,0.0,0.0,,False,8.892721958698672,0,1.4171121009651075,0.75,0.49740028490028493,0.3,0.5
35b3772629e27a49,Kevin Croom,4,0,3,0,0,0,0,0,2020-09-12,2022-04-16,3,34.01233427106648,71.0,73.0,135.0,Orthodox,4,3,1,0.0,0.0,,False,1.590723971060323,0,4.324319377716769,0.25,0.41463826910074375,0.03125,0.25
3c26c420584d912d,Hailey Cowan,4,0,4,0,0,0,0,0,2023-04-29,2026-08-01,3,33.2457203091097,68.0,67.0,135.0,Southpaw,4,4,0,0.0,0.0,,False,3.258109338316324,0,2.8660443272537277,1.843988845279901,0.40094494047619045,0.35416666666666663,0.0
3f7dab21b6c971bc,Dequan Townsend,4,0,4,0,0,0,0,0,2019-06-29,2020-10-03,2,33.752233105402574,75.0,79.0,205.0,Orthodox,4,4,0,0.0,0.0,,False,1.2649130372286905,0,1.26434437836307,0.0,0.33696060037523456,,0.0
40a456a25d52ee65,Rolando Bedoya,4,0,4,0,0,0,0,0,2023-05-06,2025-09-27,3,27.295563906171928,71.0,74.0,155.0,Orthodox,4,4,0,0.0,0.0,,False,2.395668631114944,0,6.233333333333333,0.0,0.4700655821605556,0.0,0.25
411539901068522f,Jodie Esquibel,4,0,4,0,0,0,0,0,2017-10-21,2019-08-17,3,32.47431500989069,61.0,64.0,115.0,Orthodox,4,4,0,0.0,0.0,,False,1.8207081596473575,0,4.1,0.75,0.33143635639538027,0.09375,0.0
4834ff149dc9542a,Norifumi Yamamoto,4,0,3,0,0,0,0,0,2011-02-05,2015-02-28,3,35.3662292860223,64.0,66.0,135.0,Southpaw,4,3,1,0.0,0.0,,False,4.063053998370945,0,2.3113027692591355,1.0864312267657992,0.39954866562009417,0.25,0.0
4948e412fa6ab67d,Ravena Oliveira,4,0,4,0,0,0,0,0,2023-10-14,2026-08-08,3,28.461227814397283,65.0,65.0,125.0,Orthodox,4,4,0,0.0,0.0,,False,2.8173063101911744,0,2.0158343216305443,0.5,0.3576923913421721,0.3333333333333333,0.0
5bb0a618ad03ac64,Jay Hieron,4,0,4,0,0,0,0,0,2004-06-19,2013-02-02,4,32.44351355606207,72.0,75.0,170.0,Orthodox,4,4,0,0.0,0.0,,False,8.624407072013799,0,1.4941913607548283,3.045112781954887,0.298034861026987,0.25,0.75
60ba33c3f555a7a3,Josh Grispi,4,0,4,0,0,0,0,0,2011-01-01,2013-02-16,3,23.250306303346406,71.0,74.0,145.0,Orthodox,4,4,0,0.0,0.0,,False,2.1273537444300703,0,1.052680359103533,1.883501259445844,0.4085452338359315,0.5074074074074074,1.0
6a11e325aa60ad02,Jeff Hughes,4,0,3,0,0,0,0,0,2019-03-09,2020-09-26,2,31.48524610361609,74.0,77.0,250.0,Orthodox,4,3,1,0.0,0.0,,False,1.5523932729624839,0,2.6543209876543212,0.0,0.3637052602569844,0.0,0.0
6d48a2df51749d91,Antonio Trocoli,4,0,4,0,0,0,0,0,2024-06-22,2026-03-21,3,34.440816717660184,77.0,80.0,185.0,Orthodox,4,4,0,0.0,0.0,,False,1.7440467634516794,0,1.6182381700715907,0.25,0.4516214177978884,0.020833333333333332,0.0
70fa1c64a2c439ef,Alen Amedovski,4,0,4,0,0,0,0,0,2019-04-20,2022-09-17,2,32.77137792014894,70.0,74.0,185.0,Orthodox,4,4,0,0.0,0.0,,False,3.4114321307076803,0,2.801208541927409,0.0,0.25660650623885917,,0.0
72ea1984c52019b5,Saimon Oliveira,4,0,4,0,0,0,0,0,2022-01-22,2025-10-11,3,32.73167826854761,64.0,72.0,135.0,Orthodox,4,4,0,0.0,0.0,,False,3.7180777154903932,0,2.3374874546656366,0.42056074766355145,0.4327107251351245,0.25,1.0
82529ce93cd9a2cf,Anton Turkalj,4,0,4,0,0,0,0,0,2022-09-10,2024-03-30,3,27.012875007700362,76.0,78.0,205.0,Orthodox,4,4,0,0.0,0.0,,False,1.5523932729624839,0,2.707467216163715,1.25,0.5682343797391568,0.16666666666666666,0.0
862b0b3375aa4b6e,Zarah Fairn,4,0,4,0,0,0,0,0,2019-10-05,2023-09-02,3,37.72219826553591,68.0,72.0,135.0,Orthodox,4,4,0,0.0,0.0,,False,3.909731205979589,0,3.6251997900017496,0.0,0.3702500807580489,0.0,0.0
8d49545dadf9b919,Edgar Garcia,4,0,4,0,0,0,0,0,2009-06-20,2016-01-02,3,28.430426360568664,70.0,71.0,170.0,Orthodox,4,4,0,0.0,0.0,,False,6.535384025681568,0,2.603195789443878,3.240146109412165,0.39124436936936935,0.611111111111111,0.25
901cddcbfa079097,Will Campuzano,4,0,4,0,0,0,0,0,2010-12-04,2014-03-15,4,26.114157032656387,69.0,70.0,125.0,Orthodox,4,4,0,0.0,0.0,,False,3.2772746873652436,0,2.0582474226804126,1.2577319587628866,0.3123359257525043,0.3333333333333333,0.25
93b9496275bbbf80,Seth Petruzelli,4,0,4,0,0,0,0,0,2006-10-10,2010-11-13,3,28.930094389344063,72.0,76.0,205.0,Orthodox,4,4,0,0.0,0.0,,False,4.093170975447819,0,1.8975990633458018,0.6637168141592921,0.37039302929180573,0.5,1.25
9c27f3217891f3f0,Kris Moutinho,4,0,4,0,0,0,0,0,2021-07-10,2026-02-28,4,31.22719836820742,67.0,68.0,135.0,Southpaw,4,4,0,0.0,0.0,,False,4.638014469838532,0,3.5418768136286465,0.0,0.326089000875795,0.0,0.0
9e92e1ca498d7244,Fernie Garcia,4,0,4,0,0,0,0,0,2022-05-07,2024-02-10,3,30.968466156047008,67.0,67.0,135.0,Orthodox,4,4,0,0.0,0.0,,False,1.7632121125005988,0,2.1194444444444445,0.25,0.34822066989174033,0.5,0.5
acb36c908d415c4a,Vinicius Moreira,4,0,4,0,0,0,0,0,2019-01-19,2021-01-20,2,30.668665338781768,76.0,76.0,205.0,Orthodox,4,4,0,0.0,0.0,,False,2.0041479291155877,0,2.2210917140652437,0.0,0.5238095238095237,0.0,0.0
ba5e253af86db1a8,Terrion Ware,4,0,4,0,0,0,0,0,2017-07-08,2018-09-15,2,31.841858491276344,68.0,71.0,135.0,Orthodox,4,4,0,0.0,0.0,,False,1.1882516410330124,0,4.016666666666667,0.5,0.3134846438082428,0.1111111111111111,0.0
baa9be02c3e3e038,Jose Daniel Medina,4,0,4,0,0,0,0,0,2024-08-24,2026-02-28,3,34.064354504199265,72.0,74.0,185.0,Orthodox,4,4,0,0.0,0.0,,False,1.5140625748646448,0,2.2534049013229236,0.25,0.32689598689598687,0.5,0.0
c3218c810959d279,Khadis Ibragimov,4,0,4,0,0,0,0,0,2019-08-31,2020-09-26,2,24.81638911134383,75.0,78.0,205.0,Orthodox,4,4,0,0.0,0.0,,False,1.073259546739495,0,3.2711772887179906,0.8129346314325452,0.43632792872421033,0.3333333333333333,0.25
c9587d81e1d33925,Jerome Rivera,4,0,4,0,0,0,0,0,2020-09-19,2021-07-10,2,25.794506389590477,70.0,72.0,125.0,Southpaw,4,4,0,0.0,0.0,,False,0.8049446600546212,0,4.37027722612782,0.0,0.387002487562189,0.0,0.0
c9a94278df042f46,Alan Baudot,4,0,3,0,0,0,0,0,2020-10-10,2022-06-25,3,33.64887711588876,75.0,79.0,243.0,Orthodox,4,3,1,0.0,0.0,,False,1.7057160653538401,0,5.222570597178535,0.0,0.5191731710656944,,0.0
cb6783c39c01d896,Tiki Ghosn,4,0,4,0,0,0,0,0,2000-03-10,2004-04-02,4,25.011464985591765,70.0,,170.0,Orthodox,4,4,0,0.0,0.0,,False,4.063053998370945,0,3.106682429513656,0.0,0.39370748299319724,,0.0
cd12227edd3f134b,Keith Wisniewski,4,0,4,0,0,0,0,0,2005-11-19,2013-09-04,4,29.088208518997654,72.0,,170.0,Orthodox,4,4,0,0.0,0.0,,False,7.792083341889293,0,2.425,1.5,0.4977832735624773,0.275,0.25
e9e1acc96536bb4f,Ricardo Funch,4,0,4,0,0,0,0,0,2009-12-12,2012-06-22,3,30.607062431124525,70.0,74.0,170.0,Southpaw,4,4,0,0.0,0.0,,False,2.5270881674503927,0,2.1799802182513806,0.8181818181818182,0.6345704529115744,0.13888888888888887,0.0
ea3dcc417c322064,Martin Day,4,0,4,0,0,0,0,0,2018-11-24,2021-02-06,3,31.498935638651034,70.0,73.0,145.0,Orthodox,4,4,0,0.0,0.0,,False,2.2040151406257484,0,3.5178220196689853,1.0681818181818183,0.4916731366459627,0.6666666666666666,0.5
ec0dcceace7d25a3,Liang Na,4,0,4,0,0,0,0,0,2021-04-24,2024-04-27,4,26.361937616788847,65.0,67.0,125.0,Orthodox,4,4,0,0.0,0.0,,False,3.00895980068037,0,2.2688755945299146,3.21226114062731,0.41720724145401333,0.5,0.25
fb8a3025ae722e64,Bobby Voelker,4,0,4,0,0,0,0,0,2013-03-16,2014-06-07,2,34.483938753020254,72.0,74.0,170.0,Orthodox,4,4,0,0.0,0.0,,False,1.2265823391308515,0,3.4796296296296294,1.0,0.3400411600810537,0.26666666666666666,0.0
01fed6f61ebea01f,Jay Perrin,3,0,3,0,0,0,0,0,2022-02-19,2022-12-10,1,29.116728383653783,67.0,67.0,135.0,Switch,3,3,0,0.0,0.0,,False,0.8049446600546212,0,3.376693766937669,1.6666666666666667,0.47315649075680416,0.41428571428571426,0.0
02500fb9fd79a974,Jason Reinhardt,3,0,3,0,0,0,0,0,2007-11-17,2011-08-14,2,40.38504098874949,66.0,,135.0,Orthodox,3,3,0,0.0,0.0,,False,3.7399809715463013,0,1.1607464607464608,0.8571428571428572,0.5555555555555555,0.125,0.0
02bb48869eb7ac8f,Rayanne dos Santos,3,0,3,0,0,0,0,0,2023-12-09,2025-05-31,3,29.16236016710359,62.0,62.0,115.0,Orthodox,3,3,0,0.0,0.0,,False,1.4757318767668055,0,4.866666666666666,0.3333333333333333,0.4483760683760684,0.05555555555555555,0.0
095854a135e6db55,Marcus Buchecha,3,0,2,0,0,0,0,0,2025-07-26,2026-04-25,2,35.92316520302721,74.0,77.0,255.0,Orthodox,3,2,1,0.0,0.0,,False,0.7474486129078626,0,1.5054263565891475,2.0310077519379846,0.5430069930069931,0.15484515484515485,0.3333333333333333
0c258d1d8e16e5f1,Kevin Natividad,3,0,3,0,0,0,0,0,2020-10-31,2022-11-19,3,28.424950546554687,66.0,70.0,135.0,Orthodox,3,3,0,0.0,0.0,,False,2.050692348234392,0,2.9671422395157805,2.3333333333333335,0.3740162506383107,0.2692307692307692,0.0
129537073431e52e,Garett Whiteley,3,0,3,0,0,0,0,0,2013-10-09,2014-12-13,2,33.30390083300821,72.0,72.0,155.0,Orthodox,3,3,0,0.0,0.0,,False,1.1773000130050582,0,3.242735042735043,0.0,0.44231654014262717,0.0,0.6666666666666666
14aa21bc82cac57d,Iliarde Santos,3,0,3,0,0,0,0,0,2013-05-18,2013-10-09,1,32.84575772717213,65.0,67.0,125.0,Orthodox,3,3,0,0.0,0.0,,False,0.3942586090063451,0,2.578825988512724,1.3841214244016342,0.3159090909090909,0.21428571428571427,0.0
1999ffb5cebc314f,Brian Camozzi,3,0,3,0,0,0,0,0,2016-12-09,2018-02-18,3,26.053010442833642,74.0,78.0,170.0,Orthodox,3,3,0,0.0,0.0,,False,1.1937274550469894,0,2.773029735911832,0.0,0.27130226095743337,0.0,0.3333333333333333
1a98c9dbb7fc3959,Jocelyn Jones-Lybarger,3,0,3,0,0,0,0,0,2015-12-12,2017-01-15,3,30.725705068094026,67.0,64.0,115.0,Orthodox,3,3,0,0.0,0.0,,False,1.095162802795403,0,2.912820512820513,0.3333333333333333,0.29914211710101574,0.3333333333333333,0.0
1cf1310684a841f5,Mostapha Al-Turk,3,0,3,0,0,0,0,0,2008-12-27,2010-04-10,3,36.037244661651734,74.0,77.0,245.0,Orthodox,3,3,0,0.0,0.0,,False,1.28407838627761,0,1.4859412807473829,0.0,0.29397491980169144,0.0,0.0
1ed32eaaba9ffe10,Jumabieke Tuerxun,3,0,3,0,0,0,0,0,2014-03-01,2014-11-07,1,28.21686961402356,67.0,,135.0,Orthodox,3,3,0,0.0,0.0,,False,0.6872146587541154,0,1.7369638976610962,0.3333333333333333,0.3375945653852092,0.1111111111111111,0.6666666666666666
21b1132949f2a9b0,Steve Berger,3,0,2,0,0,0,0,0,2001-05-04,2002-06-22,2,28.673187448521645,71.0,,170.0,Orthodox,3,2,1,0.0,0.0,,False,1.133493500893242,0,0.7172273190621814,0.9174311926605504,0.13613613613613615,0.3333333333333333,1.0
21b813b919776d90,Erik Silva,3,0,3,0,0,0,0,0,2022-12-10,2026-02-28,3,37.21363203898779,69.0,71.0,145.0,Orthodox,3,3,0,0.0,0.0,,False,3.2197786402184847,0,1.182712194164916,1.0962241169305724,0.4265644955300128,0.75,0.0
2296125b6c362355,Wulijiburen,3,0,3,0,0,0,0,0,2017-11-25,2019-02-09,3,29.369528463965718,69.0,69.0,135.0,Orthodox,3,3,0,0.0,0.0,,False,1.2074169900819318,0,1.8010867528574106,3.3451377178189996,0.44663905047300073,0.4545454545454546,0.3333333333333333
2526be54e6a0e62a,Denys Bondar,3,0,3,0,0,0,0,0,2022-02-05,2024-02-24,3,30.747608324149937,66.0,69.0,125.0,Orthodox,3,3,0,0.0,0.0,,False,2.050692348234392,0,4.035325522642099,6.329283714897646,0.6326174914410209,0.6888888888888888,0.0
27b164b0d1833df0,Kalindra Faria,3,0,3,0,0,0,0,0,2017-10-07,2018-08-25,2,31.593621589309382,67.0,,125.0,Switch,3,3,0,0.0,0.0,,False,0.8816060562502994,0,1.7198653198653198,1.3434343434343434,0.43585434173669463,0.75,0.3333333333333333
2804ce8dadab5770,Marcelo Rojo,3,0,3,0,0,0,0,0,2021-03-13,2022-12-03,2,33.57769153370705,68.0,71.0,145.0,Orthodox,3,3,0,0.0,0.0,,False,1.7248814144027598,0,4.910622653141366,0.3444316877152698,0.46059889676910953,0.5,0.0
28c55b4087a6f136,Elvis Mutapcic,3,0,2,0,0,0,0,0,2016-01-17,2016-12-03,1,29.91802250103242,72.0,72.0,185.0,Orthodox,3,2,1,0.0,0.0,,False,0.8788681492433109,0,3.4106508875739645,0.0,0.4012056592864674,,0.0
2c5a0b8317f8f27a,Roque Martinez,3,0,3,0,0,0,0,0,2020-09-12,2021-06-19,2,34.840779299597756,70.0,72.0,250.0,Orthodox,3,3,0,0.0,0.0,,False,0.7666139619567821,0,2.9602214313958086,0.3333333333333333,0.5168642326537064,0.5,0.3333333333333333
2de91c2244ad7e89,Dominic Waters,3,0,3,0,0,0,0,0,2015-07-12,2016-05-08,2,26.652612077364125,73.0,79.0,170.0,Orthodox,3,3,0,0.0,0.0,,False,0.8241100091035408,0,0.35555555555555557,3.0,0.21639150943396226,0.6666666666666666,0.0
318572f6f74b760d,Charlie Ontiveros,3,0,3,0,0,0,0,0,2020-10-31,2022-08-13,3,30.235619713843082,74.0,74.0,155.0,Switch,3,3,0,0.0,0.0,,False,1.7823774615495185,0,2.6579326299808677,0.0,0.5908109774899785,,0.0
326a001926ffb7ec,Darian Weeks,3,0,3,0,0,0,0,0,2021-12-04,2022-09-10,2,28.401222019160784,71.0,72.0,170.0,Orthodox,3,3,0,0.0,0.0,,False,0.7666139619567821,0,4.488888888888888,2.0,0.4971604094411111,0.3148148148148148,0.0
33e00249ef08d3a4,Jake Lindsey,3,0,3,0,0,0,0,0,2014-06-07,2015-03-14,2,28.326385894303098,71.0,,155.0,Switch,3,3,0,0.0,0.0,,False,0.7666139619567821,0,3.35537597140954,0.5976095617529881,0.458580453363062,0.5,0.0
36e78278a77006d4,Connor Matthews,3,0,3,0,0,0,0,0,2024-03-30,2025-05-17,2,32.50169407996057,68.0,71.0,145.0,Switch,3,3,0,0.0,0.0,,False,1.1307555938862537,0,2.9482453397384547,3.853101629394125,0.3318840579710145,0.5,0.0
3753714927f18437,Mohammad Yahya,3,0,3,0,0,0,0,0,2023-10-21,2025-07-26,3,30.262998783912973,69.0,73.0,145.0,Switch,3,3,0,0.0,0.0,,False,1.7632121125005988,0,3.1362573099415205,0.3333333333333333,0.3556989900928859,0.5,0.3333333333333333
3b9f723e2720a238,Roger Bowling,3,0,2,0,0,0,0,0,2013-04-20,2013-12-14,1,30.710190261721095,69.0,68.0,155.0,Orthodox,3,2,1,0.0,0.0,,False,0.6516218676632648,0,3.04030001254215,2.6456434715952644,0.34715065636118264,0.6,1.0
3eb4dc9a7d4ac906,Ramona Pascual,3,0,3,0,0,0,0,0,2022-02-26,2022-11-05,1,33.75291758215432,67.0,66.0,135.0,Southpaw,3,3,0,0.0,0.0,,False,0.6899525657611039,0,3.953405017921147,1.3333333333333333,0.6755176933158585,0.19545454545454544,0.0
3f11b5d4bd76a6d9,Damian Grabowski,3,0,3,0,0,0,0,0,2016-02-06,2017-07-22,2,36.38313358020128,73.0,75.0,241.0,Orthodox,3,3,0,0.0,0.0,,False,1.456566527717886,0,3.0856679411423933,0.0,0.34278959810874704,0.0,0.0
4333a8e70a672eb7,Brogan Walker,3,0,3,0,0,0,0,0,2022-08-06,2025-10-04,3,35.30074767677183,64.0,67.0,125.0,Switch,3,3,0,0.0,0.0,,False,3.162282593071726,0,1.8501792114695341,1.0,0.3972222222222222,0.75,0.0
4729c93ba705a3bf,Kiefer Crosbie,3,0,3,0,0,0,0,0,2023-09-09,2025-08-23,3,34.37533510840971,71.0,70.0,170.0,Switch,3,3,0,0.0,0.0,,False,1.9548656029897944,0,3.945578894358075,0.0,0.6300612052730696,0.0,0.0
48812daf291a4e23,Mateus Mendonca,3,0,3,0,0,0,0,0,2023-01-14,2024-02-24,2,24.605570271805718,66.0,71.0,125.0,Orthodox,3,3,0,0.0,0.0,,False,1.111590244837334,0,1.2587301587301587,2.0,0.40270562770562773,0.2272727272727273,0.3333333333333333
4908c5ee68a50ee5,Brad Imes,3,0,3,0,0,0,0,1,2005-11-05,2007-04-07,3,29.26092481935518,79.0,,265.0,Orthodox,3,3,0,0.0,0.0,,False,1.418235829620047,0,2.7753841969264244,1.7343941248470012,0.33030297598419395,0.7222222222222222,1.0
4bf6b225ff6099c4,Domingo Pilarte,3,0,2,0,0,0,0,0,2019-07-20,2021-08-21,3,30.41814684764232,72.0,73.0,135.0,Southpaw,3,2,1,0.0,0.0,,False,2.0890230463322315,0,0.8374269005847954,0.6666666666666666,0.3488455988455989,0.4,0.3333333333333333
4c8d6fde2dde07c4,Dan Lauzon,3,0,3,0,0,0,0,0,2006-10-14,2010-05-29,2,20.8217827881476,70.0,,155.0,Orthodox,3,3,0,0.0,0.0,,False,3.6222509702457955,0,2.0343984272041826,3.7798950029165854,0.32318112633181123,0.4666666666666666,0.0
4f4dac51adc1af4f,Diego Saraiva,3,0,3,0,0,0,0,0,2007-02-03,2007-09-22,1,25.1348989598235,66.0,,155.0,Orthodox,3,3,0,0.0,0.0,,False,0.6324565186143453,0,1.6444444444444446,1.3333333333333333,0.3706636892397175,0.25,0.6666666666666666
4f74c8be51db8a37,Daiju Takase,3,0,3,0,0,0,0,0,1999-07-16,2000-12-16,2,21.826594659712384,72.0,,170.0,Southpaw,3,3,0,0.0,0.0,,False,1.4209737366270354,0,0.1111111111111111,0.0,0.1851851851851852,0.0,0.0
51c655162e462ceb,Shannon Ross,3,0,3,0,0,0,0,0,2023-02-11,2023-12-09,1,34.161778361864606,66.0,66.0,125.0,Switch,3,3,0,0.0,0.0,,False,0.8241100091035408,0,4.435894542716933,0.0,0.44178743961352657,,0.0
5df17b3620145578,Cole Escovedo,3,0,3,0,0,0,0,0,2011-05-28,2011-11-12,1,30.00381025391806,67.0,72.0,135.0,Orthodox,3,3,0,0.0,0.0,,False,0.4599683771740693,0,2.195321637426901,0.6666666666666666,0.476191466860838,0.25,0.0
61fb8098ccf81c7f,Antonio Arroyo,3,0,3,0,0,0,0,0,2019-11-16,2021-09-18,3,31.354511044032392,75.0,73.0,185.0,Orthodox,3,3,0,0.0,0.0,,False,1.8398735086962772,0,2.2074471254095918,0.3333333333333333,0.5997831557796942,1.0,0.0
62f7097c04311193,Niklas Stolze,3,0,3,0,0,0,0,0,2020-07-25,2022-06-04,3,28.53172891982724,73.0,74.0,155.0,Switch,3,3,0,0.0,0.0,,False,1.8590388577451966,0,3.2867146858743497,0.3333333333333333,0.5802808302808303,1.0,0.3333333333333333
65cdf4ec31143d86,Vinicius Salvador,3,0,3,0,0,0,0,0,2023-03-25,2024-05-18,2,27.16551332333997,67.0,70.0,135.0,Southpaw,3,3,0,0.0,0.0,,False,1.149920942935173,0,5.0359281437125745,0.3333333333333333,0.4376068376068376,0.08333333333333333,0.0
66e98b3bb5fc5250,Dan Moret,3,0,3,0,0,0,0,0,2018-04-14,2019-06-29,2,32.09830911426427,72.0,73.0,155.0,Southpaw,3,3,0,0.0,0.0,,False,1.2074169900819318,0,2.8030950170225934,1.0,0.42928457937905273,0.5555555555555556,0.3333333333333333
6cbb7661c3258617,Felix Lee Mitchell,3,0,3,0,0,0,0,0,1994-09-09,1996-12-07,2,,,,,Orthodox,1,3,0,0.0,0.0,,False,2.245083745730576,0,0.6569343065693432,0.0,1.0,,0.0
6ebe96a116e79e52,John Allan,3,0,2,0,0,0,0,0,2019-07-13,2021-11-06,3,27.624569064845048,73.0,75.0,205.0,Orthodox,3,2,1,0.0,0.0,,False,2.319007234919266,0,3.577777777777778,1.6666666666666667,0.3914347365776629,0.8333333333333333,1.0
6ef58dabef8beb15,Josh Haynes,3,0,3,0,0,0,0,1,2006-06-24,2007-04-07,2,29.261837455024175,69.0,,170.0,Orthodox,3,3,0,0.0,0.0,,False,0.7857793110057016,0,1.1870165495645875,0.978494623655914,0.25166516651665166,0.13888888888888887,0.0
71f048adbfed5b49,Sabah Homasi,3,0,3,0,0,0,0,0,2016-08-20,2018-01-20,3,28.737071945351374,72.0,72.0,170.0,Orthodox,3,3,0,0.0,0.0,,False,1.418235829620047,0,5.07990618395315,2.5820901047643727,0.4608333333333334,0.5,0.0
72c4b253d2f5ebf2,Roman Salazar,3,0,2,0,0,0,0,0,2014-10-04,2015-08-08,2,27.033181151335526,67.0,,135.0,Orthodox,3,2,1,0.0,0.0,,False,0.8432753581524604,0,1.8200874554907607,1.3461103146457407,0.4364297443115177,0.21428571428571427,0.0
75afb06215a07341,Dmitrii Smoliakov,3,0,3,0,0,0,0,0,2016-07-23,2019-04-27,3,35.04703496079089,74.0,74.0,253.0,Switch,3,3,0,0.0,0.0,,False,2.7598102630444155,0,1.2897122572247834,0.0,0.4150326797385621,0.0,0.0
75bbd2206a15319f,Edwin DeWees,3,0,3,0,0,0,0,0,2003-09-26,2006-11-11,3,22.852397151664075,73.0,,185.0,Orthodox,3,3,0,0.0,0.0,,False,3.1266898019808758,0,1.6218611266507803,2.8516595168209533,0.5403174603174603,1.0,1.0
78a68f1dade6aaf7,Fabio Cherant,3,0,3,0,0,0,0,0,2021-03-27,2022-02-12,2,26.763953628981657,73.0,74.0,205.0,Southpaw,3,3,0,0.0,0.0,,False,0.8816060562502994,0,1.549393090569561,0.0,0.32308236125839523,,0.0
7dfb56f24fe5ddea,Bobby Nash,3,0,3,0,0,0,0,0,2017-01-28,2017-11-25,1,27.274116967950516,72.0,74.0,170.0,Orthodox,3,3,0,0.0,0.0,,False,0.8241100091035408,0,3.5943104514533086,1.6259930545644832,0.3660277528202056,0.325,0.6666666666666666
7e208569469c8bc8,Ruan Potts,3,0,3,0,0,0,0,0,2014-05-10,2015-02-28,2,36.57935024903546,74.0,75.0,247.0,Orthodox,3,3,0,0.0,0.0,,False,0.8049446600546212,0,0.6401909252810163,0.6024096385542168,0.29442970822281167,0.16666666666666666,1.0
7f0f171414d0a287,Zelim Imadaev,3,0,3,0,0,0,0,0,2019-04-13,2020-09-05,2,24.8720598871526,72.0,76.0,170.0,Orthodox,3,3,0,0.0,0.0,,False,1.3990704805711274,0,2.888305121752221,0.5050505050505051,0.35886280646844027,0.5,0.0
7f6ef4e1227600bc,Wagner Prado,3,0,2,0,0,0,0,0,2012-08-04,2013-01-19,2,25.81389989755665,72.0,74.0,205.0,Southpaw,3,2,1,0.0,0.0,,False,0.4599683771740693,0,1.7448877973017332,0.0,0.27837335620354486,0.0,0.0
89839250eb25c9c1,Caio Machado,3,0,3,0,0,0,0,0,2023-11-18,2024-11-02,2,29.797554592724925,76.0,78.0,250.0,Southpaw,3,3,0,0.0,0.0,,False,0.9582674524459777,0,5.066666666666666,0.0,0.4889294918006977,0.0,0.0
9123c54d0a2b72dd,Christian Colombo,3,0,2,0,0,0,0,0,2016-09-03,2017-10-28,2,36.62954521083025,77.0,,265.0,Orthodox,3,2,1,0.0,0.0,,False,1.149920942935173,0,2.083356102003643,0.0,0.3140910452231207,0.0,0.0
93b2b7caa457cbea,James Llontop,3,0,3,0,0,0,0,0,2024-04-27,2024-11-16,1,25.030858493557933,72.0,73.0,155.0,Orthodox,3,3,0,0.0,0.0,,False,0.555795122418667,0,5.45860805860806,0.0,0.4099499693690014,0.0,0.0
947eccadb72f4f6f,Jesse Forbes,3,0,3,0,0,0,0,0,2006-06-24,2010-05-29,2,24.158378793997596,74.0,75.0,185.0,Southpaw,3,3,0,0.0,0.0,,False,3.9288965550285084,0,2.247379720550452,4.545454545454546,0.3206349206349206,0.5,0.3333333333333333
993d385f5a475375,Andy Enz,3,0,3,0,0,0,0,0,2014-02-01,2015-01-31,2,22.933621726204734,75.0,78.0,185.0,Orthodox,3,3,0,0.0,0.0,,False,0.9965981505438167,0,2.6390804597701147,0.0,0.17526235530602344,0.0,0.0
9edf2c9082cc2cd8,Blood Diamond,3,0,3,0,0,0,0,0,2022-02-12,2023-09-09,2,34.27129464214415,71.0,76.0,170.0,Switch,3,3,0,0.0,0.0,,False,1.5715586220114033,0,2.4497202238209432,0.0,0.48142519419115165,0.0,0.0
a2ccf35a88346a91,Erick Gonzalez,3,0,3,0,0,0,0,0,2021-10-16,2023-02-25,3,30.461040724085137,71.0,75.0,155.0,Orthodox,3,3,0,0.0,0.0,,False,1.3607397824732883,0,2.6738157831107796,4.968791939160258,0.39408589624106866,0.38888888888888884,0.0
a817e238b2747404,Dylan Budka,3,0,3,0,0,0,0,0,2024-04-06,2025-02-15,2,24.65576523360051,72.0,75.0,185.0,Switch,3,3,0,0.0,0.0,,False,0.8624407072013799,0,0.6344934700106695,2.0785219399538106,0.1944182389937107,0.5,0.0
a8ea84cbe1655f0a,Jeff Curran,3,0,3,0,0,0,0,0,2004-01-31,2012-05-15,3,31.756070738390704,66.0,69.0,135.0,Orthodox,3,3,0,0.0,0.0,,False,8.287644510154212,0,1.8,0.0,0.37644806460595936,0.0,0.6666666666666666
afaad7d6a581e307,Bobby Hoffman,3,0,2,0,0,0,0,0,2000-09-22,2001-11-02,2,32.41316842006794,74.0,,245.0,Orthodox,3,2,1,0.0,0.0,,False,1.111590244837334,0,2.3669787525116495,1.8643067846607668,0.5084697910784867,0.75,0.3333333333333333
b12a1d19ee383b7c,Tonya Evinger,3,0,3,0,0,0,0,1,2017-07-29,2019-06-01,3,37.160699170186014,67.0,70.0,135.0,Orthodox,3,3,0,0.0,0.0,,False,1.8398735086962772,0,1.9009744897036756,0.7523277467411544,0.4948083778966132,0.16666666666666666,0.0
b2f88c04c4dd43ce,Jason Miller,3,0,3,0,0,0,0,0,2005-04-16,2012-05-26,3,28.890394737742735,73.0,,185.0,Orthodox,3,3,0,0.0,0.0,,False,7.110344497149154,0,1.3300573300573302,0.7018837018837019,0.34296645487463273,0.12878787878787878,0.6666666666666666
b7ad576b8ae115e6,Mike Rhodes,3,0,3,0,0,0,0,0,2014-01-25,2014-12-20,1,24.58366701574981,73.0,74.0,170.0,Orthodox,3,3,0,0.0,0.0,,False,0.900771405299219,0,2.711111111111111,0.6666666666666666,0.49143292020004353,0.25,0.3333333333333333
b9415726dc3ec526,Rodney Wallace,3,0,3,0,0,0,0,0,2009-12-05,2010-08-07,2,28.36471659240094,69.0,72.0,205.0,Switch,3,3,0,0.0,0.0,,False,0.6707872167121843,0,1.1333333333333333,6.0,0.38864838864838863,0.4376068376068376,1.0
baed16f18348908e,Kris McCray,3,0,3,0,0,0,0,1,2010-06-19,2011-03-26,2,29.12402946900575,72.0,76.0,170.0,Orthodox,3,3,0,0.0,0.0,,False,0.7666139619567821,0,2.221565184247424,5.25531914893617,0.420959595959596,0.7142857142857143,0.0
bc656db347f31e19,Mike Santiago,3,0,3,0,0,0,0,0,2017-09-02,2018-06-09,2,28.476970779687466,70.0,69.0,145.0,Orthodox,3,3,0,0.0,0.0,,False,0.7666139619567821,0,1.9874258600237245,2.0676156583629894,0.3345928584923484,0.6428571428571428,0.6666666666666666
bd878a638e0e3be3,Angela Magana,3,0,3,0,0,0,0,0,2014-12-12,2017-12-02,3,32.547325863410386,61.0,65.0,115.0,Orthodox,3,3,0,0.0,0.0,,False,2.973367009589519,0,1.4514224833164278,0.395778364116095,0.32520084043999503,0.3333333333333333,0.3333333333333333
bffeb123b21c9aad,Darrell Montague,3,0,3,0,0,0,0,0,2013-10-19,2015-07-12,3,26.72197238820783,66.0,67.0,125.0,Southpaw,3,3,0,0.0,0.0,,False,1.7276193214097484,0,2.2016249451032057,0.3333333333333333,0.2751938751938752,0.16666666666666666,0.6666666666666666
c3bd649a9194e50c,Jeremy Larsen,3,0,3,0,0,0,0,0,2012-06-01,2013-10-19,2,28.820121791230026,70.0,70.0,145.0,Orthodox,3,3,0,0.0,0.0,,False,1.3826430385291963,0,5.184564322010963,1.8286511791264806,0.480289484887186,0.39285714285714285,0.0
c487223b0289bda9,Hector Aldana,3,0,3,0,0,0,0,0,2018-06-23,2019-10-12,2,30.417234211973323,71.0,72.0,170.0,Orthodox,3,3,0,0.0,0.0,,False,1.3032437353265296,0,3.220648967551622,1.0256410256410255,0.3432306255835667,1.0,0.0
c7e9d15cfce52f1d,Tim Lajcik,3,0,2,0,0,0,0,0,1999-07-16,2000-09-22,2,34.52774526513207,73.0,,225.0,Orthodox,3,2,1,0.0,0.0,,False,1.1882516410330124,0,0.8333333333333334,0.0,0.38141321044546855,0.0,0.0
c96e2ae6021144a1,Damacio Page,3,0,3,0,0,0,0,0,2011-03-03,2012-07-11,2,29.247235284320237,66.0,66.0,135.0,Orthodox,3,3,0,0.0,0.0,,False,1.3580018754662997,0,2.824841422238478,2.100846312495555,0.35620978854061564,0.625,0.3333333333333333
cbf1c7ba5408a66f,Salim Touahri,3,0,3,0,0,0,0,0,2017-10-21,2019-08-03,3,29.028202723761154,70.0,72.0,170.0,Orthodox,3,3,0,0.0,0.0,,False,1.7823774615495185,0,2.6,0.0,0.4677842399361387,0.0,0.0
ccba80d4820ef557,Gabe Ruediger,3,0,3,0,0,0,0,0,2006-09-23,2011-02-05,3,31.834557405924375,70.0,,155.0,Orthodox,3,3,0,0.0,0.0,,False,4.3696995831536585,0,1.3988720348259847,1.6620498614958448,0.25876220053238685,0.08333333333333333,0.0
cda1099995b46cc2,Genaro Valdez,3,0,3,0,0,0,0,0,2022-01-22,2023-07-15,2,30.797803285944724,69.0,72.0,155.0,Orthodox,3,3,0,0.0,0.0,,False,1.4757318767668055,0,3.5367521367521366,0.0,0.2814903058977631,0.0,0.0
d0a5ef38a7778ac2,Estevan Payan,3,0,3,0,0,0,0,0,2013-05-25,2014-04-19,2,31.696749419905952,70.0,,145.0,Orthodox,3,3,0,0.0,0.0,,False,0.900771405299219,0,3.8740344622697567,0.4901960784313726,0.3976825826039517,1.0,0.3333333333333333
d29b5c4f22c6357d,Gilbert Yvel,3,0,3,0,0,0,0,0,2010-01-02,2010-10-23,1,33.924493087925605,74.0,77.0,225.0,Orthodox,3,3,0,0.0,0.0,,False,0.8049446600546212,0,1.2057742782152232,0.0,0.23588342440801457,0.0,0.6666666666666666
d53482bef23235ba,Marcio Alexandre Junior,3,0,3,0,0,0,0,1,2014-05-31,2015-12-12,2,25.76735547843784,72.0,75.0,185.0,Southpaw,3,3,0,0.0,0.0,,False,1.5332279239135642,0,1.5671111111111111,0.3333333333333333,0.4367063492063492,0.125,0.3333333333333333
d6285cba1d1052e0,Bojan Mihajlovic,3,0,3,0,0,0,0,0,2016-07-23,2017-09-02,2,36.84675250005134,71.0,73.0,205.0,Orthodox,3,3,0,0.0,0.0,,False,1.111590244837334,0,1.289442211675183,0.0,0.32811016144349475,0.0,0.0
d76ad9a08c4408ff,Bobby Moffett,3,0,2,0,0,0,0,0,2018-11-10,2019-08-10,2,28.81464597721605,70.0,73.0,145.0,Orthodox,3,2,1,0.0,0.0,,False,0.7474486129078626,0,3.063930885529158,2.3146148308135346,0.3175948345439871,0.5416666666666666,1.0
dc07493a87dc0a6e,Alex Reyes,3,0,3,0,0,0,0,0,2017-09-16,2024-08-17,3,35.26332961434298,71.0,73.0,155.0,Orthodox,3,3,0,0.0,0.0,,False,6.918691006659959,0,4.336724344830256,0.6666666666666666,0.44093888567572775,0.2,0.0
e06fd1260ac865a7,Yoji Anjo,3,0,3,0,0,0,0,0,1997-12-21,2000-12-16,2,32.50260671562957,71.0,,205.0,Orthodox,3,3,0,0.0,0.0,,False,2.987056544624462,0,0.19999999999999998,0.0,0.3333333333333333,0.0,0.3333333333333333
e091482fa6648261,Assuerio Silva,3,0,3,0,0,0,0,0,2006-01-16,2007-04-21,2,32.12112500598917,70.0,,241.0,Orthodox,3,3,0,0.0,0.0,,False,1.2594372232147135,0,2.220964360587002,3.886792452830189,0.5089248779680648,0.5,0.0
e0f7c4f3f67bc808,Wes Sims,3,0,3,0,0,0,0,0,2003-06-06,2004-04-02,2,24.331779571106868,82.0,,260.0,Orthodox,3,3,0,0.0,0.0,,False,0.8241100091035408,0,0.7559969442322384,0.0,0.5733333333333334,0.0,1.0
e26bd53b751d61d9,Jordan Williams,3,0,3,0,0,0,0,0,2020-10-03,2021-11-06,2,30.60706243112453,73.0,75.0,185.0,Southpaw,3,3,0,0.0,0.0,,False,1.0924248957884146,0,3.607165126693498,1.694915254237288,0.3725170068027211,0.3333333333333333,0.0
e99eb0ef25885de5,Mitch Ramirez,3,0,3,0,0,0,0,0,2024-03-16,2026-07-18,3,32.58565656150822,71.0,70.0,155.0,Orthodox,3,3,0,0.0,0.0,,False,2.3381725839681855,0,2.5297872200133193,0.0,0.5975975975975976,0.0,0.0
ea3ef6206c7907d5,Gideon Ray,3,0,3,0,0,0,0,0,2005-02-05,2006-11-11,2,32.45058648249679,70.0,,185.0,Southpaw,3,3,0,0.0,0.0,,False,1.7632121125005988,0,2.2784666452510978,1.0,0.3859160163507989,1.0,0.0
ece280745f8727b8,Kamal Shalorus,3,0,3,0,0,0,0,0,2011-03-19,2012-05-15,2,39.22416841778636,68.0,68.0,155.0,Orthodox,3,3,0,0.0,0.0,,False,1.1581346639561387,0,1.464625850340136,0.4081632653061224,0.2207070707070707,0.1111111111111111,0.0
edad57b3dddf2168,Jared Papazian,3,0,3,0,0,0,0,0,2012-01-20,2012-12-15,1,24.396576703605593,68.0,67.0,135.0,Southpaw,3,3,0,0.0,0.0,,False,0.9035093123062075,0,3.0076285240464347,0.0,0.39669478508114153,0.0,0.0
f1175ea3aafbf351,Hu Yaozong,3,0,3,0,0,0,0,0,2017-11-25,2021-10-30,3,24.27884670230509,75.0,72.0,185.0,Orthodox,3,3,0,0.0,0.0,,False,3.9288965550285084,0,2.9619794132254333,0.0,0.45259848708124567,0.0,0.3333333333333333
f703250471acaf96,Harry Hunsucker,3,0,3,0,0,0,0,0,2021-03-20,2022-08-20,2,32.930632844388775,74.0,75.0,205.0,Orthodox,3,3,0,0.0,0.0,,False,1.418235829620047,0,2.3166668982092498,0.0,0.46296296296296297,0.0,0.3333333333333333
fb41432b622992a9,Lukasz Sajewski,3,0,3,0,0,0,0,0,2015-06-20,2016-10-08,2,25.34571779936161,68.0,71.0,155.0,Orthodox,3,3,0,0.0,0.0,,False,1.3032437353265296,0,2.244676651573203,1.0344827586206897,0.3859603789836348,0.1111111111111111,0.0
002ca196477ce572,Gabriel Silva,2,0,2,0,0,0,0,0,2019-07-20,2020-02-29,2,25.2051719063362,66.0,71.0,135.0,Orthodox,2,2,0,0.0,0.0,,False,0.6132911695654257,0,1.3,1.5,0.4097938144329897,0.25,0.5
003d82fa384ca1d0,Aalon Cruz,2,0,2,0,0,0,0,0,2020-02-29,2021-03-06,2,30.950669760501583,72.0,78.0,145.0,Switch,2,2,0,0.0,0.0,,False,1.0157634995927363,0,0.7058823529411764,0.0,0.08333333333333333,0.0,0.0
013da757877044a2,Joe Brammer,2,0,2,0,0,0,0,0,2009-12-05,2010-05-29,2,26.526212037208154,68.0,,155.0,Orthodox,2,2,0,0.0,0.0,,False,0.47913372622298883,0,1.65,0.5,0.25184456468273486,0.5,0.0
01daf32100ed7517,Koji Oishi,2,0,2,0,0,0,0,0,2000-04-14,2005-06-04,2,25.442000862440707,68.0,,170.0,Orthodox,2,2,0,0.0,0.0,,False,5.139051452117429,0,0.7476190476190476,1.5,0.17045454545454547,0.2727272727272727,0.0
02e52b3a595f0786,Kevin Jordan,2,0,2,0,0,0,0,0,2005-06-04,2005-11-19,1,34.65642689446052,75.0,,245.0,Orthodox,2,2,0,0.0,0.0,,False,0.4599683771740693,0,2.8643344709897613,0.0,0.44253859348198965,0.0,0.0
036e96c1c12b8a59,Nick Fiore,2,0,2,0,0,0,0,0,2023-01-14,2023-05-20,1,25.268143767496937,70.0,72.0,155.0,Orthodox,2,2,0,0.0,0.0,,False,0.34497628288055193,0,2.833333333333333,2.5,0.4661290322580645,0.41666666666666663,0.0
047a91d3d9c79b05,Collin Anglin,2,0,2,0,0,0,0,0,2021-07-31,2021-11-13,1,28.58511810646351,69.0,71.0,145.0,Orthodox,2,2,0,0.0,0.0,,False,0.2874802357337933,0,2.718157181571816,1.0975609756097562,0.34509803921568627,0.5,0.0
049d698d773eb3e1,Matt Horwich,2,0,2,0,0,0,0,0,2008-10-25,2009-04-01,2,30.281251497292892,73.0,,185.0,Orthodox,2,2,0,0.0,0.0,,False,0.4325893071041842,0,1.3333333333333335,0.0,0.6330128205128205,0.0,4.0
052ceb8976695342,Chase Gormley,2,0,2,0,0,0,0,0,2009-10-24,2010-03-21,2,26.407113082404155,75.0,,265.0,Orthodox,2,2,0,0.0,0.0,,False,0.40521023703429915,0,2.2602023020579005,1.8442622950819674,0.3405797101449275,0.5,0.5
0577808d22dfe79c,Jon Olav Einemo,2,0,2,0,0,0,0,0,2011-06-11,2012-01-28,2,35.818668418927146,78.0,,253.0,Orthodox,2,2,0,0.0,0.0,,False,0.6324565186143453,0,3.0774215096860393,0.9018036072144289,0.6033222591362126,0.25,0.0
0597a4528ebd1307,Chris Price,2,0,2,0,0,0,0,0,2006-10-10,2007-01-25,2,24.06483363792549,74.0,,185.0,Southpaw,2,2,0,0.0,0.0,,False,0.2929560497477703,0,1.4703116919749895,0.0,0.75,,0.5
064b7dc68d786254,Cain Carrizosa,2,0,2,0,0,0,0,0,2014-08-30,2015-03-21,2,28.38525089495335,68.0,,155.0,Orthodox,2,2,0,0.0,0.0,,False,0.555795122418667,0,1.4666666666666666,0.0,0.21782178217821782,0.0,0.0
0778f94eb5d588a5,Joey Gomez,2,0,2,0,0,0,0,0,2016-01-17,2016-09-17,1,29.8267589341328,70.0,73.0,135.0,Orthodox,2,2,0,0.0,0.0,,False,0.6680493097051958,0,2.2804098854731762,0.8137432188065099,0.26739850869925436,1.0,0.0
07797f10b9569cfc,Angel Pacheco,2,0,2,0,0,0,0,0,2024-03-30,2026-02-28,2,33.16974338966577,68.0,70.0,135.0,Orthodox,2,2,0,0.0,0.0,,False,1.9165349048919553,0,4.8,0.5,0.3176638176638177,1.0,0.0
0871254cd790c250,Tommy Hayden,2,0,2,0,0,0,0,0,2012-01-20,2012-08-11,1,26.14153610272627,69.0,,145.0,Southpaw,2,2,0,0.0,0.0,,False,0.5585330294256555,0,1.5002399336910526,3.7037037037037037,0.2777777777777778,0.3333333333333333,0.0
0978385b2bd9ef9b,Nick Aguirre,2,0,2,0,0,0,0,0,2023-01-14,2023-11-18,1,27.420138674989904,69.0,74.0,135.0,Southpaw,2,2,0,0.0,0.0,,False,0.8432753581524604,0,0.6946301925025329,1.3677811550151975,0.36742424242424243,0.2,0.5
0b5b6876c2a4723f,Steve Steinbeiss,2,0,2,0,0,0,0,0,2009-09-16,2010-08-01,2,28.804150667022594,75.0,75.0,185.0,Orthodox,2,2,0,0.0,0.0,,False,0.8733923352293339,0,3.72316384180791,0.0,0.5136678906568747,0.0,0.0
0b8d512c79b4baf3,Matt Bessette,2,0,2,0,0,0,0,0,2018-01-20,2018-07-06,1,33.29158025147676,70.0,70.0,145.0,Orthodox,2,2,0,0.0,0.0,,False,0.4572304701670808,0,3.333333333333333,0.0,0.3493879335470708,0.0,0.0
0bc7e61d204f2137,Fabiano Scherner,2,0,2,0,0,0,0,0,2005-10-03,2006-05-27,2,33.58316734772103,75.0,,257.0,Orthodox,2,2,0,0.0,0.0,,False,0.6461460536492878,0,1.3383503024937287,0.896414342629482,0.31625000000000003,0.25,0.0
0bcfe2513cb3bc39,Tom DeBlass,2,0,2,0,0,0,0,0,2012-04-14,2012-11-10,1,30.207328008104206,72.0,,185.0,Orthodox,2,2,0,0.0,0.0,,False,0.5749604714675866,0,1.5,1.0,0.26666666666666666,0.5,0.5
0c670b443c3d269f,Jim Wallhead,2,0,2,0,0,0,0,0,2016-09-03,2017-06-03,2,32.84803931634462,70.0,,170.0,Orthodox,2,2,0,0.0,0.0,,False,0.7474486129078626,0,3.1993197278911563,0.0,0.2740740740740741,0.0,0.0
0e5c4e72237461bb,Bruno Souza,2,0,2,0,0,0,0,0,2021-11-06,2022-03-26,2,25.85953168100645,70.0,70.0,145.0,Orthodox,2,2,0,0.0,0.0,,False,0.38330698097839105,0,3.7333333333333334,0.5,0.4086942293007527,0.25,0.0
0e6b611451a9a7d8,Mark Vologdin,2,0,1,0,0,0,0,0,2026-04-18,2026-08-01,1,26.142905056229765,63.0,65.0,135.0,Orthodox,2,1,1,0.0,0.0,,False,0.2874802357337933,0,4.433333333333334,2.0,0.41555977229601515,0.2708333333333333,0.0
0f3a990526c5e706,Sean Sharaf,2,0,2,0,0,0,0,0,2024-10-12,2025-12-13,2,31.84048953777285,75.0,77.0,252.0,Orthodox,2,2,0,0.0,0.0,,False,1.1690862919840928,0,7.398083566912197,1.0344827586206897,0.4402625456962446,0.0625,0.0
0fb1e2694a39a02f,Yuri Villefort,2,0,2,0,0,0,0,0,2013-02-23,2013-09-04,1,22.18936733813836,72.0,73.0,170.0,Orthodox,2,2,0,0.0,0.0,,False,0.528416052348782,0,3.9,2.0,0.41604010025062654,0.3214285714285714,0.5
10559c53de0b950e,Joey Gambino,2,0,2,0,0,0,0,0,2012-06-22,2012-10-13,1,23.810208286275557,67.0,,145.0,Orthodox,2,2,0,0.0,0.0,,False,0.30938349178970137,0,2.1982035928143713,0.0,0.345565749235474,0.0,0.5
1208ffc5be6e31ad,Samy Schiavo,2,0,2,0,0,0,0,0,2008-04-02,2008-10-18,1,32.54686954557589,68.0,,155.0,Orthodox,2,2,0,0.0,0.0,,False,0.544843494390713,0,1.4465429736250937,0.6364922206506365,0.29626623376623373,0.5,0.5
12458872d6afae1b,Vernon White,2,0,1,0,0,0,0,0,2003-06-06,2004-08-21,2,32.112911284968206,72.0,,205.0,Southpaw,2,1,1,0.0,0.0,,False,1.2101548970889204,0,3.091836734693878,0.5,0.4500659195781147,0.1,0.0
132505067f08c54d,Bubba Bush,2,0,1,0,0,0,0,0,2014-07-05,2015-10-24,2,29.599512652552754,72.0,,185.0,Orthodox,2,1,1,0.0,0.0,,False,1.3032437353265296,0,1.2508671364416373,1.5033407572383073,0.5357142857142857,0.5,0.0
1411c630ba711b64,Tommy Speer,2,0,2,0,0,0,0,1,2007-12-08,2008-04-02,2,23.45838723587753,70.0,71.0,170.0,Orthodox,2,2,0,0.0,0.0,,False,0.3175972128106669,0,0.9917355371900827,0.0,0.2857142857142857,0.0,0.0
1536a25e16fc299b,Anna Elmose,2,0,2,0,0,0,0,0,2016-05-08,2016-11-19,1,31.854179072807792,63.0,,115.0,Orthodox,2,2,0,0.0,0.0,,False,0.533891866362759,0,2.8964601769911504,0.0,0.5441860465116279,0.0,0.0
15df64c02b6b0fde,Danny Abbadi,2,0,2,0,0,0,0,0,2006-06-24,2006-09-23,1,23.10109037146553,71.0,,155.0,Orthodox,2,2,0,0.0,0.0,,False,0.24914953763595418,0,2.378030303030303,0.0,0.35844748858447484,,0.0
15ea371202eb25e1,Roberto Romero,2,0,2,0,0,0,0,0,2024-11-16,2025-04-26,2,25.017625276357485,68.0,70.0,145.0,Orthodox,2,2,0,0.0,0.0,,False,0.4408030281251497,0,4.429283489096574,0.0,0.4999037072701011,0.0,0.0
1641ef250e9de19b,Sarah Frota,2,0,2,0,0,0,0,0,2019-02-02,2019-07-27,1,32.04583256329698,66.0,69.0,125.0,Southpaw,2,2,0,0.0,0.0,,False,0.47913372622298883,0,1.5549125979505727,0.0,0.4027777777777778,,0.0
16af2d5a6f28bee2,Quinn Mulhern,2,0,2,0,0,0,0,0,2013-03-16,2014-01-04,2,28.887656830735743,75.0,,155.0,Orthodox,2,2,0,0.0,0.0,,False,0.8049446600546212,0,1.9927927927927929,0.0,0.21698412698412697,0.0,0.0
16b89be2f5c16fba,Larissa Pacheco,2,0,2,0,0,0,0,0,2014-09-13,2015-03-14,2,20.265987665728932,67.0,,135.0,Orthodox,2,2,0,0.0,0.0,,False,0.49829907527190836,0,1.2280610384875787,0.0,0.29743589743589743,0.0,0.0
175852708cb55776,Cristina Stanciu,2,0,2,0,0,0,0,0,2016-04-10,2016-07-13,1,22.16335722157197,63.0,,115.0,Orthodox,2,2,0,0.0,0.0,,False,0.2573632586569197,0,2.2615384615384615,0.5,0.4649122807017544,1.0,1.0
185fb0200a4605e6,Steve Kennedy,2,0,2,0,0,0,0,0,2015-06-20,2015-11-14,1,32.489373498429124,71.0,,170.0,Orthodox,2,2,0,0.0,0.0,,False,0.4024723300273106,0,1.775141242937853,1.5,0.3112745098039216,0.1875,0.0
192520689012c7e4,Suman Mokhtarian,2,0,2,0,0,0,0,0,2018-12-01,2019-12-21,2,26.99439413540319,68.0,72.0,145.0,Orthodox,2,2,0,0.0,0.0,,False,1.0540941976905753,0,2.219402985074627,0.0,0.4866385372714487,0.0,0.0
196ed28337adc630,Pat Audinwood,2,0,2,0,0,0,0,0,2010-09-25,2010-12-11,1,24.549443178162456,72.0,,155.0,Orthodox,2,2,0,0.0,0.0,,False,0.2108188395381151,0,1.0298091042584434,0.5,0.24614197530864196,0.5,0.0
1a1a4d7a29041d77,Colin Robinson,2,0,2,0,0,0,0,0,2007-06-16,2008-01-19,2,38.84679356865644,76.0,,243.0,Orthodox,2,2,0,0.0,0.0,,False,0.5941258205165062,0,3.253012048192771,1.355421686746988,0.36,1.0,1.0
1a54231796e24a3f,Liudvik Sholinian,2,0,2,0,0,0,0,0,2021-09-04,2022-11-05,2,32.20736907670931,70.0,71.0,135.0,Orthodox,2,2,0,0.0,0.0,,False,1.1690862919840928,0,2.5,0.0,0.28747139588100684,0.0,0.0
1ad381c8994c4e5b,Ben Wall,2,0,2,0,0,0,0,0,2013-12-06,2014-05-10,2,24.913584810091926,70.0,,155.0,Orthodox,2,2,0,0.0,0.0,,False,0.4243755860832187,0,1.4430160335114834,0.0,0.30952380952380953,0.0,0.0
1d36f1ac66cf689d,Josh Shockley,2,0,2,0,0,0,0,0,2014-06-14,2015-02-22,2,24.92453643811988,73.0,,155.0,Orthodox,2,2,0,0.0,0.0,,False,0.6926904727680924,0,1.3393939393939394,0.0,0.4027777777777778,0.0,0.5
1e35aa8955794580,Ulysses Gomez,2,0,2,0,0,0,0,0,2012-08-04,2013-02-16,2,29.46535520921032,66.0,,125.0,Orthodox,2,2,0,0.0,0.0,,False,0.5366297733697475,0,3.2905604719764012,0.0,0.29610940470966796,0.0,0.0
1ebdcb7488d0ebee,Pearl Gonzalez,2,0,2,0,0,0,0,0,2017-04-08,2017-10-07,1,30.905494294886275,64.0,,115.0,Orthodox,2,2,0,0.0,0.0,,False,0.49829907527190836,0,2.2454545454545456,1.0909090909090908,0.3979371921182266,0.3333333333333333,0.5
1f5f75658551f2d3,Sam Fulton,2,0,2,0,0,0,0,0,1996-09-20,1997-07-27,2,,,,,,1,2,0,0.0,0.0,,False,0.8487511721664374,0,0.4,0.0,1.0,,0.0
1fc64507a0cb38cf,Rostem Akman,2,0,2,0,0,0,0,0,2019-06-01,2019-10-05,1,27.622743793507052,70.0,72.0,170.0,Switch,2,2,0,0.0,0.0,,False,0.34497628288055193,0,1.8,1.0,0.2631818181818182,0.4,0.0
2067a177a2842fbf,Sammy Morgan,2,0,2,0,0,0,0,0,2005-11-05,2006-08-17,2,24.49468503802268,70.0,,170.0,Orthodox,2,2,0,0.0,0.0,,False,0.7803034969917246,0,1.6952380952380952,0.0,0.34090909090909094,0.0,0.5
20bd6c3e03c46ee6,Townsend Saunders,2,0,2,0,0,0,0,0,1998-03-13,1999-01-08,2,,65.0,,170.0,Orthodox,2,2,0,0.0,0.0,,False,0.8241100091035408,0,1.5666666666666667,1.0,0.4610177404295051,0.3333333333333333,0.0
2153a7f8396a46cc,Luiz Dutra,2,0,2,0,0,0,0,0,2014-01-04,2015-05-30,2,32.36616768311465,71.0,,170.0,Orthodox,2,2,0,0.0,0.0,,False,1.3990704805711274,0,3.8090092139688316,0.0,0.5219638242894057,0.0,0.0
21b5c82c1b89dab1,Yusaku Kinoshita,2,0,2,0,0,0,0,0,2023-02-04,2023-08-26,1,22.734210832529072,72.0,71.0,170.0,Southpaw,2,2,0,0.0,0.0,,False,0.555795122418667,0,3.314030757546991,0.0,0.3687106918238994,0.0,0.0
22061ff217907c78,Konstantin Erokhin,2,0,2,0,0,0,0,0,2015-01-24,2015-12-11,1,32.42092582325441,71.0,,230.0,Orthodox,2,2,0,0.0,0.0,,False,0.8788681492433109,0,1.0666666666666667,0.0,0.38316993464052285,,0.0
225def29ecfe0fc1,Carlos Huachin,2,0,2,0,0,0,0,0,2019-05-11,2019-09-21,1,23.114779906500473,64.0,67.0,135.0,Southpaw,2,2,0,0.0,0.0,,False,0.3641416319294715,0,2.085342388228636,0.0,0.21787059226292366,,0.0
23a6e307077c6ccc,Enrique Marin,2,0,2,0,0,0,0,1,2015-11-21,2016-07-09,2,29.535171837888527,70.0,,170.0,,2,2,0,0.0,0.0,,False,0.6324565186143453,0,1.4333333333333333,2.5,0.36583924349881797,0.3666666666666667,1.0
24174a3f44ce8e03,Chan-Mi Jeon,2,0,2,0,0,0,0,0,2017-06-10,2017-09-22,1,19.92648719686236,65.0,,115.0,Orthodox,2,2,0,0.0,0.0,,False,0.28474232872680477,0,6.233333333333333,0.0,0.3237058823529412,,0.0
25433871e4eee0f4,Alberto Crane,2,0,2,0,0,0,0,0,2007-08-25,2008-01-23,2,31.32028720644503,65.0,,155.0,Orthodox,2,2,0,0.0,0.0,,False,0.41342395805526466,0,0.45817071101306633,0.0,0.41025641025641024,0.0,2.5
267f4a6568abe245,Landon Quinones,2,0,2,0,0,0,0,0,2023-09-09,2024-02-03,2,28.001943913974962,69.0,70.0,155.0,Southpaw,2,2,0,0.0,0.0,,False,0.4024723300273106,0,6.766666666666667,0.5,0.3936033064118606,0.3333333333333333,0.0
276c60b14b571dd4,Takenori Sato,2,0,2,0,0,0,0,0,2014-02-15,2014-09-20,1,28.987590436490827,70.0,,170.0,Southpaw,2,2,0,0.0,0.0,,False,0.5941258205165062,0,0.3846153846153846,0.0,0.3333333333333333,0.0,0.0
27d65e9d0fba61ea,Roger Hollett,2,0,2,0,0,0,0,0,2012-09-22,2013-05-18,2,34.284071541510095,71.0,,205.0,Orthodox,2,2,0,0.0,0.0,,False,0.6516218676632648,0,1.8333333333333335,1.0,0.51010101010101,0.2857142857142857,0.0
2a4200ead401a9ce,Carls John De Tomas,2,0,2,0,0,0,0,0,2017-06-17,2017-12-09,1,21.042184302210174,65.0,71.0,125.0,Southpaw,2,2,0,0.0,0.0,,False,0.47913372622298883,0,1.5797101449275361,1.0,0.34555984555984554,0.25,0.0
2b4faacc16d66898,Eiji Mitsuoka,2,0,2,0,0,0,0,0,2012-02-25,2012-08-11,1,36.38130830886329,67.0,,145.0,Southpaw,2,2,0,0.0,0.0,,False,0.4599683771740693,0,2.8435374149659864,1.0204081632653061,0.49242424242424243,0.125,0.5
2c6e81426dd7573c,Jack May,2,0,2,0,0,0,0,0,2014-04-19,2014-08-16,1,33.17658815718324,80.0,,255.0,Switch,2,2,0,0.0,0.0,,False,0.3258109338316324,0,1.400217723995393,1.7110266159695815,0.5861581920903955,0.3333333333333333,0.0
2cfba6c837c03ed0,Patchy Mix,2,0,2,0,0,0,0,0,2025-06-07,2025-10-04,1,31.971909074108297,71.0,70.0,135.0,Southpaw,2,2,0,0.0,0.0,,False,0.3258109338316324,0,5.3,2.5,0.5196234119782215,0.35714285714285715,0.0
2dbc60c52de126d8,Harry Hardwick,2,0,2,0,0,0,0,0,2025-09-06,2026-03-14,2,31.19708139113055,68.0,71.0,145.0,Switch,2,2,0,0.0,0.0,,False,0.517464424320828,0,4.4440298507462686,0.0,0.39203384884738834,0.0,0.0
3033c1c080672475,Dakota Bush,2,0,2,0,0,0,0,0,2021-04-17,2022-01-15,2,27.2298541380042,70.0,73.0,155.0,Orthodox,2,2,0,0.0,0.0,,False,0.7474486129078626,0,2.820411160058737,4.464757709251101,0.38044871794871793,0.41666666666666663,0.0
3058888c33149a53,Yusuke Kasuya,2,0,2,0,0,0,0,0,2015-09-26,2016-11-26,2,26.444074826998502,67.0,,155.0,Southpaw,2,2,0,0.0,0.0,,False,1.1690862919840928,0,1.748356807511737,1.5563380281690142,0.4222222222222222,0.375,0.0
30cad5a751adcb48,Alibi Idiris,2,0,1,0,0,0,0,1,2025-08-16,2026-02-21,2,31.076613482823056,66.0,68.0,125.0,Orthodox,2,1,1,0.0,0.0,,False,0.517464424320828,0,2.7355371900826446,2.5,0.45,0.16666666666666666,0.0
326f94d6cfb1bf25,Ben Sosoli,2,0,1,0,0,0,0,0,2019-10-18,2020-02-22,2,30.02799509914646,72.0,72.0,265.0,Southpaw,2,1,1,0.0,0.0,,False,0.34771418988754044,0,2.5712121212121213,0.0,0.2810794420861128,,0.0
32c03df3c9760069,Wendell Oliveira Marques,2,0,2,0,0,0,0,0,2014-09-13,2015-05-30,2,31.640622326262687,70.0,,170.0,Orthodox,2,2,0,0.0,0.0,,False,0.7091179148100235,0,4.662468513853904,0.0,0.4487179487179487,0.0,0.0
330bafba312face4,Oliver Enkamp,2,0,2,0,0,0,0,0,2017-05-28,2018-03-17,2,26.20040110337652,72.0,77.0,170.0,Switch,2,2,0,0.0,0.0,,False,0.8022067530476327,0,2.724242424242424,0.5,0.459983498349835,0.1,0.0
348dff4e03bd18c6,Stefan Sekulic,2,0,2,0,0,0,0,0,2018-09-15,2021-04-24,2,27.893796587198914,72.0,75.0,170.0,Southpaw,2,2,0,0.0,0.0,,False,2.606487470653059,0,1.8333333333333335,2.0,0.5069628647214854,0.3142857142857143,0.5
35e1f9984ed64206,Ryan MacDonald,2,0,2,0,0,0,0,0,2019-03-23,2019-09-14,1,26.252421336509304,71.0,71.0,135.0,Switch,2,2,0,0.0,0.0,,False,0.47913372622298883,0,3.6802120141342756,0.0,0.2875,0.0,0.0
36207c58e854cae5,Dashon Johnson,2,0,2,0,0,0,0,0,2014-06-28,2014-09-13,1,26.528949944215142,67.0,,145.0,Orthodox,2,2,0,0.0,0.0,,False,0.2108188395381151,0,1.1952420093030205,1.6728624535315986,0.6848484848484848,0.25,0.5
36fbaa49a09ff997,Brian Houston,2,0,2,0,0,0,0,0,2013-11-06,2014-01-15,2,32.627637802282045,74.0,,185.0,Orthodox,2,2,0,0.0,0.0,,False,0.19165349048919553,0,1.0,0.5,0.18072289156626506,1.0,0.0
3795fca327cbcf23,Antonio Mendes,2,0,2,0,0,0,0,0,2008-05-24,2009-01-17,2,27.422876581996892,75.0,77.0,205.0,Southpaw,2,2,0,0.0,0.0,,False,0.6516218676632648,0,1.4602713178294575,3.125,0.5083333333333333,0.5,0.0
38b50fd1e1b5b656,Razak Al-Hassan,2,0,2,0,0,0,0,0,2008-12-10,2009-10-24,2,27.012190530948615,74.0,,205.0,Orthodox,2,2,0,0.0,0.0,,False,0.8706544282223454,0,2.6316939890710387,0.5,0.31227396021699816,0.125,0.0
3a524c6700addc24,Tateki Matsuda,2,0,2,0,0,0,0,0,2014-09-05,2015-01-18,2,28.705586014771008,67.0,,125.0,Orthodox,2,2,0,0.0,0.0,,False,0.36961744594344853,0,3.2,0.0,0.34935534336731944,0.0,0.0
3aa794cbe1e3484b,Josh Copeland,2,0,2,0,0,0,0,0,2014-11-22,2015-03-14,2,32.244330821303656,73.0,,265.0,Orthodox,2,2,0,0.0,0.0,,False,0.30664558478271287,0,1.0075757575757576,0.0,0.3035714285714286,,0.0
3ba3b5cc94498437,Johnny Rees,2,0,2,0,0,0,0,0,2008-07-19,2008-12-10,1,25.94166889121611,72.0,,170.0,Orthodox,2,2,0,0.0,0.0,,False,0.3942586090063451,0,2.865666403439502,0.8587786259541985,0.5794871794871794,0.25,0.0
3c5005b66696d790,Anthony Ivy,2,0,2,0,0,0,0,0,2020-06-13,2020-09-12,1,30.512604639383426,74.0,74.0,185.0,Orthodox,2,2,0,0.0,0.0,,False,0.24914953763595418,0,3.233898305084746,2.5,0.39610389610389607,0.20833333333333334,0.0
3dd949593346dbc3,Craig White,2,0,2,0,0,0,0,0,2018-05-27,2018-09-08,1,28.04711937959027,74.0,76.0,170.0,Orthodox,2,2,0,0.0,0.0,,False,0.28474232872680477,0,1.261764705882353,0.0,0.3907563025210084,0.0,0.5
3e708ce33b6b18e6,Victor Martinez,2,0,2,0,0,0,0,0,2023-02-25,2024-05-18,2,32.22516547225473,67.0,70.0,155.0,Orthodox,2,2,0,0.0,0.0,,False,1.2265823391308515,0,3.77639751552795,0.0,0.47115384615384615,0.0,0.0
3ec1e4ba98c9c85a,JC Cottrell,2,0,2,0,0,0,0,0,2016-07-23,2017-01-28,2,26.975228786354272,69.0,,155.0,Orthodox,2,2,0,0.0,0.0,,False,0.517464424320828,0,0.5948717948717949,1.9230769230769234,0.21540880503144655,1.0,0.0
3f56b99447f00607,Paul Redmond,2,0,2,0,0,0,0,0,2015-01-24,2015-07-18,1,28.50298089625386,70.0,,145.0,Orthodox,2,2,0,0.0,0.0,,False,0.47913372622298883,0,1.8601449275362318,0.0,0.32027649769585254,0.0,0.0
40d8b74488743800,Carlton Minus,2,0,2,0,0,0,0,0,2020-08-22,2020-12-19,1,27.487217396661123,70.0,75.0,170.0,Orthodox,2,2,0,0.0,0.0,,False,0.3258109338316324,0,3.5,0.0,0.3865384615384615,0.0,0.0
42078a86d3dd037b,Rob Yundt,2,0,2,0,0,0,0,0,2008-02-02,2008-06-21,1,27.93760309931073,73.0,,185.0,Orthodox,2,2,0,0.0,0.0,,False,0.38330698097839105,0,1.5126050420168067,1.8907563025210083,0.5075757575757576,1.0,0.0
443f60bec7c3c3d5,Michael McBride,2,0,2,0,0,0,0,0,2016-09-10,2017-04-22,2,30.81514336365565,73.0,,155.0,Orthodox,2,2,0,0.0,0.0,,False,0.6132911695654257,0,3.628426092160383,1.5,0.4993435858964741,0.25,1.0
45230be0641f3f53,Leonardo Morales,2,0,2,0,0,0,0,1,2014-11-15,2015-06-06,2,22.17567780310342,68.0,,135.0,Southpaw,2,2,0,0.0,0.0,,False,0.555795122418667,0,1.6844155844155844,0.0,0.6041666666666666,0.0,0.0
459e4dc69ec669b2,Jason Novelli,2,0,2,0,0,0,0,0,2016-08-06,2016-11-05,1,37.28892448167998,72.0,,155.0,Orthodox,2,2,0,0.0,0.0,,False,0.24914953763595418,0,1.59004329004329,0.5,0.2579365079365079,0.3333333333333333,0.0
45bc8f98d62bd096,Jordan Radev,2,0,2,0,0,0,0,0,2007-06-12,2007-12-29,1,30.976679877067973,67.0,,185.0,Southpaw,2,2,0,0.0,0.0,,False,0.5475814013977015,0,1.5757575757575757,0.0,0.36235955056179775,,0.0
4665cbf36b08193b,Chris Avila,2,0,2,0,0,0,0,0,2016-08-20,2016-11-05,1,23.69795409898903,70.0,,145.0,Orthodox,2,2,0,0.0,0.0,,False,0.2108188395381151,0,2.3666666666666667,0.0,0.3021577380952381,0.0,0.0
46e2ca71fd5089cb,Reese Andy,2,0,2,0,0,0,0,0,2008-07-19,2008-12-27,1,35.52297446217239,72.0,,205.0,Orthodox,2,2,0,0.0,0.0,,False,0.4408030281251497,0,3.3234624145785876,0.5,0.5158955802532954,0.2,0.0
46f11d15c0134fe3,Larry Cureton,2,0,2,0,0,0,0,0,1995-04-07,1995-09-08,1,,74.0,,240.0,Orthodox,2,2,0,0.0,0.0,,False,0.4216376790762302,0,1.058128078817734,0.0,0.6785714285714286,,0.5
46fd223e3ced39b3,Ryan Couture,2,0,2,0,0,0,0,0,2013-04-06,2013-08-31,1,30.811036503145168,70.0,73.0,155.0,Orthodox,2,2,0,0.0,0.0,,False,0.4024723300273106,0,3.1571428571428575,0.8571428571428571,0.33347297863426895,0.07142857142857142,0.0
472f6f6e6d962f40,Barb Honchak,2,0,2,0,0,0,0,0,2017-12-01,2018-07-06,2,38.553837518908665,64.0,65.0,125.0,Orthodox,2,2,0,0.0,0.0,,False,0.5941258205165062,0,3.7729166666666667,0.0,0.3004237288135593,0.0,1.0
48e96d9cea6d4ab0,Josh Clopton,2,0,2,0,0,0,0,0,2011-12-03,2013-08-03,2,31.229936275214413,66.0,,145.0,Orthodox,2,2,0,0.0,0.0,,False,1.667385367256001,0,1.6,2.0,0.5390818858560794,0.6666666666666666,0.0
49b130de1da2e1bf,Sarah Alpar,2,0,2,0,0,0,0,0,2020-09-19,2021-09-18,2,29.802117771069906,64.0,63.0,135.0,Southpaw,2,2,0,0.0,0.0,,False,0.9965981505438167,0,1.7847851335656215,1.0452961672473866,0.38141592920353984,0.09090909090909091,0.0
49f78022126bf4a4,Cesar Arzamendia,2,0,2,0,0,0,0,0,2015-11-21,2016-07-30,2,25.15041376619643,71.0,,155.0,Orthodox,2,2,0,0.0,0.0,,False,0.6899525657611039,0,5.631549917264202,6.081081081081081,0.4887278582930757,0.75,0.5
4a043165cf47cab2,Juancamilo Ronderos,2,0,2,0,0,0,0,0,2021-05-22,2023-02-18,2,27.131289485752617,63.0,64.0,125.0,Southpaw,2,2,0,0.0,0.0,,False,1.7440467634516794,0,2.5467447623338595,2.33160621761658,0.24330357142857142,0.5,0.0
4ae4049426e0161d,Alexis Dufresne,2,0,2,0,0,0,0,0,2014-07-06,2015-01-03,2,24.09495061500236,69.0,,135.0,Orthodox,2,2,0,0.0,0.0,,False,0.49556116826491986,0,1.3333333333333335,1.5,0.33497536945812806,0.5,0.0
4d74641fac830182,Brad Gumm,2,0,1,0,0,0,0,0,2000-03-10,2000-09-22,1,,71.0,,170.0,Orthodox,2,1,1,0.0,0.0,,False,0.5366297733697475,0,1.5,0.0,0.44415584415584414,0.0,0.5
4dc496aa0cfc0d95,Harry Moskowitz,2,0,2,0,0,0,0,0,1997-10-17,1998-05-15,2,,77.0,,275.0,Orthodox,1,2,0,0.0,0.0,,False,0.5749604714675866,0,1.0,1.25,0.5454545454545454,1.0,4.0
4f11e9ce318ffbcb,Anthony Christodoulou,2,0,2,0,0,0,0,0,2015-01-24,2015-08-08,1,27.75690123684949,69.0,,155.0,Orthodox,2,2,0,0.0,0.0,,False,0.5366297733697475,0,2.022500778573653,0.0,0.2568139097744361,0.0,0.0
51ec9dc3b4964f19,Gianni Vazquez,2,0,2,0,0,0,0,0,2026-02-07,2026-08-08,1,31.81174151419947,67.0,71.0,135.0,Orthodox,2,2,0,0.0,0.0,,False,0.49829907527190836,0,1.9111111111111112,0.0,0.2511111111111111,,1.0
52b6bf4528130e86,Shem Rock,2,0,2,0,0,0,0,0,2025-11-22,2026-03-21,2,32.2101069837163,71.0,73.0,155.0,Southpaw,2,2,0,0.0,0.0,,False,0.3258109338316324,0,3.033333333333333,1.0,0.39513221153846156,0.1388888888888889,0.0
53bb0d40905b87c0,Jay Silva,2,0,2,0,0,0,0,0,2009-09-16,2010-01-11,2,28.472863919176984,74.0,,185.0,Southpaw,2,2,0,0.0,0.0,,False,0.3203351198176554,0,1.1333333333333333,0.0,0.3547979797979798,0.0,1.0
53f84637dfffab7a,Eric Wisely,2,0,2,0,0,0,0,0,2012-01-28,2012-04-14,1,27.61589902598958,68.0,,145.0,Southpaw,2,2,0,0.0,0.0,,False,0.2108188395381151,0,1.7825242718446601,0.0,0.5108695652173914,0.0,0.0
5669b828e7e11329,David Kaplan,2,0,2,0,0,0,0,0,2008-12-13,2009-05-23,2,29.296973928280522,67.0,,155.0,Orthodox,2,2,0,0.0,0.0,,False,0.4408030281251497,0,2.5850340136054424,4.795918367346939,0.44499178981937604,0.6785714285714286,0.5
5713c1d2fac539ac,Cody East,2,0,2,0,0,0,0,0,2016-04-23,2016-10-01,1,28.03753670506581,75.0,,245.0,Orthodox,2,2,0,0.0,0.0,,False,0.4408030281251497,0,4.516146809214152,3.199052132701422,0.4330816746739876,1.0,0.0
575360be653ad6a6,Hernani Perpetuo,2,0,2,0,0,0,0,0,2014-04-19,2014-07-26,1,29.038241716120112,72.0,,170.0,Orthodox,2,2,0,0.0,0.0,,False,0.26831488668487374,0,2.7333333333333334,0.0,0.27427888718211296,0.0,0.5
57887765f831e228,Roldan Sangcha'an,2,0,2,0,0,0,0,0,2014-06-28,2015-05-16,2,24.005968637275235,64.0,,125.0,Orthodox,2,2,0,0.0,0.0,,False,0.8816060562502994,0,2.843002028397566,2.325557809330629,0.4722222222222222,0.5833333333333333,0.0
5c2ce761399dc9c5,Marcin Bandel,2,0,2,0,0,0,0,0,2014-10-04,2015-04-11,2,25.242133650930544,70.0,,155.0,Orthodox,2,2,0,0.0,0.0,,False,0.517464424320828,0,1.7032579373313967,0.0,0.5142857142857142,0.0,0.0
5ca158b1cc9cb242,Jason Godsey,2,0,2,0,0,0,0,0,1999-03-05,1999-09-24,1,35.45178887999069,74.0,,230.0,Orthodox,2,2,0,0.0,0.0,,False,0.555795122418667,0,0.7516163793103449,3.515625,0.21428571428571427,1.0,0.0
5dfe71ade71f3a4b,Rosi Sexton,2,0,2,0,0,0,0,0,2013-06-15,2013-10-26,1,36.097934933639976,63.0,,135.0,Orthodox,2,2,0,0.0,0.0,,False,0.3641416319294715,0,4.066666666666666,1.0,0.4582803613248578,0.3125,0.0
5e84a859c6a82288,Michel Quinones,2,0,2,0,0,0,0,0,2017-06-25,2017-11-11,1,32.69745443096025,70.0,73.0,155.0,Orthodox,2,2,0,0.0,0.0,,False,0.38056907397140255,0,2.6843971631205674,0.0,0.27337155598025165,,0.0
5f3da9a9610d8969,Cameron Else,2,0,2,0,0,0,0,0,2020-10-03,2022-04-23,2,34.21425491283189,69.0,71.0,135.0,Switch,2,2,0,0.0,0.0,,False,1.5523932729624839,0,2.030730897009967,0.0,0.43333333333333335,,0.0
6085ceb59087514b,Steve Lopez,2,0,2,0,0,0,0,0,2009-09-19,2010-09-25,2,25.647343887964844,71.0,,155.0,Orthodox,2,2,0,0.0,0.0,,False,1.0157634995927363,0,1.2839080459770116,0.0,0.22319632078183388,,0.0
60c72f7459827881,Julio Paulino,2,0,2,0,0,0,0,0,2010-03-21,2010-09-25,1,34.552386428194964,72.0,,170.0,Orthodox,2,2,0,0.0,0.0,,False,0.5147265173138394,0,0.9666666666666667,0.0,0.2799539170506912,,0.5
6224e8d0a34264eb,Edward Faaloloto,2,0,2,0,0,0,0,0,2011-06-26,2011-11-05,1,27.127182625242135,,70.0,155.0,Orthodox,2,2,0,0.0,0.0,,False,0.361403724922483,0,1.8085106382978722,0.0,0.19767441860465115,,0.0
637bd06c32219f0b,Jacob Kilburn,2,0,2,0,0,0,0,0,2019-12-07,2021-01-16,2,24.99982888081206,69.0,72.0,145.0,Orthodox,2,2,0,0.0,0.0,,False,1.111590244837334,0,2.3140562248995984,0.5,0.4092039800995025,0.05555555555555555,0.5
64959f90b6dd9759,Brock Jardine,2,0,2,0,0,0,0,0,2012-06-22,2013-02-23,2,27.288719138654454,71.0,,170.0,Orthodox,2,2,0,0.0,0.0,,False,0.6735251237191728,0,0.7694915254237288,0.0,0.31666666666666665,0.0,0.5
64b12fe31be7560c,Eric Nolan,2,0,2,0,0,0,0,0,2025-08-16,2026-06-27,2,28.35513391787648,74.0,74.0,170.0,Orthodox,2,2,0,0.0,0.0,,False,0.8624407072013799,0,2.0676959619952493,0.0,0.3434873949579832,0.0,0.0
663b76da637402c3,Victor Valimaki,2,0,2,0,0,0,0,0,2006-12-13,2007-04-21,2,25.165472254734865,72.0,,205.0,Orthodox,2,2,0,0.0,0.0,,False,0.3531900039015175,0,2.2,0.5,0.15789473684210525,0.16666666666666666,0.0
669a3cb6e394f515,Royce Alger,2,0,2,0,0,0,0,0,1997-05-30,1999-07-16,2,33.297056065490736,70.0,,199.0,Orthodox,2,2,0,0.0,0.0,,False,2.1273537444300703,0,1.808212401055409,2.37467018469657,0.46153846153846156,0.125,0.0
67a992d4cff22466,Ericka Almeida,2,0,2,0,0,0,0,0,2015-05-30,2015-10-24,1,26.435861105977537,66.0,,115.0,Orthodox,2,2,0,0.0,0.0,,False,0.4024723300273106,0,1.0666666666666667,0.5,0.3915847665847666,0.5,0.0
6803d4d6908354ac,Brad Morris,2,0,2,0,0,0,0,0,2008-04-19,2008-09-17,1,28.672731130687147,74.0,,205.0,Orthodox,2,2,0,0.0,0.0,,False,0.41342395805526466,0,0.48393378773125606,0.0,0.625,0.0,0.0
684d3aee255a3d09,Gadzhi Omargadzhiev,2,0,2,0,0,0,0,0,2022-04-16,2022-10-22,1,29.3982764875391,73.0,71.0,170.0,Switch,2,2,0,0.0,0.0,,False,0.517464424320828,0,1.6972886762360446,1.0382775119617225,0.34981392876129713,0.3214285714285714,0.0
68b8ebdfce9dbb61,Charalampos Grigoriou,2,0,2,0,0,0,0,0,2024-03-16,2024-08-10,1,32.1608246575905,67.0,67.0,135.0,Orthodox,2,2,0,0.0,0.0,,False,0.4024723300273106,0,2.579518072289156,2.0,0.5036437246963563,0.8,0.0
68d76fd9ecf7431d,Luke Caudillo,2,0,2,0,0,0,0,0,2007-06-12,2007-11-17,1,26.746613551270734,67.0,,155.0,Orthodox,2,2,0,0.0,0.0,,False,0.4325893071041842,0,1.602478314745973,0.0,0.3401442307692308,0.0,0.0
6905d45bd71b50a9,Leo Kuntz,2,0,2,0,0,0,0,0,2015-05-23,2015-11-28,1,31.895247677912618,70.0,,155.0,Orthodox,2,2,0,0.0,0.0,,False,0.517464424320828,0,1.491848617176128,1.5,0.31032967032967035,0.25,0.5
696002b59f09d73b,Joseph Sandoval,2,0,2,0,0,0,0,0,2011-10-01,2012-01-20,2,25.54330342169928,67.0,,135.0,Southpaw,2,2,0,0.0,0.0,,False,0.30390767777572436,0,4.090909090909091,0.0,0.375,,0.0
69a400af4420cd6a,Andreas Stahl,2,0,2,0,0,0,0,0,2014-07-26,2015-12-10,2,26.86981936658521,71.0,,170.0,Orthodox,2,2,0,0.0,0.0,,False,1.3744293175082307,0,2.9515723270440253,3.3962264150943393,0.39056703762586115,0.5,0.0
6a8928652fc01bee,Brandon Jenkins,2,0,2,0,0,0,0,0,2021-09-18,2022-04-16,2,30.256610334229997,72.0,71.0,155.0,Switch,2,2,0,0.0,0.0,,False,0.5749604714675866,0,3.0273359073359076,0.0,0.4320802005012531,,0.0
6d38e41efa47a72d,Jordan Vucenic,2,0,2,0,0,0,0,0,2024-08-03,2025-03-22,2,28.73844089885487,70.0,73.0,155.0,Orthodox,2,2,0,0.0,0.0,,False,0.6324565186143453,0,2.052873563218391,0.8620689655172414,0.5076923076923077,0.25,0.0
6e92eb1242b46636,Steve Montgomery,2,0,2,0,0,0,0,0,2015-06-27,2015-11-14,1,24.71234864507827,76.0,,185.0,Southpaw,2,2,0,0.0,0.0,,False,0.38330698097839105,0,4.223108384458078,0.0,0.36228496634255797,,0.0
6ece1d2ab1bed31d,Steve Judson,2,0,2,0,0,0,0,0,1999-09-24,2000-03-10,2,,71.0,,230.0,Orthodox,2,2,0,0.0,0.0,,False,0.4599683771740693,0,2.0689655172413794,0.0,0.5185185185185185,0.0,0.0
714e1e0681ddb703,Derrick Krantz,2,0,2,0,0,0,0,0,2019-05-18,2019-08-31,1,31.48729953387133,70.0,72.0,170.0,Orthodox,2,2,0,0.0,0.0,,False,0.2874802357337933,0,1.8758620689655174,3.439655172413793,0.3607843137254902,0.5,0.5
7215953cd5c6254d,Ross Pointon,2,0,2,0,0,0,0,0,2006-06-24,2007-01-25,2,26.641204131501674,68.0,,170.0,Orthodox,2,2,0,0.0,0.0,,False,0.5886500065025291,0,3.8908477694312436,0.0,0.21057692307692308,,0.0
723b64c0e9a8f348,Josias Musasa,2,0,2,0,0,0,0,0,2025-03-15,2025-09-27,1,26.697331225144936,68.0,74.0,135.0,Southpaw,2,2,0,0.0,0.0,,False,0.5366297733697475,0,3.42312925170068,0.5,0.4512504530627039,0.25,0.0
7269329bd87eb479,Christophe Leninger,2,0,2,0,0,0,0,0,1994-09-09,1997-05-30,2,,72.0,,200.0,Southpaw,2,2,0,0.0,0.0,,False,2.7214795649465766,0,0.20380622837370244,0.0,0.34375,0.0,0.5
72e5e5a6edfa8223,Marcos Mariano,2,0,2,0,0,0,0,0,2019-02-09,2019-09-21,1,32.63585152330301,73.0,76.0,155.0,Switch,2,2,0,0.0,0.0,,False,0.6132911695654257,0,0.3717514124293785,0.0,0.2777777777777778,,0.0
7342fcc41a4817fa,Ansar Chalangov,2,0,2,0,0,0,0,0,2005-11-19,2006-04-06,2,26.245576568991833,69.0,,170.0,Orthodox,2,2,0,0.0,0.0,,False,0.37783116696441404,0,0.7008744431611946,0.0,0.75,0.0,1.5
760a55d5b6098cbe,Carlos Candelario,2,0,2,0,0,0,0,0,2022-05-14,2022-11-05,1,31.183391856095607,68.0,68.0,125.0,Southpaw,2,2,0,0.0,0.0,,False,0.47913372622298883,0,4.809803921568627,1.9803921568627452,0.3654610492845787,0.7,0.5
77350fd0e6d1dba8,Lisa Ellis,2,0,2,0,0,0,0,0,2014-12-12,2015-05-09,2,32.27718570538752,64.0,,115.0,,2,2,0,0.0,0.0,,False,0.40521023703429915,0,1.0907961743882746,3.662899018755434,0.6058823529411765,0.5,0.5
7a47e068f8017019,Val Woodburn,2,0,2,0,0,0,0,0,2023-07-08,2024-02-17,2,30.21554172912517,68.0,74.0,170.0,Orthodox,2,2,0,0.0,0.0,,False,0.6132911695654257,0,2.3456140350877193,1.0,0.2996357012750455,1.0,0.0
7a613f78dd7ee8f8,Bernardo Magalhaes,2,0,2,0,0,0,0,0,2012-02-15,2012-06-08,1,31.012272668158825,69.0,,155.0,Orthodox,2,2,0,0.0,0.0,,False,0.3121213987966899,0,1.8,0.0,0.3043672014260249,0.0,0.5
7aa88401f93ce836,Amar Suloev,2,0,2,0,0,0,0,0,2002-01-11,2002-05-10,1,25.69388830708365,69.0,,183.0,Orthodox,2,2,0,0.0,0.0,,False,0.3258109338316324,0,2.375046554934823,2.513966480446927,0.48840579710144927,1.0,0.5
7b39035fae7268b8,Matt Van Buren,2,0,2,0,0,0,0,1,2014-07-06,2015-01-18,2,28.334599615324066,77.0,,205.0,,2,2,0,0.0,0.0,,False,0.5366297733697475,0,5.087573725639703,0.0,0.3358490566037736,,0.0
7b6ce3a9460565b5,Valeri Ignatov,2,0,2,0,0,0,0,0,1999-03-05,1999-09-24,1,,69.0,,170.0,Orthodox,2,2,0,0.0,0.0,,False,0.555795122418667,0,0.5704119850187266,0.0,0.265,,0.5
7bc475b0fc2020ab,Luis Ramos,2,0,2,0,0,0,0,0,2011-08-27,2012-06-22,2,31.015010575165814,68.0,,170.0,Orthodox,2,2,0,0.0,0.0,,False,0.8213721020965523,0,4.071428571428571,0.8035714285714285,0.44964871194379386,0.2,0.0
7c0847d3854a95f2,Sean Salmon,2,0,2,0,0,0,0,0,2007-01-25,2007-05-26,1,29.537909744895515,70.0,,185.0,Southpaw,2,2,0,0.0,0.0,,False,0.3312867478456094,0,1.3857098669965975,2.459016393442623,0.6785714285714286,0.3333333333333333,0.0
7c9c6a884be167fe,Jin Soo Son,2,0,2,0,0,0,0,0,2018-09-15,2019-07-20,2,25.878697030055374,66.0,69.0,135.0,Orthodox,2,2,0,0.0,0.0,,False,0.8432753581524604,0,5.1,1.5,0.36931818181818177,0.27142857142857146,0.0
7cec3c4a5e7b6d68,Daniel Frunza,2,0,2,0,0,0,0,0,2025-04-05,2025-11-01,1,31.266898019808757,73.0,73.0,170.0,Orthodox,2,2,0,0.0,0.0,,False,0.5749604714675866,0,4.507134637514384,0.0,0.3087606837606838,,0.0
7cf20446453f852b,Milton Vieira,2,0,1,0,0,0,0,0,2012-06-23,2013-01-19,2,34.00754293380425,72.0,,145.0,Orthodox,2,1,1,0.0,0.0,,False,0.5749604714675866,0,1.5666666666666667,3.0,0.4423076923076923,0.5833333333333334,0.0
7d09200f6a77b20e,Colin Fletcher,2,0,2,0,0,0,0,1,2012-12-14,2013-03-16,2,30.059481029726825,74.0,,155.0,Orthodox,2,2,0,0.0,0.0,,False,0.2518874446429427,0,3.1,0.0,0.34425085162227065,0.0,0.0
7e9b36a9847db116,Kevin Christian,2,0,2,0,0,0,0,0,2025-11-01,2026-05-02,2,31.028700110200756,79.0,80.0,205.0,Orthodox,2,2,0,0.0,0.0,,False,0.49829907527190836,0,4.3792383933229,0.0,0.7212885154061625,0.0,0.0
7eaa5e31c2dd86aa,Nick Klein,2,0,2,0,0,0,0,0,2025-02-22,2025-08-02,1,29.68028090925892,73.0,77.0,185.0,Orthodox,2,2,0,0.0,0.0,,False,0.4408030281251497,0,2.433930093776641,5.496437705516989,0.5424430641821947,0.3412698412698413,0.5
7f9f528cb72a6ed1,Travis Wiuff,2,0,2,0,0,0,0,0,2002-11-22,2005-04-16,2,25.889648658083328,75.0,,205.0,Orthodox,2,2,0,0.0,0.0,,False,2.398406538121933,0,0.27777777777777773,2.7777777777777777,0.6,0.5,0.5
8173f134396cb971,Cortavious Romious,2,0,2,0,0,0,0,0,2024-11-09,2025-04-05,2,31.043758598739196,64.0,68.0,135.0,Southpaw,2,2,0,0.0,0.0,,False,0.4024723300273106,0,1.1916666666666667,3.7045454545454546,0.4180555555555555,0.6666666666666666,0.0
81b8b3fb019dc69d,Antonio Dos Santos,2,0,2,0,0,0,0,0,2014-12-20,2015-06-20,2,26.664476341061075,70.0,,185.0,Orthodox,2,2,0,0.0,0.0,,False,0.49829907527190836,0,4.993396894930104,0.0,0.5153294194390086,0.0,0.0
826475cc758e60e6,Rob Wilkinson,2,0,2,0,0,0,0,0,2017-09-02,2018-02-10,2,25.74864644722342,75.0,80.0,185.0,Orthodox,2,2,0,0.0,0.0,,False,0.4408030281251497,0,2.745983499782892,4.447953262542928,0.5,0.30000000000000004,0.0
8270c00fae24c922,Dileno Lopes,2,0,2,0,0,0,0,1,2015-08-01,2016-07-07,2,31.312073485424065,65.0,,135.0,,2,2,0,0.0,0.0,,False,0.9336262893830811,0,2.3666666666666667,2.5,0.35468733523146684,0.4583333333333333,1.5
837d30395faca41e,Sheila Gaff,2,0,2,0,0,0,0,0,2013-04-27,2013-08-03,1,23.46112514288452,65.0,,135.0,Orthodox,2,2,0,0.0,0.0,,False,0.26831488668487374,0,1.556783536585366,0.0,0.4791666666666667,,0.0
83825fad27ab3581,Joseph Gigliotti,2,0,2,0,0,0,0,0,2016-08-06,2016-12-09,1,23.153110604598314,71.0,,185.0,Orthodox,2,2,0,0.0,0.0,,False,0.3422383758735634,0,1.0952380952380953,2.2857142857142856,0.36693548387096775,1.0,0.5
83d0de122f2f9664,Michael Patt,2,0,2,0,0,0,0,0,2008-09-06,2009-03-07,2,,72.0,,205.0,Orthodox,2,2,0,0.0,0.0,,False,0.49829907527190836,0,2.5827188504443184,0.0,0.30357142857142855,0.0,0.0
85980f5da429c0a6,Shane del Rosario,2,0,2,0,0,0,0,0,2012-05-26,2012-12-15,1,28.951997645399974,76.0,,250.0,Southpaw,2,2,0,0.0,0.0,,False,0.555795122418667,0,3.231663396338889,1.3803680981595092,0.6065306122448979,0.25,1.0
85d0fafb8b75d634,Juan Manuel Puig,2,0,2,0,0,0,0,0,2014-07-06,2014-11-22,1,25.392718536314913,69.0,,145.0,Orthodox,2,2,0,0.0,0.0,,False,0.38056907397140255,0,2.7659574468085104,0.0,0.12745098039215685,,0.0
8765559b6a29a421,Gaetano Pirrello,2,0,2,0,0,0,0,0,2021-01-20,2021-10-02,1,29.077941367721444,67.0,65.0,135.0,Orthodox,2,2,0,0.0,0.0,,False,0.6981662867820694,0,1.5430107526881718,0.0,0.6309523809523809,,0.0
879b8df81523d91b,Nick Penner,2,0,2,0,0,0,0,0,2012-03-02,2012-12-14,1,32.3278369850168,76.0,,205.0,Southpaw,2,2,0,0.0,0.0,,False,0.7857793110057016,0,1.2653086044390394,0.0,0.30808080808080807,,0.0
87e2468b986ebb79,Cameron VanCamp,2,0,2,0,0,0,0,0,2022-05-07,2022-09-17,1,29.209360904056894,74.0,74.0,155.0,Switch,2,2,0,0.0,0.0,,False,0.3641416319294715,0,5.642484857022115,0.0,0.4939516129032258,,0.0
87e4a3a5080ee7ce,Elisha Ellison,2,0,2,0,0,0,0,0,2025-09-27,2026-07-11,2,28.95747345941395,72.0,78.0,238.0,Orthodox,2,2,0,0.0,0.0,,False,0.7857793110057016,0,3.365390152605816,0.0,0.36363636363636365,0.0,0.0
88c8f47241d90040,John Halverson,2,0,2,0,0,0,0,0,2007-02-03,2008-03-01,2,34.94116922318733,69.0,,155.0,Southpaw,2,2,0,0.0,0.0,,False,1.073259546739495,0,3.045614035087719,0.0,0.46568627450980393,,1.0
8b260672a21d1fd6,John Cofer,2,0,2,0,0,0,0,0,2012-06-01,2012-12-15,1,28.360609731890456,69.0,,155.0,Southpaw,2,2,0,0.0,0.0,,False,0.539367680376736,0,2.8375815585199584,1.4539579967689822,0.4409296861889579,0.5,0.0
8c020156779f7888,Melinda Fabian,2,0,1,0,0,0,0,0,2017-12-01,2018-06-23,2,30.71657871140407,66.0,66.0,125.0,Orthodox,2,1,1,0.0,0.0,,False,0.5585330294256555,0,4.033333333333333,0.0,0.4174941949508424,0.0,0.0
8c39367b53eadf8a,Jesse Strader,2,0,2,0,0,0,0,0,2021-03-20,2022-02-19,2,30.27029986926494,67.0,70.0,135.0,Orthodox,2,2,0,0.0,0.0,,False,0.9199367543481386,0,5.920945650134468,2.2140221402214024,0.533968253968254,0.5714285714285714,0.0
8c3f3c43c8ceb778,Justin Levens,2,0,2,0,0,0,0,0,2006-04-15,2006-06-28,1,26.09225377660048,71.0,,185.0,Orthodox,2,2,0,0.0,0.0,,False,0.20260511851714957,0,0.30927835051546393,0.0,0.25,0.0,0.5
8c822811eedc11ad,Anton Zafir,2,0,2,0,0,0,0,0,2015-11-14,2016-07-08,2,28.839743458113446,71.0,,170.0,Orthodox,2,2,0,0.0,0.0,,False,0.6488839606562763,0,2.7514405447878474,7.052121529596647,0.6177777777777778,0.6666666666666666,0.0
8caca5857ce0e30b,David Lee,2,0,2,0,0,0,0,0,2006-09-23,2007-04-21,2,28.737071945351374,70.0,,155.0,Orthodox,2,2,0,0.0,0.0,,False,0.5749604714675866,0,1.1401971522453451,0.0,0.5,0.0,0.0
8dc46e9a7895ce1a,Alexandre Dantas,2,0,2,0,0,0,0,0,2000-09-22,2003-02-28,2,22.780755251647875,74.0,,238.0,Orthodox,2,2,0,0.0,0.0,,False,2.4339993292127833,0,0.665303554576911,1.2032085561497325,0.2877906976744186,0.125,0.5
8ef4a91ac694b7ce,Shayna Baszler,2,0,2,0,0,0,0,0,2014-08-30,2015-03-21,2,34.33746072814637,67.0,,135.0,Orthodox,2,2,0,0.0,0.0,,False,0.555795122418667,0,0.8355437665782492,1.0817307692307692,0.19583333333333333,0.125,0.5
8f2deefe8c5dfb5d,Alberto Uda,2,0,2,0,0,0,0,0,2016-05-29,2016-08-20,1,31.919888840975513,75.0,,185.0,Orthodox,2,2,0,0.0,0.0,,False,0.22724628158004612,0,1.673952641165756,2.8961748633879782,0.5,0.5,0.0
90e0985df05e51bc,Ray Rodriguez,2,0,2,0,0,0,0,0,2020-09-05,2021-03-13,2,32.99862420172899,67.0,70.0,135.0,Orthodox,2,2,0,0.0,0.0,,False,0.517464424320828,0,0.9532798489853704,11.538461538461537,0.18333333333333335,1.0,0.0
9147679e1a4ad4a3,Richardson Moreira,2,0,2,0,0,0,0,0,2014-05-31,2015-01-31,2,30.50165301135547,74.0,,185.0,Orthodox,2,2,0,0.0,0.0,,False,0.6707872167121843,0,5.0,0.0,0.5021186440677966,0.0,0.0
914a897455693650,Carl Deaton,2,0,2,0,0,0,0,0,2023-02-25,2023-07-15,1,33.44627199737161,67.0,69.0,155.0,Orthodox,2,2,0,0.0,0.0,,False,0.38330698097839105,0,1.2837535014005603,0.0,0.21296296296296297,0.0,0.0
915c8d39d4a0e7d1,Ramiro Hernandez,2,0,2,0,0,0,0,0,2013-09-04,2014-01-25,2,27.317467162227835,69.0,,135.0,Orthodox,2,2,0,0.0,0.0,,False,0.39152070199935657,0,3.0476190476190474,0.0,0.3388888888888889,,0.0
91720876db0ee468,Jason Gilliam,2,0,2,0,0,0,0,0,2007-03-03,2007-07-07,1,34.50857991608315,72.0,,170.0,Orthodox,2,2,0,0.0,0.0,,False,0.34497628288055193,0,0.6666666666666666,0.0,0.21428571428571427,,0.0
91d73ee59347ac16,Brodie Farber,2,0,2,0,0,0,0,0,2008-07-19,2008-12-10,1,28.236034963072477,73.0,,170.0,Orthodox,2,2,0,0.0,0.0,,False,0.3942586090063451,0,5.900343642611683,0.5,0.4536637931034483,0.5,0.5
92aed9d16794f42b,Robert Ruchala,2,0,2,0,0,0,0,0,2025-09-06,2026-04-04,2,27.600840537451145,68.0,72.0,145.0,Switch,2,2,0,0.0,0.0,,False,0.5749604714675866,0,3.3666666666666667,1.0,0.34627525252525254,0.16666666666666666,0.0
934de214814b8ff4,Jesse Bongfeldt,2,0,1,0,0,0,0,0,2010-12-11,2011-06-11,2,30.535876848942824,72.0,,185.0,Orthodox,2,1,1,0.0,0.0,,False,0.49829907527190836,0,2.2768707482993196,1.0,0.5354938271604939,0.3333333333333333,0.0
981ab7a0576f76a0,Julie Kedzie,2,0,2,0,0,0,0,0,2013-07-27,2013-12-06,1,32.54002477805841,65.0,,135.0,Orthodox,2,2,0,0.0,0.0,,False,0.361403724922483,0,2.7333333333333334,1.0,0.3293718166383701,0.2222222222222222,0.0
984d15d5dc7bfcf9,James Bochnovic,2,0,2,0,0,0,0,0,2017-07-08,2018-05-12,2,28.81920915556103,76.0,81.0,205.0,Orthodox,2,2,0,0.0,0.0,,False,0.8432753581524604,0,0.6522765917249196,0.0,0.3541666666666667,0.0,0.0
98e946879ba20c0f,Boston Salmon,2,0,2,0,0,0,0,0,2019-04-13,2019-10-18,1,28.65219682813473,69.0,69.0,135.0,Southpaw,2,2,0,0.0,0.0,,False,0.5147265173138394,0,2.6666666666666665,0.0,0.5454545454545454,0.0,0.0
98ec9f385cca47fc,Besam Yousef,2,0,2,0,0,0,0,0,2012-04-14,2013-04-06,2,27.54471344380788,71.0,,170.0,Orthodox,2,2,0,0.0,0.0,,False,0.9774328014948972,0,3.2754385964912283,1.0,0.5314111579934364,0.6666666666666666,0.0
990bd63726a577f8,Tim Williams,2,0,2,0,0,0,0,0,2018-02-18,2018-08-25,1,31.888402910395147,74.0,76.0,185.0,Orthodox,2,2,0,0.0,0.0,,False,0.5147265173138394,0,3.5678481919083422,1.0204081632653061,0.4124877089478859,0.4,0.0
9b1e3fb4f8cbd5b7,Ricky Rainey,2,0,2,0,0,0,0,0,2018-04-14,2018-11-30,1,35.10818155061364,73.0,77.0,170.0,Switch,2,2,0,0.0,0.0,,False,0.6297186116073568,0,3.3403010033444813,0.0,0.46590909090909094,0.0,0.0
9b68bf67c5695185,Todd Brown,2,0,2,0,0,0,0,0,2010-08-07,2011-03-03,2,33.93361944461556,71.0,,205.0,Orthodox,2,2,0,0.0,0.0,,False,0.5694846574536095,0,2.4333333333333336,0.0,0.5205314009661836,0.0,0.0
9b75954db8db2a08,Justin Jones,2,0,2,0,0,0,0,0,2014-12-06,2015-04-04,2,27.413293907472433,71.0,,185.0,Orthodox,2,2,0,0.0,0.0,,False,0.3258109338316324,0,1.7000000000000002,1.0,0.3626207729468599,0.08333333333333333,0.5
9c42a0de8e012870,Kelly Faszholz,2,0,2,0,0,0,0,0,2016-02-21,2016-10-01,1,31.17517813507464,68.0,,135.0,Orthodox,2,2,0,0.0,0.0,,False,0.6105532625584372,0,4.014152700186219,0.0,0.4736074270557029,0.0,0.0
9cd047a828dd7515,KB Bhullar,2,0,2,0,0,0,0,0,2020-10-10,2021-05-01,2,29.275070672224615,76.0,78.0,185.0,Switch,2,2,0,0.0,0.0,,False,0.555795122418667,0,2.9215686274509807,0.0,0.3338422391857506,,0.0
9eb069062a0cfc13,Nolan Ticman,2,0,2,0,0,0,0,0,2014-08-16,2015-05-16,2,26.622038782452755,66.0,,125.0,Orthodox,2,2,0,0.0,0.0,,False,0.7474486129078626,0,2.566666666666667,0.0,0.4743811666955167,0.0,0.0
a17322f99ddfd8e9,Bristol Marunde,2,0,2,0,0,0,0,0,2013-04-13,2013-08-03,1,31.135478483473307,73.0,75.0,170.0,Orthodox,2,2,0,0.0,0.0,,False,0.30664558478271287,0,0.7563025210084033,1.6206482593037215,0.12962962962962962,0.3333333333333333,0.0
a1b0715c4fd2dbd3,Azamat Gashimov,2,0,2,0,0,0,0,0,2012-11-17,2013-05-18,2,22.864261415361028,66.0,,125.0,Orthodox,2,2,0,0.0,0.0,,False,0.49829907527190836,0,1.3039144015418356,2.74390243902439,0.2459514170040486,0.5,0.0
a421465acbe59c77,Denis Stojnic,2,0,2,0,0,0,0,0,2009-02-07,2009-06-13,1,29.18882660150448,72.0,,245.0,Orthodox,2,2,0,0.0,0.0,,False,0.34497628288055193,0,1.5128832936504113,0.0,0.22307692307692306,,0.5
a4dc47001f202bcd,Rodrigo de Lima,2,0,2,0,0,0,0,0,2014-06-28,2015-02-14,2,23.613078981772382,67.0,,155.0,Orthodox,2,2,0,0.0,0.0,,False,0.6324565186143453,0,1.131858407079646,2.495575221238938,0.34523809523809523,0.35416666666666663,1.0
a66395395b5f1394,Danny Downes,2,0,2,0,0,0,0,0,2011-06-04,2011-10-29,1,25.35712574522406,72.0,72.0,155.0,Orthodox,2,2,0,0.0,0.0,,False,0.4024723300273106,0,1.2666666666666666,0.0,0.29292929292929293,,0.5
a75a48bfe776b2c2,Jesse Butler,2,0,2,0,0,0,0,0,2023-06-03,2024-06-08,2,31.53384395299014,70.0,73.0,135.0,Orthodox,2,2,0,0.0,0.0,,False,1.0157634995927363,0,2.3043478260869565,0.0,0.25435540069686413,,0.0
a780d16cf7eed44d,Lucio Linhares,2,0,2,0,0,0,0,0,2009-12-12,2010-03-31,2,36.16090679480072,74.0,,185.0,Orthodox,2,2,0,0.0,0.0,,False,0.29843186376174735,0,0.9929605457179859,1.7964071856287425,0.23905723905723905,0.5,1.0
a7de976620f2ed13,Shane Howell,2,0,2,0,0,0,0,0,2014-06-28,2015-01-18,2,30.861687782774457,68.0,,125.0,Orthodox,2,2,0,0.0,0.0,,False,0.5585330294256555,0,0.7333333333333333,0.0,0.171875,,0.0
a85998eb79650b2c,Wes Combs,2,0,2,0,0,0,0,0,2006-06-24,2006-08-26,1,33.102664667994546,74.0,,205.0,Orthodox,2,2,0,0.0,0.0,,False,0.17248814144027597,0,2.109411459683692,0.0,0.4607843137254902,,0.0
a8c9d16fe2a14d72,CM Punk,2,0,1,0,0,0,0,0,2016-09-10,2018-06-09,2,38.748228916404855,73.0,73.0,170.0,Orthodox,2,1,1,0.0,0.0,,False,1.7440467634516794,0,0.6333333333333333,0.5,0.11728395061728394,0.1111111111111111,0.0
a9bcf8717dd12532,Mats Nilsson,2,0,2,0,0,0,0,0,2014-03-08,2015-01-03,2,30.668665338781768,73.0,,170.0,Orthodox,2,2,0,0.0,0.0,,False,0.8241100091035408,0,3.940909090909091,2.5,0.40256211180124224,0.8333333333333334,1.5
aa79d5399571068e,Brandon Wolff,2,0,2,0,0,0,0,0,2008-12-10,2009-05-23,2,33.372348508182924,69.0,,170.0,Orthodox,2,2,0,0.0,0.0,,False,0.4490167491461152,0,0.4166666666666667,0.0,0.2,0.0,0.0
ab2a4b5e04dc5fe9,Alvin Hines,2,0,2,0,0,0,0,0,2025-06-28,2026-07-18,2,34.21699281983887,74.0,74.0,265.0,Orthodox,2,2,0,0.0,0.0,,False,1.0540941976905753,0,6.033333333333333,0.5,0.3783011583011583,0.1,0.0
ac5a7400da3a9a41,Elias Garcia,2,0,2,0,0,0,0,0,2018-07-14,2018-12-01,1,26.023806101425762,65.0,67.0,125.0,Southpaw,2,2,0,0.0,0.0,,False,0.38330698097839105,0,1.8904761904761904,0.5,0.28551496702181633,0.14285714285714285,1.0
acd9513399a8b09b,Ednaldo Oliveira,2,0,2,0,0,0,0,0,2012-01-14,2013-08-03,2,28.678206944701124,77.0,,205.0,Orthodox,2,2,0,0.0,0.0,,False,1.5523932729624839,0,0.6333333333333333,0.0,0.13380281690140844,0.0,0.0
ad3041e61896b975,Jason Tan,2,0,2,0,0,0,0,0,2007-06-16,2008-05-24,2,25.964941100775512,70.0,,170.0,Orthodox,2,2,0,0.0,0.0,,False,0.9391021033970581,0,2.496,0.0,0.30219780219780223,0.0,0.0
ad32471f01e7b1a5,Jeremy Jackson,2,0,2,0,0,0,0,0,2003-09-26,2006-11-11,2,22.58225699364121,70.0,,170.0,Orthodox,2,2,0,0.0,0.0,,False,3.1266898019808758,0,0.7772408452591919,2.425876010781671,0.3001930501930502,0.4,0.0
afc2a7ce0c763bd5,Yoislandy Izquierdo,2,0,2,0,0,0,0,0,2012-04-14,2012-07-07,1,28.37840612743588,71.0,,155.0,Southpaw,2,2,0,0.0,0.0,,False,0.22998418858703465,0,3.683505154639175,0.0,0.5180921052631579,0.0,0.0
afdb76fbd86f6d11,Edilberto de Oliveira,2,0,2,0,0,0,0,0,2007-04-21,2007-09-19,1,24.617890853337165,72.0,,170.0,Orthodox,2,2,0,0.0,0.0,,False,0.41342395805526466,0,3.594976452119309,0.0,0.3182218309859155,0.0,0.0
afe8d5b39ff7fca2,Louis Cosce,2,0,2,0,0,0,0,0,2020-11-21,2022-09-17,2,26.14838087024374,69.0,71.0,170.0,Orthodox,2,2,0,0.0,0.0,,False,1.8207081596473575,0,4.205562798783138,1.0867014341590613,0.37187020950434335,0.5555555555555556,0.5
b034747dc1d15491,Kazuhiro Nakamura,2,0,2,0,0,0,0,0,2007-09-22,2008-05-24,2,28.52214624530278,71.0,70.0,205.0,Orthodox,2,2,0,0.0,0.0,,False,0.6707872167121843,0,1.1,1.0,0.3723702664796634,0.2,0.0
b0f316c60f8d3b47,Josh Ferguson,2,0,2,0,0,0,0,0,2011-12-03,2012-07-11,2,23.859490612401352,65.0,,125.0,Orthodox,2,2,0,0.0,0.0,,False,0.6050774485444602,0,2.3065380493033225,0.5,0.4469496021220159,0.0625,0.0
b14a68c533f4a4aa,Dokonjonosuke Mishima,2,0,2,0,0,0,0,0,2006-11-18,2007-04-05,2,34.77141898875405,67.0,,155.0,Southpaw,2,2,0,0.0,0.0,,False,0.37783116696441404,0,0.4512742358818051,4.080941495216324,0.18333333333333335,0.55,1.0
b2f743746e8dcfa2,Jason Black,2,0,2,0,0,0,0,0,2007-06-12,2007-10-20,1,35.08627829455772,68.0,,155.0,Orthodox,2,2,0,0.0,0.0,,False,0.355927910908506,0,0.3333333333333333,0.0,0.25,0.0,4.5
b35ba64b6a2bbcb3,Jose Maria,2,0,2,0,0,0,0,0,2013-08-03,2013-11-09,1,31.713176861947886,65.0,,125.0,Orthodox,2,2,0,0.0,0.0,,False,0.26831488668487374,0,3.1847660815689034,2.366077431500119,0.5326388888888889,0.26666666666666666,1.5
b4c57a8c2b773e82,Michal Figlak,2,0,2,0,0,0,0,0,2022-09-03,2024-04-27,2,26.87529518059919,70.0,70.0,155.0,Orthodox,2,2,0,0.0,0.0,,False,1.6482200182070816,0,4.0,0.5,0.3648809523809524,0.1,0.0
b6203e0492a9336c,Marnic Mann,2,0,2,0,0,0,0,0,2023-09-16,2024-04-27,2,30.83978452671855,60.0,64.0,115.0,Southpaw,2,2,0,0.0,0.0,,False,0.6132911695654257,0,1.3,1.0,0.33922973578145993,0.2,0.5
b732b326c362fb62,Ryan Thomas,2,0,2,0,0,0,0,0,2008-08-09,2008-11-15,1,23.893714449988707,72.0,,170.0,Orthodox,2,2,0,0.0,0.0,,False,0.26831488668487374,0,2.064075630252101,6.302521008403361,0.45411663807890223,0.3125,1.0
b8c0f30ee9a98b69,Fernando Bruno,2,0,2,0,0,0,0,1,2015-08-01,2016-07-08,2,33.9007645605317,66.0,,145.0,,2,2,0,0.0,0.0,,False,0.9363641963900696,0,1.7438675696012038,2.015801354401806,0.47091584158415845,0.23376623376623376,0.5
bad8be5827ea1bf1,Chris Heatherly,2,0,2,0,0,0,0,0,2014-08-23,2014-11-15,1,26.861605645564246,69.0,,155.0,Orthodox,2,2,0,0.0,0.0,,False,0.22998418858703465,0,1.6971514242878563,4.812593703148426,0.6000000000000001,0.6666666666666666,0.0
baf942f4bcb09894,Moti Horenstein,2,0,2,0,0,0,0,0,1996-07-12,1997-07-27,2,32.82476710678522,76.0,,230.0,Orthodox,2,2,0,0.0,0.0,,False,1.040404662655633,0,0.2112676056338028,0.0,0.25,,0.0
bb61823f76361297,Kyle Stewart,2,0,2,0,0,0,0,0,2019-01-19,2019-07-27,1,30.22512440364963,72.0,76.0,170.0,Orthodox,2,2,0,0.0,0.0,,False,0.517464424320828,0,1.1804597701149426,0.0,0.27059659090909094,0.0,0.0
be4076c9e8d791e3,Joao Zeferino,2,0,2,0,0,0,0,0,2013-05-18,2013-09-04,1,27.487217396661123,71.0,,170.0,Orthodox,2,2,0,0.0,0.0,,False,0.29843186376174735,0,0.8333333333333333,0.5,0.37142857142857144,0.03125,1.0
bf41b5131545da12,Crafton Wallace,2,0,2,0,0,0,0,0,2006-08-17,2006-10-10,1,30.842522433725538,72.0,,185.0,Orthodox,2,2,0,0.0,0.0,,False,0.14784697837737942,0,0.4884533803363905,0.0,0.16666666666666666,,0.0
bf9bc96336922271,Alex Ricci,2,0,2,0,0,0,0,0,2016-08-27,2017-02-19,2,34.34430549566384,71.0,,155.0,Orthodox,2,2,0,0.0,0.0,,False,0.48187163322997734,0,3.1516431924882626,0.0,0.4112994350282486,0.0,0.0
c06d554ce1713fd3,Danny Mitchell,2,0,2,0,0,0,0,0,2014-03-08,2014-08-23,1,27.81165937698926,74.0,,170.0,Orthodox,2,2,0,0.0,0.0,,False,0.4599683771740693,0,2.533333333333333,0.0,0.5063725490196078,0.0,3.0
c0c36a5b3d5bbdd5,Mike Stumpf,2,0,2,0,0,0,0,0,2011-09-17,2013-01-26,2,25.808880401377166,70.0,,170.0,,2,2,0,0.0,0.0,,False,1.3607397824732883,0,2.1,1.0,0.22183098591549297,0.25,0.5
c0eecd851dbf3146,CJ Keith,2,0,2,0,0,0,0,0,2012-06-22,2013-01-19,2,26.159332498271695,72.0,,155.0,Orthodox,2,2,0,0.0,0.0,,False,0.5776983784745751,0,1.2262236045179242,0.0,0.5238095238095238,0.0,0.0
c10eb2f12c489f6d,Tim Gorman,2,0,2,0,0,0,0,0,2014-04-16,2014-11-08,1,31.247732670759838,65.0,,135.0,Southpaw,2,2,0,0.0,0.0,,False,0.5640088434396325,0,2.7333333333333334,1.0,0.2859443294225903,0.09090909090909091,0.0
c11f50e9c1513ce9,Mark Holst,2,0,2,0,0,0,0,0,2010-06-19,2010-10-16,1,25.009411555336523,72.0,,155.0,Orthodox,2,2,0,0.0,0.0,,False,0.3258109338316324,0,0.38245614035087716,0.5,0.2125,1.0,1.5
c13042265355a290,Kwan Ho Kwak,2,0,2,0,0,0,0,0,2016-11-19,2017-06-17,2,27.710356817730684,65.0,,135.0,Switch,2,2,0,0.0,0.0,,False,0.5749604714675866,0,2.9714859437751002,1.8072289156626504,0.41536458333333337,1.0,0.0
c1ea9d56cd953586,Emily Kagan,2,0,2,0,0,0,0,0,2014-12-12,2015-12-10,2,33.910347235056165,63.0,,115.0,,2,2,0,0.0,0.0,,False,0.9938602435368282,0,2.560156720916215,1.81374321880651,0.3627747252747253,0.1388888888888889,0.0
c2a7623f398d9bd7,David Dodd,2,0,2,0,0,0,0,0,1999-07-16,2000-06-09,2,26.26337296453726,74.0,,200.0,Orthodox,2,2,0,0.0,0.0,,False,0.900771405299219,0,0.3333333333333333,0.0,0.3225806451612903,0.0,0.0
c34e5849184b08c3,Yasuhiro Urushitani,2,0,2,0,0,0,0,0,2012-03-02,2012-11-10,1,35.82688213994812,65.0,,125.0,Southpaw,2,2,0,0.0,0.0,,False,0.6926904727680924,0,2.8383708467309754,0.0,0.4184247538677918,0.0,0.0
c3d2b9bcb4cead6b,Yuneisy Duben,2,0,2,0,0,0,0,0,2025-03-15,2026-06-06,2,29.29834288178402,64.0,65.0,125.0,Orthodox,2,2,0,0.0,0.0,,False,1.2265823391308515,0,6.2666666666666675,1.0,0.4475174216027875,0.5,0.0
c3f6db17cea09ca7,Danilo Belluardo,2,0,2,0,0,0,0,0,2019-06-01,2019-09-28,1,25.025838997378454,72.0,74.0,155.0,Southpaw,2,2,0,0.0,0.0,,False,0.3258109338316324,0,0.8823529411764707,2.0361990950226247,0.325,1.0,0.0
c6d8ae3b016d5ad5,Joe Veres,2,0,2,0,0,0,0,0,2007-09-19,2008-01-23,2,30.03210195965694,67.0,,155.0,Orthodox,2,2,0,0.0,0.0,,False,0.34497628288055193,0,0.0,0.0,0.0,0.0,0.0
c7011de4765d2497,Paul Bradley,2,0,2,0,0,0,0,0,2011-08-06,2011-11-12,1,28.282579382191283,69.0,,170.0,Orthodox,2,2,0,0.0,0.0,,False,0.26831488668487374,0,2.533333333333333,1.5,0.31425630468347915,0.125,0.0
c9bbf1a0285a8076,Jeff Cox,2,0,2,0,0,0,0,0,2007-06-12,2008-04-02,2,39.26295543371869,70.0,,155.0,Orthodox,2,2,0,0.0,0.0,,False,0.8076825670616098,0,0.594059405940594,4.017857142857142,0.25,0.5,0.0
ca36633b80be4a78,Kaynan Kruschewsky,2,0,2,0,0,0,0,0,2023-11-04,2024-07-20,2,32.94112815458223,72.0,73.0,155.0,Orthodox,2,2,0,0.0,0.0,,False,0.7091179148100235,0,3.962517289073306,1.5,0.41428866832092637,1.0,1.0
cc300e9aa3063431,Andre Gusmao,2,0,2,0,0,0,0,0,2008-08-09,2009-05-23,2,31.61871907020678,72.0,,205.0,Orthodox,2,2,0,0.0,0.0,,False,0.7857793110057016,0,3.722165820642978,0.0,0.45995670995670995,0.0,0.0
cc3147b49c7d7d92,Dan Stittgen,2,0,2,0,0,0,0,0,2012-02-04,2012-07-11,1,31.431172440228067,73.0,,170.0,Orthodox,2,2,0,0.0,0.0,,False,0.4325893071041842,0,2.581949934123847,0.5,0.4243924392439244,1.0,0.0
cc98d857b148e33a,Leonardo Guimaraes,2,0,2,0,0,0,0,0,2016-02-21,2016-09-17,1,34.14033142364319,72.0,,185.0,Orthodox,2,2,0,0.0,0.0,,False,0.572222564460598,0,2.3364936042136946,0.0,0.47276688453159044,,1.0
cce79e827569f26e,Ronys Torres,2,0,2,0,0,0,0,0,2010-02-06,2010-03-31,1,34.55923119571244,67.0,,155.0,Orthodox,2,2,0,0.0,0.0,,False,0.1451090713703909,0,0.8666666666666667,4.0,0.2612244897959184,0.5673076923076923,0.5
cd2e5a390821fb48,TJ Laramie,2,0,2,0,0,0,0,0,2020-09-19,2022-04-16,2,23.715750494534454,66.0,66.0,145.0,Orthodox,2,2,0,0.0,0.0,,False,1.5715586220114033,0,0.5,0.5,0.24193548387096775,0.125,0.0
cd85b48dc880fabd,Horacio Gutierrez,2,0,2,0,0,0,0,1,2015-11-21,2016-08-06,2,25.537827607685305,70.0,,145.0,,2,2,0,0.0,0.0,,False,0.7091179148100235,0,1.3201754385964912,0.0,0.27046783625730997,,0.0
ce175eaafe867d1f,Micheal Gillmore,2,0,2,0,0,0,0,0,2021-08-28,2022-02-26,2,34.670116429495465,71.0,72.0,170.0,Orthodox,2,2,0,0.0,0.0,,False,0.49829907527190836,0,1.1742424242424243,0.0,0.2980769230769231,,0.0
cf615eb4b7862c76,Hayder Hassan,2,0,2,0,0,0,0,1,2015-07-12,2015-12-19,1,32.94523501509271,70.0,,170.0,,2,2,0,0.0,0.0,,False,0.4380651211181612,0,3.6209256650861983,0.0,0.4042207792207792,0.0,0.0
d1053e55f00e53fe,AJ Cunningham,2,0,2,0,0,0,0,0,2024-03-02,2025-03-15,2,30.001984982580066,70.0,71.0,135.0,Orthodox,2,2,0,0.0,0.0,,False,1.034928848641656,0,4.446376811594203,0.0,0.39384615384615385,,0.5
d1759b2b7be9be56,Hector Ramirez,2,0,2,0,0,0,0,0,2006-11-18,2007-06-16,2,30.93013545794917,72.0,,205.0,Orthodox,2,2,0,0.0,0.0,,False,0.5749604714675866,0,2.837719298245614,3.960526315789474,0.47888513513513514,0.6333333333333333,0.5
d18dbcb0f8e2b55d,Alex Soto,2,0,2,0,0,0,0,0,2011-11-19,2012-05-15,2,28.003312867478456,68.0,,135.0,Southpaw,2,2,0,0.0,0.0,,False,0.48734744724395435,0,4.580952380952381,1.5,0.4901685393258427,0.3,0.0
d21113c9ff3788ae,Peter Barrett,2,0,2,0,0,0,0,0,2020-08-08,2020-12-12,1,34.169079447216575,70.0,73.0,145.0,Southpaw,2,2,0,0.0,0.0,,False,0.34497628288055193,0,2.6080988917306054,0.0,0.4776164549304295,0.0,0.0
d25b93992f285953,TJ O'Brien,2,0,2,0,0,0,0,0,2010-11-20,2011-08-14,2,24.251011314400706,74.0,,155.0,Orthodox,2,2,0,0.0,0.0,,False,0.7310211708659315,0,3.7695450063389204,0.907258064516129,0.461392254692326,1.0,0.0
d26934530dc5b248,Gilbert Aldana,2,0,2,0,0,0,0,0,2006-02-04,2006-07-08,1,28.65767264214871,73.0,,250.0,Orthodox,2,2,0,0.0,0.0,,False,0.4216376790762302,0,2.5906570814653684,3.5573122529644268,0.6342592592592593,0.3333333333333333,0.0
d34636a85f0f4c90,Motonobu Tezuka,2,0,2,0,0,0,0,0,2012-11-10,2013-02-16,2,25.336591442671647,67.0,,135.0,Southpaw,2,2,0,0.0,0.0,,False,0.26831488668487374,0,0.8666666666666666,1.5,0.2038095238095238,0.11666666666666667,0.5
d35c3ed553b71fa2,Joe Vedepo,2,0,2,0,0,0,0,0,2008-09-17,2009-04-01,2,25.979999589313948,72.0,,185.0,Orthodox,2,2,0,0.0,0.0,,False,0.5366297733697475,0,3.466424682395644,3.9473684210526314,0.5555555555555556,0.5,0.0
d3de4a24f7eefac8,Doug Evans,2,0,2,0,0,0,0,0,2007-06-23,2007-12-29,1,26.95880134431234,69.0,,155.0,Orthodox,2,2,0,0.0,0.0,,False,0.517464424320828,0,1.9098039215686273,4.029411764705882,0.3627450980392157,0.9,0.5
d3fa5c5955397532,Grigory Popov,2,0,2,0,0,0,0,0,2019-06-08,2019-11-09,1,35.34911736722862,67.0,68.0,135.0,Switch,2,2,0,0.0,0.0,,False,0.4216376790762302,0,3.977569562748439,0.0,0.3821969696969697,0.0,0.0
d5b7fac960e58920,Chris Indich,2,0,2,0,0,0,0,0,2014-04-16,2014-06-28,1,27.08474506663381,70.0,,170.0,,2,2,0,0.0,0.0,,False,0.19986721151016104,0,1.8237288135593221,1.5254237288135593,0.3224489795918367,0.5,1.0
d7fe8c6b7d2872e5,Brendon Marotte,2,0,2,0,0,0,0,0,2023-10-14,2024-09-07,2,28.20454903249211,69.0,70.0,145.0,Orthodox,2,2,0,0.0,0.0,,False,0.900771405299219,0,1.6610017889087656,0.0,0.7142857142857143,,0.0
d8022d5526b1d937,Chad Reiner,2,0,2,0,0,0,0,0,2007-01-25,2007-06-12,1,25.763704935761858,71.0,,170.0,Orthodox,2,2,0,0.0,0.0,,False,0.37783116696441404,0,4.815384615384615,0.5,0.2111111111111111,0.3333333333333333,1.0
da4628f173337902,Don Shainis,2,0,2,0,0,0,0,0,2022-10-01,2023-02-11,2,32.22379651875124,66.0,67.0,145.0,Orthodox,2,2,0,0.0,0.0,,False,0.3641416319294715,0,4.666666666666667,0.5,0.7450980392156863,0.16666666666666666,1.0
dc3b9cf7641b7ab6,Drako Rodriguez,2,0,2,0,0,0,0,0,2021-02-20,2021-08-07,1,24.912215856588432,68.0,69.0,135.0,Orthodox,2,2,0,0.0,0.0,,False,0.4599683771740693,0,3.6171171171171173,1.5,0.3487858719646799,0.6,0.0
dc5a6b2fdb27e7dc,Amilcar Alves,2,0,2,0,0,0,0,0,2010-08-28,2011-01-22,2,22.255077106306082,72.0,,170.0,Southpaw,2,2,0,0.0,0.0,,False,0.4024723300273106,0,0.48504003371260007,0.0,0.45,0.0,0.0
dcdd511ff757f15c,Oli Thompson,2,0,2,0,0,0,0,0,2012-03-02,2012-08-04,1,32.37711931114259,73.0,75.0,242.0,Orthodox,2,2,0,0.0,0.0,,False,0.4243755860832187,0,2.6034931904382685,0.0,0.4910138248847926,0.0,0.5
dd8aec6de7035943,Dan Evensen,2,0,2,0,0,0,0,0,2008-08-09,2008-12-27,1,34.38263619376168,75.0,,250.0,Orthodox,2,2,0,0.0,0.0,,False,0.38330698097839105,0,0.20338983050847456,0.0,0.1111111111111111,0.0,1.0
ddf3e0ea10ea6d8c,Jorge de Oliveira,2,0,2,0,0,0,0,0,2014-11-08,2015-03-21,2,34.97813096778168,68.0,,155.0,Orthodox,2,2,0,0.0,0.0,,False,0.3641416319294715,0,0.7666666666666667,0.0,0.16911764705882354,,0.0
de12bd65e2f46478,Pat Schilling,2,0,2,0,0,0,0,0,2012-01-20,2012-06-01,1,23.577486190681533,68.0,,145.0,Orthodox,2,2,0,0.0,0.0,,False,0.3641416319294715,0,2.1371134020618556,0.0,0.4107142857142857,0.0,0.0
de26d906f2874dd4,Saygid Izagakhmaev,2,0,2,0,0,0,0,0,2025-11-22,2026-07-25,2,31.555747209046043,72.0,74.0,170.0,Orthodox,2,2,0,0.0,0.0,,False,0.6707872167121843,0,1.7666666666666666,3.0,0.4929128277817151,0.34285714285714286,1.5
e09dbbd5fe3f0fe2,Curtis Stout,2,0,2,0,0,0,0,0,2001-02-23,2004-06-19,2,28.956104505910456,73.0,,185.0,Southpaw,2,2,0,0.0,0.0,,False,3.3183432924700713,0,0.5109589041095891,0.0,0.6904761904761905,,0.0
e26882820f9e8df5,Mike Lullo,2,0,2,0,0,0,0,0,2010-11-20,2011-09-17,2,31.739186978514276,68.0,,145.0,Orthodox,2,2,0,0.0,0.0,,False,0.8241100091035408,0,2.275079872204473,1.0,0.3310077519379845,0.07692307692307693,0.5
e3779ef06e98f185,Keith Berish,2,0,1,0,0,0,0,0,2014-07-06,2016-12-09,2,29.855506957706183,72.0,,205.0,Orthodox,2,1,1,0.0,0.0,,False,2.428523515198806,0,2.033333333333333,1.0,0.3630952380952381,0.4,0.0
e4d2564ea0e34e2b,Mehdi Baghdad,2,0,2,0,0,0,0,0,2016-01-17,2016-07-07,1,30.998583133123883,73.0,,155.0,Orthodox,2,2,0,0.0,0.0,,False,0.4709200052020233,0,2.111111111111111,0.0,0.255440414507772,0.0,0.0
e6147d5ab3685899,Donny Walker,2,0,2,0,0,0,0,0,2011-07-02,2011-09-17,1,31.596815814150872,69.0,,135.0,,2,2,0,0.0,0.0,,False,0.2108188395381151,0,1.2208333333333334,0.0,0.35341365461847385,,1.0
e7f51d9f9e9259e7,Thomas Gifford,2,0,2,0,0,0,0,0,2019-04-27,2019-10-12,1,26.982073553871743,73.0,75.0,155.0,Orthodox,2,2,0,0.0,0.0,,False,0.4599683771740693,0,3.983050847457627,0.5,0.39610389610389607,0.5,0.0
e7fe5315b1efeb92,Guto Inocente,2,0,2,0,0,0,0,0,2014-07-06,2014-11-07,1,28.274365661170318,75.0,,205.0,Orthodox,2,2,0,0.0,0.0,,False,0.3395004688665749,0,0.9898862199747155,0.0,0.5416666666666666,,0.0
e81dd0bb8a64b550,Charlie Ward,2,0,2,0,0,0,0,0,2016-11-19,2017-07-16,2,36.251257726031334,71.0,,170.0,Orthodox,2,2,0,0.0,0.0,,False,0.6543597746702533,0,1.8243831640058055,0.0,0.19642857142857142,0.0,0.0
e87a13e02c01331d,Ali AlQaisi,2,0,2,0,0,0,0,0,2020-08-08,2020-10-10,1,29.962285330978734,66.0,68.0,135.0,Orthodox,2,2,0,0.0,0.0,,False,0.17248814144027597,0,2.433333333333333,3.5,0.4259417199715707,0.2777777777777778,1.0
e9bc5748e6a76bb6,Ashkan Mokhtarian,2,0,2,0,0,0,0,0,2017-06-10,2017-11-18,1,31.955481632066366,66.0,67.0,125.0,Southpaw,2,2,0,0.0,0.0,,False,0.4408030281251497,0,2.062269129287599,0.5,0.46879035729659924,0.16666666666666666,0.0
eb70e786bbdf1d16,Yanis Ghemmouri,2,0,2,0,0,0,0,0,2023-09-02,2024-06-29,2,29.0177074135677,69.0,69.0,135.0,Orthodox,2,2,0,0.0,0.0,,False,0.8241100091035408,0,2.7140825035561877,0.0,0.4417808219178082,0.0,0.0
ec33146e43e58933,Xavier Foupa-Pokam,2,0,2,0,0,0,0,0,2009-04-18,2009-05-23,1,26.841071343011834,73.0,,185.0,Open Stance,2,2,0,0.0,0.0,,False,0.09582674524459776,0,0.7666666666666667,0.0,0.4339622641509434,,0.0
ecdf14f4f8643d39,Byron Bloodworth,2,0,2,0,0,0,0,0,2011-10-01,2012-12-29,2,28.749392526882822,68.0,,135.0,Orthodox,2,2,0,0.0,0.0,,False,1.2457476881797709,0,1.9049647473560516,0.0,0.474025974025974,0.0,0.0
ed2a8cc402173781,Vince Cachero,2,0,2,0,0,0,0,0,2020-08-01,2021-02-27,2,31.02048638917979,66.0,68.0,145.0,Orthodox,2,2,0,0.0,0.0,,False,0.5749604714675866,0,3.1270008795074755,0.0,0.41304347826086957,0.0,0.5
ee624ee2a18f2a43,Jorge Lopez,2,0,2,0,0,0,0,0,2011-09-17,2012-05-15,2,23.150372697591326,70.0,,170.0,Orthodox,2,2,0,0.0,0.0,,False,0.6598355886842303,0,2.466666666666667,3.5,0.5956284153005464,0.6428571428571428,0.0
eeabcd4dc6619129,Daniel Jolly,2,0,2,0,0,0,0,0,2015-08-23,2017-02-04,2,31.695380466402458,73.0,75.0,205.0,Orthodox,2,2,0,0.0,0.0,,False,1.4538286207108975,0,0.631578947368421,0.0,0.21428571428571427,0.0,0.0
ef1182eb28c17d4e,Mark Striegl,2,0,2,0,0,0,0,0,2020-10-17,2022-02-19,2,32.98904152720453,68.0,70.0,145.0,Southpaw,2,2,0,0.0,0.0,,False,1.3415744334243687,0,2.3347771412603047,0.0,0.44957983193277307,0.0,0.0
ef44e4ea9050f2ea,Te Edwards,2,0,2,0,0,0,0,0,2018-10-27,2019-01-19,2,28.241510777086454,68.0,72.0,155.0,Orthodox,2,2,0,0.0,0.0,,False,0.22998418858703465,0,1.2443736730360935,1.4331210191082802,0.37202380952380953,1.0,0.0
f0fad0e9f3b65752,Jamey Simmons,2,0,2,0,0,0,0,0,2020-11-07,2021-08-07,2,28.530359966323743,66.0,70.0,135.0,Orthodox,2,2,0,0.0,0.0,,False,0.7474486129078626,0,0.7212787212787213,0.0,0.3445945945945946,0.0,0.0
f2ad06f1007c481a,Alan Omer,2,0,2,0,0,0,0,0,2014-04-11,2015-06-20,2,26.16754621929266,70.0,,145.0,Orthodox,2,2,0,0.0,0.0,,False,1.1909895480400008,0,3.4311935330480265,1.7838801711840229,0.5522802280228023,0.41666666666666663,0.0
f3a853544e4413c4,Anthony Lapsley,2,0,2,0,0,0,0,0,2013-11-16,2014-05-10,2,33.99796025927979,69.0,,170.0,Southpaw,2,2,0,0.0,0.0,,False,0.47913372622298883,0,0.5209039548022598,0.0,0.31052631578947365,0.0,0.0
f3ca6908f78efebe,Terrence Mitchell,2,0,2,0,0,0,0,0,2023-07-08,2023-09-16,1,33.61602223180489,70.0,74.0,135.0,Orthodox,2,2,0,0.0,0.0,,False,0.19165349048919553,0,3.807017543859649,2.368421052631579,0.3721804511278195,0.5,0.0
f40ec51dd4de47c3,Jonavin Webb,2,0,2,0,0,0,0,0,2015-05-09,2016-02-21,2,26.42354052444609,70.0,,170.0,Orthodox,2,2,0,0.0,0.0,,False,0.7885172180126901,0,1.4666666666666668,2.5,0.30800542740841247,0.3125,1.0
f6e5972c9d16c40e,Victor Rodriguez,2,0,2,0,0,0,0,0,2020-10-31,2021-05-22,2,28.431795314072158,65.0,67.0,125.0,Switch,2,2,0,0.0,0.0,,False,0.555795122418667,0,1.0843373493975903,0.0,0.23076923076923078,0.0,0.0
f717b6002486f73f,Marcus Silveira,2,0,1,0,0,0,0,1,1997-12-21,1997-12-21,1,33.03284803931634,75.0,,242.0,Orthodox,2,1,1,0.0,0.0,,False,0.0,0,1.2150096525096523,6.062982625482625,0.45,1.0,1.0
f7be1db194e03d7e,Pedro Falcao,2,0,2,0,0,0,0,0,2024-04-06,2025-04-05,2,32.184096867149904,66.0,66.0,135.0,Orthodox,2,2,0,0.0,0.0,,False,0.9965981505438167,0,3.3,2.5,0.4417029511369134,0.19230769230769232,0.0
f97c5433c77522d3,Nohelin Hernandez,2,0,2,0,0,0,0,0,2019-07-06,2019-09-28,1,25.46253516499312,70.0,71.0,135.0,Orthodox,2,2,0,0.0,0.0,,False,0.22998418858703465,0,1.5403937280887623,0.8910891089108911,0.322463768115942,0.5,0.0
f9a20a17d712ef7c,Cole Williams,2,0,2,0,0,0,0,0,2019-08-03,2020-10-31,2,36.25673354004532,72.0,73.0,170.0,Orthodox,2,2,0,0.0,0.0,,False,1.2457476881797709,0,0.45702684412361827,0.0,0.26666666666666666,,0.0
f9ae6914f604aa9f,Rin Nakai,2,0,2,0,0,0,0,0,2014-09-20,2016-03-19,2,28.6604105491557,61.0,,135.0,Orthodox,2,2,0,0.0,0.0,,False,1.4948972258157252,0,1.5666666666666669,3.0,0.338691026827012,0.19433198380566802,0.5
fb79582c410d049e,Wagner Silva,2,0,2,0,0,0,0,0,2014-05-31,2014-11-08,1,27.531023908772937,72.0,,170.0,Orthodox,2,2,0,0.0,0.0,,False,0.4408030281251497,0,1.9889761217101247,0.0,0.2990547588005215,0.0,0.0
fd7ab338e4953644,Manolo Zecchini,2,0,2,0,0,0,0,0,2023-09-02,2026-04-04,2,28.15526670636632,68.0,68.0,145.0,Orthodox,2,2,0,0.0,0.0,,False,2.5873221216041395,0,3.700476738451422,0.0,0.2736905237904838,,0.0
fdf18227faa596dd,Chad Griggs,2,0,2,0,0,0,0,0,2012-04-21,2012-11-17,1,34.22383758735634,73.0,73.0,205.0,Orthodox,2,2,0,0.0,0.0,,False,0.5749604714675866,0,0.4166666666666667,3.125,0.3333333333333333,0.5,0.0
ffdeb4fbea09ce75,Jessica Rakoczy,2,0,2,0,0,0,0,1,2013-11-30,2015-04-25,2,37.32999308678481,67.0,,115.0,Orthodox,2,2,0,0.0,0.0,,False,1.3990704805711274,0,1.9346711259754739,0.5,0.6149532710280374,0.2,0.5
001eb2ab0f30e7ea,Mark Choinski,1,0,1,0,0,0,0,0,2025-06-07,2025-06-07,1,29.62689172262264,68.0,69.0,155.0,Orthodox,1,1,0,0.0,0.0,,False,0.0,0,3.8666666666666667,2.0,0.5087719298245614,0.18181818181818182,0.0
01d2ed8c502e3828,Caros Fodor,1,0,1,0,0,0,0,0,2013-02-23,2013-02-23,1,29.13133055435772,69.0,74.0,155.0,Orthodox,1,1,0,0.0,0.0,,False,0.0,0,3.1333333333333333,3.0,0.5108695652173914,0.23076923076923078,0.0
01f022fa494188e2,Josh Bryant,1,0,1,0,0,0,0,0,2010-06-19,2010-06-19,1,30.155307774971423,70.0,,185.0,Orthodox,1,1,0,0.0,0.0,,False,0.0,0,1.0975609756097562,0.0,0.2,0.0,0.0
025c1ee70b2cedf4,Vlasto Cepo,1,0,1,0,0,0,0,0,2026-08-01,2026-08-01,1,31.51604755744471,72.0,73.0,185.0,Orthodox,1,1,0,0.0,0.0,,False,0.0,0,6.885245901639345,0.0,0.2916666666666667,,0.0
02d276b7d62b3472,Rudyard Moncayo,1,0,1,0,0,0,0,0,1995-07-14,1995-07-14,1,22.15788140755799,70.0,,195.0,Orthodox,1,1,0,0.0,0.0,,False,0.0,0,0.0,0.0,,0.0,0.0
02fc8f50f56eb307,Trent Jenkins,1,0,1,0,0,0,0,0,1995-12-16,1995-12-16,1,,74.0,,185.0,,0,1,0,0.0,0.0,,False,0.0,0,,,,,
030f08370fd1c2bb,Kerry Schall,1,0,1,0,0,0,0,0,2005-11-05,2005-11-05,1,34.24300293640526,74.0,,265.0,Orthodox,1,1,0,0.0,0.0,,False,0.0,0,0.9448818897637795,0.0,0.11764705882352941,,0.0
03dee485905dbc9f,Zachary Scroggin,1,0,1,0,0,0,0,0,2024-11-09,2024-11-09,1,28.671362177183653,75.0,74.0,170.0,Orthodox,1,1,0,0.0,0.0,,False,0.0,0,2.4,0.0,0.375,,0.0
040426baba8a45e8,Nate Schroeder,1,0,1,0,0,0,0,0,2000-06-09,2000-06-09,1,27.02040425196958,73.0,,230.0,,1,1,0,0.0,0.0,,False,0.0,0,1.2471131639722863,2.0785219399538106,0.5,0.16666666666666666,0.0
04f9fe830cf13482,Gerald Strebendt,1,0,1,0,0,0,0,0,2003-09-26,2003-09-26,1,24.572715387721857,69.0,,155.0,Orthodox,1,1,0,0.0,0.0,,False,0.0,0,0.0,0.0,,,3.0
0876d21328cf4a45,Dave Galera,1,0,1,0,0,0,0,0,2014-01-04,2014-01-04,1,35.97883597883598,71.0,,135.0,Orthodox,1,1,0,0.0,0.0,,False,0.0,0,1.6666666666666667,0.0,0.6944444444444444,,2.0
09c44b317c98bf96,David Velasquez,1,0,1,0,0,0,0,0,2000-03-10,2000-03-10,1,33.391513857231836,65.0,,145.0,Orthodox,1,1,0,0.0,0.0,,False,0.0,0,2.6030368763557483,0.0,0.5405405405405406,,0.0
0a95c474e61a6c44,Adam Yandiev,1,0,1,0,0,0,0,0,2018-09-15,2018-09-15,1,30.106025448845628,69.0,74.0,185.0,Orthodox,1,1,0,0.0,0.0,,False,0.0,0,0.17543859649122806,0.0,0.08333333333333333,,0.0
0d1c163b206e8c5f,Rocky Lee,1,0,1,0,0,0,0,0,2015-04-11,2015-04-11,1,28.008788681492433,69.0,,145.0,Orthodox,1,1,0,0.0,0.0,,False,0.0,0,2.466666666666667,1.0,0.5138888888888888,0.1,0.0
0db70ca89e1c7374,Dieusel Berto,1,0,1,0,0,0,0,0,1996-07-12,1996-07-12,1,,69.0,,200.0,,1,1,0,0.0,0.0,,False,0.0,0,0.5042016806722689,0.0,0.6,0.0,0.0
0e31bfd26cc8c503,Chris Liguori,1,0,1,0,0,0,0,0,2003-11-21,2003-11-21,1,,69.0,,185.0,Orthodox,1,1,0,0.0,0.0,,False,0.0,0,0.28708133971291866,0.0,0.3333333333333333,,0.0
0ec821423baa26bd,Scott Fiedler,1,0,1,0,0,0,0,0,1996-07-12,1996-07-12,1,,76.0,,235.0,Orthodox,1,1,0,0.0,0.0,,False,0.0,0,1.2413793103448276,0.0,0.75,,0.0
0f6528b461e47462,Joao Roque,1,0,1,0,0,0,0,0,2000-06-09,2000-06-09,1,28.884918923728755,66.0,,155.0,Orthodox,1,1,0,0.0,0.0,,False,0.0,0,0.3333333333333333,1.0,0.0847457627118644,0.05555555555555555,0.0
10657c60ce349e0f,Shunichi Shimizu,1,0,1,0,0,0,0,0,2014-01-04,2014-01-04,1,28.925987528833584,65.0,,135.0,Orthodox,1,1,0,0.0,0.0,,False,0.0,0,0.14405762304921968,0.0,0.3333333333333333,0.0,0.0
108afe61a26bcbf4,Igor Zinoviev,1,0,1,0,0,0,0,1,1998-03-13,1998-03-13,1,31.80626570018549,73.0,,199.0,Orthodox,1,1,0,0.0,0.0,,False,0.0,0,0.0,0.0,0.0,,0.0
1209b5134401ca53,Mario Neto,1,0,1,0,0,0,0,0,2006-09-23,2006-09-23,1,,72.0,,229.0,Orthodox,1,1,0,0.0,0.0,,False,0.0,0,1.8927444794952681,2.8391167192429023,0.5,1.0,0.0
155bfc7ed36622df,Solomon Hutcherson,1,0,1,0,0,0,0,0,2006-06-24,2006-06-24,1,33.81315153630807,71.0,,185.0,Southpaw,1,1,0,0.0,0.0,,False,0.0,0,2.588235294117647,3.5294117647058822,0.39285714285714285,1.0,0.0
1562b12763cc8d67,Alex Andrade,1,0,1,0,0,0,0,0,2000-06-09,2000-06-09,1,26.073088427551557,71.0,,200.0,Orthodox,1,1,0,0.0,0.0,,False,0.0,0,2.0991253644314867,0.0,0.4444444444444444,0.0,0.0
15edcf67ccf5be84,Brian Geraghty,1,0,1,0,0,0,0,0,2007-06-23,2007-06-23,1,26.631621456977214,67.0,,155.0,Orthodox,1,1,0,0.0,0.0,,False,0.0,0,0.46511627906976744,0.0,0.25,,0.0
16a64f93f6678b7b,Martin Sano,1,0,1,0,0,0,0,0,2021-09-25,2021-09-25,1,30.32505800940471,71.0,75.0,170.0,Orthodox,1,1,0,0.0,0.0,,False,0.0,0,4.0,0.0,0.3333333333333333,,0.0
16bf6a73bdd302cd,Collin Hart,1,0,1,0,0,0,0,0,2013-04-13,2013-04-13,1,23.50219374798935,73.0,,185.0,Orthodox,1,1,0,0.0,0.0,,False,0.0,0,6.333333333333333,2.0,0.4481132075471698,0.16666666666666666,0.0
184b955181bdef52,Wes Albritton,1,0,1,0,0,0,0,0,1997-05-30,1997-05-30,1,,70.0,,188.0,Orthodox,1,1,0,0.0,0.0,,False,0.0,0,0.0,0.0,,,0.0
1975c2272ba40e71,Nick Serra,1,0,1,0,0,0,0,0,2002-06-22,2002-06-22,1,24.23869073286926,69.0,,170.0,Orthodox,1,1,0,0.0,0.0,,False,0.0,0,0.0,1.0,0.0,0.1,2.0
1a225f04aa6e0739,Kelly Dullanty,1,0,1,0,0,0,0,0,2002-03-22,2002-03-22,1,24.37832399022567,68.0,,155.0,Orthodox,1,1,0,0.0,0.0,,False,0.0,0,0.0,0.0,0.0,,0.0
1a49e0670dfaca31,Jim Mullen,1,0,1,0,0,0,0,0,1997-02-07,1997-02-07,1,,73.0,,215.0,Southpaw,1,1,0,0.0,0.0,,False,0.0,0,0.37344398340248963,0.0,0.6,,0.0
1abfb658cd4f8533,Nandor Guelmino,1,0,1,0,0,0,0,0,2013-09-21,2013-09-21,1,37.75573762637152,75.0,,230.0,,1,1,0,0.0,0.0,,False,0.0,0,4.2105263157894735,0.0,0.5656565656565656,0.0,0.0
1cecc8fe6748a532,Stephen Bass,1,0,1,0,0,0,0,0,2011-12-03,2011-12-03,1,29.051931251155054,69.0,,145.0,Orthodox,1,1,0,0.0,0.0,,False,0.0,0,4.866666666666666,0.0,0.5214285714285715,0.0,0.0
1d1b85389a05df69,Chris Tickle,1,0,1,0,0,0,0,0,2012-06-01,2012-06-01,1,30.330533823418687,69.0,,155.0,,1,1,0,0.0,0.0,,False,0.0,0,1.0666666666666667,1.0,0.4,0.25,2.0
1dd1a3aacde66f72,Sulangrangbo,1,0,1,0,0,0,0,1,2026-01-31,2026-01-31,1,20.54251627343477,69.0,66.0,135.0,Southpaw,1,1,0,0.0,0.0,,False,0.0,0,3.7333333333333334,0.0,0.448,,0.0
1e38bba6738b7b10,Alfonso Alcarez,1,0,0,0,0,0,0,0,1999-09-24,1999-09-24,1,29.290129160763055,63.0,,145.0,,1,0,1,,0.0,,False,0.0,0,3.4,1.5,0.5483870967741935,0.5,0.0
1ea8df62b3f8fea6,Justin James,1,0,1,0,0,0,0,0,2006-10-14,2006-10-14,1,29.930799400398364,70.0,,155.0,Orthodox,1,1,0,0.0,0.0,,False,0.0,0,1.3402061855670104,0.0,0.3611111111111111,,1.0
1f77fce698e80488,James Hammortree,1,0,1,0,0,0,0,0,2010-06-19,2010-06-19,1,26.554960060781536,75.0,,185.0,Orthodox,1,1,0,0.0,0.0,,False,0.0,0,1.9333333333333333,2.0,0.30526315789473685,0.5,1.0
1f9c371c93dfd3a9,Ryan McGillivray,1,0,1,0,0,0,0,0,2011-06-04,2011-06-04,1,24.684969575008385,71.0,,170.0,,1,1,0,0.0,0.0,,False,0.0,0,1.2666666666666666,0.0,0.2087912087912088,0.0,0.0
1ffc38f67785797b,Lowell Anderson,1,0,1,0,0,0,0,0,1999-09-24,1999-09-24,1,,66.0,,160.0,Orthodox,1,1,0,0.0,0.0,,False,0.0,0,0.8809135399673735,0.0,0.2727272727272727,0.0,0.0
20d37922ba85e6fc,Artur Minev,1,0,1,0,0,0,0,0,2026-05-16,2026-05-16,1,22.634277226773992,69.0,69.0,155.0,Orthodox,1,1,0,0.0,0.0,,False,0.0,0,1.019108280254777,0.0,0.6153846153846154,0.0,0.0
21321cdfba797c52,Derrick Noble,1,0,1,0,0,0,0,0,2006-04-15,2006-04-15,1,27.669288212625858,69.0,,170.0,Southpaw,1,1,0,0.0,0.0,,False,0.0,0,6.206896551724138,0.0,0.4,,0.0
21f2974fd08085e3,Saeed Hosseini,1,0,1,0,0,0,0,0,1997-05-30,1997-05-30,1,,,,,,1,1,0,0.0,0.0,,False,0.0,0,0.7228915662650602,0.0,0.2,,1.0
2299605af59fd309,Emmanuel Yarborough,1,0,1,0,0,0,0,0,1994-09-09,1994-09-09,1,34.01028084081124,80.0,,770.0,Open Stance,1,1,0,0.0,0.0,,False,0.0,0,0.5042016806722689,0.0,0.2,0.0,0.0
22d1e00e1aabb7c9,Mike Whitehead,1,0,1,0,0,0,0,0,2006-02-04,2006-02-04,1,24.60283236479873,73.0,,205.0,Orthodox,1,1,0,0.0,0.0,,False,0.0,0,1.8,5.0,0.3698630136986301,0.4166666666666667,0.0
22ee260735da0d58,Richard Crunkilton,1,0,1,0,0,0,0,0,2003-04-25,2003-04-25,1,23.414580723765717,67.0,,155.0,Orthodox,1,1,0,0.0,0.0,,False,0.0,0,1.9333333333333333,4.0,0.3258426966292135,0.5714285714285714,0.0
237187ed9f419285,Jack McGlaughlin,1,0,1,0,0,0,0,0,1995-07-14,1995-07-14,1,,,,,Orthodox,0,1,0,0.0,0.0,,False,0.0,0,,,,,
23ab42947c1990e3,Ron van Clief,1,0,1,0,0,0,0,0,1994-12-16,1994-12-16,1,51.89155150345319,70.0,,190.0,Orthodox,1,1,0,0.0,0.0,,False,0.0,0,0.0,0.0,0.0,,0.0
2549d63da9c456cb,Rick Davis,1,0,1,0,0,0,0,0,2006-05-27,2006-05-27,1,,69.0,,155.0,Orthodox,1,1,0,0.0,0.0,,False,0.0,0,3.0927835051546393,0.0,0.5,,0.0
265589bdd93e7ce5,Lodune Sincaid,1,0,1,0,0,0,0,0,2005-04-09,2005-04-09,1,31.923995701486,69.0,,185.0,Orthodox,1,1,0,0.0,0.0,,False,0.0,0,3.0456852791878175,0.0,0.29411764705882354,,0.0
26eddcda9d6b2ffe,Paul Rodriguez,1,0,1,0,0,0,0,0,2001-06-29,2001-06-29,1,26.116894939663375,67.0,,155.0,Orthodox,1,1,0,0.0,0.0,,False,0.0,0,1.8461538461538463,0.0,1.0,0.0,0.0
288aaa8f82040e02,Dante Rivera,1,0,1,0,0,0,0,0,2008-06-21,2008-06-21,1,33.53662292860223,73.0,,185.0,Southpaw,1,1,0,0.0,0.0,,False,0.0,0,2.2666666666666666,0.0,0.53125,0.0,0.0
28ba5f27e473420c,Alexandre Ferreira,1,0,1,0,0,0,0,0,2010-11-13,2010-11-13,1,31.55437825554255,67.0,,205.0,Orthodox,1,1,0,0.0,0.0,,False,0.0,0,2.571428571428571,0.0,0.6,0.0,0.0
2937cb502dda0808,Anistavio Medeiros,1,0,1,0,0,0,0,0,2012-06-23,2012-06-23,1,24.14560189463165,66.0,,145.0,Orthodox,1,1,0,0.0,0.0,,False,0.0,0,3.6363636363636362,0.0,0.4444444444444444,,0.0
296a120cb880477b,Kiru Sahota,1,0,1,0,0,0,0,1,2024-11-23,2024-11-23,1,29.492734279280203,70.0,73.0,125.0,Orthodox,1,1,0,0.0,0.0,,False,0.0,0,0.7692307692307692,0.0,0.08695652173913043,,0.0
29f935654825331b,Chris Sanford,1,0,1,0,0,0,0,0,2005-04-09,2005-04-09,1,37.07673668863837,71.0,,185.0,Orthodox,1,1,0,0.0,0.0,,False,0.0,0,0.2298850574712644,0.0,0.5,,1.0
2a6f8136da1e52c0,Koji Kitao,1,0,1,0,0,0,0,0,1996-05-17,1996-05-17,1,32.59752082520517,79.0,,350.0,Southpaw,1,1,0,0.0,0.0,,False,0.0,0,1.2765957446808511,19.148936170212767,0.5,1.0,0.0
2a7afe14b3a0a058,Asbel Cancio,1,0,1,0,0,0,0,0,1995-04-07,1995-04-07,1,,70.0,,225.0,,1,1,0,0.0,0.0,,False,0.0,0,0.0,0.0,,,0.0
2a8502954f49e682,Vinicius Queiroz,1,0,1,0,0,0,0,0,2010-10-16,2010-10-16,1,27.13265843925611,79.0,,220.0,Orthodox,1,1,0,0.0,0.0,,False,0.0,0,4.011379800853485,6.401137980085348,0.4563106796116505,0.7142857142857143,0.0
2adb11835acd815b,Tom Blackledge,1,0,1,0,0,0,0,0,2011-02-26,2011-02-26,1,,,,205.0,Orthodox,1,1,0,0.0,0.0,,False,0.0,0,2.909090909090909,0.0,0.6153846153846154,,0.0
2b06b6ad5db63348,Brandon Melendez,1,0,1,0,0,0,0,0,2007-06-23,2007-06-23,1,24.249642360897212,71.0,,155.0,Southpaw,1,1,0,0.0,0.0,,False,0.0,0,0.8391608391608392,0.0,0.2608695652173913,,0.0
2b1587a3376ab743,Ernie Verdicia,1,0,1,0,0,0,0,0,1995-04-07,1995-04-07,1,,71.0,,199.0,Orthodox,1,1,0,0.0,0.0,,False,0.0,0,0.8391608391608392,0.0,0.4,,0.0
2cdb479a0ef0ee1d,Xiong Jingnan,1,0,1,0,0,0,0,0,2026-05-30,2026-05-30,1,38.3799804239649,64.0,63.0,115.0,Switch,1,1,0,0.0,0.0,,False,0.0,0,4.533333333333333,0.0,0.3434343434343434,,0.0
2db0c114414d4f06,Karine Gevorgyan,1,0,1,0,0,0,0,0,2017-12-01,2017-12-01,1,28.731596131337398,64.0,63.0,125.0,,1,1,0,0.0,0.0,,False,0.0,0,1.2,0.0,0.2,0.0,0.0
2e04a3b4a2011b97,Roland Payne,1,0,1,0,0,0,0,0,1994-09-09,1994-09-09,1,,69.0,,205.0,Orthodox,1,1,0,0.0,0.0,,False,0.0,0,3.913043478260869,19.565217391304348,0.75,0.5,0.0
2f1700b3a4a09bc7,Paul Georgieff,1,0,1,0,0,0,0,0,2007-12-08,2007-12-08,1,25.210647720350178,74.0,,170.0,Orthodox,1,1,0,0.0,0.0,,False,0.0,0,2.553191489361702,0.0,0.4,0.0,0.0
2fee10d5cf86bfca,Maia Stevenson,1,0,1,0,0,0,0,0,2018-02-03,2018-02-03,1,35.88027132658439,64.0,62.0,115.0,Orthodox,1,1,0,0.0,0.0,,False,0.0,0,1.5652173913043477,3.9130434782608696,0.5454545454545454,1.0,0.0
2ff2e6e5abea3e53,Lewis Gonzalez,1,0,1,0,0,0,0,0,2015-06-27,2015-06-27,1,27.770590771884432,70.0,,170.0,Orthodox,1,1,0,0.0,0.0,,False,0.0,0,1.4,2.0,0.375,0.3333333333333333,0.0
30b577b112bef42d,Vernon Ramos Ho,1,0,1,0,0,0,0,0,2015-11-21,2015-11-21,1,23.4666009568985,66.0,,170.0,Orthodox,1,1,0,0.0,0.0,,False,0.0,0,4.0,0.0,0.25,,0.0
30cd319d39ee689b,Gerry Harris,1,0,1,0,0,0,0,0,1995-09-08,1995-09-08,1,,80.0,,270.0,Orthodox,1,1,0,0.0,0.0,,False,0.0,0,0.0,0.0,0.0,,0.0
312f47c3d2f83ffa,Houston Dorr,1,0,1,0,0,0,0,0,1997-10-17,1997-10-17,1,,73.0,,210.0,Orthodox,1,1,0,0.0,0.0,,False,0.0,0,0.26905829596412556,0.0,0.5,,0.0
3138fab619faf4d1,Brian Cobb,1,0,1,0,0,0,0,0,2009-02-21,2009-02-21,1,28.4687570586665,71.0,,155.0,Orthodox,1,1,0,0.0,0.0,,False,0.0,0,0.0,5.806451612903226,0.0,0.5,0.0
31652c9267606d54,John Lober,1,0,1,0,0,0,0,1,1998-10-16,1998-10-16,1,30.6371794082014,71.0,,199.0,Orthodox,1,1,0,0.0,0.0,,False,0.0,0,0.5217391304347826,5.869565217391304,0.36363636363636365,0.75,1.0
318e629d1eb7aa49,Richie Hightower,1,0,1,0,0,0,0,0,2007-12-08,2007-12-08,1,33.03284803931634,68.0,,170.0,Orthodox,1,1,0,0.0,0.0,,False,0.0,0,4.615384615384616,3.4615384615384617,0.35714285714285715,1.0,0.0
31bbd46d57dfbcb7,John Campetella,1,0,1,0,0,0,0,0,1996-07-12,1996-07-12,1,,69.0,,235.0,Orthodox,1,1,0,0.0,0.0,,False,0.0,0,3.409090909090909,0.0,0.7142857142857143,0.0,0.0
320edfb0332b7073,Fredson Paixao,1,0,1,0,0,0,0,0,2010-12-04,2010-12-04,1,31.562591976563514,66.0,66.0,145.0,Orthodox,1,1,0,0.0,0.0,,False,0.0,0,1.1764705882352942,0.0,1.0,,0.0
3261aa79bf6caa64,Ben Johnston,1,0,1,0,0,0,0,0,2026-05-02,2026-05-02,1,35.55719829975975,76.0,76.0,185.0,Orthodox,1,1,0,0.0,0.0,,False,0.0,0,1.0140845070422535,2.535211267605634,0.75,1.0,0.0
338a11d3674eb2d4,Aaron Wilkinson,1,0,1,0,0,0,0,0,2010-12-04,2010-12-04,1,23.841694216855924,70.0,,155.0,Orthodox,1,1,0,0.0,0.0,,False,0.0,0,0.0,7.317073170731708,0.0,1.0,0.0
33a8708747b7f943,Lucas Brennan,1,0,1,0,0,0,0,0,2026-04-25,2026-04-25,1,25.892386565090316,70.0,72.0,155.0,Southpaw,1,1,0,0.0,0.0,,False,0.0,0,0.6,0.0,0.25,0.0,1.0
3414b50b08a10600,Antonio McKee,1,0,1,0,0,0,0,0,2011-01-01,2011-01-01,1,40.80850393916371,68.0,,155.0,Southpaw,1,1,0,0.0,0.0,,False,0.0,0,1.6666666666666667,1.0,0.45454545454545453,0.25,0.0
34218661c44ed55d,Michel Batista,1,0,1,0,0,0,0,0,2018-11-30,2018-11-30,1,34.612620382348716,75.0,,260.0,Orthodox,1,1,0,0.0,0.0,,False,0.0,0,0.0,6.7164179104477615,,0.5,0.0
35dc6220b113b7ec,Ryan Roberts,1,0,1,0,0,0,0,0,2008-04-02,2008-04-02,1,29.714504746846274,66.0,,155.0,Orthodox,1,1,0,0.0,0.0,,False,0.0,0,0.0,0.0,0.0,,0.0
36a432f22144843e,Neil Grove,1,0,1,0,0,0,0,0,2009-02-21,2009-02-21,1,38.095238095238095,78.0,,265.0,Orthodox,1,1,0,0.0,0.0,,False,0.0,0,0.0,0.0,0.0,,1.0
37cc294027f55e4d,Austin Springer,1,0,1,0,0,0,0,0,2020-08-29,2020-08-29,1,33.30116292600122,68.0,71.0,145.0,Orthodox,1,1,0,0.0,0.0,,False,0.0,0,3.853211009174312,0.0,0.4375,0.0,0.0
388abbf8832b5adf,Jeff Joslin,1,0,1,0,0,0,0,0,2006-12-13,2006-12-13,1,31.622825930717262,72.0,,170.0,Orthodox,1,1,0,0.0,0.0,,False,0.0,0,1.2,0.0,0.3333333333333333,,1.0
38ed5a2299230227,Filip Pejic,1,0,1,0,0,0,0,0,2016-04-10,2016-04-10,1,23.72122630854843,68.0,,135.0,Orthodox,1,1,0,0.0,0.0,,False,0.0,0,0.0,0.0,0.0,,0.0
3bbcd63a016d9715,Cameron Dollar,1,0,1,0,0,0,0,0,2009-06-20,2009-06-20,1,22.1085990814322,71.0,,155.0,Orthodox,1,1,0,0.0,0.0,,False,0.0,0,5.034965034965035,0.0,0.38095238095238093,0.0,0.0
3c48019bc387b80c,Billy Miles,1,0,1,0,0,0,0,0,2007-12-08,2007-12-08,1,29.6132021875877,70.0,,170.0,Orthodox,1,1,0,0.0,0.0,,False,0.0,0,0.0,0.0,0.0,0.0,0.0
3e03cec9767d37e6,He-Man Gipson,1,0,1,0,0,0,0,0,1995-07-14,1995-07-14,1,,,,,,0,1,0,0.0,0.0,,False,0.0,0,,,,,
3fa7688bfe48a493,Yoshinori Horie,1,0,1,0,0,0,0,0,2019-07-27,2019-07-27,1,24.21404956980636,68.0,70.0,145.0,Orthodox,1,1,0,0.0,0.0,,False,0.0,0,2.756183745583039,0.0,0.4936708860759494,0.0,0.0
3fed746acfd026dd,Todd Butler,1,0,1,0,0,0,0,0,1997-07-27,1997-07-27,1,,73.0,,200.0,Southpaw,1,1,0,0.0,0.0,,False,0.0,0,0.6896551724137931,0.0,0.25,,0.0
404ecb2700844072,DeAnna Bennett,1,0,0,0,0,0,0,0,2017-12-01,2017-12-01,1,33.03558594632333,64.0,68.0,125.0,Orthodox,1,0,1,,0.0,,False,0.0,0,3.1333333333333333,0.0,0.5802469135802469,0.0,1.0
40a7ec5d1ad6ffa8,Anna Melisano,1,0,1,0,0,0,0,0,2026-07-18,2026-07-18,1,29.161447531434593,64.0,68.0,125.0,Orthodox,1,1,0,0.0,0.0,,False,0.0,0,0.49180327868852464,0.0,0.3333333333333333,,0.0
411d012af19ecb59,Chris Spang,1,0,1,0,0,0,0,0,2013-04-06,2013-04-06,1,25.361232605734546,74.0,,170.0,Orthodox,1,1,0,0.0,0.0,,False,0.0,0,0.3333333333333333,0.0,0.08771929824561403,,0.0
41498c2d1a87b154,Zviad Lazishvili,1,0,1,0,0,0,0,0,2021-10-23,2021-10-23,1,29.99650916856609,66.0,69.0,135.0,Orthodox,1,1,0,0.0,0.0,,False,0.0,0,4.2,0.0,0.39375,0.0,0.0
41e77dc504a192c6,Chris Condo,1,0,1,0,0,0,0,0,1999-05-07,1999-05-07,1,,72.0,,335.0,Orthodox,1,1,0,0.0,0.0,,False,0.0,0,0.0,0.0,0.0,,0.0
43612456979e5d5e,Steve Byrnes,1,0,1,0,0,0,0,0,2006-12-13,2006-12-13,1,27.29967076668241,72.0,,170.0,Orthodox,1,1,0,0.0,0.0,,False,0.0,0,1.2,3.0,0.5142857142857142,0.6,4.0
440c9dbab63528fb,Paul Herrera,1,0,1,0,0,0,0,0,1996-02-16,1996-02-16,1,31.986967562646733,70.0,,185.0,Orthodox,1,1,0,0.0,0.0,,False,0.0,0,0.0,0.0,,0.0,0.0
44aa652b181bcf68,Marcelo Aguiar,1,0,1,0,0,0,0,0,2000-06-09,2000-06-09,1,31.38462802110926,70.0,,170.0,Orthodox,1,1,0,0.0,0.0,,False,0.0,0,0.43795620437956206,0.0,1.0,,0.0
44f9c777fed7ca03,Frank Caracci,1,0,1,0,0,0,0,0,1999-01-08,1999-01-08,1,28.89313264474972,,,,,1,1,0,0.0,0.0,,False,0.0,0,0.0,0.0,0.0,0.0,1.0
453ee00c3e1ae9dd,Ron Faircloth,1,0,0,0,0,0,0,0,2005-10-07,2005-10-07,1,26.14427400973326,69.0,,205.0,Orthodox,1,0,1,,0.0,,False,0.0,0,0.3870967741935484,0.0,0.4,,0.0
4565d435005319c0,Minoki Ichihara,1,0,1,0,0,0,0,0,1994-03-11,1994-03-11,1,25.695257260587145,67.0,,178.0,Orthodox,1,1,0,0.0,0.0,,False,0.0,0,0.5844155844155844,0.0,0.42857142857142855,,0.0
4604ab1de9058474,Mark Robinson,1,0,0,0,0,0,0,0,2001-02-23,2001-02-23,1,,72.0,,265.0,Orthodox,1,0,1,,0.0,,False,0.0,0,0.0,0.0,0.0,,0.0
4679a38cced7c64a,Yuri Vaulin,1,0,1,0,0,0,0,0,1997-07-27,1997-07-27,1,33.870647583454826,76.0,,197.0,Southpaw,1,1,0,0.0,0.0,,False,0.0,0,0.06666666666666667,0.0,0.2,,0.0
476414d2f18cd059,Andy Wang,1,0,1,0,0,0,0,0,2007-06-23,2007-06-23,1,30.07043265775478,66.0,,155.0,Orthodox,1,1,0,0.0,0.0,,False,0.0,0,3.4285714285714284,0.0,0.36363636363636365,0.0,0.0
49590e0508b2c19f,David Levicki,1,0,1,0,0,0,0,0,1994-03-11,1994-03-11,1,,77.0,,275.0,,1,1,0,0.0,0.0,,False,0.0,0,0.3274215552523874,0.0,0.8,,0.0
4985113c0928aa62,Jackie Lee,1,0,1,0,0,0,0,0,1997-02-07,1997-02-07,1,,,,,,0,1,0,0.0,0.0,,False,0.0,0,,,,,
49e49b54e5901d0d,Eddie Mendez,1,0,1,0,0,0,0,0,2013-06-08,2013-06-08,1,29.394169627028617,70.0,,185.0,,1,1,0,0.0,0.0,,False,0.0,0,1.7142857142857142,0.0,0.3333333333333333,,0.0
49efbdc6c9f650c4,Icho Larenas,1,0,1,0,0,0,0,0,2006-03-04,2006-03-04,1,25.97726168230696,75.0,,235.0,Orthodox,1,1,0,0.0,0.0,,False,0.0,0,0.16689847009735745,0.0,0.15384615384615385,,0.0
4b4fc3ddc307bc73,James Zikic,1,0,1,0,0,0,0,0,2002-07-13,2002-07-13,1,25.366708419748523,74.0,,205.0,Orthodox,1,1,0,0.0,0.0,,False,0.0,0,1.9333333333333333,0.0,0.4393939393939394,0.0,1.0
4b85abc5abbe657c,Jefferson Nascimento,1,0,1,0,0,0,0,0,2026-06-27,2026-06-27,1,27.603578444458133,68.0,70.0,170.0,Orthodox,1,1,0,0.0,0.0,,False,0.0,0,2.4193548387096775,0.0,0.4861111111111111,0.0,0.0
4fcf6e0c4e0e6664,Izabela Badurek,1,0,1,0,0,0,0,0,2015-04-11,2015-04-11,1,23.751343285625303,65.0,,115.0,Orthodox,1,1,0,0.0,0.0,,False,0.0,0,3.735408560311284,1.7509727626459144,0.7111111111111111,0.125,0.0
505934897b8b4824,Thaddeus Luster,1,0,1,0,0,0,0,0,1994-03-11,1994-03-11,1,,75.0,,210.0,,1,1,0,0.0,0.0,,False,0.0,0,0.0,0.0,,0.0,0.0
5114f1b5ad4cdf72,Shane Primm,1,0,1,0,0,0,0,0,2008-12-13,2008-12-13,1,24.372848176211694,75.0,,205.0,Orthodox,1,1,0,0.0,0.0,,False,0.0,0,0.8284023668639054,1.775147928994083,0.2692307692307692,0.2,0.0
523af801b3429015,Allan Zuniga,1,0,1,0,0,0,0,0,2018-07-06,2018-07-06,1,26.253790290012798,67.0,70.0,155.0,Orthodox,1,1,0,0.0,0.0,,False,0.0,0,3.933333333333333,0.0,0.5267857142857143,,1.0
5330fe7e4c3af81c,Floyd Sword,1,0,1,0,0,0,0,0,2007-06-23,2007-06-23,1,30.828832898690596,72.0,,185.0,Orthodox,1,1,0,0.0,0.0,,False,0.0,0,0.7826086956521738,0.0,0.42857142857142855,,0.0
54ed8dc6f8c31207,Gilbert Smith,1,0,1,0,0,0,0,0,2013-04-13,2013-04-13,1,31.48319267336085,69.0,,185.0,Southpaw,1,1,0,0.0,0.0,,False,0.0,0,1.092327698309493,3.5110533159947983,0.4117647058823529,0.6,1.0
563a1d42bb0e3cef,Treston Vines,1,0,1,0,0,0,0,0,2025-10-04,2025-10-04,1,29.29560497477703,73.0,79.0,185.0,Orthodox,1,1,0,0.0,0.0,,False,0.0,0,0.0,0.0,0.0,0.0,0.0
564c2f5f9eb45d67,Mike King,1,0,1,0,0,0,0,0,2014-07-19,2014-07-19,1,30.957514528019054,75.0,,185.0,,1,1,0,0.0,0.0,,False,0.0,0,4.444444444444444,1.7543859649122806,0.5846153846153846,0.25,2.0
56bc9ccb609df534,Chuck O'Neil,1,0,1,0,0,0,0,0,2011-06-04,2011-06-04,1,25.697995167594133,74.0,,170.0,,1,1,0,0.0,0.0,,False,0.0,0,3.1333333333333333,0.0,0.376,0.0,0.0
56bf3ed155bd0fcd,Alexander Poppeck,1,0,1,0,0,0,0,0,2026-08-01,2026-08-01,1,34.319664332600944,74.0,75.0,215.0,Orthodox,1,1,0,0.0,0.0,,False,0.0,0,3.380281690140845,0.0,0.4444444444444444,,0.0
56f4b81ec4db61af,Courtney Turner,1,0,1,0,0,0,0,0,1998-03-13,1998-03-13,1,,74.0,,170.0,,0,1,0,0.0,0.0,,False,0.0,0,,,,,
577ec7e108b94be3,Rainy Martinez,1,0,1,0,0,0,0,0,1997-02-07,1997-02-07,1,,72.0,,199.0,Orthodox,1,1,0,0.0,0.0,,False,0.0,0,0.0,0.0,,,0.0
5847c1a960bb23af,Marina Spasic,1,0,1,0,0,0,0,0,2026-08-01,2026-08-01,1,32.05815314482844,64.0,64.0,115.0,Orthodox,1,1,0,0.0,0.0,,False,0.0,0,7.5,0.0,0.4716981132075472,,0.0
598a58db87b890ee,Kevin Rosier,1,0,1,0,0,0,0,0,1994-12-16,1994-12-16,1,,76.0,,275.0,Orthodox,0,1,0,0.0,0.0,,False,0.0,0,,,,,
59a27d2e6d0802ac,Max Rohskopf,1,0,1,0,0,0,0,0,2020-06-20,2020-06-20,1,25.730850051677994,73.0,71.0,155.0,Orthodox,1,1,0,0.0,0.0,,False,0.0,0,1.7,3.0,0.3148148148148148,0.3333333333333333,1.0
59aaf2730b84698a,Jesse Sanders,1,0,1,0,0,0,0,0,2009-04-01,2009-04-01,1,,72.0,,170.0,Orthodox,1,1,0,0.0,0.0,,False,0.0,0,0.0,0.0,0.0,,0.0
5a558ba1ff5e9121,Darrill Schoonover,1,0,1,0,0,0,0,0,2009-12-05,2009-12-05,1,24.383799804239647,74.0,,220.0,Orthodox,1,1,0,0.0,0.0,,False,0.0,0,1.2,0.0,0.3333333333333333,0.0,1.0
5a6e4d2f0c76a242,Manuel Rodriguez,1,0,1,0,0,0,0,0,2012-12-14,2012-12-14,1,27.639171235548986,69.0,,170.0,Orthodox,1,1,0,0.0,0.0,,False,0.0,0,0.8080808080808081,9.090909090909092,0.3333333333333333,0.75,0.0
5af480a3b2e1726b,David Hood,1,0,1,0,0,0,0,0,1995-09-08,1995-09-08,1,,72.0,,200.0,,1,1,0,0.0,0.0,,False,0.0,0,3.8709677419354835,0.0,0.6666666666666666,,0.0
5b43d68174b6e2ab,Losene Keita,1,0,1,0,0,0,0,0,2026-03-21,2026-03-21,1,28.222345428037535,67.0,72.0,145.0,Orthodox,1,1,0,0.0,0.0,,False,0.0,0,3.466666666666667,0.0,0.4369747899159664,,0.0
5b5b9c6f6f270369,Kristof Midoux,1,0,1,0,0,0,0,0,2006-08-17,2006-08-17,1,32.04993942380747,73.0,,220.0,Orthodox,1,1,0,0.0,0.0,,False,0.0,0,0.34090909090909094,0.0,0.2,,0.0
5bd533d50c8e7b8a,Chris Haseman,1,0,1,0,0,0,0,0,2002-07-13,2002-07-13,1,33.11224734251901,71.0,,205.0,Orthodox,1,1,0,0.0,0.0,,False,0.0,0,0.9333333333333333,0.0,0.7,,2.0
5c10da56d712ac9c,Khusein Askhabov,1,0,1,0,0,0,0,0,2023-02-18,2023-02-18,1,28.01426449550641,68.0,69.0,145.0,Orthodox,1,1,0,0.0,0.0,,False,0.0,0,2.0,0.0,0.2631578947368421,0.0,0.0
5d7c18191b8aa432,Zach Light,1,0,1,0,0,0,0,0,2002-06-22,2002-06-22,1,28.372930313421904,68.0,,170.0,Orthodox,1,1,0,0.0,0.0,,False,0.0,0,0.8275862068965518,6.206896551724139,0.4,1.0,0.0
5d8006587d6a6711,Isaac Thomson,1,0,1,0,0,0,0,0,2025-12-13,2025-12-13,1,23.614447935275876,70.0,69.0,145.0,,1,1,0,0.0,0.0,,False,0.0,0,1.4,4.0,0.44680851063829785,0.8,0.0
5f6038bcdb95e3e4,John Kolosci,1,0,1,0,0,0,0,0,2007-12-08,2007-12-08,1,33.03284803931634,71.0,,185.0,Orthodox,1,1,0,0.0,0.0,,False,0.0,0,0.2127659574468085,0.0,0.2,0.0,0.0
6014d25e73b669c9,Keiichiro Yamamiya,1,0,1,0,0,0,0,0,1999-11-19,1999-11-19,1,27.35442890682218,71.0,,185.0,Southpaw,1,1,0,0.0,0.0,,False,0.0,0,1.0606060606060606,0.0,0.2413793103448276,,0.0
601cf40c09090853,Josh Stuart,1,0,1,0,0,0,0,0,1998-03-13,1998-03-13,1,,69.0,,160.0,,0,1,0,0.0,0.0,,False,0.0,0,,,,,
6142edbd477d20c9,Dakota Hope,1,0,1,0,0,0,0,0,2026-04-04,2026-04-04,1,29.177874973476527,66.0,68.0,155.0,,1,1,0,0.0,0.0,,False,0.0,0,7.066666666666666,1.0,0.4108527131782946,0.3333333333333333,0.0
641ca2c2ed91b93c,Zygimantas Ramaska,1,0,1,0,0,0,0,0,2024-09-07,2024-09-07,1,27.696667282695742,71.0,71.0,145.0,Orthodox,1,1,0,0.0,0.0,,False,0.0,0,0.9625668449197861,0.0,0.6,,1.0
6448e57a9533b7e4,Abner Lloveras,1,0,1,0,0,0,0,0,2015-12-11,2015-12-11,1,33.26830804191736,71.0,,155.0,,1,1,0,0.0,0.0,,False,0.0,0,6.266666666666667,2.0,0.4973544973544973,0.2,0.0
651d209fa8c8cd83,Gigi Canuto,1,0,1,0,0,0,0,0,2026-08-08,2026-08-08,1,23.726702122562408,62.0,64.0,115.0,Orthodox,1,1,0,0.0,0.0,,False,0.0,0,3.7333333333333334,4.0,0.5233644859813084,0.5714285714285714,1.0
668222c99c5c311d,Matt Lucas,1,0,1,0,0,0,0,0,2011-11-12,2011-11-12,1,37.876205534679016,73.0,,205.0,,1,1,0,0.0,0.0,,False,0.0,0,1.2666666666666666,1.0,0.48717948717948717,0.1,0.0
683ea28a198936fe,Jay Cucciniello,1,0,1,0,0,0,0,1,2018-07-06,2018-07-06,1,31.954112678562872,67.0,,155.0,Orthodox,1,1,0,0.0,0.0,,False,0.0,0,0.9333333333333333,0.0,0.21875,0.0,0.0
6888e31ce88f5b17,Steve Vigneault,1,0,1,0,0,0,0,0,2006-03-04,2006-03-04,1,28.04985728659726,70.0,,185.0,Orthodox,1,1,0,0.0,0.0,,False,0.0,0,2.7906976744186047,0.0,0.46153846153846156,0.0,0.0
69888118d968ba52,Joshua Weems,1,0,1,0,0,0,0,0,2022-10-29,2022-10-29,1,28.48518450070843,68.0,69.0,135.0,Orthodox,1,1,0,0.0,0.0,,False,0.0,0,4.372469635627531,7.287449392712551,0.6923076923076923,0.6666666666666666,0.0
6a0b80a24f22e152,Ryan Parker,1,0,1,0,0,0,0,0,1995-09-08,1995-09-08,1,,75.0,,235.0,Southpaw,1,1,0,0.0,0.0,,False,0.0,0,0.0,0.0,,,0.0
6a311920edd73c85,Max Gimenis,1,0,1,0,0,0,0,0,2025-11-08,2025-11-08,1,32.57014175513529,74.0,75.0,256.0,Orthodox,1,1,0,0.0,0.0,,False,0.0,0,3.2142857142857144,0.0,0.42857142857142855,,0.0
6ad8e4296f7522d9,Igor Severino,1,0,1,0,0,0,0,0,2024-03-23,2024-03-23,1,20.923085347406175,67.0,69.0,125.0,Orthodox,1,1,0,0.0,0.0,,False,0.0,0,4.576271186440678,9.533898305084747,0.46153846153846156,0.5555555555555556,0.0
6b5b9be990774f0e,Maciej Jewtuszko,1,0,1,0,0,0,0,0,2011-02-26,2011-02-26,1,30.07043265775478,72.0,,155.0,Southpaw,1,1,0,0.0,0.0,,False,0.0,0,2.0,0.0,0.44776119402985076,,0.0
6b7bc7eaf2465387,Neil Wain,1,0,1,0,0,0,0,0,2008-10-18,2008-10-18,1,,70.0,,242.0,Orthodox,1,1,0,0.0,0.0,,False,0.0,0,2.6373626373626373,0.0,0.5,,0.0
6bb1d2b714d4b3bc,Joey Gilbert,1,0,1,0,0,0,0,0,2001-05-04,2001-05-04,1,24.912215856588432,71.0,,155.0,Orthodox,1,1,0,0.0,0.0,,False,0.0,0,0.6060606060606061,0.0,0.42857142857142855,0.0,0.0
6c011be66326ad97,Bruno Korea,1,0,1,0,0,0,0,0,2015-11-07,2015-11-07,1,24.36189654818374,66.0,65.0,135.0,,1,1,0,0.0,0.0,,False,0.0,0,2.0074349442379185,0.0,0.34177215189873417,,0.0
6d7886b094b471ac,Sean Gannon,1,0,1,0,0,0,0,0,2005-10-07,2005-10-07,1,,75.0,,265.0,Southpaw,1,1,0,0.0,0.0,,False,0.0,0,0.0,0.0,0.0,,0.0
6e02c318762f52f1,Alberta Cerra Leon,1,0,1,0,0,0,0,0,1994-03-11,1994-03-11,1,,68.0,,238.0,,1,1,0,0.0,0.0,,False,0.0,0,0.10152284263959391,0.0,0.3333333333333333,,0.0
6e0e977beb909837,Sung Bin Jo,1,0,1,0,0,0,0,0,2019-06-01,2019-06-01,1,26.872557273592204,72.0,72.0,145.0,Orthodox,1,1,0,0.0,0.0,,False,0.0,0,1.4,1.0,0.3333333333333333,0.3333333333333333,1.0
6f4ec5aa3eced219,Zhu Kangjie,1,0,1,0,0,0,0,0,2026-05-30,2026-05-30,1,30.368864521516524,66.0,70.0,145.0,Orthodox,1,1,0,0.0,0.0,,False,0.0,0,3.8181818181818183,0.0,0.5,,0.0
706404da0775dcbc,Hugo Duarte,1,0,1,0,0,0,0,0,1998-05-15,1998-05-15,1,29.763787072972065,72.0,,240.0,Orthodox,1,1,0,0.0,0.0,,False,0.0,0,0.0,20.930232558139537,,0.3333333333333333,0.0
710d93f1508f7104,Stevie Lynch,1,0,1,0,0,0,0,0,2007-06-16,2007-06-16,1,,70.0,,170.0,Orthodox,1,1,0,0.0,0.0,,False,0.0,0,2.4705882352941173,0.0,0.25,,0.0
712c4db78b9373d1,Joe Jordan,1,0,1,0,0,0,0,0,2006-07-08,2006-07-08,1,27.948554727338685,66.0,,155.0,Orthodox,1,1,0,0.0,0.0,,False,0.0,0,1.8547140649149922,0.0,0.2564102564102564,,0.0
7195e2a932686f82,Nick Roehrick,1,0,1,0,0,0,0,0,2017-07-07,2017-07-07,1,30.004722889587054,74.0,,205.0,Orthodox,1,1,0,0.0,0.0,,False,0.0,0,2.307692307692308,0.0,0.175,,0.0
738acab0c6934dd8,Dmitri Stepanov,1,0,1,0,0,0,0,0,1997-05-30,1997-05-30,1,,75.0,,217.0,Orthodox,1,1,0,0.0,0.0,,False,0.0,0,0.6666666666666666,0.0,1.0,,0.0
73a78713bd899f4c,Allen Frye Jr.,1,0,1,0,0,0,0,0,2025-12-13,2025-12-13,1,27.66381239861188,77.0,80.0,265.0,Orthodox,1,1,0,0.0,0.0,,False,0.0,0,2.2,0.0,0.38372093023255816,,0.0
73ef22f25d0f70e2,Romie Aram,1,0,1,0,0,0,0,0,2003-04-25,2003-04-25,1,25.394087489818407,70.0,,170.0,Orthodox,1,1,0,0.0,0.0,,False,0.0,0,1.6,2.0,0.34285714285714286,0.5,0.0
74fefd43f073cd2f,Joe Pardo,1,0,1,0,0,0,0,0,1998-05-15,1998-05-15,1,,73.0,,210.0,Southpaw,1,1,0,0.0,0.0,,False,0.0,0,0.3630862329803328,0.0,0.36363636363636365,0.0,1.0
7649c4c95b824488,Josh Hendricks,1,0,1,0,0,0,0,0,2008-11-15,2008-11-15,1,32.21695175123377,74.0,,235.0,Southpaw,1,1,0,0.0,0.0,,False,0.0,0,0.9836065573770493,0.0,0.2,,0.0
771b60ff889661c8,Mark Scanlon,1,0,1,0,0,0,0,0,2010-11-13,2010-11-13,1,,69.0,,170.0,Orthodox,1,1,0,0.0,0.0,,False,0.0,0,2.2,3.0,0.35106382978723405,0.75,2.0
775bad6d700d2302,David Roberts,1,0,1,0,0,0,0,0,1999-05-07,1999-05-07,1,23.474814677919465,73.0,,170.0,Orthodox,1,1,0,0.0,0.0,,False,0.0,0,0.0,0.0,0.0,,0.0
782a2a17d3e38fdf,Keigo Kunihara,1,0,1,0,0,0,0,0,2005-10-07,2005-10-07,1,,72.0,,235.0,Orthodox,1,1,0,0.0,0.0,,False,0.0,0,0.16574585635359115,4.972375690607735,0.1,0.4,1.0
78863e4a28204a6b,Justin Frazier,1,0,1,0,0,0,0,1,2018-11-30,2018-11-30,1,29.459879395196342,72.0,75.0,265.0,Southpaw,1,1,0,0.0,0.0,,False,0.0,0,1.1111111111111112,0.0,0.6666666666666666,,0.0
78d48d3874dacafd,Azunna Anyanwu,1,0,1,0,0,0,0,0,2017-09-16,2017-09-16,1,36.1157313291854,73.0,,251.0,Orthodox,1,1,0,0.0,0.0,,False,0.0,0,2.466666666666667,0.0,0.44047619047619047,,0.0
7b9aa973e5c04624,Eddie Ruiz,1,0,1,0,0,0,0,0,2003-06-06,2003-06-06,1,35.989787606863935,67.0,,155.0,Orthodox,1,1,0,0.0,0.0,,False,0.0,0,0.2,2.0,0.25,0.125,0.0
7ca4c3f8aa8bacae,Paulo Santos,1,0,1,0,0,0,0,0,1998-10-16,1998-10-16,1,,,,,,0,1,0,0.0,0.0,,False,0.0,0,,,,,
7d5b12de1625984e,Scott Baker,1,0,1,0,0,0,0,0,1994-03-11,1994-03-11,1,,72.0,,210.0,,1,1,0,0.0,0.0,,False,0.0,0,0.0,2.2443890274314215,0.0,1.0,0.0
803bebcfb6d6f506,Alex Gorgees,1,0,1,0,0,0,0,0,2018-12-01,2018-12-01,1,23.307802350493166,74.0,74.0,155.0,Switch,1,1,0,0.0,0.0,,False,0.0,0,0.6666666666666666,0.0,0.3225806451612903,,0.0
80c0bed43da0e27b,David Baron,1,0,1,0,0,0,0,0,2008-10-18,2008-10-18,1,35.67219039405327,66.0,,155.0,Switch,1,1,0,0.0,0.0,,False,0.0,0,0.5256570713391739,0.0,0.4375,0.0,1.0
81ca2c245b19b3c5,Melton Bowen,1,0,1,0,0,0,0,0,1994-12-16,1994-12-16,1,25.418728652881306,72.0,,225.0,Orthodox,1,1,0,0.0,0.0,,False,0.0,0,0.20905923344947736,0.0,0.25,,0.0
821cd80aab70d5f9,Josh Shockman,1,0,1,0,0,0,0,0,2006-11-18,2006-11-18,1,25.88691075107634,76.0,,235.0,Southpaw,1,1,0,0.0,0.0,,False,0.0,0,0.8666666666666667,0.0,0.325,,0.0
8377c5572cb356f3,Fabio Gurgel,1,0,1,0,0,0,0,0,1996-09-20,1996-09-20,1,26.67269006208204,72.0,,205.0,Orthodox,1,1,0,0.0,0.0,,False,0.0,0,0.13333333333333333,1.0,0.6666666666666666,0.3333333333333333,1.0
83b743fedde154fb,Joe Son,1,0,1,0,0,0,0,0,1994-12-16,1994-12-16,1,24.066202591428983,64.0,,236.0,Orthodox,1,1,0,0.0,0.0,,False,0.0,0,0.0,5.48780487804878,,1.0,1.0
83c6c3e0f8bde8ee,Cory Walmsley,1,0,1,0,0,0,0,0,2006-08-26,2006-08-26,1,,72.0,,205.0,Orthodox,1,1,0,0.0,0.0,,False,0.0,0,0.7894736842105263,0.0,1.0,,0.0
84512339473dd300,Steven Koslow,1,0,1,0,0,0,0,0,2022-12-10,2022-12-10,1,25.881434937062362,67.0,69.0,125.0,Switch,1,1,0,0.0,0.0,,False,0.0,0,0.7737397420867527,5.2754982415005856,0.3793103448275862,0.5555555555555556,1.0
85248da6e9e2f7e7,Jamie Yager,1,0,1,0,0,0,0,0,2010-06-19,2010-06-19,1,26.554960060781536,73.0,,185.0,Orthodox,1,1,0,0.0,0.0,,False,0.0,0,3.0796460176991154,0.0,0.3918918918918919,0.0,0.0
85e26e2468b4e82f,Hayato Sakurai,1,0,1,0,0,0,0,1,2002-03-22,2002-03-22,1,26.576863316837443,67.0,,168.0,Orthodox,1,1,0,0.0,0.0,,False,0.0,0,0.2775208140610546,0.0,0.4166666666666667,,0.0
86061eaba822bfea,John Teixeira,1,0,1,0,0,0,0,0,2012-06-23,2012-06-23,1,25.59669260833556,67.0,,145.0,Orthodox,1,1,0,0.0,0.0,,False,0.0,0,3.466666666666667,1.0,0.37142857142857144,0.16666666666666666,0.0
863d06a7ef8bc98c,James Lee,1,0,1,0,0,0,0,0,2008-01-19,2008-01-19,1,34.32514014661492,71.0,,205.0,Southpaw,1,1,0,0.0,0.0,,False,0.0,0,0.0,20.0,0.0,0.5,0.0
8677e67a75d65b8e,Baergeng Jieleyisi,1,0,1,0,0,0,0,1,2024-11-23,2024-11-23,1,28.99991101802227,69.0,71.0,145.0,Orthodox,1,1,0,0.0,0.0,,False,0.0,0,0.6,1.0,0.125,1.0,0.0
8738eacd62e82a32,Matt Andersen,1,0,1,0,0,0,0,0,1996-05-17,1996-05-17,1,24.96971190373519,74.0,,230.0,Southpaw,1,1,0,0.0,0.0,,False,0.0,0,0.0,0.0,,,0.0
8788beb528894f33,Donnie Chappell,1,0,1,0,0,0,0,0,1997-07-27,1997-07-27,1,,71.0,,178.0,Southpaw,1,1,0,0.0,0.0,,False,0.0,0,0.0,0.0,0.0,,0.0
87f3bbf52e6c9dc9,Daniel Spohn,1,0,1,0,0,0,0,0,2014-07-06,2014-07-06,1,29.730932188888204,76.0,79.0,205.0,Southpaw,1,1,0,0.0,0.0,,False,0.0,0,1.6,0.0,0.47058823529411764,0.0,2.0
8a0be41c0380188d,Charlie Valencia,1,0,1,0,0,0,0,0,2011-04-30,2011-04-30,1,36.49630040315681,63.0,64.0,135.0,Orthodox,1,1,0,0.0,0.0,,False,0.0,0,3.3333333333333335,0.0,0.5,,0.0
8d5350fa18b79e9a,James Mulheron,1,0,1,0,0,0,0,0,2017-07-16,2017-07-16,1,29.402383348049582,70.0,73.0,243.0,Orthodox,1,1,0,0.0,0.0,,False,0.0,0,2.4,0.0,0.3157894736842105,,0.0
8d5daf67983b65ba,Fred Ettish,1,0,1,0,0,0,0,0,1994-03-11,1994-03-11,1,38.41283530804876,72.0,,180.0,Southpaw,1,1,0,0.0,0.0,,False,0.0,0,1.2834224598930482,0.0,0.5714285714285714,,0.0
8e893f269d5696b2,Tyler Toner,1,0,1,0,0,0,0,0,2010-12-04,2010-12-04,1,27.68023984065381,68.0,70.0,145.0,Orthodox,1,1,0,0.0,0.0,,False,0.0,0,1.4,0.0,0.2692307692307692,,0.0
8f4528c10bd34fab,Mandel Nallo,1,0,1,0,0,0,0,0,2026-04-18,2026-04-18,1,36.72902249875083,72.0,75.0,155.0,Orthodox,1,1,0,0.0,0.0,,False,0.0,0,7.68,0.0,0.5161290322580645,,0.0
8fa2b06572365321,Marcus Jones,1,0,1,0,0,0,0,0,2009-12-05,2009-12-05,1,36.307384819674596,78.0,,265.0,Orthodox,1,1,0,0.0,0.0,,False,0.0,0,1.9354838709677418,8.709677419354838,0.5263157894736842,0.75,1.0
8fd1f27e86661ede,Alexandre Barros,1,0,1,0,0,0,0,0,2009-01-17,2009-01-17,1,32.162193611094,69.0,,170.0,Southpaw,1,1,0,0.0,0.0,,False,0.0,0,0.9815950920245399,1.8404907975460123,0.4,0.5,0.0
91181b29be041f1c,Greg Stott,1,0,1,0,0,0,0,0,1997-10-17,1997-10-17,1,,67.0,,220.0,Southpaw,1,1,0,0.0,0.0,,False,0.0,0,0.0,0.0,0.0,,0.0
918db42c3637916f,Leigh Remedios,1,0,1,0,0,0,0,0,2002-07-13,2002-07-13,1,26.497464013634776,67.0,,155.0,Orthodox,1,1,0,0.0,0.0,,False,0.0,0,0.7537688442211055,0.0,0.4166666666666667,,0.0
9199e0735b83dd32,Andy Anderson,1,0,1,0,0,0,0,0,1995-04-07,1995-04-07,1,20.725956042903004,66.0,,240.0,,1,1,0,0.0,0.0,,False,0.0,0,1.4457831325301205,0.0,1.0,0.0,0.0
92b36014314b028b,Peggy Morgan,1,0,1,0,0,0,0,0,2013-11-30,2013-11-30,1,33.95826060767846,73.0,,135.0,,1,1,0,0.0,0.0,,False,0.0,0,2.2666666666666666,0.0,0.23129251700680273,,0.0
94070f6544c4b2a5,Rodrigo Ruas,1,0,1,0,0,0,0,0,2002-06-22,2002-06-22,1,24.70961073807128,70.0,,185.0,Orthodox,1,1,0,0.0,0.0,,False,0.0,0,1.284046692607004,0.0,0.3548387096774194,,0.0
94609dd91731d428,Jeff Newton,1,0,1,0,0,0,0,0,2005-11-19,2005-11-19,1,38.941251360397544,74.0,,205.0,Sideways,1,1,0,0.0,0.0,,False,0.0,0,0.2823529411764706,0.0,0.2,,4.0
946db8a378903cc3,Joe Giannetti,1,0,1,0,0,0,0,1,2018-07-06,2018-07-06,1,23.00389467271744,72.0,74.0,155.0,Southpaw,1,1,0,0.0,0.0,,False,0.0,0,1.9333333333333333,1.0,0.38666666666666666,0.16666666666666666,0.0
948880beac71f028,Felipe Olivieri,1,0,1,0,0,0,0,0,2016-01-30,2016-01-30,1,30.801453828620712,69.0,,155.0,Orthodox,1,1,0,0.0,0.0,,False,0.0,0,6.675191815856778,0.0,0.58,0.0,0.0
96087e90d900f0ef,Robert Lucarelli,1,0,1,0,0,0,0,0,1994-03-11,1994-03-11,1,,74.0,,245.0,,1,1,0,0.0,0.0,,False,0.0,0,0.7058823529411764,5.294117647058823,0.3333333333333333,1.0,1.0
970beed85bc46b63,Delson Heleno,1,0,1,0,0,0,0,0,2012-06-23,2012-06-23,1,34.60166875432076,71.0,,185.0,Orthodox,1,1,0,0.0,0.0,,False,0.0,0,0.6896551724137931,0.0,0.75,0.0,0.0
979f7edbb6980b0d,CJ Fernandes,1,0,0,0,0,0,0,0,2000-09-22,2000-09-22,1,22.85878560134705,74.0,,170.0,,1,0,1,,0.0,,False,0.0,0,2.8,1.5,0.509090909090909,1.0,0.0
99223fbb4a05326b,Damian Rzepecki,1,0,1,0,0,0,0,0,2026-07-25,2026-07-25,1,24.668542132966454,70.0,71.0,155.0,Orthodox,1,1,0,0.0,0.0,,False,0.0,0,1.0666666666666667,1.0,0.25806451612903225,0.14285714285714285,0.0
9a967e8e43dcef63,Joao Pierini,1,0,1,0,0,0,0,0,2002-06-22,2002-06-22,1,30.530401034928847,73.0,,155.0,Switch,1,1,0,0.0,0.0,,False,0.0,0,0.759493670886076,0.0,0.14285714285714285,,0.0
9ab9912e0f8fa6d6,Cory Hendricks,1,0,1,0,0,0,0,0,2016-07-08,2016-07-08,1,28.16211147388379,75.0,,205.0,Switch,1,1,0,0.0,0.0,,False,0.0,0,3.1333333333333333,0.0,0.3983050847457627,0.0,0.0
9ac4e43ed56429ed,Levi Rodrigues Jr.,1,0,1,0,0,0,0,0,2026-07-18,2026-07-18,1,29.7555733519511,72.0,76.0,205.0,Orthodox,1,1,0,0.0,0.0,,False,0.0,0,1.65,0.0,0.34375,,0.0
9bad58fa651d6196,Jermaine Andre,1,0,1,0,0,0,0,0,2000-03-10,2000-03-10,1,26.650786806026133,67.0,,200.0,Orthodox,1,1,0,0.0,0.0,,False,0.0,0,1.987730061349693,0.0,0.574468085106383,,0.0
9ca265dfe8323db3,Tim McKenzie,1,0,1,0,0,0,0,0,2009-04-01,2009-04-01,1,26.697331225144936,72.0,74.0,185.0,Orthodox,1,1,0,0.0,0.0,,False,0.0,0,0.6,0.0,0.25,,0.0
9d51798e61f2e0c7,Kurtis Campbell,1,0,1,0,0,0,0,0,2026-03-21,2026-03-21,1,23.644564912352752,69.0,72.0,145.0,Switch,1,1,0,0.0,0.0,,False,0.0,0,3.081570996978852,5.438066465256798,0.4146341463414634,0.4,0.0
9ddfb3369a3b0394,Antonio Banuelos,1,0,1,0,0,0,0,0,2011-02-05,2011-02-05,1,31.37093848607432,65.0,63.0,135.0,Orthodox,1,1,0,0.0,0.0,,False,0.0,0,0.6666666666666666,0.0,0.07407407407407407,,0.0
9eed2bcc9e0b92af,Leon Shahbazyan,1,0,1,0,0,0,0,0,2026-06-20,2026-06-20,1,30.587897082075607,76.0,74.0,170.0,Orthodox,1,1,0,0.0,0.0,,False,0.0,0,0.0,0.0,0.0,,0.0
9eef6584fab21fbb,Cindy Dandois,1,0,1,0,0,0,0,0,2017-04-22,2017-04-22,1,32.48800454492563,67.0,,135.0,Orthodox,1,1,0,0.0,0.0,,False,0.0,0,3.1333333333333333,5.0,0.3219178082191781,0.5555555555555556,0.0
9f7787e56a6bc0f4,Sako Chivitchian,1,0,1,0,0,0,0,0,2010-12-04,2010-12-04,1,26.73292401623579,71.0,,155.0,Orthodox,1,1,0,0.0,0.0,,False,0.0,0,2.4,0.0,0.2727272727272727,0.0,0.0
a0602dd050bebefc,Jon Manley,1,0,1,0,0,0,0,0,2013-02-23,2013-02-23,1,26.634359363984203,73.0,,170.0,Orthodox,1,1,0,0.0,0.0,,False,0.0,0,1.1333333333333333,1.0,0.2,0.07692307692307693,0.0
a0b91014e9d16a76,Cale Yarbrough,1,0,1,0,0,0,0,0,2008-07-19,2008-07-19,1,21.561017680034496,73.0,,185.0,Orthodox,1,1,0,0.0,0.0,,False,0.0,0,3.1578947368421053,0.0,0.2727272727272727,,0.0
a220be6d41d6f97d,Carlos Barreto,1,0,1,0,0,0,0,0,1997-10-17,1997-10-17,1,29.23810892763027,76.0,,230.0,Orthodox,1,1,0,0.0,0.0,,False,0.0,0,0.7333333333333333,2.0,0.34375,0.5,0.0
a24e080000fa7a35,Darrel Gholar,1,0,1,0,0,0,0,0,1999-01-08,1999-01-08,1,36.170489469325176,68.0,,194.0,Orthodox,1,1,0,0.0,0.0,,False,0.0,0,0.5031446540880503,1.8867924528301887,0.15384615384615385,1.0,0.0
a264d4e9a4d6bfe4,Sangwook Kim,1,0,1,0,0,0,0,1,2026-01-31,2026-01-31,1,32.29087524042246,72.0,71.0,155.0,Orthodox,1,1,0,0.0,0.0,,False,0.0,0,4.533333333333333,1.0,0.5074626865671642,0.1,0.0
a54b961a1f8be1d5,John Garza,1,0,1,0,0,0,0,0,2026-07-11,2026-07-11,1,23.696585145485532,67.0,68.0,135.0,Orthodox,1,1,0,0.0,0.0,,False,0.0,0,5.466666666666667,0.0,0.4385026737967914,,0.0
a683f9ddb70aa4bd,Sean Daugherty,1,0,1,0,0,0,0,0,1994-03-11,1994-03-11,1,18.267315550627323,72.0,,175.0,,1,1,0,0.0,0.0,,False,0.0,0,0.0,0.0,0.0,,0.0
a6bbd3df469c6bea,Roger Gracie,1,0,1,0,0,0,0,0,2013-07-06,2013-07-06,1,31.77614872310862,76.0,79.0,185.0,Orthodox,1,1,0,0.0,0.0,,False,0.0,0,0.8,2.0,0.41379310344827586,0.5,0.0
a6f3d15cb84334bb,Dean Barry,1,0,1,0,0,0,0,0,2022-04-23,2022-04-23,1,29.804855678076894,70.0,72.0,170.0,Orthodox,1,1,0,0.0,0.0,,False,0.0,0,9.310344827586206,0.0,0.4,,0.0
a7e3f02fe2b2fe30,Danyelle Wolf,1,0,1,0,0,0,0,0,2022-09-10,2022-09-10,1,39.006961128565266,71.0,70.0,145.0,Orthodox,1,1,0,0.0,0.0,,False,0.0,0,1.3333333333333333,0.0,0.21052631578947367,,0.0
a8d521d913df4e31,Ryan Madigan,1,0,1,0,0,0,0,0,2009-03-07,2009-03-07,1,,72.0,,170.0,Orthodox,1,1,0,0.0,0.0,,False,0.0,0,0.0,0.0,0.0,,0.0
a8fa0c4e95512806,Phil Johns,1,0,1,0,0,0,0,0,2001-02-23,2001-02-23,1,32.34015756654825,62.0,,170.0,Southpaw,1,1,0,0.0,0.0,,False,0.0,0,1.2,0.0,0.6666666666666666,0.0,0.0
a9a314cc77d90b6e,Wade Shipp,1,0,1,0,0,0,0,0,2004-04-02,2004-04-02,1,29.145020089392663,75.0,,245.0,Orthodox,1,1,0,0.0,0.0,,False,0.0,0,4.285714285714286,0.0,0.8695652173913043,,0.0
aac6edb0d5e0b7e9,Marcin Wrzosek,1,0,1,0,0,0,0,0,2015-12-11,2015-12-11,1,28.159373566876802,69.0,,155.0,,1,1,0,0.0,0.0,,False,0.0,0,3.466666666666667,3.0,0.4369747899159664,0.25,0.0
aae0897825336b1a,Renzo Gracie,1,0,1,0,0,0,0,0,2010-04-10,2010-04-10,1,43.083704661971154,70.0,,185.0,Orthodox,1,1,0,0.0,0.0,,False,0.0,0,2.3181818181818183,0.0,0.3119266055045872,0.0,0.0
ab35634d1a8c7a11,Flavio Luiz Moura,1,0,1,0,0,0,0,0,1999-07-16,1999-07-16,1,23.469338863905488,71.0,,183.0,Open Stance,1,1,0,0.0,0.0,,False,0.0,0,0.23076923076923078,0.0,0.5,,0.0
abbc4fc02e0d84b3,Eric Martin,1,0,1,0,0,0,0,0,1997-02-07,1997-02-07,1,,,,,,0,1,0,0.0,0.0,,False,0.0,0,,,,,
abd2109bc4cb0291,Bentley Syler,1,0,1,0,0,0,0,0,2015-03-21,2015-03-21,1,32.244330821303656,64.0,,125.0,Orthodox,1,1,0,0.0,0.0,,False,0.0,0,1.2968299711815563,0.0,0.189873417721519,,0.0
abde3388a589103c,Richie Miranda,1,0,1,0,0,0,0,0,2026-08-08,2026-08-08,1,31.98970546965372,68.0,75.0,155.0,Southpaw,1,1,0,0.0,0.0,,False,0.0,0,3.066666666666667,1.0,0.3865546218487395,0.1111111111111111,0.0
ac0874309da489b9,Marek Bujlo,1,0,1,0,0,0,0,0,2025-11-22,2025-11-22,1,33.11772315653299,76.0,77.0,265.0,Orthodox,1,1,0,0.0,0.0,,False,0.0,0,2.066666666666667,0.0,0.3875,,0.0
ac70a4f1db1b8c40,Scott Junk,1,0,1,0,0,0,0,0,2007-09-22,2007-09-22,1,28.764451015421262,73.0,,265.0,Orthodox,1,1,0,0.0,0.0,,False,0.0,0,5.125628140703517,0.0,0.6071428571428571,,0.0
adccbc19b22e19af,SeungGuk Choi,1,0,1,0,0,0,0,1,2023-02-04,2023-02-04,1,26.10868121864241,66.0,64.0,125.0,Orthodox,1,1,0,0.0,0.0,,False,0.0,0,1.5170670037926675,0.0,0.2898550724637681,0.0,0.0
adea9f0090aa8e14,Jason Fairn,1,0,1,0,0,0,0,0,1994-12-16,1994-12-16,1,,73.0,,230.0,,1,1,0,0.0,0.0,,False,0.0,0,4.060150375939849,0.0,0.75,,0.0
ae58685caf8e4a0d,Bill Mahood,1,0,1,0,0,0,0,0,2005-06-04,2005-06-04,1,38.33891181886007,75.0,,200.0,Orthodox,1,1,0,0.0,0.0,,False,0.0,0,0.4347826086956522,0.0,1.0,,0.0
aebfb84d1f6d2d8c,Allen Berube,1,0,1,0,0,0,0,0,2007-06-23,2007-06-23,1,32.827505013792205,68.0,,155.0,Orthodox,1,1,0,0.0,0.0,,False,0.0,0,0.9160305343511451,6.870229007633588,0.8,1.0,1.0
aee8eecfc4bfb1e7,Bobby Southworth,1,0,1,0,0,0,0,0,2005-04-09,2005-04-09,1,35.31352457613777,74.0,,205.0,Orthodox,1,1,0,0.0,0.0,,False,0.0,0,1.4,1.0,0.25,0.5,0.0
af49a6c491ca22a3,Kristian Rothaermel,1,0,1,0,0,0,0,0,2006-06-28,2006-06-28,1,34.40727735682457,72.0,,205.0,Open Stance,1,1,0,0.0,0.0,,False,0.0,0,0.7468879668049793,0.0,0.5,0.0,0.0
b05086131c6f5dc5,Derek Downey,1,0,1,0,0,0,0,0,2009-02-07,2009-02-07,1,28.78361636447018,73.0,,185.0,Orthodox,1,1,0,0.0,0.0,,False,0.0,0,0.32,2.4,1.0,0.16666666666666666,0.0
b15862fcd6ded451,Carlos Mota,1,0,1,0,0,0,0,0,2022-10-29,2022-10-29,1,27.540606583297397,64.0,69.0,125.0,Orthodox,1,1,0,0.0,0.0,,False,0.0,0,0.8,0.0,0.41379310344827586,,1.0
b18fb36a4aa00093,John Polakowski,1,0,1,0,0,0,0,0,2008-12-13,2008-12-13,1,27.480372629143652,70.0,,155.0,Orthodox,1,1,0,0.0,0.0,,False,0.0,0,0.136986301369863,0.0,0.043478260869565216,,1.0
b23fca14c7b79935,Ivan Serati,1,0,1,0,0,0,0,0,2009-01-17,2009-01-17,1,,72.0,,205.0,Orthodox,1,1,0,0.0,0.0,,False,0.0,0,1.4754098360655739,0.0,0.2727272727272727,0.0,0.0
b27b8881d7444114,Adam Cella,1,0,1,0,0,0,0,0,2013-04-06,2013-04-06,1,27.778804492905397,74.0,,170.0,,1,1,0,0.0,0.0,,False,0.0,0,0.6282722513089005,0.0,0.16666666666666666,,0.0
b35a159f525764eb,Chris Saunders,1,0,1,0,0,0,0,0,2012-06-01,2012-06-01,1,26.226411219942914,68.0,,155.0,,1,1,0,0.0,0.0,,False,0.0,0,1.4814814814814816,3.7037037037037037,0.2222222222222222,1.0,0.0
b3bbe88fecd6a0d2,Dave Berry,1,0,1,0,0,0,0,0,1996-09-20,1996-09-20,1,,,,,,0,1,0,0.0,0.0,,False,0.0,0,,,,,
b51841e7c594090d,Mike Wessel,1,0,1,0,0,0,0,0,2008-12-27,2008-12-27,1,31.069768715305585,72.0,,260.0,Orthodox,1,1,0,0.0,0.0,,False,0.0,0,1.8181818181818181,6.293706293706293,0.5652173913043478,0.5,0.0
b5ea750025697880,Rex Holman,1,0,1,0,0,0,0,0,2007-03-03,2007-03-03,1,,75.0,,205.0,Southpaw,1,1,0,0.0,0.0,,False,0.0,0,2.75,0.0,0.34375,0.0,0.0
b6b12014698cc345,John Marsh,1,0,1,0,0,0,0,0,2005-04-16,2005-04-16,1,34.585241312278825,72.0,,265.0,Orthodox,1,1,0,0.0,0.0,,False,0.0,0,1.2,1.0,0.5142857142857142,1.0,1.0
b701f095e6ccb149,Ollie Schmid,1,0,1,0,0,0,0,0,2026-05-02,2026-05-02,1,25.342067256685628,72.0,71.0,145.0,Orthodox,1,1,0,0.0,0.0,,False,0.0,0,3.2335329341317367,0.0,0.3,,0.0
b788862dd1c11eac,Brendan Loughnane,1,0,1,0,0,0,0,0,2012-12-14,2012-12-14,1,23.02579792877335,70.0,70.0,145.0,Switch,1,1,0,0.0,0.0,,False,0.0,0,5.0,0.0,0.6302521008403361,0.0,0.0
b9124c308671e303,Otari Tanzilovi,1,0,1,0,0,0,0,0,2026-06-20,2026-06-20,1,28.19770426497464,69.0,70.0,145.0,Orthodox,1,1,0,0.0,0.0,,False,0.0,0,3.8666666666666667,5.0,0.651685393258427,0.5555555555555556,0.0
b96939f2b8d88e82,Ariel Beck,1,0,1,0,0,0,0,0,2017-12-01,2017-12-01,1,27.209319835451787,66.0,66.0,125.0,Southpaw,1,1,0,0.0,0.0,,False,0.0,0,4.439746300211416,0.0,0.3431372549019608,,0.0
b9e871af730f826c,Ronald Jhun,1,0,1,0,0,0,0,0,2004-08-21,2004-08-21,1,33.91719200257363,71.0,,170.0,Orthodox,1,1,0,0.0,0.0,,False,0.0,0,1.273209549071618,2.387267904509284,0.5,1.0,0.0
bad28b7b34f334de,Tony Halme,1,0,1,0,0,0,0,0,1997-05-30,1997-05-30,1,34.39632572879662,75.0,,300.0,Orthodox,1,1,0,0.0,0.0,,False,0.0,0,0.0,0.0,,,0.0
bba678d312590087,Andre Pederneiras,1,0,1,0,0,0,0,1,1999-07-16,1999-07-16,1,32.31825431049234,68.0,,155.0,Orthodox,1,1,0,0.0,0.0,,False,0.0,0,1.5228426395939088,0.0,0.5263157894736842,0.0,0.0
bcad7223af3c19da,Martin Svensson,1,0,1,0,0,0,0,0,2016-02-27,2016-02-27,1,30.842522433725538,73.0,,155.0,,1,1,0,0.0,0.0,,False,0.0,0,2.0207253886010363,0.0,0.38235294117647056,0.0,0.0
c058823a2595ab09,Joey Roberts,1,0,1,0,0,0,0,0,1999-03-05,1999-03-05,1,21.31186814239854,74.0,,200.0,,1,1,0,0.0,0.0,,False,0.0,0,1.6971713810316138,1.497504159733777,0.40476190476190477,0.5,2.0
c06d6b18862f9a53,Rodrigo Sezinando,1,0,1,0,0,0,0,1,2025-09-13,2025-09-13,1,27.75690123684949,69.0,71.0,170.0,Orthodox,1,1,0,0.0,0.0,,False,0.0,0,2.2471910112359548,3.3707865168539324,0.2777777777777778,0.25,0.0
c4731f43693b96b8,Rodolfo Rubio Perez,1,0,1,0,0,0,0,0,2014-11-08,2014-11-08,1,27.77606658589841,65.0,,145.0,Orthodox,1,1,0,0.0,0.0,,False,0.0,0,1.1333333333333333,2.0,0.3617021276595745,0.3333333333333333,0.0
c4b6099f0d25f75e,Jared Rollins,1,0,1,0,0,0,0,0,2007-12-08,2007-12-08,1,30.864425689781445,69.0,,170.0,Orthodox,1,1,0,0.0,0.0,,False,0.0,0,3.3287101248266295,2.496532593619972,0.5714285714285714,0.5,1.0
c61f66d8c3fd5f07,Tony Petarra,1,0,1,0,0,0,0,0,1999-05-07,1999-05-07,1,32.49348035893961,71.0,,196.0,Orthodox,1,1,0,0.0,0.0,,False,0.0,0,1.3872832369942196,0.0,0.8,0.0,0.0
c6da1c24fe473418,Julian Sanchez,1,0,1,0,0,0,0,0,1996-09-20,1996-09-20,1,,75.0,,300.0,Orthodox,1,1,0,0.0,0.0,,False,0.0,0,0.0,0.0,,,0.0
c6e6926a81adcd00,Adriano Santos,1,0,1,0,0,0,0,0,1998-10-16,1998-10-16,1,,,,,,1,1,0,0.0,0.0,,False,0.0,0,1.2222222222222223,3.333333333333333,0.3055555555555556,0.6666666666666666,0.0
c7be22a47a58365a,Christina Marks,1,0,1,0,0,0,0,0,2017-12-01,2017-12-01,1,32.063628958842415,67.0,69.0,125.0,Orthodox,1,1,0,0.0,0.0,,False,0.0,0,5.0,7.5,0.5882352941176471,1.0,0.0
c8cca8f3de5be4b4,Jorge Patino,1,0,1,0,0,0,0,1,1999-01-08,1999-01-08,1,25.42694237390227,68.0,,170.0,Orthodox,1,1,0,0.0,0.0,,False,0.0,0,0.9047619047619048,0.7142857142857142,0.2159090909090909,0.16666666666666666,1.0
c933d423ebdbbbdb,John Matua,1,0,1,0,0,0,0,0,1995-07-14,1995-07-14,1,,74.0,,400.0,Orthodox,1,1,0,0.0,0.0,,False,0.0,0,0.0,0.0,,,0.0
c940b42df95bbd28,Feng Xiaocan,1,0,1,0,0,0,0,1,2024-11-23,2024-11-23,1,23.07508025489914,66.0,67.0,115.0,Southpaw,1,1,0,0.0,0.0,,False,0.0,0,4.458204334365325,0.0,0.47058823529411764,,0.0
c96518b7f6881004,Bob Gilstrap,1,0,1,0,0,0,0,0,1998-05-15,1998-05-15,1,,75.0,,200.0,Orthodox,1,1,0,0.0,0.0,,False,0.0,0,0.0,0.0,0.0,,0.0
cc81c92fe2254935,Tom Gallicchio,1,0,1,0,0,0,0,0,2017-07-07,2017-07-07,1,30.787764293585766,70.0,,170.0,Southpaw,1,1,0,0.0,0.0,,False,0.0,0,3.533333333333333,1.0,0.265,0.1111111111111111,0.0
cd0dfd9846bd03b9,Julien Leblanc,1,0,1,0,0,0,0,0,2026-04-18,2026-04-18,1,34.24026502939827,74.0,74.0,185.0,Southpaw,1,1,0,0.0,0.0,,False,0.0,0,1.6901408450704225,0.0,0.6666666666666666,,0.0
ce47f49e5c386a9c,Kit Cope,1,0,1,0,0,0,0,0,2005-11-05,2005-11-05,1,28.63850729309979,72.0,,170.0,Orthodox,1,1,0,0.0,0.0,,False,0.0,0,1.42433234421365,0.0,0.5333333333333333,,0.0
cf1a88371c8cb690,Aaron Brink,1,0,1,0,0,0,0,0,2000-11-17,2000-11-17,1,26.0155923804048,75.0,,205.0,Orthodox,1,1,0,0.0,0.0,,False,0.0,0,0.0,0.0,0.0,0.0,0.0
d10b35152277cf98,James Toney,1,0,1,0,0,0,0,0,2010-08-28,2010-08-28,1,42.01044511523166,69.0,,220.0,Orthodox,1,1,0,0.0,0.0,,False,0.0,0,0.0,0.0,,,0.0
d1dcd4e96464a53d,Jules Bruchez,1,0,1,0,0,0,0,0,2008-12-13,2008-12-13,1,31.327131973962505,72.0,,205.0,Southpaw,1,1,0,0.0,0.0,,False,0.0,0,0.6896551724137931,0.0,0.5,,0.0
d2a9be6bf2de624c,Robert Drysdale,1,0,0,0,0,0,0,0,2014-07-06,2014-07-06,1,32.75084361759653,75.0,,205.0,Orthodox,1,0,1,,0.0,,False,0.0,0,0.0,7.317073170731708,0.0,1.0,3.0
d2b1c1317a39f6c6,Satoshi Honma,1,0,1,0,0,0,0,0,2000-04-14,2000-04-14,1,31.904830352437077,73.0,,205.0,Orthodox,1,1,0,0.0,0.0,,False,0.0,0,0.4,0.0,0.46153846153846156,,1.0
d3711d3784b76255,Zane Frazier,1,0,1,0,0,0,0,0,1996-05-17,1996-05-17,1,,77.0,,250.0,Orthodox,1,1,0,0.0,0.0,,False,0.0,0,0.30927835051546393,0.0,0.5,,0.0
d38e8c6ae2dfc051,Nazareno Malegarie,1,0,1,0,0,0,0,0,2015-09-05,2015-09-05,1,29.306556602804985,68.0,,155.0,,1,1,0,0.0,0.0,,False,0.0,0,3.8666666666666667,1.0,0.3493975903614458,0.3333333333333333,0.0
d3b5ad3b15a64a18,Francesco Maturi,1,0,1,0,0,0,0,0,1995-09-08,1995-09-08,1,,,,,,0,1,0,0.0,0.0,,False,0.0,0,,,,,
d3c554d6e11fc9d6,Jianping Yang,1,0,1,0,0,0,0,1,2014-08-23,2014-08-23,1,25.73632586569197,67.0,,145.0,Orthodox,1,1,0,0.0,0.0,,False,0.0,0,1.4,1.0,0.2692307692307692,0.25,0.0
d41937647eae9a34,Reza Nasri,1,0,1,0,0,0,0,0,1996-09-20,1996-09-20,1,,71.0,,205.0,Orthodox,1,1,0,0.0,0.0,,False,0.0,0,0.0,0.0,,0.0,0.0
d56caaa5e123f518,Masutatsu Yano,1,0,1,0,0,0,0,0,1999-11-19,1999-11-19,1,24.35915864117675,69.0,,198.0,Orthodox,1,1,0,0.0,0.0,,False,0.0,0,2.1951219512195124,1.829268292682927,0.3673469387755102,0.3333333333333333,0.0
d61316139d68dbe3,Roman Bogatov,1,0,1,0,0,0,0,0,2020-07-11,2020-07-11,1,29.57213358248287,68.0,73.0,155.0,Orthodox,1,1,0,0.0,0.0,,False,0.0,0,3.3333333333333335,1.0,0.42735042735042733,0.09090909090909091,0.0
d62e280d0f7b6d6f,Luke Fernandez,1,0,1,0,0,0,0,0,2026-03-07,2026-03-07,1,30.68919964133418,73.0,76.0,205.0,Orthodox,1,1,0,0.0,0.0,,False,0.0,0,5.925925925925926,0.0,0.48484848484848486,,0.0
d632d156c0549e07,Nissen Osterneck,1,0,1,0,0,0,0,0,2009-04-01,2009-04-01,1,27.918437750261813,74.0,,185.0,Orthodox,1,1,0,0.0,0.0,,False,0.0,0,2.3333333333333335,1.0,0.5,0.125,1.0
d6a8edb7410223a0,Rafael Tobias,1,0,1,0,0,0,0,0,2026-03-07,2026-03-07,1,22.965563974619602,74.0,74.0,205.0,Orthodox,1,1,0,0.0,0.0,,False,0.0,0,2.6,2.0,0.38613861386138615,0.25,1.0
d6d5da3c209884bc,Guilherme Vasconcelos,1,0,1,0,0,0,0,0,2014-07-05,2014-07-05,1,28.28531728919827,72.0,,185.0,Orthodox,1,1,0,0.0,0.0,,False,0.0,0,3.2666666666666666,0.0,0.29518072289156627,0.0,0.0
d6ead04919a894b1,Duda Santana,1,0,1,0,0,0,0,0,2019-06-01,2019-06-01,1,23.38993956070282,67.0,73.0,145.0,Orthodox,1,1,0,0.0,0.0,,False,0.0,0,6.014319809069212,6.443914081145585,0.39622641509433965,0.6,0.0
d8d7b24d276c8cb0,Albert Cheng,1,0,1,0,0,0,0,0,2014-03-01,2014-03-01,1,29.06014497217602,71.0,,170.0,Orthodox,1,1,0,0.0,0.0,,False,0.0,0,1.0,0.0,0.4166666666666667,0.0,0.0
da6dfd09cca1d705,Wallid Ismail,1,0,1,0,0,0,0,0,1997-02-07,1997-02-07,1,28.958842412917445,67.0,,205.0,Orthodox,1,1,0,0.0,0.0,,False,0.0,0,0.06666666666666667,1.0,0.058823529411764705,0.1,0.0
db5dc7cb80d7d418,Will Chope,1,0,1,0,0,0,0,0,2014-01-04,2014-01-04,1,23.324229792535096,76.0,,145.0,Switch,1,1,0,0.0,0.0,,False,0.0,0,4.429530201342282,0.0,0.2727272727272727,0.0,0.0
db6d5f691aea3fd3,Wagner Campos,1,0,1,0,0,0,0,0,2012-06-23,2012-06-23,1,30.89728057386531,66.0,,145.0,Southpaw,1,1,0,0.0,0.0,,False,0.0,0,1.536144578313253,2.710843373493976,0.4146341463414634,1.0,0.0
ddbe4fa2ea573393,Jimmy Quinlan,1,0,1,0,0,0,0,0,2013-04-13,2013-04-13,1,26.886246808627146,72.0,,185.0,Orthodox,1,1,0,0.0,0.0,,False,0.0,0,2.0792079207920793,4.455445544554455,0.7,0.25,0.0
df2cf66d8c0123db,Noe Hernandez,1,0,1,0,0,0,0,0,1998-05-15,1998-05-15,1,,,,,Orthodox,1,1,0,0.0,0.0,,False,0.0,0,0.75,1.25,0.23684210526315788,1.0,0.0
df5a77121ba84a5d,Alex Stiebling,1,0,1,0,0,0,0,0,2000-11-17,2000-11-17,1,23.893714449988707,74.0,,205.0,Southpaw,1,1,0,0.0,0.0,,False,0.0,0,0.4,0.0,0.5714285714285714,,1.0
df619b9a86ce0a9a,Damien Anderson,1,0,1,0,0,0,0,0,2026-07-18,2026-07-18,1,29.533802884385032,68.0,69.0,145.0,Southpaw,1,1,0,0.0,0.0,,False,0.0,0,0.4666666666666667,0.0,0.35,0.0,1.0
dfcadfcbd3a3f097,Milos Janicic,1,0,1,0,0,0,0,0,2026-08-01,2026-08-01,1,29.246322648651237,71.0,71.0,155.0,Orthodox,1,1,0,0.0,0.0,,False,0.0,0,4.444444444444444,0.0,0.3157894736842105,,0.0
e0664abaa023fd6f,Ding Meng,1,0,1,0,0,0,0,0,2026-05-30,2026-05-30,1,31.672108256843057,74.0,73.0,170.0,Orthodox,1,1,0,0.0,0.0,,False,0.0,0,4.2,0.0,0.4315068493150685,,0.0
e0f959f65d0406b4,Isabela de Padua,1,0,1,0,0,0,0,0,2019-11-16,2019-11-16,1,28.200442171981628,63.0,64.0,125.0,Orthodox,1,1,0,0.0,0.0,,False,0.0,0,1.0,2.0,0.35714285714285715,0.6666666666666666,1.0
e3b30b573e7f0d19,Adrian Luna Martinetti,1,0,1,0,0,0,0,0,2026-04-25,2026-04-25,1,30.680985920313216,68.0,71.0,135.0,Orthodox,1,1,0,0.0,0.0,,False,0.0,0,6.6,1.0,0.5051020408163265,0.2,0.0
e4770d5ed44a3970,Brian Gassaway,1,0,1,0,0,0,0,0,2005-08-20,2005-08-20,1,33.03558594632333,73.0,,170.0,Orthodox,1,1,0,0.0,0.0,,False,0.0,0,0.43269230769230765,0.0,0.5,,0.0
e4a9dbade7c7e1a7,Rolles Gracie,1,0,1,0,0,0,0,0,2010-02-06,2010-02-06,1,31.56806779057749,76.0,,242.0,Orthodox,1,1,0,0.0,0.0,,False,0.0,0,2.3017902813299234,2.3017902813299234,0.32608695652173914,0.1,0.0
e4e0f310b3cf23a8,Alex Torres,1,0,1,0,0,0,0,0,2015-02-28,2015-02-28,1,26.752089365284707,70.0,,145.0,Orthodox,1,1,0,0.0,0.0,,False,0.0,0,2.466666666666667,2.0,0.37373737373737376,0.2222222222222222,0.0
e503aa5c252a1b4d,Dustin Neace,1,0,1,0,0,0,0,0,2011-12-03,2011-12-03,1,25.22433725538512,69.0,69.0,145.0,,1,1,0,0.0,0.0,,False,0.0,0,2.084942084942085,0.0,0.32727272727272727,0.0,1.0
e530df53922f413e,Luis Pajuelo,1,0,1,0,0,0,0,0,2024-03-23,2024-03-23,1,29.26275009069317,70.0,69.0,145.0,Orthodox,1,1,0,0.0,0.0,,False,0.0,0,1.8181818181818181,0.0,0.38461538461538464,,0.0
e56df3c1d8b4b1cc,Homer Moore,1,0,1,0,0,0,0,0,2001-11-02,2001-11-02,1,29.933537307405352,70.0,,205.0,Orthodox,1,1,0,0.0,0.0,,False,0.0,0,0.676056338028169,5.070422535211268,0.5,0.6666666666666666,0.0
e5864a42c80294f6,Josiah Harrell,1,0,1,0,0,0,0,0,2026-02-21,2026-02-21,1,27.27502960361951,67.0,68.0,170.0,Southpaw,1,1,0,0.0,0.0,,False,0.0,0,2.320441988950276,0.0,0.5,0.0,0.0
e5c38954c006f15c,Yuki Sasaki,1,0,1,0,0,0,0,0,2006-08-17,2006-08-17,1,29.928061493391375,74.0,,185.0,Orthodox,1,1,0,0.0,0.0,,False,0.0,0,1.7333333333333334,0.0,0.3939393939393939,,0.0
e5ca2bc2451a5956,Tina Lahdemaki,1,0,1,0,0,0,0,0,2014-07-16,2014-07-16,1,26.133322381705305,62.0,,115.0,Orthodox,1,1,0,0.0,0.0,,False,0.0,0,1.9333333333333333,0.0,0.20567375886524822,,0.0
e62b36885ecdac27,Allan Goes,1,0,1,0,0,0,0,0,1998-05-15,1998-05-15,1,27.069686578095375,72.0,,205.0,Orthodox,1,1,0,0.0,0.0,,False,0.0,0,2.4,0.0,0.7346938775510204,,0.0
e6666480a830f764,YiSak Lee,1,0,1,0,0,0,0,0,2026-05-30,2026-05-30,1,26.409850989411144,72.0,72.0,185.0,Orthodox,1,1,0,0.0,0.0,,False,0.0,0,2.7272727272727275,0.0,0.4,,0.0
e6679e38e7fab7a8,Jamie Siraj,1,0,1,0,0,0,0,0,2026-04-18,2026-04-18,1,31.80626570018549,67.0,66.0,135.0,Orthodox,1,1,0,0.0,0.0,,False,0.0,0,2.2085889570552144,0.0,0.25,0.0,0.0
e670f8cc2969a789,Sherman Pendergarst,1,0,1,0,0,0,0,0,2006-11-18,2006-11-18,1,39.29991717831304,73.0,,235.0,Orthodox,1,1,0,0.0,0.0,,False,0.0,0,1.2307692307692308,4.615384615384616,0.36363636363636365,1.0,0.0
e741536153227386,Sean Alvarez,1,0,1,0,0,0,0,0,2003-04-25,2003-04-25,1,31.781624537122596,72.0,,235.0,Orthodox,1,1,0,0.0,0.0,,False,0.0,0,0.8866995073891626,0.0,0.375,0.0,0.0
e780ccc79a209985,John Dowdy,1,0,1,0,0,0,0,0,1995-04-07,1995-04-07,1,,,,,,1,1,0,0.0,0.0,,False,0.0,0,0.0,0.0,0.0,,0.0
e78f601035d677f2,Justin Wren,1,0,1,0,0,0,0,0,2009-12-05,2009-12-05,1,22.609636063711097,74.0,,265.0,Orthodox,1,1,0,0.0,0.0,,False,0.0,0,1.1333333333333333,0.0,0.1069182389937107,0.0,0.0
e7ec11096eac0282,Adrian Serrano,1,0,1,0,0,0,0,0,2000-06-09,2000-06-09,1,36.46344551907294,68.0,,170.0,,1,1,0,0.0,0.0,,False,0.0,0,0.6,0.0,0.2608695652173913,0.0,0.0
e82d5f54daa85a7e,Joe Merritt,1,0,1,0,0,0,0,0,2015-06-27,2015-06-27,1,31.305228717906594,72.0,,170.0,Orthodox,1,1,0,0.0,0.0,,False,0.0,0,1.5333333333333334,0.0,0.5897435897435898,0.0,0.0
e92901944ce91909,Askar Mozharov,1,0,1,0,0,0,0,0,2022-06-04,2022-06-04,1,27.60631635146512,75.0,74.0,205.0,Orthodox,1,1,0,0.0,0.0,,False,0.0,0,0.42857142857142855,0.0,0.18181818181818182,,0.0
e983c62faf677ab2,Pedro Nobre,1,0,0,0,0,0,0,0,2013-01-19,2013-01-19,1,26.93279122774595,65.0,,135.0,,1,0,1,,0.0,,False,0.0,0,1.3740458015267176,0.0,0.3,0.0,0.0
e9e7e1c8ff289e1b,Humberto Brown Morrison,1,0,1,0,0,0,0,0,2014-11-15,2014-11-15,1,30.03210195965694,70.0,,145.0,,1,1,0,0.0,0.0,,False,0.0,0,1.7142857142857142,1.4285714285714284,0.5,0.25,0.0
ea0ad155451ed1f5,Ray Wizard,1,0,1,0,0,0,0,0,1994-03-11,1994-03-11,1,,,,,,1,1,0,0.0,0.0,,False,0.0,0,1.0344827586206897,0.0,1.0,,0.0
ea398c802d9998ee,Thomas Ramirez,1,0,1,0,0,0,0,0,1996-02-16,1996-02-16,1,,73.0,,410.0,Sideways,1,1,0,0.0,0.0,,False,0.0,0,7.5,0.0,0.5,,0.0
eaa9402e5a7990ad,Braxton Smith,1,0,1,0,0,0,0,0,2023-05-06,2023-05-06,1,33.342231531106044,71.0,72.0,257.0,Orthodox,1,1,0,0.0,0.0,,False,0.0,0,6.461538461538462,0.0,0.4827586206896552,0.0,0.0
eae4aec1a5a8ff01,Tom Egan,1,0,1,0,0,0,0,0,2009-01-17,2009-01-17,1,,71.0,,170.0,Orthodox,1,1,0,0.0,0.0,,False,0.0,0,0.0,0.0,0.0,,0.0
ebc5af72ad5a28cb,Nick Agallar,1,0,1,0,0,0,0,0,2003-11-21,2003-11-21,1,24.854719809441672,68.0,,155.0,Orthodox,1,1,0,0.0,0.0,,False,0.0,0,0.6912442396313364,0.0,0.11627906976744186,0.0,0.0
ed73c85164a5f5a4,Paul Creighton,1,0,1,0,0,0,0,0,2002-05-10,2002-05-10,1,31.932209422506965,66.0,,155.0,Southpaw,1,1,0,0.0,0.0,,False,0.0,0,0.7157057654075547,5.367793240556661,0.75,0.375,0.0
edd8d5d8089a35f8,Frank Lester,1,0,1,0,0,0,0,0,2009-06-20,2009-06-20,1,25.027207950881948,71.0,,170.0,Orthodox,1,1,0,0.0,0.0,,False,0.0,0,2.181818181818182,0.0,0.36363636363636365,0.0,0.0
ee4b670e159f4a33,Dorian Price,1,0,1,0,0,0,0,0,2007-12-08,2007-12-08,1,30.300416846341815,75.0,,170.0,Southpaw,1,1,0,0.0,0.0,,False,0.0,0,0.0,0.0,0.0,,0.0
ee5df903f80c6816,Eldo Xavier Dias,1,0,1,0,0,0,0,0,1994-12-16,1994-12-16,1,30.41814684764232,71.0,,180.0,,0,1,0,0.0,0.0,,False,0.0,0,,,,,
efd2b3e9bb7965a4,Bharat Kandare,1,0,1,0,0,0,0,0,2017-11-25,2017-11-25,1,30.43457428968425,67.0,72.0,135.0,Orthodox,1,1,0,0.0,0.0,,False,0.0,0,0.703125,0.0,0.1,0.0,0.0
f0264252e191da22,Jason Thacker,1,0,1,0,0,0,0,0,2005-04-09,2005-04-09,1,29.64331916466457,70.0,,185.0,Orthodox,1,1,0,0.0,0.0,,False,0.0,0,0.6315789473684211,0.0,0.3333333333333333,,0.0
f12f979b657ab876,Dan Barrera,1,0,1,0,0,0,0,0,2007-12-08,2007-12-08,1,26.957432390808847,69.0,,170.0,Orthodox,1,1,0,0.0,0.0,,False,0.0,0,0.8,1.0,0.7058823529411765,0.08333333333333333,0.0
f1f37d667bcd0d27,Willamy Freire,1,0,1,0,0,0,0,0,2011-01-22,2011-01-22,1,23.488504212954407,68.0,,155.0,Orthodox,1,1,0,0.0,0.0,,False,0.0,0,1.5333333333333334,1.0,0.46,1.0,0.0
f201f21cf2c79eb2,Sebastian Szalay,1,0,1,0,0,0,0,1,2026-01-31,2026-01-31,1,31.99244337666071,66.0,66.0,145.0,Orthodox,1,1,0,0.0,0.0,,False,0.0,0,5.72463768115942,1.0869565217391304,0.3872549019607843,1.0,0.0
f300763147320d12,Liliya Shakirova,1,0,1,0,0,0,0,0,2020-10-24,2020-10-24,1,29.00264892502926,64.0,65.0,125.0,Orthodox,1,1,0,0.0,0.0,,False,0.0,0,2.7005870841487276,0.0,0.30666666666666664,0.0,0.0
f5d82eccdea4e2dd,Christian Edwards,1,0,1,0,0,0,0,0,2026-05-16,2026-05-16,1,27.526917048262455,77.0,78.0,205.0,Southpaw,1,1,0,0.0,0.0,,False,0.0,0,2.4,0.0,0.5070422535211268,0.0,0.0
f5f6419c5f00abad,Tyler Diamond,1,0,1,0,0,0,0,0,2018-07-06,2018-07-06,1,27.3024086736894,67.0,69.0,145.0,Orthodox,1,1,0,0.0,0.0,,False,0.0,0,3.4,3.0,0.4766355140186916,0.75,0.0
f62850b3c7480db9,Keith Mielke,1,0,1,0,0,0,0,0,1996-02-16,1996-02-16,1,,68.0,,185.0,,0,1,0,0.0,0.0,,False,0.0,0,,,,,
f70144caea5c4c80,Eugenio Tadeu,1,0,1,0,0,0,0,0,1998-03-13,1998-03-13,1,34.57155177724388,68.0,,160.0,Orthodox,1,1,0,0.0,0.0,,False,0.0,0,0.6153846153846154,0.0,0.25,0.0,0.0
f74e037b97917027,James Giboo,1,0,1,0,0,0,0,0,2008-07-19,2008-07-19,1,30.533138941935835,71.0,,170.0,Orthodox,1,1,0,0.0,0.0,,False,0.0,0,1.2026726057906458,0.0,0.2727272727272727,0.0,0.0
f75c5ca0d91b9115,Richie Smullen,1,0,1,0,0,0,0,0,2018-07-06,2018-07-06,1,26.886246808627146,69.0,68.0,155.0,Orthodox,1,1,0,0.0,0.0,,False,0.0,0,1.9811320754716981,8.49056603773585,0.7777777777777778,0.6666666666666666,0.0
fd87b1bbfcde9d5e,Danillo Villefort,1,0,1,0,0,0,0,0,2009-08-08,2009-08-08,1,26.253790290012798,73.0,,185.0,Orthodox,1,1,0,0.0,0.0,,False,0.0,0,3.1578947368421053,1.1015911872705018,0.37719298245614036,0.5,1.0
fdfef29ba17ee525,Alex Schoenauer,1,0,1,0,0,0,0,0,2005-04-09,2005-04-09,1,28.928725435840573,75.0,,185.0,Orthodox,1,1,0,0.0,0.0,,False,0.0,0,3.0,0.0,0.25,,0.0
fe5ca7ef93c3f6a7,Roger Zapata,1,0,1,0,0,0,0,0,2015-09-26,2015-09-26,1,29.383217999000664,71.0,,170.0,Southpaw,1,1,0,0.0,0.0,,False,0.0,0,2.596599690880989,0.0,0.5185185185185185,0.0,1.0
feef5f8f5629e5e7,Theodor Berggren,1,0,1,0,0,0,0,0,2026-06-27,2026-06-27,1,26.21545959191496,71.0,75.0,170.0,Switch,1,1,0,0.0,0.0,,False,0.0,0,3.4936708860759493,0.0,0.359375,,0.0
ff2c606c8bc365e3,Josh Rafferty,1,0,1,0,0,0,0,0,2005-04-09,2005-04-09,1,24.25511817491119,72.0,,170.0,Orthodox,1,1,0,0.0,0.0,,False,0.0,0,0.6,0.0,0.3333333333333333,0.0,1.0
