model,false_positive_rate,true_positive_rate,threshold
Majority baseline,0.0,0.0,inf
Majority baseline,1.0,1.0,0.49185380889476
Logistic regression,0.0,0.0,inf
Logistic regression,0.0,0.0010706638115631692,0.9038691408871181
Logistic regression,0.0,0.009635974304068522,0.7800629106477391
Logistic regression,0.0010905125408942203,0.009635974304068522,0.7770801297769065
Logistic regression,0.0010905125408942203,0.010706638115631691,0.776711963842183
Logistic regression,0.0021810250817884407,0.010706638115631691,0.7766622758046078
Logistic regression,0.0021810250817884407,0.01284796573875803,0.7672577508724976
Logistic regression,0.003271537622682661,0.01284796573875803,0.7657820079742865
Logistic regression,0.003271537622682661,0.018201284796573874,0.7568224673380677
Logistic regression,0.004362050163576881,0.018201284796573874,0.7503137973033375
Logistic regression,0.004362050163576881,0.022483940042826552,0.7437078971794653
Logistic regression,0.0054525627044711015,0.022483940042826552,0.7402450058415587
Logistic regression,0.0054525627044711015,0.02462526766595289,0.7384823434900912
Logistic regression,0.007633587786259542,0.02462526766595289,0.7328963254996809
Logistic regression,0.007633587786259542,0.02569593147751606,0.7327513060966413
Logistic regression,0.008724100327153763,0.02569593147751606,0.7279847882066052
Logistic regression,0.008724100327153763,0.031049250535331904,0.72291099848248
Logistic regression,0.009814612868047983,0.031049250535331904,0.7213672948475959
Logistic regression,0.009814612868047983,0.044967880085653104,0.7136974922253476
Logistic regression,0.011995637949836423,0.044967880085653104,0.71219263178247
Logistic regression,0.011995637949836423,0.046038543897216275,0.7119811622219547
Logistic regression,0.013086150490730643,0.046038543897216275,0.7119471588149807
Logistic regression,0.013086150490730643,0.05139186295503212,0.7079627594532218
Logistic regression,0.015267175572519083,0.05139186295503212,0.7071192333354722
Logistic regression,0.015267175572519083,0.05460385438972163,0.7060430457303565
Logistic regression,0.018538713195201745,0.05460385438972163,0.7033719190211746
Logistic regression,0.018538713195201745,0.069593147751606,0.6930353306067709
Logistic regression,0.019629225736095966,0.069593147751606,0.69286192901769
Logistic regression,0.019629225736095966,0.0728051391862955,0.6911746860785134
Logistic regression,0.020719738276990186,0.0728051391862955,0.6905120401565235
Logistic regression,0.020719738276990186,0.07601713062098502,0.6885940092386124
Logistic regression,0.021810250817884406,0.07601713062098502,0.6870595736962501
Logistic regression,0.021810250817884406,0.07922912205567452,0.686227938956017
Logistic regression,0.026172300981461286,0.07922912205567452,0.6854191015121609
Logistic regression,0.026172300981461286,0.08029978586723768,0.6852102154702086
Logistic regression,0.027262813522355506,0.08029978586723768,0.6852001679796577
Logistic regression,0.027262813522355506,0.08993576017130621,0.6775808485152182
Logistic regression,0.028353326063249727,0.08993576017130621,0.6770537676238955
Logistic regression,0.028353326063249727,0.09207708779443255,0.6765862567727515
Logistic regression,0.029443838604143947,0.09207708779443255,0.6762271345927089
Logistic regression,0.029443838604143947,0.09314775160599571,0.6745850850936369
Logistic regression,0.030534351145038167,0.09314775160599571,0.6730022380678159
Logistic regression,0.030534351145038167,0.09528907922912205,0.6703137073284838
Logistic regression,0.03271537622682661,0.09528907922912205,0.6694655179131572
Logistic regression,0.03271537622682661,0.09635974304068523,0.668774403681725
Logistic regression,0.03380588876772083,0.09635974304068523,0.6685112026860517
Logistic regression,0.03380588876772083,0.0974304068522484,0.6681809915631696
Logistic regression,0.03489640130861505,0.0974304068522484,0.6674654274380208
Logistic regression,0.03489640130861505,0.10278372591006424,0.6651856269331543
Logistic regression,0.03598691384950927,0.10278372591006424,0.6651532537011112
Logistic regression,0.03598691384950927,0.10599571734475374,0.6630173425528042
Logistic regression,0.03816793893129771,0.10599571734475374,0.6622912878611104
Logistic regression,0.03816793893129771,0.11027837259100642,0.6604002738723873
Logistic regression,0.03925845147219193,0.11027837259100642,0.6598931651198691
Logistic regression,0.03925845147219193,0.11134903640256959,0.6571603488783468
Logistic regression,0.04143947655398037,0.11134903640256959,0.6556126996866467
Logistic regression,0.04143947655398037,0.11241970021413276,0.6554284943206935
Logistic regression,0.04252998909487459,0.11241970021413276,0.6553482277111586
Logistic regression,0.04252998909487459,0.11563169164882227,0.6527969422596286
Logistic regression,0.04471101417666303,0.11563169164882227,0.6517508131994493
Logistic regression,0.04471101417666303,0.13383297644539616,0.6426949295464391
Logistic regression,0.04798255179934569,0.13383297644539616,0.6418122138200741
Logistic regression,0.04798255179934569,0.13597430406852248,0.6411850666173238
Logistic regression,0.04907306434023991,0.13597430406852248,0.6406722261960446
Logistic regression,0.04907306434023991,0.139186295503212,0.6394467190329779
Logistic regression,0.05016357688113413,0.139186295503212,0.6393542205848278
Logistic regression,0.05016357688113413,0.14025695931477516,0.6372881184462907
Logistic regression,0.05125408942202835,0.14025695931477516,0.6363763250565424
Logistic regression,0.05125408942202835,0.14453961456102785,0.6351469505789351
Logistic regression,0.05452562704471101,0.14453961456102785,0.6344677791168539
Logistic regression,0.05452562704471101,0.145610278372591,0.6343503753137095
Logistic regression,0.05670665212649945,0.145610278372591,0.6333254984484498
Logistic regression,0.05670665212649945,0.14668094218415417,0.6331645155589567
Logistic regression,0.05779716466739367,0.14668094218415417,0.6328688488919669
Logistic regression,0.05779716466739367,0.14775160599571735,0.6324070418071095
Logistic regression,0.05888767720828789,0.14775160599571735,0.6321302644726855
Logistic regression,0.05888767720828789,0.15417558886509636,0.6291760529369604
Logistic regression,0.05997818974918211,0.15417558886509636,0.6290008464432535
Logistic regression,0.05997818974918211,0.15631691648822268,0.6283747207325313
Logistic regression,0.061068702290076333,0.15631691648822268,0.6279644270644446
Logistic regression,0.061068702290076333,0.15738758029978586,0.6275561608264224
Logistic regression,0.06324972737186478,0.15738758029978586,0.6265383133574273
Logistic regression,0.06324972737186478,0.16167023554603854,0.6257382220729931
Logistic regression,0.064340239912759,0.16167023554603854,0.6256804965087123
Logistic regression,0.064340239912759,0.16274089935760172,0.6256414690788275
Logistic regression,0.06652126499454744,0.16274089935760172,0.6251046659451873
Logistic regression,0.06652126499454744,0.16381156316916487,0.6249853966820413
Logistic regression,0.06761177753544166,0.16381156316916487,0.6246251509234971
Logistic regression,0.06761177753544166,0.16595289079229122,0.6244239872759451
Logistic regression,0.06870229007633588,0.16595289079229122,0.6243378725079533
Logistic regression,0.06870229007633588,0.16809421841541755,0.623770257502263
Logistic regression,0.0697928026172301,0.16809421841541755,0.6225817195607635
Logistic regression,0.0697928026172301,0.17237687366167023,0.621171798667748
Logistic regression,0.07088331515812432,0.17237687366167023,0.6210213441860957
Logistic regression,0.07088331515812432,0.17558886509635974,0.6199676442513348
Logistic regression,0.07197382769901854,0.17558886509635974,0.6199635985171962
Logistic regression,0.07197382769901854,0.17880085653104924,0.6191877664858388
Logistic regression,0.07306434023991276,0.17880085653104924,0.6191707836729164
Logistic regression,0.07306434023991276,0.1841541755888651,0.6180173084984388
Logistic regression,0.0752453653217012,0.1841541755888651,0.6177317984284678
Logistic regression,0.0752453653217012,0.18522483940042828,0.6170532916328954
Logistic regression,0.07851690294438386,0.18522483940042828,0.6155384544529643
Logistic regression,0.07851690294438386,0.18843683083511778,0.6151018841910258
Logistic regression,0.07960741548527808,0.18843683083511778,0.6145786914755311
Logistic regression,0.07960741548527808,0.19164882226980728,0.6139244308899551
Logistic regression,0.0806979280261723,0.19164882226980728,0.613820718283398
Logistic regression,0.0806979280261723,0.19271948608137046,0.6137414630423682
Logistic regression,0.08178844056706652,0.19271948608137046,0.6135211972254688
Logistic regression,0.08178844056706652,0.1937901498929336,0.6133242132727919
Logistic regression,0.08505997818974918,0.1937901498929336,0.6125577012028084
Logistic regression,0.08505997818974918,0.19593147751605997,0.6112357168457323
Logistic regression,0.0861504907306434,0.19593147751605997,0.6111619293590216
Logistic regression,0.0861504907306434,0.19700214132762311,0.610253104370727
Logistic regression,0.08724100327153762,0.19700214132762311,0.6098836696377865
Logistic regression,0.08724100327153762,0.20342612419700215,0.6087333543194532
Logistic regression,0.0916030534351145,0.20342612419700215,0.6066808079915396
Logistic regression,0.0916030534351145,0.20770877944325483,0.6058332093554767
Logistic regression,0.09269356597600872,0.20770877944325483,0.6056220774005313
Logistic regression,0.09269356597600872,0.20985010706638116,0.6053282474181058
Logistic regression,0.09378407851690294,0.20985010706638116,0.6053084585299596
Logistic regression,0.09378407851690294,0.21092077087794434,0.6052793487510676
Logistic regression,0.0970556161395856,0.21092077087794434,0.6042920076624057
Logistic regression,0.0970556161395856,0.215203426124197,0.6035536660554772
Logistic regression,0.09814612868047982,0.215203426124197,0.6035184850211736
Logistic regression,0.09814612868047982,0.21734475374732334,0.6026600297322772
Logistic regression,0.10032715376226826,0.21734475374732334,0.6020469881088228
Logistic regression,0.10032715376226826,0.21948608137044967,0.6011972977763171
Logistic regression,0.10141766630316248,0.21948608137044967,0.6008567356280013
Logistic regression,0.10141766630316248,0.22698072805139186,0.5985839578200017
Logistic regression,0.1025081788440567,0.22698072805139186,0.5985053391581431
Logistic regression,0.1025081788440567,0.2291220556745182,0.5974333206973851
Logistic regression,0.10359869138495092,0.2291220556745182,0.5974011739875038
Logistic regression,0.10359869138495092,0.23019271948608136,0.5969585216041746
Logistic regression,0.10577971646673937,0.23019271948608136,0.5968973930701262
Logistic regression,0.10577971646673937,0.2334047109207709,0.5961061631455675
Logistic regression,0.10687022900763359,0.2334047109207709,0.5960865158522657
Logistic regression,0.10687022900763359,0.24732334047109208,0.5929438564770714
Logistic regression,0.1079607415485278,0.24732334047109208,0.5926827703194796
Logistic regression,0.1079607415485278,0.24839400428265523,0.5925209810453061
Logistic regression,0.10905125408942203,0.24839400428265523,0.5923534916896772
Logistic regression,0.10905125408942203,0.25160599571734477,0.5918605011788918
Logistic regression,0.11014176663031625,0.25160599571734477,0.5918279360847223
Logistic regression,0.11014176663031625,0.25374732334047106,0.5914760460060134
Logistic regression,0.11123227917121047,0.25374732334047106,0.5914031412999037
Logistic regression,0.11123227917121047,0.2558886509635974,0.5905132570795004
Logistic regression,0.1134133042529989,0.2558886509635974,0.5904199069721591
Logistic regression,0.1134133042529989,0.2569593147751606,0.5903309137208906
Logistic regression,0.11450381679389313,0.2569593147751606,0.5901660023837487
Logistic regression,0.11450381679389313,0.26124197002141325,0.5895239137766801
Logistic regression,0.11559432933478735,0.26124197002141325,0.5894327991224649
Logistic regression,0.11559432933478735,0.2623126338329764,0.5893932409331674
Logistic regression,0.11668484187568157,0.2623126338329764,0.5890761844943232
Logistic regression,0.11668484187568157,0.2676659528907923,0.5881752428662915
Logistic regression,0.11886586695747,0.2676659528907923,0.5879297681154936
Logistic regression,0.11886586695747,0.2698072805139186,0.5877163473843678
Logistic regression,0.11995637949836423,0.2698072805139186,0.5876036726473972
Logistic regression,0.11995637949836423,0.2708779443254818,0.5874604895542573
Logistic regression,0.12104689203925845,0.2708779443254818,0.5872050383408498
Logistic regression,0.12104689203925845,0.2751605995717345,0.5860231282454662
Logistic regression,0.12431842966194111,0.2751605995717345,0.5846306139385562
Logistic regression,0.12431842966194111,0.284796573875803,0.5833920716270713
Logistic regression,0.12540894220283533,0.284796573875803,0.58333579941227
Logistic regression,0.12540894220283533,0.28586723768736616,0.5831883265170703
Logistic regression,0.12758996728462377,0.28586723768736616,0.5830039616864946
Logistic regression,0.12758996728462377,0.2880085653104925,0.582510779200523
Logistic regression,0.128680479825518,0.2880085653104925,0.5823183199058398
Logistic regression,0.128680479825518,0.29229122055674517,0.5812052857665111
Logistic regression,0.13086150490730644,0.29229122055674517,0.5805079309013336
Logistic regression,0.13086150490730644,0.2987152034261242,0.5796984923744107
Logistic regression,0.13195201744820065,0.2987152034261242,0.5794008012530706
Logistic regression,0.13195201744820065,0.29978586723768735,0.5787751012915096
Logistic regression,0.13304252998909488,0.29978586723768735,0.5785181381505584
Logistic regression,0.13304252998909488,0.3019271948608137,0.5779776200038063
Logistic regression,0.1341330425299891,0.3019271948608137,0.5777814017520603
Logistic regression,0.1341330425299891,0.3029978586723769,0.577745025447644
Logistic regression,0.13522355507088332,0.3029978586723769,0.5777178778370138
Logistic regression,0.13522355507088332,0.30406852248394006,0.5777164792385034
Logistic regression,0.13631406761177753,0.30406852248394006,0.5775101404146434
Logistic regression,0.13631406761177753,0.30513918629550324,0.5774290525687598
Logistic regression,0.13849509269356597,0.30513918629550324,0.577246590562321
Logistic regression,0.13849509269356597,0.3094218415417559,0.5765311982938983
Logistic regression,0.1395856052344602,0.3094218415417559,0.5763281269575451
Logistic regression,0.1395856052344602,0.31049250535331907,0.5763153898408654
Logistic regression,0.1406761177753544,0.31049250535331907,0.5760040902692928
Logistic regression,0.1406761177753544,0.31263383297644537,0.5757783435169401
Logistic regression,0.14612868047982552,0.31263383297644537,0.5750357603152914
Logistic regression,0.14612868047982552,0.3147751605995717,0.5746658735753649
Logistic regression,0.14721919302071973,0.3147751605995717,0.5745022262166926
Logistic regression,0.14721919302071973,0.31798715203426126,0.5743576684033593
Logistic regression,0.14830970556161396,0.31798715203426126,0.5742897304765423
Logistic regression,0.14830970556161396,0.31905781584582443,0.5739714684994541
Logistic regression,0.14940021810250817,0.31905781584582443,0.5739644765780226
Logistic regression,0.14940021810250817,0.3222698072805139,0.5730235395369628
Logistic regression,0.1515812431842966,0.3222698072805139,0.5729372429974121
Logistic regression,0.1515812431842966,0.3233404710920771,0.5728881384029434
Logistic regression,0.15376226826608505,0.3233404710920771,0.5725480374796493
Logistic regression,0.15376226826608505,0.32548179871520344,0.5721802672745829
Logistic regression,0.15485278080697928,0.32548179871520344,0.5721272857990817
Logistic regression,0.15485278080697928,0.3265524625267666,0.5719267013122953
Logistic regression,0.16030534351145037,0.3265524625267666,0.5711041094634598
Logistic regression,0.16030534351145037,0.32762312633832974,0.5706322452340278
Logistic regression,0.1613958560523446,0.32762312633832974,0.5704377722099355
Logistic regression,0.1613958560523446,0.3297644539614561,0.569802075237203
Logistic regression,0.16357688113413305,0.3297644539614561,0.5689012738671734
Logistic regression,0.16357688113413305,0.33190578158458245,0.5683744090983972
Logistic regression,0.16466739367502725,0.33190578158458245,0.5683572216938393
Logistic regression,0.16466739367502725,0.3351177730192719,0.5680182513436834
Logistic regression,0.16575790621592149,0.3351177730192719,0.5679661452889145
Logistic regression,0.16575790621592149,0.3361884368308351,0.5676735542684276
Logistic regression,0.1668484187568157,0.3361884368308351,0.5672431953472227
Logistic regression,0.1668484187568157,0.33832976445396146,0.5671373006513345
Logistic regression,0.16902944383860413,0.33832976445396146,0.5664922205574913
Logistic regression,0.16902944383860413,0.3404710920770878,0.5658624112443872
Logistic regression,0.17011995637949837,0.3404710920770878,0.5658457597000558
Logistic regression,0.17011995637949837,0.34582441113490364,0.5651795540830589
Logistic regression,0.17121046892039257,0.34582441113490364,0.5649740528986623
Logistic regression,0.17121046892039257,0.3468950749464668,0.5649023630582559
Logistic regression,0.1723009814612868,0.3468950749464668,0.562987987476557
Logistic regression,0.1723009814612868,0.34796573875803,0.5628947829427259
Logistic regression,0.17448200654307525,0.34796573875803,0.5625540674933075
Logistic regression,0.17448200654307525,0.3533190578158458,0.5618500308409408
Logistic regression,0.17557251908396945,0.3533190578158458,0.5615522727719504
Logistic regression,0.17557251908396945,0.354389721627409,0.5615517768035561
Logistic regression,0.1766630316248637,0.354389721627409,0.5615432218034276
Logistic regression,0.1766630316248637,0.3576017130620985,0.5610683723667659
Logistic regression,0.1777535441657579,0.3576017130620985,0.5610376813414558
Logistic regression,0.1777535441657579,0.36616702355460384,0.5599051368426227
Logistic regression,0.18102508178844057,0.36616702355460384,0.5596786711381873
Logistic regression,0.18102508178844057,0.37259100642398285,0.5582608626318425
Logistic regression,0.1821155943293348,0.37259100642398285,0.5570314019676753
Logistic regression,0.1821155943293348,0.37366167023554603,0.5569587322640849
Logistic regression,0.183206106870229,0.37366167023554603,0.556950765279635
Logistic regression,0.183206106870229,0.3758029978586724,0.5567643588564402
Logistic regression,0.18429661941112324,0.3758029978586724,0.5566197025791988
Logistic regression,0.18429661941112324,0.37687366167023556,0.5561048759797965
Logistic regression,0.18974918211559433,0.37687366167023556,0.5554380536326798
Logistic regression,0.18974918211559433,0.37794432548179874,0.5553709034479823
Logistic regression,0.19083969465648856,0.37794432548179874,0.5550272487173534
Logistic regression,0.19083969465648856,0.3822269807280514,0.5541305365749275
Logistic regression,0.19193020719738277,0.3822269807280514,0.5540331019348246
Logistic regression,0.19193020719738277,0.38329764453961457,0.5539777217290995
Logistic regression,0.193020719738277,0.38329764453961457,0.5539119803883819
Logistic regression,0.193020719738277,0.39079229122055675,0.5529531679311014
Logistic regression,0.1941112322791712,0.39079229122055675,0.552929691525505
Logistic regression,0.1941112322791712,0.39400428265524623,0.5526508195500608
Logistic regression,0.19520174482006544,0.39400428265524623,0.5523435696143184
Logistic regression,0.19520174482006544,0.3961456102783726,0.5521289317676855
Logistic regression,0.19629225736095965,0.3961456102783726,0.552096518107449
Logistic regression,0.19629225736095965,0.39828693790149894,0.5517126146582382
Logistic regression,0.19738276990185388,0.39828693790149894,0.5516943902918245
Logistic regression,0.19738276990185388,0.4004282655246253,0.5515020767369001
Logistic regression,0.19956379498364232,0.4004282655246253,0.5512888676447056
Logistic regression,0.19956379498364232,0.4025695931477516,0.5509457707548013
Logistic regression,0.20174482006543076,0.4025695931477516,0.5507918540366661
Logistic regression,0.20174482006543076,0.40471092077087795,0.5498650385211571
Logistic regression,0.20283533260632497,0.40471092077087795,0.5498474087664078
Logistic regression,0.20283533260632497,0.4057815845824411,0.549812056465331
Logistic regression,0.2039258451472192,0.4057815845824411,0.5494353078738715
Logistic regression,0.2039258451472192,0.4089935760171306,0.5482515458943072
Logistic regression,0.2050163576881134,0.4089935760171306,0.5480852697517721
Logistic regression,0.2050163576881134,0.4100642398286938,0.5479954117173338
Logistic regression,0.20610687022900764,0.4100642398286938,0.5479426808205906
Logistic regression,0.20610687022900764,0.41220556745182013,0.5471734547703153
Logistic regression,0.20719738276990185,0.41220556745182013,0.5470989109552801
Logistic regression,0.20719738276990185,0.4164882226980728,0.5466337512798172
Logistic regression,0.21155943293347873,0.4164882226980728,0.546145955083833
Logistic regression,0.21155943293347873,0.4197002141327623,0.5458251214916281
Logistic regression,0.2159214830970556,0.4197002141327623,0.5447525102539256
Logistic regression,0.2159214830970556,0.42184154175588867,0.5445294866353119
Logistic regression,0.2202835332606325,0.42184154175588867,0.5440306075293418
Logistic regression,0.2202835332606325,0.42398286937901497,0.5437472964667529
Logistic regression,0.22246455834242093,0.42398286937901497,0.5436436508207633
Logistic regression,0.22246455834242093,0.4282655246252677,0.5434731728144094
Logistic regression,0.22464558342420937,0.4282655246252677,0.5432705319612418
Logistic regression,0.22464558342420937,0.430406852248394,0.5431110849833104
Logistic regression,0.2257360959651036,0.430406852248394,0.5430528317862328
Logistic regression,0.2257360959651036,0.43254817987152033,0.5423249094218299
Logistic regression,0.2268266085059978,0.43254817987152033,0.5422672767331237
Logistic regression,0.2268266085059978,0.4336188436830835,0.542017547621336
Logistic regression,0.22791712104689205,0.4336188436830835,0.5418919778351514
Logistic regression,0.22791712104689205,0.43683083511777304,0.5410393493564499
Logistic regression,0.22900763358778625,0.43683083511777304,0.5410246505036647
Logistic regression,0.22900763358778625,0.43790149892933616,0.5409268356491765
Logistic regression,0.2311886586695747,0.43790149892933616,0.5408470085133941
Logistic regression,0.2311886586695747,0.4400428265524625,0.5404376868879004
Logistic regression,0.23446019629225737,0.4400428265524625,0.5399048371500889
Logistic regression,0.23446019629225737,0.44325481798715205,0.539734304342318
Logistic regression,0.2366412213740458,0.44325481798715205,0.5394252049787261
Logistic regression,0.2366412213740458,0.4486081370449679,0.5378517870785233
Logistic regression,0.23773173391494,0.4486081370449679,0.5378089532802312
Logistic regression,0.23773173391494,0.4539614561027837,0.5370597537733341
Logistic regression,0.23882224645583425,0.4539614561027837,0.5367103411631651
Logistic regression,0.23882224645583425,0.4550321199143469,0.5366450925008296
Logistic regression,0.23991275899672845,0.4550321199143469,0.536584630569298
Logistic regression,0.23991275899672845,0.45610278372591007,0.5364410877561638
Logistic regression,0.24318429661941113,0.45610278372591007,0.5359289716978519
Logistic regression,0.24318429661941113,0.45717344753747324,0.5359029338614575
Logistic regression,0.24536532170119957,0.45717344753747324,0.5352324958185756
Logistic regression,0.24536532170119957,0.4582441113490364,0.5348006684390771
Logistic regression,0.247546346782988,0.4582441113490364,0.5343280110151029
Logistic regression,0.247546346782988,0.4593147751605996,0.5343033552456107
Logistic regression,0.24972737186477645,0.4593147751605996,0.5339096979664625
Logistic regression,0.24972737186477645,0.4603854389721627,0.533405460056317
Logistic regression,0.25081788440567065,0.4603854389721627,0.5333219704393454
Logistic regression,0.25081788440567065,0.4668094218415418,0.5317294621436074
Logistic regression,0.25408942202835333,0.4668094218415418,0.5311591301271366
Logistic regression,0.25408942202835333,0.47002141327623126,0.530657832976614
Logistic regression,0.25517993456924754,0.47002141327623126,0.5306305618318374
Logistic regression,0.25517993456924754,0.4721627408993576,0.5304955725862499
Logistic regression,0.25627044711014174,0.4721627408993576,0.5301287165043137
Logistic regression,0.25627044711014174,0.4732334047109208,0.5300529529171588
Logistic regression,0.257360959651036,0.4732334047109208,0.5300241195642817
Logistic regression,0.257360959651036,0.4743040685224839,0.5299993826310699
Logistic regression,0.2606324972737186,0.4743040685224839,0.52968900273438
Logistic regression,0.2606324972737186,0.4753747323340471,0.5294835604288465
Logistic regression,0.2628135223555071,0.4753747323340471,0.5294352929358122
Logistic regression,0.2628135223555071,0.47644539614561027,0.5294137813914276
Logistic regression,0.26717557251908397,0.47644539614561027,0.5292939800972496
Logistic regression,0.26717557251908397,0.4785867237687366,0.5291551438682982
Logistic regression,0.2682660850599782,0.4785867237687366,0.529147589278527
Logistic regression,0.2682660850599782,0.4796573875802998,0.5289883655930432
Logistic regression,0.27044711014176664,0.4796573875802998,0.5288625644705539
Logistic regression,0.27044711014176664,0.480728051391863,0.5288009516772133
Logistic regression,0.27262813522355506,0.480728051391863,0.5283368700538897
Logistic regression,0.27262813522355506,0.48501070663811563,0.527740497403739
Logistic regression,0.2737186477644493,0.48501070663811563,0.5276472895773635
Logistic regression,0.2737186477644493,0.4892933618843683,0.5272730311648037
Logistic regression,0.2748091603053435,0.4892933618843683,0.5272485072889592
Logistic regression,0.2748091603053435,0.49036402569593146,0.5270378553505375
Logistic regression,0.27589967284623773,0.49036402569593146,0.5264909281375997
Logistic regression,0.27589967284623773,0.4925053533190578,0.5256003443219723
Logistic regression,0.2780806979280262,0.4925053533190578,0.5253687225773964
Logistic regression,0.2780806979280262,0.493576017130621,0.5250715422558458
Logistic regression,0.2802617230098146,0.493576017130621,0.524956329177309
Logistic regression,0.2802617230098146,0.49571734475374735,0.5247020493768411
Logistic regression,0.2813522355507088,0.49571734475374735,0.5244660680723918
Logistic regression,0.2813522355507088,0.49678800856531047,0.5242068415025914
Logistic regression,0.2835332606324973,0.49678800856531047,0.5239872818705357
Logistic regression,0.2835332606324973,0.49785867237687365,0.5237114595125061
Logistic regression,0.2846237731733915,0.49785867237687365,0.523627889969766
Logistic regression,0.2846237731733915,0.5,0.5235215807851795
Logistic regression,0.29116684841875684,0.5,0.5230033344481836
Logistic regression,0.29116684841875684,0.5010706638115632,0.5228830724260178
Logistic regression,0.29334787350054525,0.5010706638115632,0.5223806788498079
Logistic regression,0.29334787350054525,0.5064239828693791,0.5210376390931958
Logistic regression,0.2955288985823337,0.5064239828693791,0.5206214602718301
Logistic regression,0.2955288985823337,0.5096359743040685,0.5201790008053573
Logistic regression,0.2966194111232279,0.5096359743040685,0.5197823061885761
Logistic regression,0.2966194111232279,0.5107066381156317,0.5196820900264987
Logistic regression,0.3009814612868048,0.5107066381156317,0.5189453083553164
Logistic regression,0.3009814612868048,0.512847965738758,0.5188306380948481
Logistic regression,0.3053435114503817,0.512847965738758,0.5184499306776489
Logistic regression,0.3053435114503817,0.5149892933618844,0.5180166751036098
Logistic regression,0.3064340239912759,0.5149892933618844,0.517980620459293
Logistic regression,0.3064340239912759,0.5160599571734475,0.517975029789129
Logistic regression,0.30861504907306436,0.5160599571734475,0.5177259573108124
Logistic regression,0.30861504907306436,0.5182012847965739,0.5171921508518424
Logistic regression,0.30970556161395857,0.5182012847965739,0.5170056474723862
Logistic regression,0.30970556161395857,0.5192719486081371,0.5169947391949687
Logistic regression,0.31406761177753545,0.5192719486081371,0.5164012994313377
Logistic regression,0.31406761177753545,0.5203426124197003,0.516340229294424
Logistic regression,0.3173391494002181,0.5203426124197003,0.5157046848769602
Logistic regression,0.3173391494002181,0.5235546038543897,0.5153828736882963
Logistic regression,0.31842966194111233,0.5235546038543897,0.5152593658579996
Logistic regression,0.31842966194111233,0.5246252676659529,0.5144787008452884
Logistic regression,0.3227917121046892,0.5246252676659529,0.5136085235586961
Logistic regression,0.3227917121046892,0.525695931477516,0.5135755330894972
Logistic regression,0.3249727371864776,0.525695931477516,0.5128778056952741
Logistic regression,0.3249727371864776,0.5278372591006424,0.512803587107982
Logistic regression,0.3260632497273719,0.5278372591006424,0.5127850206038139
Logistic regression,0.3260632497273719,0.5289079229122056,0.5124785645033165
Logistic regression,0.33042529989094876,0.5289079229122056,0.5120781057235718
Logistic regression,0.33042529989094876,0.5299785867237687,0.5115258859837819
Logistic regression,0.3326063249727372,0.5299785867237687,0.5114828190360675
Logistic regression,0.3326063249727372,0.5331905781584583,0.5112645080098414
Logistic regression,0.3336968375136314,0.5331905781584583,0.5109598719670155
Logistic regression,0.3336968375136314,0.5353319057815846,0.5106983894639346
Logistic regression,0.33478735005452565,0.5353319057815846,0.5104801278741185
Logistic regression,0.33478735005452565,0.5417558886509636,0.5101452505108585
Logistic regression,0.33587786259541985,0.5417558886509636,0.509962332114005
Logistic regression,0.33587786259541985,0.5428265524625268,0.5099614450873372
Logistic regression,0.33805888767720826,0.5428265524625268,0.5095413772616985
Logistic regression,0.33805888767720826,0.5449678800856531,0.5093282669072661
Logistic regression,0.34023991275899673,0.5449678800856531,0.509148085846153
Logistic regression,0.34023991275899673,0.5460385438972163,0.5091391361150077
Logistic regression,0.34133042529989094,0.5460385438972163,0.5089148104251475
Logistic regression,0.34133042529989094,0.5471092077087795,0.5088353169601586
Logistic regression,0.34242093784078514,0.5471092077087795,0.5084428028220507
Logistic regression,0.34242093784078514,0.5492505353319058,0.5082318535561251
Logistic regression,0.3446019629225736,0.5492505353319058,0.5079264422929468
Logistic regression,0.3446019629225736,0.5556745182012848,0.5074545434149133
Logistic regression,0.3456924754634678,0.5556745182012848,0.507396577996121
Logistic regression,0.3456924754634678,0.5578158458244111,0.507013306477144
Logistic regression,0.3478735005452563,0.5578158458244111,0.5069987832432491
Logistic regression,0.3478735005452563,0.5588865096359743,0.5068783836858827
Logistic regression,0.3489640130861505,0.5588865096359743,0.5067366857477663
Logistic regression,0.3489640130861505,0.5599571734475375,0.5066833003508037
Logistic regression,0.3500545256270447,0.5599571734475375,0.5066674610524092
Logistic regression,0.3500545256270447,0.563169164882227,0.505910319631542
Logistic regression,0.35223555070883317,0.563169164882227,0.505280859005387
Logistic regression,0.35223555070883317,0.5642398286937902,0.5051428561616932
Logistic regression,0.3533260632497274,0.5642398286937902,0.5049686569773558
Logistic regression,0.3533260632497274,0.5653104925053534,0.5049071817838859
Logistic regression,0.3544165757906216,0.5653104925053534,0.5048619996440256
Logistic regression,0.3544165757906216,0.5685224839400428,0.5045221153270097
Logistic regression,0.35986913849509267,0.5685224839400428,0.5038520029626256
Logistic regression,0.35986913849509267,0.5749464668094219,0.5023998088182059
Logistic regression,0.36205016357688113,0.5749464668094219,0.5022563962864077
Logistic regression,0.36205016357688113,0.576017130620985,0.5021878555026908
Logistic regression,0.366412213740458,0.576017130620985,0.5018337709156022
Logistic regression,0.366412213740458,0.5781584582441114,0.5014043150917501
Logistic regression,0.3675027262813522,0.5781584582441114,0.5012575393625229
Logistic regression,0.3675027262813522,0.5792291220556746,0.5010944227437515
Logistic regression,0.3707742639040349,0.5792291220556746,0.5008463730670132
Logistic regression,0.3707742639040349,0.5856531049250535,0.5002366658039382
Logistic regression,0.37404580152671757,0.5856531049250535,0.4999077533133533
Logistic regression,0.37404580152671757,0.588865096359743,0.4994944636896718
Logistic regression,0.3751363140676118,0.588865096359743,0.499345179863278
Logistic regression,0.3751363140676118,0.5899357601713062,0.4992901402398638
Logistic regression,0.376226826608506,0.5899357601713062,0.4992589735158683
Logistic regression,0.376226826608506,0.5931477516059958,0.49860763695180194
Logistic regression,0.37731733914940024,0.5931477516059958,0.49851127416324104
Logistic regression,0.37731733914940024,0.5942184154175589,0.4978924876488594
Logistic regression,0.37840785169029445,0.5942184154175589,0.4973002493135267
Logistic regression,0.37840785169029445,0.5963597430406852,0.49681736459831266
Logistic regression,0.37949836423118866,0.5963597430406852,0.49634821100448134
Logistic regression,0.37949836423118866,0.5985010706638115,0.4954924331345404
Logistic regression,0.38058887677208286,0.5985010706638115,0.49532248647679683
Logistic regression,0.38058887677208286,0.6006423982869379,0.49475530453450656
Logistic regression,0.38276990185387133,0.6006423982869379,0.49466239514609583
Logistic regression,0.38276990185387133,0.6049250535331906,0.4940468038320694
Logistic regression,0.386041439476554,0.6049250535331906,0.4935720757711888
Logistic regression,0.386041439476554,0.6102783725910065,0.4927414936562678
Logistic regression,0.3936750272628135,0.6102783725910065,0.4916977257383231
Logistic regression,0.3936750272628135,0.6134903640256959,0.49161615518739266
Logistic regression,0.3969465648854962,0.6134903640256959,0.4910982705163945
Logistic regression,0.3969465648854962,0.6156316916488223,0.49099997780113896
Logistic regression,0.4034896401308615,0.6156316916488223,0.48970187321325687
Logistic regression,0.4034896401308615,0.6177730192719486,0.4890747051359575
Logistic regression,0.40676117775354415,0.6177730192719486,0.48868759788127974
Logistic regression,0.40676117775354415,0.619914346895075,0.4885335837098784
Logistic regression,0.4078516902944384,0.619914346895075,0.4882471499515438
Logistic regression,0.4078516902944384,0.6220556745182013,0.4877533601615373
Logistic regression,0.4100327153762268,0.6220556745182013,0.4875911885385242
Logistic regression,0.4100327153762268,0.6231263383297645,0.48747361519011934
Logistic regression,0.4122137404580153,0.6231263383297645,0.4871567161585252
Logistic regression,0.4122137404580153,0.6241970021413277,0.4871022536055584
Logistic regression,0.4133042529989095,0.6241970021413277,0.4870255840414423
Logistic regression,0.4133042529989095,0.6263383297644539,0.4868206117138699
Logistic regression,0.4143947655398037,0.6263383297644539,0.4868067746513115
Logistic regression,0.4143947655398037,0.6284796573875803,0.4866254609716105
Logistic regression,0.4154852780806979,0.6284796573875803,0.4865463271219485
Logistic regression,0.4154852780806979,0.6295503211991434,0.48654350360692133
Logistic regression,0.4187568157033806,0.6295503211991434,0.4864883363649133
Logistic regression,0.4187568157033806,0.6338329764453962,0.4857778250462647
Logistic regression,0.4198473282442748,0.6338329764453962,0.4857304813862371
Logistic regression,0.4198473282442748,0.6370449678800857,0.4856360032184962
Logistic regression,0.42093784078516905,0.6370449678800857,0.4854453561547625
Logistic regression,0.42093784078516905,0.6381156316916489,0.48511338605265375
Logistic regression,0.42311886586695746,0.6381156316916489,0.48503383312191695
Logistic regression,0.42311886586695746,0.639186295503212,0.48490745032659255
Logistic regression,0.42420937840785167,0.639186295503212,0.48484241826374197
Logistic regression,0.42420937840785167,0.6466809421841542,0.4838387684673618
Logistic regression,0.42529989094874593,0.6466809421841542,0.4836265186086649
Logistic regression,0.42529989094874593,0.6477516059957173,0.4835296167346254
Logistic regression,0.42639040348964014,0.6477516059957173,0.4834012456515275
Logistic regression,0.42639040348964014,0.6488222698072805,0.482835411459647
Logistic regression,0.43293347873500543,0.6488222698072805,0.48142279235578417
Logistic regression,0.43293347873500543,0.6498929336188437,0.4812631091360903
Logistic regression,0.4351145038167939,0.6498929336188437,0.48098038048710035
Logistic regression,0.4351145038167939,0.6520342612419701,0.4807744651253703
Logistic regression,0.4362050163576881,0.6520342612419701,0.4807341376437148
Logistic regression,0.4362050163576881,0.6531049250535332,0.4806860322828285
Logistic regression,0.4372955288985823,0.6531049250535332,0.480469196777295
Logistic regression,0.4372955288985823,0.6541755888650964,0.4801868777892634
Logistic regression,0.43838604143947657,0.6541755888650964,0.4800785633562236
Logistic regression,0.43838604143947657,0.6552462526766595,0.4797465021536003
Logistic regression,0.4394765539803708,0.6552462526766595,0.47957894168563997
Logistic regression,0.4394765539803708,0.6595289079229122,0.4792125691841589
Logistic regression,0.44383860414394766,0.6595289079229122,0.4787411159727114
Logistic regression,0.44383860414394766,0.6616702355460385,0.47823512358372705
Logistic regression,0.44492911668484186,0.6616702355460385,0.4782073313703835
Logistic regression,0.44492911668484186,0.6638115631691649,0.4779124801188249
Logistic regression,0.44601962922573607,0.6638115631691649,0.4775872497001963
Logistic regression,0.44601962922573607,0.6648822269807281,0.4773519767836918
Logistic regression,0.44929116684841874,0.6648822269807281,0.4770100631997739
Logistic regression,0.44929116684841874,0.6670235546038544,0.4765444737329275
Logistic regression,0.4514721919302072,0.6670235546038544,0.476401558503432
Logistic regression,0.4514721919302072,0.6680942184154176,0.4763504392156538
Logistic regression,0.4525627044711014,0.6680942184154176,0.47633502201797295
Logistic regression,0.4525627044711014,0.6691648822269807,0.4757614757760284
Logistic regression,0.4536532170119956,0.6691648822269807,0.47551903961291825
Logistic regression,0.4536532170119956,0.671306209850107,0.4752357350739155
Logistic regression,0.4547437295528899,0.671306209850107,0.4751824021120031
Logistic regression,0.4547437295528899,0.6734475374732334,0.47420297444287807
Logistic regression,0.4580152671755725,0.6734475374732334,0.4740194334655025
Logistic regression,0.4580152671755725,0.6745182012847966,0.4740186882310247
Logistic regression,0.45910577971646677,0.6745182012847966,0.4738698782322344
Logistic regression,0.45910577971646677,0.6777301927194861,0.4733511805017763
Logistic regression,0.460196292257361,0.6777301927194861,0.4732809308305138
Logistic regression,0.460196292257361,0.6809421841541756,0.47307045963708244
Logistic regression,0.4612868047982552,0.6809421841541756,0.47289788456708437
Logistic regression,0.4612868047982552,0.6820128479657388,0.47277217666248245
Logistic regression,0.46673936750272627,0.6820128479657388,0.4720684725327303
Logistic regression,0.46673936750272627,0.683083511777302,0.4720454243255408
Logistic regression,0.47001090512540894,0.683083511777302,0.4713468298235148
Logistic regression,0.47001090512540894,0.684154175588865,0.47123968033925717
Logistic regression,0.47110141766630315,0.684154175588865,0.4711939902709309
Logistic regression,0.47110141766630315,0.6862955032119914,0.4702468878997022
Logistic regression,0.47546346782988,0.6862955032119914,0.4698915343126422
Logistic regression,0.47546346782988,0.6895074946466809,0.4695322636291064
Logistic regression,0.48636859323882226,0.6895074946466809,0.46825968341909996
Logistic regression,0.48636859323882226,0.6905781584582441,0.4676419468551826
Logistic regression,0.48745910577971646,0.6905781584582441,0.4673511984318285
Logistic regression,0.48745910577971646,0.6916488222698073,0.46712494063078075
Logistic regression,0.48854961832061067,0.6916488222698073,0.4670977877572529
Logistic regression,0.48854961832061067,0.6937901498929336,0.466430579056115
Logistic regression,0.48964013086150493,0.6937901498929336,0.4663149466815684
Logistic regression,0.48964013086150493,0.6948608137044968,0.4661998819856047
Logistic regression,0.49291166848418755,0.6948608137044968,0.4661038441967756
Logistic regression,0.49291166848418755,0.6970021413276232,0.4657985540041467
Logistic regression,0.4961832061068702,0.6970021413276232,0.465482300945148
Logistic regression,0.4961832061068702,0.6980728051391863,0.46529187506030034
Logistic regression,0.4983642311886587,0.6980728051391863,0.46477975835845026
Logistic regression,0.4983642311886587,0.6991434689507494,0.46449171462679134
Logistic regression,0.5016357688113413,0.6991434689507494,0.46432654752487573
Logistic regression,0.5016357688113413,0.7012847965738758,0.46404740209364076
Logistic regression,0.5038167938931297,0.7012847965738758,0.4639037372470475
Logistic regression,0.5038167938931297,0.702355460385439,0.4638240551713408
Logistic regression,0.504907306434024,0.702355460385439,0.4634518689138832
Logistic regression,0.504907306434024,0.708779443254818,0.46235708539554754
Logistic regression,0.5059978189749182,0.708779443254818,0.4622606640230013
Logistic regression,0.5059978189749182,0.7109207708779444,0.46214665730736854
Logistic regression,0.5092693565976009,0.7109207708779444,0.4619668469215289
Logistic regression,0.5092693565976009,0.7119914346895075,0.46191057887249987
Logistic regression,0.5114503816793893,0.7119914346895075,0.4603567890591874
Logistic regression,0.5114503816793893,0.715203426124197,0.4597839596831699
Logistic regression,0.5169029443838604,0.715203426124197,0.4589710321402879
Logistic regression,0.5169029443838604,0.7162740899357601,0.4586050745871541
Logistic regression,0.5179934569247546,0.7162740899357601,0.45853263925695326
Logistic regression,0.5179934569247546,0.7184154175588865,0.4580856108915349
Logistic regression,0.5190839694656488,0.7184154175588865,0.45791941535223335
Logistic regression,0.5190839694656488,0.7205567451820128,0.45759103483002334
Logistic regression,0.5212649945474372,0.7205567451820128,0.45715912455203483
Logistic regression,0.5212649945474372,0.721627408993576,0.45713224306110367
Logistic regression,0.5223555070883316,0.721627408993576,0.45690149375260325
Logistic regression,0.5223555070883316,0.7226980728051392,0.4566096165948825
Logistic regression,0.5234460196292258,0.7226980728051392,0.45639884615192805
Logistic regression,0.5234460196292258,0.7269807280513919,0.45555543644844965
Logistic regression,0.52453653217012,0.7269807280513919,0.4553618311213739
Logistic regression,0.52453653217012,0.728051391862955,0.4552930140885895
Logistic regression,0.5256270447110142,0.728051391862955,0.4552836963142614
Logistic regression,0.5256270447110142,0.7301927194860813,0.45497985238031513
Logistic regression,0.5267175572519084,0.7301927194860813,0.4549314043406235
Logistic regression,0.5267175572519084,0.7323340471092077,0.45474878990158896
Logistic regression,0.5278080697928026,0.7323340471092077,0.45474476286087206
Logistic regression,0.5278080697928026,0.7334047109207709,0.45454047553750593
Logistic regression,0.5288985823336968,0.7334047109207709,0.45445157741318626
Logistic regression,0.5288985823336968,0.7355460385438972,0.4542286976060838
Logistic regression,0.5321701199563795,0.7355460385438972,0.45392142504330435
Logistic regression,0.5321701199563795,0.7366167023554604,0.4538388602999823
Logistic regression,0.5332606324972737,0.7366167023554604,0.4532651443773213
Logistic regression,0.5332606324972737,0.7376873661670236,0.4532030154787843
Logistic regression,0.5343511450381679,0.7376873661670236,0.4529246269078817
Logistic regression,0.5343511450381679,0.7387580299785867,0.4529083377240943
Logistic regression,0.5354416575790621,0.7387580299785867,0.45287252651536986
Logistic regression,0.5354416575790621,0.7398286937901499,0.4528667829648091
Logistic regression,0.5376226826608506,0.7398286937901499,0.4527310072485866
Logistic regression,0.5376226826608506,0.7408993576017131,0.45262429541788557
Logistic regression,0.5387131952017448,0.7408993576017131,0.45239588949447457
Logistic regression,0.5387131952017448,0.7419700214132763,0.4523828876409448
Logistic regression,0.5408942202835333,0.7419700214132763,0.45184686961894505
Logistic regression,0.5408942202835333,0.7430406852248393,0.45175924917402627
Logistic regression,0.5430752453653217,0.7430406852248393,0.4509518596536539
Logistic regression,0.5430752453653217,0.7441113490364025,0.45092864469713057
Logistic regression,0.5441657579062159,0.7441113490364025,0.45082936996637224
Logistic regression,0.5441657579062159,0.7451820128479657,0.45073323651324976
Logistic regression,0.549618320610687,0.7451820128479657,0.4487594826351075
Logistic regression,0.549618320610687,0.7473233404710921,0.448579243480259
Logistic regression,0.5507088331515813,0.7473233404710921,0.4485405909720245
Logistic regression,0.5507088331515813,0.7494646680942184,0.44829923558252943
Logistic regression,0.5517993456924755,0.7494646680942184,0.4482931849555406
Logistic regression,0.5517993456924755,0.7516059957173448,0.4478144680527464
Logistic regression,0.5528898582333697,0.7516059957173448,0.4478136902194857
Logistic regression,0.5528898582333697,0.7537473233404711,0.447645210138114
Logistic regression,0.5550708833151581,0.7537473233404711,0.4474998614269678
Logistic regression,0.5550708833151581,0.7548179871520343,0.44749607052802554
Logistic regression,0.5561613958560524,0.7548179871520343,0.44734819032581263
Logistic regression,0.5561613958560524,0.7569593147751607,0.44714415793164103
Logistic regression,0.5572519083969466,0.7569593147751607,0.44713194352563806
Logistic regression,0.5572519083969466,0.7580299785867237,0.4467712920317225
Logistic regression,0.5583424209378408,0.7580299785867237,0.4467525338753665
Logistic regression,0.5583424209378408,0.7591006423982869,0.4467066343467915
Logistic regression,0.559432933478735,0.7591006423982869,0.4465671456590563
Logistic regression,0.559432933478735,0.7665952890792291,0.44497667277231834
Logistic regression,0.5605234460196292,0.7665952890792291,0.44491544213597334
Logistic regression,0.5605234460196292,0.7687366167023555,0.4446734928105997
Logistic regression,0.5616139585605234,0.7687366167023555,0.44430263854677937
Logistic regression,0.5616139585605234,0.7708779443254818,0.44410515475730683
Logistic regression,0.5637949836423118,0.7708779443254818,0.4436605279585678
Logistic regression,0.5637949836423118,0.771948608137045,0.44364554703515274
Logistic regression,0.5648854961832062,0.771948608137045,0.4434052454916648
Logistic regression,0.5648854961832062,0.7730192719486081,0.4433612794640229
Logistic regression,0.5659760087241004,0.7730192719486081,0.44296329916894106
Logistic regression,0.5659760087241004,0.7740899357601713,0.4429516773397757
Logistic regression,0.5670665212649946,0.7740899357601713,0.4420749371521803
Logistic regression,0.5670665212649946,0.7773019271948608,0.4418597935416179
Logistic regression,0.569247546346783,0.7773019271948608,0.4415306525108237
Logistic regression,0.569247546346783,0.778372591006424,0.44146095973847643
Logistic regression,0.5703380588876772,0.778372591006424,0.4413933195048751
Logistic regression,0.5703380588876772,0.7794432548179872,0.4413122273156919
Logistic regression,0.5714285714285714,0.7794432548179872,0.44129017355646205
Logistic regression,0.5714285714285714,0.7805139186295503,0.441186135002596
Logistic regression,0.5725190839694656,0.7805139186295503,0.4410260306982832
Logistic regression,0.5725190839694656,0.784796573875803,0.44079566751742
Logistic regression,0.5747001090512541,0.784796573875803,0.4406033717144136
Logistic regression,0.5747001090512541,0.7869379014989293,0.44033260718192296
Logistic regression,0.5757906215921483,0.7869379014989293,0.44018187023837135
Logistic regression,0.5757906215921483,0.7890792291220556,0.43988882783732824
Logistic regression,0.5768811341330425,0.7890792291220556,0.43953224569852883
Logistic regression,0.5768811341330425,0.791220556745182,0.43922525774353155
Logistic regression,0.5779716466739367,0.791220556745182,0.4391801597041179
Logistic regression,0.5779716466739367,0.7922912205567452,0.4386972581129828
Logistic regression,0.5845147219193021,0.7922912205567452,0.43785499815700757
Logistic regression,0.5845147219193021,0.7944325481798715,0.4376188533216985
Logistic regression,0.5856052344601963,0.7944325481798715,0.4372687563818034
Logistic regression,0.5856052344601963,0.7955032119914347,0.4371186695778424
Logistic regression,0.5910577971646674,0.7955032119914347,0.43612630741621955
Logistic regression,0.5910577971646674,0.797644539614561,0.4360263881978393
Logistic regression,0.5954198473282443,0.797644539614561,0.4357454551205905
Logistic regression,0.5954198473282443,0.7987152034261242,0.43574153500279295
Logistic regression,0.5965103598691385,0.7987152034261242,0.43565312448272275
Logistic regression,0.5965103598691385,0.7997858672376874,0.43553853193265096
Logistic regression,0.5976008724100327,0.7997858672376874,0.4354477576721234
Logistic regression,0.5976008724100327,0.8008565310492506,0.43510592639795104
Logistic regression,0.6008724100327154,0.8008565310492506,0.43484922669050163
Logistic regression,0.6008724100327154,0.80406852248394,0.43457987366418427
Logistic regression,0.6030534351145038,0.80406852248394,0.4339412416965551
Logistic regression,0.6030534351145038,0.8062098501070664,0.43374790551779485
Logistic regression,0.608505997818975,0.8062098501070664,0.4328651685175705
Logistic regression,0.608505997818975,0.8083511777301927,0.43224210104801863
Logistic regression,0.613958560523446,0.8083511777301927,0.43166040738158507
Logistic regression,0.613958560523446,0.8104925053533191,0.4312959875843477
Logistic regression,0.6150490730643402,0.8104925053533191,0.43107840898673455
Logistic regression,0.6150490730643402,0.8115631691648822,0.4310746411815734
Logistic regression,0.6226826608505998,0.8115631691648822,0.42942018487953926
Logistic regression,0.6226826608505998,0.8126338329764454,0.4291908667327485
Logistic regression,0.623773173391494,0.8126338329764454,0.42902690874092186
Logistic regression,0.623773173391494,0.815845824411135,0.4285815817144054
Logistic regression,0.6248636859323882,0.815845824411135,0.4285520413289812
Logistic regression,0.6248636859323882,0.816916488222698,0.42852001873057494
Logistic regression,0.6292257360959651,0.816916488222698,0.4276913173569932
Logistic regression,0.6292257360959651,0.8179871520342612,0.4276409964156232
Logistic regression,0.6314067611777535,0.8179871520342612,0.4273234662558323
Logistic regression,0.6314067611777535,0.8201284796573876,0.4271865657642351
Logistic regression,0.6346782988004362,0.8201284796573876,0.4260710774899943
Logistic regression,0.6346782988004362,0.8222698072805139,0.42578509186273295
Logistic regression,0.6357688113413305,0.8222698072805139,0.4254373990956486
Logistic regression,0.6357688113413305,0.8233404710920771,0.4254255675678363
Logistic regression,0.6368593238822247,0.8233404710920771,0.42539437069541486
Logistic regression,0.6368593238822247,0.8254817987152034,0.42494459223793923
Logistic regression,0.6412213740458015,0.8254817987152034,0.4244663440832213
Logistic regression,0.6412213740458015,0.8276231263383298,0.424140773185099
Logistic regression,0.64340239912759,0.8276231263383298,0.4236320886563941
Logistic regression,0.64340239912759,0.828693790149893,0.4235471752739711
Logistic regression,0.6455834242093784,0.828693790149893,0.4234564698845264
Logistic regression,0.6455834242093784,0.8297644539614561,0.4231436790362563
Logistic regression,0.6466739367502726,0.8297644539614561,0.4230933847517156
Logistic regression,0.6466739367502726,0.8351177730192719,0.422339083280125
Logistic regression,0.6543075245365322,0.8351177730192719,0.42129890880371873
Logistic regression,0.6543075245365322,0.8361884368308351,0.4210257332844029
Logistic regression,0.6564885496183206,0.8361884368308351,0.4199488946751498
Logistic regression,0.6564885496183206,0.8372591006423983,0.4199336731732306
Logistic regression,0.658669574700109,0.8372591006423983,0.419723019734884
Logistic regression,0.658669574700109,0.8394004282655246,0.4192592569362918
Logistic regression,0.6641221374045801,0.8394004282655246,0.41834254036068014
Logistic regression,0.6641221374045801,0.8404710920770878,0.4181960673505039
Logistic regression,0.6652126499454744,0.8404710920770878,0.4176740727479603
Logistic regression,0.6652126499454744,0.8426124197002142,0.41751345308454185
Logistic regression,0.6663031624863686,0.8426124197002142,0.4174502660746869
Logistic regression,0.6663031624863686,0.8458244111349036,0.4169461092043951
Logistic regression,0.6673936750272628,0.8458244111349036,0.4166080204381219
Logistic regression,0.6673936750272628,0.8468950749464668,0.4165686339724129
Logistic regression,0.6695747001090513,0.8468950749464668,0.41544654147729493
Logistic regression,0.6695747001090513,0.8479657387580299,0.41544242370867707
Logistic regression,0.6706652126499455,0.8479657387580299,0.41535273671150363
Logistic regression,0.6706652126499455,0.8490364025695931,0.41512207947471574
Logistic regression,0.6717557251908397,0.8490364025695931,0.4150271029891986
Logistic regression,0.6717557251908397,0.8533190578158458,0.4139129605598257
Logistic regression,0.6728462377317339,0.8533190578158458,0.4135434704899895
Logistic regression,0.6728462377317339,0.8554603854389722,0.41322888000896085
Logistic regression,0.6772082878953108,0.8554603854389722,0.41161733979507836
Logistic regression,0.6772082878953108,0.8565310492505354,0.4113339545115421
Logistic regression,0.678298800436205,0.8565310492505354,0.41099006392887977
Logistic regression,0.678298800436205,0.8576017130620985,0.4108349553807438
Logistic regression,0.6804798255179935,0.8576017130620985,0.4104146377023106
Logistic regression,0.6804798255179935,0.8629550321199143,0.4089477255038987
Logistic regression,0.6826608505997819,0.8629550321199143,0.40856638607200946
Logistic regression,0.6826608505997819,0.8661670235546038,0.40733555595113347
Logistic regression,0.6848418756815703,0.8661670235546038,0.40663368355376067
Logistic regression,0.6848418756815703,0.8715203426124197,0.4055052932500044
Logistic regression,0.693565976008724,0.8715203426124197,0.4042271061768788
Logistic regression,0.693565976008724,0.8725910064239829,0.40403238718905526
Logistic regression,0.6968375136314068,0.8725910064239829,0.40293091256391433
Logistic regression,0.6968375136314068,0.8736616702355461,0.4024875826434153
Logistic regression,0.6990185387131952,0.8736616702355461,0.40177375177659397
Logistic regression,0.6990185387131952,0.8768736616702355,0.4007601407874508
Logistic regression,0.7055616139585605,0.8768736616702355,0.3999028617473593
Logistic regression,0.7055616139585605,0.8790149892933619,0.3989688687228146
Logistic regression,0.7066521264994547,0.8790149892933619,0.3988548022688223
Logistic regression,0.7066521264994547,0.8811563169164882,0.39878172474131934
Logistic regression,0.7088331515812432,0.8811563169164882,0.3981453752796358
Logistic regression,0.7088331515812432,0.8843683083511777,0.3973453047882597
Logistic regression,0.7110141766630316,0.8843683083511777,0.39727556223880284
Logistic regression,0.7110141766630316,0.8854389721627409,0.3972023135709938
Logistic regression,0.7121046892039259,0.8854389721627409,0.3971538511254871
Logistic regression,0.7121046892039259,0.8875802997858673,0.39650022695455783
Logistic regression,0.7131952017448201,0.8875802997858673,0.39619910295394134
Logistic regression,0.7131952017448201,0.8886509635974305,0.3960637070282694
Logistic regression,0.7153762268266085,0.8886509635974305,0.39573227377278636
Logistic regression,0.7153762268266085,0.8897216274089935,0.39557783595283336
Logistic regression,0.7175572519083969,0.8897216274089935,0.3952656943827262
Logistic regression,0.7175572519083969,0.8907922912205567,0.39505438176392005
Logistic regression,0.7197382769901853,0.8907922912205567,0.3947789318006959
Logistic regression,0.7197382769901853,0.8918629550321199,0.39433647454303383
Logistic regression,0.7251908396946565,0.8918629550321199,0.3934139874518045
Logistic regression,0.7251908396946565,0.892933618843683,0.3933945871861692
Logistic regression,0.732824427480916,0.892933618843683,0.3916674896064454
Logistic regression,0.732824427480916,0.8940042826552462,0.3915578660908304
Logistic regression,0.7360959651035986,0.8940042826552462,0.3897373893316335
Logistic regression,0.7360959651035986,0.8950749464668094,0.38934784895316804
Logistic regression,0.7393675027262814,0.8950749464668094,0.38898626816881526
Logistic regression,0.7393675027262814,0.8972162740899358,0.3885558774979809
Logistic regression,0.7491821155943293,0.8972162740899358,0.38636212068072834
Logistic regression,0.7491821155943293,0.8982869379014989,0.3863326718906589
Logistic regression,0.7502726281352236,0.8982869379014989,0.3861936927183152
Logistic regression,0.7502726281352236,0.8993576017130621,0.38583959583155975
Logistic regression,0.752453653217012,0.8993576017130621,0.38546785618564
Logistic regression,0.752453653217012,0.9004282655246253,0.3854113765995151
Logistic regression,0.7535441657579062,0.9004282655246253,0.3852306463233615
Logistic regression,0.7535441657579062,0.9014989293361885,0.38494793375100383
Logistic regression,0.7546346782988005,0.9014989293361885,0.3848905281355394
Logistic regression,0.7546346782988005,0.9025695931477516,0.38450377361847937
Logistic regression,0.7579062159214831,0.9025695931477516,0.38364256451757933
Logistic regression,0.7579062159214831,0.9047109207708779,0.3832258042879969
Logistic regression,0.7600872410032715,0.9047109207708779,0.3820871039765258
Logistic regression,0.7600872410032715,0.9068522483940042,0.3813773563215153
Logistic regression,0.7622682660850599,0.9068522483940042,0.38083601730335487
Logistic regression,0.7622682660850599,0.9079229122055674,0.3807974098532796
Logistic regression,0.7633587786259542,0.9079229122055674,0.3807317286603861
Logistic regression,0.7633587786259542,0.9100642398286938,0.37969622404239334
Logistic regression,0.7677208287895311,0.9100642398286938,0.3790998352822455
Logistic regression,0.7677208287895311,0.911134903640257,0.37890410550583903
Logistic regression,0.7764449291166848,0.911134903640257,0.37782580846499586
Logistic regression,0.7764449291166848,0.9132762312633833,0.37725675316596247
Logistic regression,0.7829880043620502,0.9132762312633833,0.37644732909914014
Logistic regression,0.7829880043620502,0.9143468950749465,0.3764439917920803
Logistic regression,0.7840785169029444,0.9143468950749465,0.3763688204599497
Logistic regression,0.7840785169029444,0.9154175588865097,0.3756049254414682
Logistic regression,0.7862595419847328,0.9154175588865097,0.375333066429822
Logistic regression,0.7862595419847328,0.917558886509636,0.37528129068741006
Logistic regression,0.7895310796074155,0.917558886509636,0.37486986170961506
Logistic regression,0.7895310796074155,0.9207708779443254,0.3745213425516063
Logistic regression,0.7917121046892039,0.9207708779443254,0.3740257142854356
Logistic regression,0.7917121046892039,0.9218415417558886,0.3734201457489403
Logistic regression,0.7928026172300982,0.9218415417558886,0.3732961568586288
Logistic regression,0.7928026172300982,0.9229122055674518,0.3730991266372858
Logistic regression,0.7982551799345693,0.9229122055674518,0.37131876959222204
Logistic regression,0.7982551799345693,0.9261241970021413,0.37024139390858846
Logistic regression,0.8047982551799345,0.9261241970021413,0.36848393250156014
Logistic regression,0.8047982551799345,0.9271948608137045,0.36828102664855233
Logistic regression,0.8058887677208287,0.9271948608137045,0.3681098555344094
Logistic regression,0.8058887677208287,0.9282655246252677,0.36808288546436285
Logistic regression,0.8091603053435115,0.9282655246252677,0.3673833342647365
Logistic regression,0.8091603053435115,0.9293361884368309,0.36719592101102183
Logistic regression,0.8102508178844057,0.9293361884368309,0.3663719743658139
Logistic regression,0.8102508178844057,0.9314775160599572,0.3660095681818875
Logistic regression,0.8113413304252999,0.9314775160599572,0.3659375156669724
Logistic regression,0.8113413304252999,0.9325481798715204,0.36577666773509876
Logistic regression,0.8157033805888768,0.9325481798715204,0.36395880977435313
Logistic regression,0.8157033805888768,0.9336188436830836,0.36393036813940616
Logistic regression,0.8189749182115594,0.9336188436830836,0.36345557750602314
Logistic regression,0.8189749182115594,0.9346895074946466,0.3633955059846095
Logistic regression,0.8200654307524536,0.9346895074946466,0.36240159124171456
Logistic regression,0.8200654307524536,0.9357601713062098,0.36233032581322816
Logistic regression,0.822246455834242,0.9357601713062098,0.36201305157367225
Logistic regression,0.822246455834242,0.936830835117773,0.3614605001771383
Logistic regression,0.8233369683751364,0.936830835117773,0.36077691301324977
Logistic regression,0.8233369683751364,0.9379014989293362,0.3604693902314039
Logistic regression,0.8255179934569248,0.9379014989293362,0.35917016019682113
Logistic regression,0.8255179934569248,0.9389721627408993,0.35823445899211226
Logistic regression,0.8287895310796074,0.9389721627408993,0.3572711949269198
Logistic regression,0.8287895310796074,0.9411134903640257,0.35651102098351545
Logistic regression,0.8320610687022901,0.9411134903640257,0.3561169003624336
Logistic regression,0.8320610687022901,0.943254817987152,0.35597116623460456
Logistic regression,0.8353326063249727,0.943254817987152,0.3555972225139842
Logistic regression,0.8353326063249727,0.9443254817987152,0.3550125248315426
Logistic regression,0.8375136314067612,0.9443254817987152,0.35391013349111045
Logistic regression,0.8375136314067612,0.9453961456102784,0.35365574900944635
Logistic regression,0.8386041439476554,0.9453961456102784,0.35330854135545864
Logistic regression,0.8386041439476554,0.9464668094218416,0.3531948933390937
Logistic regression,0.8429661941112323,0.9464668094218416,0.3522375859597982
Logistic regression,0.8429661941112323,0.9486081370449678,0.35204206189959053
Logistic regression,0.8473282442748091,0.9486081370449678,0.35153854690692454
Logistic regression,0.8473282442748091,0.9518201284796574,0.3500954106663661
Logistic regression,0.8484187568157033,0.9518201284796574,0.34956555999616185
Logistic regression,0.8484187568157033,0.9528907922912205,0.3495425943596539
Logistic regression,0.8516902944383861,0.9528907922912205,0.34913033352065037
Logistic regression,0.8516902944383861,0.9539614561027837,0.34857071376441745
Logistic regression,0.8538713195201745,0.9539614561027837,0.3482691246234329
Logistic regression,0.8538713195201745,0.9582441113490364,0.34699181902732823
Logistic regression,0.8571428571428571,0.9582441113490364,0.34537254818042074
Logistic regression,0.8571428571428571,0.9593147751605996,0.3452820173269838
Logistic regression,0.8593238822246456,0.9593147751605996,0.34395770747276466
Logistic regression,0.8593238822246456,0.9603854389721628,0.34362637356669606
Logistic regression,0.8680479825517994,0.9603854389721628,0.34160069861351755
Logistic regression,0.8680479825517994,0.961456102783726,0.34156212501674454
Logistic regression,0.8735005452562704,0.961456102783726,0.33974141317465884
Logistic regression,0.8735005452562704,0.9625267665952891,0.3386674095981539
Logistic regression,0.8789531079607416,0.9625267665952891,0.33569110267273267
Logistic regression,0.8789531079607416,0.9635974304068522,0.3352579308403068
Logistic regression,0.8800436205016358,0.9635974304068522,0.3350369090945569
Logistic regression,0.8800436205016358,0.9646680942184154,0.33499019358388854
Logistic regression,0.8844056706652127,0.9646680942184154,0.3313617175151034
Logistic regression,0.8844056706652127,0.9657387580299786,0.33119390502033635
Logistic regression,0.8898582333696837,0.9657387580299786,0.3293819060272315
Logistic regression,0.8898582333696837,0.9678800856531049,0.32865891063654756
Logistic regression,0.8909487459105779,0.9678800856531049,0.3283292031074261
Logistic regression,0.8909487459105779,0.9689507494646681,0.32787680907343275
Logistic regression,0.8920392584514721,0.9689507494646681,0.3258430521700871
Logistic regression,0.8920392584514721,0.9700214132762313,0.32506939809111185
Logistic regression,0.9018538713195202,0.9700214132762313,0.3189553004057027
Logistic regression,0.9018538713195202,0.9710920770877944,0.31846412773585525
Logistic regression,0.9051254089422028,0.9710920770877944,0.31760585930552854
Logistic regression,0.9051254089422028,0.9721627408993576,0.31699641742415346
Logistic regression,0.9073064340239912,0.9721627408993576,0.3163189435966403
Logistic regression,0.9073064340239912,0.9732334047109208,0.3148514867103523
Logistic regression,0.9083969465648855,0.9732334047109208,0.3146422384674252
Logistic regression,0.9083969465648855,0.9753747323340471,0.3144641891455941
Logistic regression,0.916030534351145,0.9753747323340471,0.30856990196710193
Logistic regression,0.916030534351145,0.9764453961456103,0.3085187868409824
Logistic regression,0.9171210468920392,0.9764453961456103,0.3084751278777707
Logistic regression,0.9171210468920392,0.9785867237687366,0.3068720382449963
Logistic regression,0.9214830970556162,0.9785867237687366,0.3048671709598762
Logistic regression,0.9214830970556162,0.9796573875802997,0.3043658327222027
Logistic regression,0.925845147219193,0.9796573875802997,0.30094489303142286
Logistic regression,0.925845147219193,0.9807280513918629,0.3008231598944571
Logistic regression,0.9323882224645583,0.9807280513918629,0.29674309750370453
Logistic regression,0.9323882224645583,0.9817987152034261,0.29446336825872305
Logistic regression,0.9378407851690295,0.9817987152034261,0.29155800984315794
Logistic regression,0.9378407851690295,0.9839400428265525,0.2911877172010131
Logistic regression,0.9422028353326063,0.9839400428265525,0.28563934090652543
Logistic regression,0.9422028353326063,0.9860813704496788,0.2831230907567552
Logistic regression,0.9432933478735005,0.9860813704496788,0.2821314334009251
Logistic regression,0.9432933478735005,0.987152034261242,0.28202941051781527
Logistic regression,0.9443838604143948,0.987152034261242,0.281047365603141
Logistic regression,0.9443838604143948,0.9892933618843683,0.280354561267154
Logistic regression,0.945474372955289,0.9892933618843683,0.2794898249192258
Logistic regression,0.945474372955289,0.9914346895074947,0.27499227240597746
Logistic regression,0.95092693565976,0.9914346895074947,0.2717020329189084
Logistic regression,0.95092693565976,0.9925053533190579,0.27079361416835085
Logistic regression,0.9541984732824428,0.9925053533190579,0.2703823816479512
Logistic regression,0.9541984732824428,0.9935760171306209,0.26914090114466843
Logistic regression,0.9618320610687023,0.9935760171306209,0.2621510731299084
Logistic regression,0.9618320610687023,0.9946466809421841,0.2619280483910064
Logistic regression,0.9672846237731734,0.9946466809421841,0.25842193822025833
Logistic regression,0.9672846237731734,0.9957173447537473,0.25812790140652747
Logistic regression,0.9814612868047983,0.9957173447537473,0.2348396641136016
Logistic regression,0.9814612868047983,0.9967880085653105,0.23228599349630744
Logistic regression,0.9847328244274809,0.9967880085653105,0.22916079917879653
Logistic regression,0.9847328244274809,0.9989293361884368,0.2221307266204689
Logistic regression,0.9923664122137404,0.9989293361884368,0.21055875419750525
Logistic regression,0.9923664122137404,1.0,0.19761427008800028
Logistic regression,1.0,1.0,0.07668051554519344
Decision tree,0.0,0.0,inf
Decision tree,0.003271537622682661,0.032119914346895075,0.7888198757763976
Decision tree,0.05452562704471101,0.1349036402569593,0.65625
Decision tree,0.12213740458015267,0.2430406852248394,0.6477272727272727
Decision tree,0.12431842966194111,0.25267665952890794,0.625
Decision tree,0.128680479825518,0.2580299785867238,0.6056338028169014
Decision tree,0.23555070883315157,0.3886509635974304,0.5706570657065707
Decision tree,0.29116684841875684,0.45074946466809424,0.562962962962963
Decision tree,0.3031624863685932,0.4743040685224839,0.5447154471544715
Decision tree,0.33151581243184297,0.493576017130621,0.5403225806451613
Decision tree,0.37731733914940024,0.5749464668094219,0.5238095238095238
Decision tree,0.5670665212649946,0.7109207708779444,0.4589211618257261
Decision tree,0.7001090512540894,0.8458244111349036,0.3945818610129564
Decision tree,0.8702290076335878,0.9282655246252677,0.3624801271860095
Decision tree,0.8898582333696837,0.936830835117773,0.35294117647058826
Decision tree,0.9890948745910578,0.9957173447537473,0.34514637904468415
Decision tree,1.0,1.0,0.1794871794871795
Random forest,0.0,0.0,inf
Random forest,0.0,0.0010706638115631692,0.7033335783035183
Random forest,0.0,0.0021413276231263384,0.6743479563168703
Random forest,0.0021810250817884407,0.0021413276231263384,0.6706684897501
Random forest,0.0021810250817884407,0.009635974304068522,0.6574384953970285
Random forest,0.003271537622682661,0.009635974304068522,0.6554575835432013
Random forest,0.003271537622682661,0.01284796573875803,0.6532524509725003
Random forest,0.004362050163576881,0.01284796573875803,0.6523939273462096
Random forest,0.004362050163576881,0.016059957173447537,0.6520612387880483
Random forest,0.0054525627044711015,0.016059957173447537,0.6520000286218584
Random forest,0.0054525627044711015,0.019271948608137045,0.6454128485710068
Random forest,0.006543075245365322,0.019271948608137045,0.6453817800170022
Random forest,0.006543075245365322,0.020342612419700215,0.6450689822270694
Random forest,0.007633587786259542,0.020342612419700215,0.6441697132574729
Random forest,0.007633587786259542,0.022483940042826552,0.6439304587648248
Random forest,0.008724100327153763,0.022483940042826552,0.6438228971951291
Random forest,0.008724100327153763,0.02569593147751606,0.640754361712727
Random forest,0.009814612868047983,0.02569593147751606,0.6405398322672544
Random forest,0.009814612868047983,0.027837259100642397,0.639260840784399
Random forest,0.011995637949836423,0.027837259100642397,0.6380735499586206
Random forest,0.011995637949836423,0.028907922912205567,0.6378689489580128
Random forest,0.013086150490730643,0.028907922912205567,0.6359726788567472
Random forest,0.013086150490730643,0.029978586723768737,0.6350674009191727
Random forest,0.014176663031624863,0.029978586723768737,0.6349854182197817
Random forest,0.014176663031624863,0.03961456102783726,0.6294184873316394
Random forest,0.016357688113413305,0.03961456102783726,0.6286283532971677
Random forest,0.016357688113413305,0.04068522483940043,0.6285683454101776
Random forest,0.017448200654307525,0.04068522483940043,0.6285585501143484
Random forest,0.017448200654307525,0.044967880085653104,0.627071193929221
Random forest,0.018538713195201745,0.044967880085653104,0.6267539142821436
Random forest,0.018538713195201745,0.046038543897216275,0.6267457804004707
Random forest,0.019629225736095966,0.046038543897216275,0.6257651326449132
Random forest,0.019629225736095966,0.048179871520342615,0.6247072947885107
Random forest,0.020719738276990186,0.048179871520342615,0.62440777435336
Random forest,0.020719738276990186,0.05032119914346895,0.6239585400298706
Random forest,0.022900763358778626,0.05032119914346895,0.6237358990044796
Random forest,0.022900763358778626,0.05246252676659529,0.6234168906280414
Random forest,0.023991275899672846,0.05246252676659529,0.6225396910962468
Random forest,0.023991275899672846,0.05353319057815846,0.6219995281003935
Random forest,0.025081788440567066,0.05353319057815846,0.6217546721454954
Random forest,0.025081788440567066,0.055674518201284794,0.6211007547619761
Random forest,0.027262813522355506,0.055674518201284794,0.6200165554880851
Random forest,0.027262813522355506,0.057815845824411134,0.6197806244039538
Random forest,0.028353326063249727,0.057815845824411134,0.6196903355775734
Random forest,0.028353326063249727,0.061027837259100645,0.6191567836543014
Random forest,0.030534351145038167,0.061027837259100645,0.6190041035760867
Random forest,0.030534351145038167,0.069593147751606,0.6173230837991853
Random forest,0.03162486368593239,0.069593147751606,0.6170596018124822
Random forest,0.03162486368593239,0.07066381156316917,0.6167071783781605
Random forest,0.03271537622682661,0.07066381156316917,0.6163348161900964
Random forest,0.03271537622682661,0.07815845824411134,0.6143834435878464
Random forest,0.03380588876772083,0.07815845824411134,0.6143797590784933
Random forest,0.03380588876772083,0.08029978586723768,0.6141766139239856
Random forest,0.03598691384950927,0.08029978586723768,0.6139584499857926
Random forest,0.03598691384950927,0.08244111349036402,0.6136929423087423
Random forest,0.03707742639040349,0.08244111349036402,0.6134716067405416
Random forest,0.03707742639040349,0.08993576017130621,0.6125325683168582
Random forest,0.03816793893129771,0.08993576017130621,0.6123636022770264
Random forest,0.03816793893129771,0.09314775160599571,0.6114333654500798
Random forest,0.03925845147219193,0.09314775160599571,0.6114085705111685
Random forest,0.03925845147219193,0.10813704496788008,0.6065989003076108
Random forest,0.04034896401308615,0.10813704496788008,0.6062958524257052
Random forest,0.04034896401308615,0.11349036402569593,0.605115118331543
Random forest,0.04143947655398037,0.11349036402569593,0.6049177893876647
Random forest,0.04143947655398037,0.1145610278372591,0.6049079561850395
Random forest,0.04252998909487459,0.1145610278372591,0.6048082659301232
Random forest,0.04252998909487459,0.11670235546038545,0.6046673451231424
Random forest,0.04471101417666303,0.11670235546038545,0.6031757506332789
Random forest,0.04471101417666303,0.12312633832976445,0.6023235539358713
Random forest,0.04689203925845147,0.12312633832976445,0.6020421549688268
Random forest,0.04689203925845147,0.12419700214132762,0.6020076809043292
Random forest,0.04798255179934569,0.12419700214132762,0.6017760034437037
Random forest,0.04798255179934569,0.12740899357601712,0.6006027297267379
Random forest,0.04907306434023991,0.12740899357601712,0.6005024422072195
Random forest,0.04907306434023991,0.1316916488222698,0.5996816517897933
Random forest,0.05016357688113413,0.1316916488222698,0.5994202147923009
Random forest,0.05016357688113413,0.13597430406852248,0.5975309072330375
Random forest,0.05125408942202835,0.13597430406852248,0.5972365020310457
Random forest,0.05125408942202835,0.1381156316916488,0.597107212621419
Random forest,0.05234460196292257,0.1381156316916488,0.5970173803441554
Random forest,0.05234460196292257,0.14668094218415417,0.5951308489697946
Random forest,0.05343511450381679,0.14668094218415417,0.5945979385471836
Random forest,0.05343511450381679,0.15096359743040685,0.5931326505945056
Random forest,0.05452562704471101,0.15096359743040685,0.5930207723137629
Random forest,0.05452562704471101,0.15417558886509636,0.5920795795460783
Random forest,0.05561613958560523,0.15417558886509636,0.5919575607178239
Random forest,0.05561613958560523,0.15845824411134904,0.591373165237435
Random forest,0.05670665212649945,0.15845824411134904,0.5911751238951259
Random forest,0.05670665212649945,0.15952890792291222,0.5906815868238643
Random forest,0.05779716466739367,0.15952890792291222,0.5903094282703785
Random forest,0.05779716466739367,0.16059957173447537,0.5899328714823822
Random forest,0.05888767720828789,0.16059957173447537,0.5892661852777928
Random forest,0.05888767720828789,0.1670235546038544,0.5881206891362435
Random forest,0.06324972737186478,0.1670235546038544,0.5876666738010208
Random forest,0.06324972737186478,0.1702355460385439,0.586790542976411
Random forest,0.064340239912759,0.1702355460385439,0.5864862447307174
Random forest,0.064340239912759,0.17237687366167023,0.5858114344819302
Random forest,0.06761177753544166,0.17237687366167023,0.5855291337305705
Random forest,0.06761177753544166,0.1766595289079229,0.5850940513990196
Random forest,0.06870229007633588,0.1766595289079229,0.5850827808667967
Random forest,0.06870229007633588,0.17987152034261242,0.5847767665265281
Random forest,0.07088331515812432,0.17987152034261242,0.5841235465688928
Random forest,0.07088331515812432,0.1809421841541756,0.5840941364825514
Random forest,0.07415485278080698,0.1809421841541756,0.5834849919110988
Random forest,0.07415485278080698,0.18308351177730192,0.5823553077590472
Random forest,0.07960741548527808,0.18308351177730192,0.5816001087784277
Random forest,0.07960741548527808,0.1841541755888651,0.5815401630989878
Random forest,0.0806979280261723,0.1841541755888651,0.5812967176459867
Random forest,0.0806979280261723,0.18522483940042828,0.5807548995835572
Random forest,0.08178844056706652,0.18522483940042828,0.5806786446309958
Random forest,0.08178844056706652,0.19271948608137046,0.578923593672136
Random forest,0.08505997818974918,0.19271948608137046,0.5781328448713872
Random forest,0.08505997818974918,0.1937901498929336,0.577690963951797
Random forest,0.08724100327153762,0.1937901498929336,0.5774573615516038
Random forest,0.08724100327153762,0.1980728051391863,0.5770243091477865
Random forest,0.08833151581243184,0.1980728051391863,0.5769749849273437
Random forest,0.08833151581243184,0.20021413276231265,0.5768569333874531
Random forest,0.08942202835332606,0.20021413276231265,0.5764985326452851
Random forest,0.08942202835332606,0.20770877944325483,0.5756093456265317
Random forest,0.09051254089422028,0.20770877944325483,0.5752131745030002
Random forest,0.09051254089422028,0.20877944325481798,0.5747900256533107
Random forest,0.09269356597600872,0.20877944325481798,0.5745198387159279
Random forest,0.09269356597600872,0.21092077087794434,0.5742324942850172
Random forest,0.09378407851690294,0.21092077087794434,0.5742267230580118
Random forest,0.09378407851690294,0.21306209850107066,0.5740089893431669
Random forest,0.09487459105779716,0.21306209850107066,0.5739477119175558
Random forest,0.09487459105779716,0.21841541755888652,0.573501814842635
Random forest,0.09596510359869138,0.21841541755888652,0.5733030931767116
Random forest,0.09596510359869138,0.22376873661670235,0.5726005026327804
Random forest,0.0970556161395856,0.22376873661670235,0.5722873127258556
Random forest,0.0970556161395856,0.22483940042826553,0.5720533128737186
Random forest,0.09814612868047982,0.22483940042826553,0.5719714516031381
Random forest,0.09814612868047982,0.22698072805139186,0.571591882920395
Random forest,0.09923664122137404,0.22805139186295503,0.5712072014113829
Random forest,0.09923664122137404,0.23126338329764454,0.5703266190716787
Random forest,0.10032715376226826,0.23126338329764454,0.5700954962892909
Random forest,0.10032715376226826,0.23233404710920771,0.5700473493920551
Random forest,0.1025081788440567,0.23233404710920771,0.5698678076200235
Random forest,0.1025081788440567,0.2366167023554604,0.569295343033083
Random forest,0.10468920392584515,0.2366167023554604,0.5687065825554307
Random forest,0.10468920392584515,0.23875802997858672,0.5681485543599785
Random forest,0.10577971646673937,0.23875802997858672,0.5680070801595187
Random forest,0.10577971646673937,0.24089935760171305,0.5678169204368034
Random forest,0.10687022900763359,0.24089935760171305,0.5675668306934019
Random forest,0.10687022900763359,0.24197002141327623,0.5675543293775187
Random forest,0.1079607415485278,0.24197002141327623,0.5674673253975819
Random forest,0.1079607415485278,0.24411134903640258,0.5673657261873989
Random forest,0.10905125408942203,0.24411134903640258,0.5672188288728374
Random forest,0.10905125408942203,0.24518201284796573,0.5671394204973712
Random forest,0.11123227917121047,0.24518201284796573,0.5665325985485633
Random forest,0.11123227917121047,0.2462526766595289,0.5664722894921771
Random forest,0.1134133042529989,0.2462526766595289,0.5660564191338833
Random forest,0.1134133042529989,0.2505353319057816,0.5656831216978563
Random forest,0.11886586695747,0.2505353319057816,0.5655071100343468
Random forest,0.11886586695747,0.25374732334047106,0.5653249571179841
Random forest,0.11995637949836423,0.25374732334047106,0.5652961668813588
Random forest,0.11995637949836423,0.26017130620985013,0.5648161367232554
Random forest,0.12104689203925845,0.26017130620985013,0.5646521160179435
Random forest,0.12104689203925845,0.26124197002141325,0.5644149197761807
Random forest,0.12213740458015267,0.26124197002141325,0.5643371711074093
Random forest,0.12213740458015267,0.2623126338329764,0.5642664583357062
Random forest,0.12322791712104689,0.2623126338329764,0.564160926971108
Random forest,0.12322791712104689,0.2708779443254818,0.5624933457858279
Random forest,0.12431842966194111,0.2708779443254818,0.5624655612598196
Random forest,0.12431842966194111,0.27194860813704497,0.5622784515381596
Random forest,0.12758996728462377,0.27194860813704497,0.5614667699339991
Random forest,0.12758996728462377,0.27301927194860814,0.5613133307917488
Random forest,0.128680479825518,0.27301927194860814,0.5611941405729293
Random forest,0.128680479825518,0.2751605995717345,0.5606671828101341
Random forest,0.1297709923664122,0.2751605995717345,0.5606553355518011
Random forest,0.1297709923664122,0.2773019271948608,0.5603842581803415
Random forest,0.13086150490730644,0.2773019271948608,0.5603443700967329
Random forest,0.13086150490730644,0.278372591006424,0.5602665280438333
Random forest,0.13195201744820065,0.278372591006424,0.5600278990015566
Random forest,0.13195201744820065,0.2826552462526767,0.5595179487896157
Random forest,0.13631406761177753,0.2826552462526767,0.5582193346112816
Random forest,0.13631406761177753,0.284796573875803,0.5578957686739622
Random forest,0.13740458015267176,0.28586723768736616,0.5575233698859134
Random forest,0.13740458015267176,0.2880085653104925,0.5569659777321158
Random forest,0.13849509269356597,0.2880085653104925,0.5569140969442011
Random forest,0.13849509269356597,0.2890792291220557,0.5568923576868492
Random forest,0.1395856052344602,0.2890792291220557,0.5566684834594389
Random forest,0.1395856052344602,0.291220556745182,0.5565297704219412
Random forest,0.1406761177753544,0.291220556745182,0.5562801202320535
Random forest,0.1406761177753544,0.29229122055674517,0.5560794374048023
Random forest,0.14176663031624864,0.29229122055674517,0.5557219508519108
Random forest,0.14176663031624864,0.29336188436830835,0.5556273317142959
Random forest,0.14285714285714285,0.29336188436830835,0.5556190786184947
Random forest,0.14285714285714285,0.2944325481798715,0.5555546126834067
Random forest,0.14394765539803708,0.2944325481798715,0.5553141949333088
Random forest,0.14394765539803708,0.29764453961456105,0.5549065721212302
Random forest,0.14612868047982552,0.29764453961456105,0.554329910342585
Random forest,0.14612868047982552,0.2987152034261242,0.5540600378856376
Random forest,0.14830970556161396,0.2987152034261242,0.5536789216759075
Random forest,0.14830970556161396,0.30085653104925053,0.5535591260853511
Random forest,0.14940021810250817,0.30085653104925053,0.5534630485658112
Random forest,0.14940021810250817,0.3029978586723769,0.5528104885610853
Random forest,0.1504907306434024,0.3029978586723769,0.5526332277799006
Random forest,0.1504907306434024,0.30620985010706636,0.552296589487764
Random forest,0.1515812431842966,0.30620985010706636,0.5519363981837714
Random forest,0.1515812431842966,0.31049250535331907,0.5516329960381948
Random forest,0.15267175572519084,0.31049250535331907,0.5516105079356907
Random forest,0.15267175572519084,0.31370449678800855,0.5512688891332466
Random forest,0.15703380588876772,0.31370449678800855,0.5507291426557693
Random forest,0.15703380588876772,0.3147751605995717,0.5506989637255186
Random forest,0.15812431842966193,0.3147751605995717,0.5504908926147167
Random forest,0.15812431842966193,0.31905781584582443,0.549750669735892
Random forest,0.16030534351145037,0.31905781584582443,0.5495990488667815
Random forest,0.16030534351145037,0.3233404710920771,0.5491957590154047
Random forest,0.1613958560523446,0.3233404710920771,0.5490895750943212
Random forest,0.1613958560523446,0.3297644539614561,0.5485314364453403
Random forest,0.1624863685932388,0.3297644539614561,0.5483699054466237
Random forest,0.1624863685932388,0.3372591006423983,0.5478317671475973
Random forest,0.16466739367502725,0.3372591006423983,0.5474828836088262
Random forest,0.16466739367502725,0.33940042826552463,0.5471704102682103
Random forest,0.16575790621592149,0.33940042826552463,0.5471488391814957
Random forest,0.16575790621592149,0.3404710920770878,0.5469878805799361
Random forest,0.1668484187568157,0.3404710920770878,0.5468602732496755
Random forest,0.1668484187568157,0.3436830835117773,0.5466965792688161
Random forest,0.17011995637949837,0.3436830835117773,0.5460507290275067
Random forest,0.17011995637949837,0.3468950749464668,0.5459134349555204
Random forest,0.17121046892039257,0.3468950749464668,0.5457943976703653
Random forest,0.17121046892039257,0.34796573875803,0.5456624014502216
Random forest,0.173391494002181,0.34796573875803,0.5451693084971589
Random forest,0.173391494002181,0.3501070663811563,0.5442424944283171
Random forest,0.17557251908396945,0.3501070663811563,0.5440780586931735
Random forest,0.17557251908396945,0.3511777301927195,0.5438206440520622
Random forest,0.1766630316248637,0.3511777301927195,0.5436616537597394
Random forest,0.1766630316248637,0.3554603854389722,0.5432094462517473
Random forest,0.1777535441657579,0.3554603854389722,0.5431823825893825
Random forest,0.1777535441657579,0.35653104925053536,0.5431562751102487
Random forest,0.17884405670665213,0.35653104925053536,0.5431321425484191
Random forest,0.17884405670665213,0.35974304068522484,0.5429070316647465
Random forest,0.1821155943293348,0.35974304068522484,0.5421864651239741
Random forest,0.1821155943293348,0.3640256959314775,0.5419302567882461
Random forest,0.18429661941112324,0.3640256959314775,0.5418638785809832
Random forest,0.18429661941112324,0.367237687366167,0.541625292190615
Random forest,0.18647764449291168,0.367237687366167,0.5414209775316946
Random forest,0.18647764449291168,0.37044967880085655,0.5409101553655767
Random forest,0.18865866957470012,0.37044967880085655,0.5407185650276457
Random forest,0.18865866957470012,0.37366167023554603,0.5399157708033829
Random forest,0.19193020719738277,0.37366167023554603,0.539303791137182
Random forest,0.19193020719738277,0.3747323340471092,0.5392053839744567
Random forest,0.19520174482006544,0.3747323340471092,0.5388833432713169
Random forest,0.19520174482006544,0.3758029978586724,0.5387234207054775
Random forest,0.19629225736095965,0.3758029978586724,0.5385238284335586
Random forest,0.19629225736095965,0.37794432548179874,0.5383866075616764
Random forest,0.2039258451472192,0.37794432548179874,0.537728710042429
Random forest,0.2039258451472192,0.37901498929336186,0.5374884320732086
Random forest,0.2050163576881134,0.37901498929336186,0.5371244049470719
Random forest,0.2050163576881134,0.3822269807280514,0.5369068221984689
Random forest,0.20610687022900764,0.3822269807280514,0.5366447918030754
Random forest,0.20610687022900764,0.3854389721627409,0.5359380486290763
Random forest,0.2093784078516903,0.3854389721627409,0.5354682626080958
Random forest,0.2093784078516903,0.38650963597430404,0.5353743544304032
Random forest,0.21264994547437296,0.38650963597430404,0.5349073916421849
Random forest,0.21264994547437296,0.3875802997858672,0.5348292557679947
Random forest,0.2148309705561614,0.3875802997858672,0.5347420571118029
Random forest,0.2148309705561614,0.3886509635974304,0.5347009522949782
Random forest,0.2159214830970556,0.3886509635974304,0.5346258020735675
Random forest,0.2159214830970556,0.3897216274089936,0.5344527695712303
Random forest,0.21810250817884405,0.3897216274089936,0.5342802643300285
Random forest,0.21810250817884405,0.39186295503211993,0.5342320691932373
Random forest,0.2202835332606325,0.39186295503211993,0.5338901117661695
Random forest,0.2202835332606325,0.3929336188436831,0.5337611954238345
Random forest,0.22355507088331517,0.3929336188436831,0.5325790003495781
Random forest,0.22355507088331517,0.3961456102783726,0.5319379410912808
Random forest,0.2300981461286805,0.3961456102783726,0.5311045043709304
Random forest,0.2300981461286805,0.4014989293361884,0.5303806154057573
Random forest,0.2311886586695747,0.4014989293361884,0.530378723414927
Random forest,0.2311886586695747,0.4025695931477516,0.5303061303986519
Random forest,0.23227917121046893,0.40364025695931477,0.530253500019048
Random forest,0.23336968375136313,0.40364025695931477,0.5300333084779044
Random forest,0.23336968375136313,0.40471092077087795,0.5296735613401967
Random forest,0.23446019629225737,0.40471092077087795,0.5295848482279831
Random forest,0.23446019629225737,0.4068522483940043,0.5294676890348876
Random forest,0.23555070883315157,0.4068522483940043,0.5292256742652014
Random forest,0.23555070883315157,0.4079229122055675,0.5292075460348666
Random forest,0.2366412213740458,0.4079229122055675,0.5290677756610063
Random forest,0.2366412213740458,0.4100642398286938,0.5287645734016695
Random forest,0.23991275899672845,0.4100642398286938,0.528561065547364
Random forest,0.23991275899672845,0.4164882226980728,0.5279357734369637
Random forest,0.2410032715376227,0.4164882226980728,0.5278691152117441
Random forest,0.2410032715376227,0.41862955032119914,0.5275586627654252
Random forest,0.2420937840785169,0.41862955032119914,0.5274045961638474
Random forest,0.2420937840785169,0.42184154175588867,0.5272917660755101
Random forest,0.24318429661941113,0.42184154175588867,0.5271224274484265
Random forest,0.24318429661941113,0.42398286937901497,0.5270712413363752
Random forest,0.24536532170119957,0.42398286937901497,0.5266476480007767
Random forest,0.24536532170119957,0.42505353319057815,0.5264074666666422
Random forest,0.247546346782988,0.42505353319057815,0.5263190191184205
Random forest,0.247546346782988,0.4261241970021413,0.5261507502088263
Random forest,0.24863685932388221,0.4261241970021413,0.5256556841405314
Random forest,0.24863685932388221,0.4282655246252677,0.5255779508846524
Random forest,0.24972737186477645,0.4282655246252677,0.5255654512704404
Random forest,0.24972737186477645,0.43576017130620986,0.5246668428443831
Random forest,0.25081788440567065,0.43576017130620986,0.524488903304553
Random forest,0.25081788440567065,0.43897216274089934,0.5240577395973045
Random forest,0.2529989094874591,0.43897216274089934,0.5237552806298974
Random forest,0.2529989094874591,0.4400428265524625,0.5237092608229655
Random forest,0.25408942202835333,0.4400428265524625,0.523638892352957
Random forest,0.25408942202835333,0.44325481798715205,0.523568071751187
Random forest,0.25627044711014174,0.44325481798715205,0.523030701210766
Random forest,0.25627044711014174,0.4464668094218415,0.522634389020683
Random forest,0.257360959651036,0.4464668094218415,0.5225090629331609
Random forest,0.257360959651036,0.4475374732334047,0.5218643691732676
Random forest,0.2584514721919302,0.4475374732334047,0.5218432445883059
Random forest,0.2584514721919302,0.45074946466809424,0.5214677506740446
Random forest,0.2595419847328244,0.45074946466809424,0.5213475773777417
Random forest,0.2595419847328244,0.4518201284796574,0.5213171730142484
Random forest,0.2606324972737186,0.4518201284796574,0.5212487830043121
Random forest,0.2606324972737186,0.4539614561027837,0.5210660383874601
Random forest,0.2617230098146129,0.4539614561027837,0.5207996921484337
Random forest,0.2617230098146129,0.4593147751605996,0.5192024613786504
Random forest,0.2628135223555071,0.4593147751605996,0.518980594372559
Random forest,0.2628135223555071,0.4603854389721627,0.5189097122956805
Random forest,0.2639040348964013,0.4603854389721627,0.518889211136763
Random forest,0.2639040348964013,0.4625267665952891,0.5185502862483587
Random forest,0.2649945474372955,0.4625267665952891,0.5182165349512386
Random forest,0.2649945474372955,0.47109207708779444,0.5174841214036471
Random forest,0.26717557251908397,0.47109207708779444,0.5173073483332871
Random forest,0.26717557251908397,0.4732334047109208,0.5172193907197319
Random forest,0.2682660850599782,0.4732334047109208,0.517171712575464
Random forest,0.2682660850599782,0.4753747323340471,0.5167656830094456
Random forest,0.2693565976008724,0.4753747323340471,0.5167275168952025
Random forest,0.2693565976008724,0.48394004282655245,0.5157461844718837
Random forest,0.27044711014176664,0.48394004282655245,0.5155575403736519
Random forest,0.27044711014176664,0.4860813704496788,0.5154554460832133
Random forest,0.27153762268266085,0.4860813704496788,0.5153881591410856
Random forest,0.27153762268266085,0.4892933618843683,0.5149083524055752
Random forest,0.2737186477644493,0.4892933618843683,0.5145271266990893
Random forest,0.2737186477644493,0.49036402569593146,0.5144704280320311
Random forest,0.27589967284623773,0.49036402569593146,0.5143043596095143
Random forest,0.27589967284623773,0.49678800856531047,0.5138269470681598
Random forest,0.27699018538713194,0.49678800856531047,0.513803660103114
Random forest,0.27699018538713194,0.49785867237687365,0.5136577334957656
Random forest,0.2813522355507088,0.49785867237687365,0.5130054472709155
Random forest,0.2813522355507088,0.5021413276231264,0.5122997019245032
Random forest,0.2835332606324973,0.5021413276231264,0.5122508190791163
Random forest,0.2835332606324973,0.5064239828693791,0.5117977947969544
Random forest,0.2857142857142857,0.5064239828693791,0.511512221446398
Random forest,0.2857142857142857,0.5074946466809421,0.5109442147982097
Random forest,0.28680479825517996,0.5074946466809421,0.5108605831756616
Random forest,0.28680479825517996,0.5085653104925053,0.5108027279759935
Random forest,0.28789531079607417,0.5085653104925053,0.5107931418389433
Random forest,0.28789531079607417,0.5117773019271948,0.509231239697918
Random forest,0.29116684841875684,0.5117773019271948,0.5088857579413126
Random forest,0.29116684841875684,0.5214132762312634,0.5075377499759751
Random forest,0.29334787350054525,0.5214132762312634,0.5073755949634259
Random forest,0.29334787350054525,0.5235546038543897,0.5072219084527889
Random forest,0.29443838604143946,0.5235546038543897,0.5071246768750444
Random forest,0.29443838604143946,0.5246252676659529,0.5067860617187785
Random forest,0.302071973827699,0.5246252676659529,0.5053377391872653
Random forest,0.302071973827699,0.5267665952890792,0.5050857566358784
Random forest,0.3053435114503817,0.5267665952890792,0.5048108191786769
Random forest,0.3053435114503817,0.5299785867237687,0.5044418691611037
Random forest,0.3075245365321701,0.5299785867237687,0.5041623396699434
Random forest,0.3075245365321701,0.5321199143468951,0.504087567726804
Random forest,0.30861504907306436,0.5321199143468951,0.5040849331553753
Random forest,0.30861504907306436,0.5396145610278372,0.5033631252130446
Random forest,0.30970556161395857,0.5396145610278372,0.5033502438102007
Random forest,0.30970556161395857,0.5417558886509636,0.5029352393975546
Random forest,0.311886586695747,0.5417558886509636,0.5027586835672304
Random forest,0.311886586695747,0.5438972162740899,0.5027166670867229
Random forest,0.31515812431842966,0.5438972162740899,0.5021477389868103
Random forest,0.31515812431842966,0.5449678800856531,0.5020021533764761
Random forest,0.31624863685932386,0.5449678800856531,0.5018584375331263
Random forest,0.31624863685932386,0.5460385438972163,0.5017136630002449
Random forest,0.32061068702290074,0.5460385438972163,0.5012559569185067
Random forest,0.32061068702290074,0.5481798715203426,0.5010739313243567
Random forest,0.321701199563795,0.5481798715203426,0.5010736419072949
Random forest,0.321701199563795,0.5492505353319058,0.5009909099320473
Random forest,0.3238822246455834,0.5492505353319058,0.5009535743306668
Random forest,0.3238822246455834,0.5524625267665952,0.5005526087397741
Random forest,0.3249727371864776,0.5524625267665952,0.5004345807121505
Random forest,0.3249727371864776,0.5535331905781584,0.5002867775920246
Random forest,0.3326063249727372,0.5535331905781584,0.49957323599013187
Random forest,0.3326063249727372,0.5546038543897216,0.49947160981491495
Random forest,0.3336968375136314,0.5546038543897216,0.49942207569366004
Random forest,0.3336968375136314,0.5578158458244111,0.49931654501079253
Random forest,0.33478735005452565,0.5578158458244111,0.49925887967949045
Random forest,0.33478735005452565,0.5588865096359743,0.49910151638078215
Random forest,0.33696837513631406,0.5588865096359743,0.49882096621819005
Random forest,0.33696837513631406,0.5610278372591007,0.49863643768147714
Random forest,0.33805888767720826,0.5610278372591007,0.498614703932807
Random forest,0.33805888767720826,0.563169164882227,0.49787127267729625
Random forest,0.34023991275899673,0.563169164882227,0.49784213304846076
Random forest,0.34023991275899673,0.5642398286937902,0.4975893067027342
Random forest,0.34133042529989094,0.5642398286937902,0.4975674372175573
Random forest,0.34133042529989094,0.5663811563169164,0.4974484547222166
Random forest,0.34242093784078514,0.5663811563169164,0.4974347670886726
Random forest,0.34242093784078514,0.5674518201284796,0.4971796641041888
Random forest,0.3435114503816794,0.5674518201284796,0.4971564878141491
Random forest,0.3435114503816794,0.569593147751606,0.49664664659858987
Random forest,0.3456924754634678,0.569593147751606,0.4964123248817034
Random forest,0.3456924754634678,0.5781584582441114,0.49542904536981225
Random forest,0.3478735005452563,0.5781584582441114,0.49534120550745453
Random forest,0.3478735005452563,0.5835117773019272,0.4951129236634391
Random forest,0.3489640130861505,0.5835117773019272,0.49500853465501204
Random forest,0.3489640130861505,0.5845824411134903,0.49489648429637484
Random forest,0.3500545256270447,0.5845824411134903,0.4946053238202628
Random forest,0.3500545256270447,0.588865096359743,0.4944215674885977
Random forest,0.3511450381679389,0.588865096359743,0.4941702359608905
Random forest,0.3511450381679389,0.5899357601713062,0.49406820141248703
Random forest,0.35223555070883317,0.5899357601713062,0.4937058520241859
Random forest,0.35223555070883317,0.5920770877944326,0.49349068186790895
Random forest,0.3555070883315158,0.5920770877944326,0.49334291410855147
Random forest,0.3555070883315158,0.5931477516059958,0.49333856016477523
Random forest,0.35659760087241005,0.5931477516059958,0.49328393962874245
Random forest,0.35659760087241005,0.5942184154175589,0.4931436987576373
Random forest,0.35768811341330425,0.5942184154175589,0.49307295532971424
Random forest,0.35768811341330425,0.5963597430406852,0.49278468684275367
Random forest,0.366412213740458,0.5963597430406852,0.4910186127336913
Random forest,0.366412213740458,0.5995717344753747,0.49092762459171835
Random forest,0.3685932388222465,0.5995717344753747,0.49068538940930306
Random forest,0.3685932388222465,0.6027837259100642,0.4900918525120384
Random forest,0.37295528898582336,0.6027837259100642,0.48976622080606025
Random forest,0.37295528898582336,0.6038543897216274,0.4896363394640539
Random forest,0.3751363140676118,0.6038543897216274,0.4887743386896099
Random forest,0.3751363140676118,0.6049250535331906,0.4887031136105578
Random forest,0.376226826608506,0.6049250535331906,0.4886751022831048
Random forest,0.376226826608506,0.6059957173447538,0.48866659626840236
Random forest,0.37840785169029445,0.6059957173447538,0.4884143213980555
Random forest,0.37840785169029445,0.6081370449678801,0.4882279533715612
Random forest,0.37949836423118866,0.6081370449678801,0.48804611904681094
Random forest,0.37949836423118866,0.6092077087794433,0.48775336217688253
Random forest,0.38495092693565974,0.6092077087794433,0.4873620050313569
Random forest,0.38495092693565974,0.6113490364025695,0.4871701303860012
Random forest,0.386041439476554,0.6113490364025695,0.48713258842684976
Random forest,0.386041439476554,0.6124197002141327,0.4868887362255424
Random forest,0.3882224645583424,0.6124197002141327,0.4866568804941961
Random forest,0.3882224645583424,0.6145610278372591,0.4862198208975179
Random forest,0.3893129770992366,0.6145610278372591,0.4860326889343761
Random forest,0.3893129770992366,0.6156316916488223,0.4859530108288634
Random forest,0.3914940021810251,0.6156316916488223,0.48542368752481396
Random forest,0.3914940021810251,0.6167023554603854,0.4853956094132135
Random forest,0.3925845147219193,0.6167023554603854,0.4853398412714229
Random forest,0.3925845147219193,0.6177730192719486,0.48529103711473853
Random forest,0.3936750272628135,0.6177730192719486,0.4850273336791559
Random forest,0.3936750272628135,0.6188436830835118,0.4850062049225874
Random forest,0.39476553980370777,0.6188436830835118,0.48481919961684494
Random forest,0.39476553980370777,0.619914346895075,0.4848035290965788
Random forest,0.40021810250817885,0.619914346895075,0.48424757934328544
Random forest,0.40021810250817885,0.6209850107066381,0.48421557441286217
Random forest,0.40130861504907306,0.6209850107066381,0.48420157772264416
Random forest,0.40130861504907306,0.6220556745182013,0.4840122730269059
Random forest,0.40567066521264994,0.6220556745182013,0.483706411021955
Random forest,0.40567066521264994,0.6231263383297645,0.4835126223214396
Random forest,0.4078516902944384,0.6231263383297645,0.4832013512805308
Random forest,0.4078516902944384,0.6252676659528907,0.48293455816757747
Random forest,0.4122137404580153,0.6252676659528907,0.48239439624504155
Random forest,0.4122137404580153,0.6274089935760171,0.482308169768507
Random forest,0.4187568157033806,0.6274089935760171,0.4817041591298331
Random forest,0.4187568157033806,0.6284796573875803,0.48168549263097205
Random forest,0.4198473282442748,0.6284796573875803,0.48154746545593763
Random forest,0.4198473282442748,0.632762312633833,0.48083057156571046
Random forest,0.42202835332606325,0.632762312633833,0.4806942486728541
Random forest,0.42202835332606325,0.6338329764453962,0.4806806269496427
Random forest,0.42311886586695746,0.6338329764453962,0.4804395139356495
Random forest,0.42311886586695746,0.6349036402569593,0.4804019137735546
Random forest,0.42529989094874593,0.6349036402569593,0.4799659063079828
Random forest,0.42529989094874593,0.6370449678800857,0.47986265116557314
Random forest,0.42639040348964014,0.6370449678800857,0.4794454372526748
Random forest,0.42639040348964014,0.6381156316916489,0.4793767430091902
Random forest,0.42748091603053434,0.6381156316916489,0.47929846729144937
Random forest,0.42748091603053434,0.6402569593147751,0.47901563005153525
Random forest,0.4296619411123228,0.6402569593147751,0.47859690483237227
Random forest,0.4296619411123228,0.6423982869379015,0.47832741118747746
Random forest,0.430752453653217,0.6423982869379015,0.4783184022284358
Random forest,0.430752453653217,0.6434689507494646,0.4781554760887108
Random forest,0.4318429661941112,0.6434689507494646,0.47794208764479434
Random forest,0.4318429661941112,0.6445396145610278,0.47793676608093477
Random forest,0.4394765539803708,0.6445396145610278,0.4773308632728485
Random forest,0.4394765539803708,0.645610278372591,0.47723096430903367
Random forest,0.440567066521265,0.645610278372591,0.47711428197844985
Random forest,0.440567066521265,0.6466809421841542,0.477041676675099
Random forest,0.4416575790621592,0.6466809421841542,0.47691810488623987
Random forest,0.4416575790621592,0.6531049250535332,0.47638361729087264
Random forest,0.44274809160305345,0.6531049250535332,0.4763731928141609
Random forest,0.44274809160305345,0.6541755888650964,0.4762923132949782
Random forest,0.44383860414394766,0.6541755888650964,0.4762691213989732
Random forest,0.44383860414394766,0.6552462526766595,0.47572305145441723
Random forest,0.44492911668484186,0.6552462526766595,0.47562065726099834
Random forest,0.44492911668484186,0.6573875802997858,0.4755735122899584
Random forest,0.44601962922573607,0.6573875802997858,0.47556561875120507
Random forest,0.44601962922573607,0.6627408993576017,0.47491756765884297
Random forest,0.44711014176663033,0.6627408993576017,0.4748081909389889
Random forest,0.44711014176663033,0.6638115631691649,0.4747127602369069
Random forest,0.44820065430752454,0.6638115631691649,0.47469779194635203
Random forest,0.44820065430752454,0.6659528907922913,0.4742704987180744
Random forest,0.4514721919302072,0.6659528907922913,0.4740272391125745
Random forest,0.4514721919302072,0.6670235546038544,0.47386845658172183
Random forest,0.4558342420937841,0.6670235546038544,0.4736466533990159
Random forest,0.4558342420937841,0.671306209850107,0.473113724596894
Random forest,0.4580152671755725,0.671306209850107,0.47305997697397506
Random forest,0.4580152671755725,0.6745182012847966,0.47280933848415047
Random forest,0.460196292257361,0.6745182012847966,0.4727056775181361
Random forest,0.460196292257361,0.6766595289079229,0.4720982800163982
Random forest,0.4623773173391494,0.6766595289079229,0.4720259210142262
Random forest,0.4623773173391494,0.6798715203426124,0.4717643436654664
Random forest,0.46564885496183206,0.6798715203426124,0.4709099205434192
Random forest,0.46564885496183206,0.6809421841541756,0.470858591658827
Random forest,0.47546346782988,0.6809421841541756,0.46967731217462255
Random forest,0.47546346782988,0.683083511777302,0.46917021743234355
Random forest,0.4765539803707743,0.683083511777302,0.46899891995586496
Random forest,0.4765539803707743,0.684154175588865,0.46892405611492993
Random forest,0.48091603053435117,0.684154175588865,0.4684586518569268
Random forest,0.48091603053435117,0.6852248394004282,0.4683813599773432
Random forest,0.4841875681570338,0.6852248394004282,0.46821547276852576
Random forest,0.4841875681570338,0.6873661670235546,0.4681044284364202
Random forest,0.48636859323882226,0.6873661670235546,0.4679442790703689
Random forest,0.48636859323882226,0.6884368308351178,0.46793000880058544
Random forest,0.48964013086150493,0.6884368308351178,0.4676505547771074
Random forest,0.48964013086150493,0.6905781584582441,0.4674077738156457
Random forest,0.49073064340239914,0.6905781584582441,0.4674029398667946
Random forest,0.49073064340239914,0.6916488222698073,0.4673742361233561
Random forest,0.49291166848418755,0.6916488222698073,0.46709345509389805
Random forest,0.49291166848418755,0.6937901498929336,0.4669468435801637
Random forest,0.49727371864776443,0.6937901498929336,0.4665729100586527
Random forest,0.49727371864776443,0.6948608137044968,0.466542869009574
Random forest,0.4983642311886587,0.6948608137044968,0.4665081346790935
Random forest,0.4983642311886587,0.702355460385439,0.46592002597629056
Random forest,0.4994547437295529,0.702355460385439,0.46575224699655215
Random forest,0.4994547437295529,0.7034261241970021,0.46573210702205703
Random forest,0.5005452562704471,0.7034261241970021,0.465599313724487
Random forest,0.5005452562704471,0.7044967880085653,0.46509254643276515
Random forest,0.5016357688113413,0.7044967880085653,0.46509195570558826
Random forest,0.5016357688113413,0.7055674518201285,0.46502716892194557
Random forest,0.5027262813522355,0.7055674518201285,0.46502111402923957
Random forest,0.5027262813522355,0.7066381156316917,0.46498399466320034
Random forest,0.5038167938931297,0.7066381156316917,0.4649435896276624
Random forest,0.5038167938931297,0.7077087794432548,0.46472479263733824
Random forest,0.5092693565976009,0.7077087794432548,0.46393316230789877
Random forest,0.5092693565976009,0.708779443254818,0.463819590755586
Random forest,0.5103598691384951,0.708779443254818,0.46362093706974294
Random forest,0.5103598691384951,0.7098501070663812,0.4635329252230653
Random forest,0.5136314067611778,0.7098501070663812,0.46327559176730454
Random forest,0.5136314067611778,0.7130620985010707,0.4628328304668041
Random forest,0.5158124318429662,0.7130620985010707,0.4626565735768561
Random forest,0.5158124318429662,0.7162740899357601,0.46210622967194864
Random forest,0.5169029443838604,0.7162740899357601,0.4620411728881165
Random forest,0.5169029443838604,0.7173447537473233,0.46196215464493473
Random forest,0.5212649945474372,0.7173447537473233,0.4617575229227862
Random forest,0.5212649945474372,0.7194860813704497,0.4613592677274587
Random forest,0.5234460196292258,0.7194860813704497,0.46109414694158
Random forest,0.5234460196292258,0.7237687366167024,0.46067877726308587
Random forest,0.5256270447110142,0.7237687366167024,0.46042838689103865
Random forest,0.5256270447110142,0.7248394004282656,0.4604262204860344
Random forest,0.5310796074154853,0.7248394004282656,0.4602203278615895
Random forest,0.5310796074154853,0.7269807280513919,0.45998882011228887
Random forest,0.5332606324972737,0.7269807280513919,0.4596924577665551
Random forest,0.5332606324972737,0.7301927194860813,0.4591154490165544
Random forest,0.5343511450381679,0.7301927194860813,0.45903738299347724
Random forest,0.5343511450381679,0.7312633832976445,0.4588798727358158
Random forest,0.5354416575790621,0.7312633832976445,0.458628835732071
Random forest,0.5354416575790621,0.7334047109207709,0.45809888601020804
Random forest,0.5365321701199564,0.7334047109207709,0.45791545961621527
Random forest,0.5365321701199564,0.734475374732334,0.4578262006592437
Random forest,0.5387131952017448,0.734475374732334,0.45778748113325085
Random forest,0.5387131952017448,0.7355460385438972,0.45778717208174374
Random forest,0.5387131952017448,0.7376873661670236,0.4577102066999226
Random forest,0.5398037077426391,0.7376873661670236,0.4577063780981026
Random forest,0.5419847328244275,0.7376873661670236,0.45756732559721597
Random forest,0.5452562704471101,0.7376873661670236,0.45739621558417026
Random forest,0.5452562704471101,0.7387580299785867,0.4573314428386953
Random forest,0.5463467829880043,0.7387580299785867,0.457310399529042
Random forest,0.5463467829880043,0.7408993576017131,0.4572858495562887
Random forest,0.5485278080697928,0.7408993576017131,0.45668330135298807
Random forest,0.5485278080697928,0.7419700214132763,0.456579381285675
Random forest,0.5507088331515813,0.7419700214132763,0.4564257800870578
Random forest,0.5507088331515813,0.7430406852248393,0.45620424974898655
Random forest,0.5517993456924755,0.7430406852248393,0.4561619325908864
Random forest,0.5517993456924755,0.7451820128479657,0.4557817730247013
Random forest,0.5528898582333697,0.7451820128479657,0.45576418379973094
Random forest,0.5528898582333697,0.7462526766595289,0.4557564488698244
Random forest,0.5561613958560524,0.7462526766595289,0.45554273229098313
Random forest,0.5561613958560524,0.7473233404710921,0.45537796699055366
Random forest,0.5583424209378408,0.7473233404710921,0.45524125823219025
Random forest,0.5583424209378408,0.7494646680942184,0.455202309448975
Random forest,0.5605234460196292,0.7494646680942184,0.45511208943822457
Random forest,0.5605234460196292,0.7526766595289079,0.4547780149394483
Random forest,0.5616139585605234,0.7526766595289079,0.45472042754600045
Random forest,0.5616139585605234,0.7537473233404711,0.454680221744456
Random forest,0.5637949836423118,0.7537473233404711,0.4545603006230085
Random forest,0.5637949836423118,0.7548179871520343,0.45451573428053765
Random forest,0.5648854961832062,0.7548179871520343,0.45447507864114023
Random forest,0.5648854961832062,0.7558886509635975,0.4543002015284858
Random forest,0.5681570338058888,0.7558886509635975,0.4542298729978065
Random forest,0.5681570338058888,0.7591006423982869,0.4539411587740653
Random forest,0.5703380588876772,0.7591006423982869,0.4537784274600818
Random forest,0.5703380588876772,0.7601713062098501,0.4537552209960569
Random forest,0.5725190839694656,0.7601713062098501,0.4536331409655124
Random forest,0.5725190839694656,0.7623126338329764,0.45360324810248087
Random forest,0.5736095965103599,0.7623126338329764,0.4532070357096574
Random forest,0.5736095965103599,0.7644539614561028,0.4530445963147881
Random forest,0.5801526717557252,0.7644539614561028,0.45268507171481753
Random forest,0.5801526717557252,0.765524625267666,0.4526559170045027
Random forest,0.5845147219193021,0.765524625267666,0.45237646246972035
Random forest,0.5845147219193021,0.7676659528907923,0.45169500817052044
Random forest,0.5856052344601963,0.7676659528907923,0.4515178876742601
Random forest,0.5856052344601963,0.7687366167023555,0.4514731555033429
Random forest,0.5921483097055616,0.7687366167023555,0.4510113595014571
Random forest,0.5921483097055616,0.7698072805139187,0.45084661604210463
Random forest,0.5976008724100327,0.7698072805139187,0.4502747450227574
Random forest,0.5976008724100327,0.771948608137045,0.44992874266646954
Random forest,0.5997818974918212,0.771948608137045,0.44977315080903396
Random forest,0.5997818974918212,0.7740899357601713,0.4496377137720623
Random forest,0.6008724100327154,0.7740899357601713,0.4496241727115167
Random forest,0.6008724100327154,0.7751605995717344,0.44956107209955515
Random forest,0.6019629225736096,0.7751605995717344,0.44943597754702547
Random forest,0.6019629225736096,0.7815845824411135,0.4489704515301495
Random forest,0.6052344601962922,0.7815845824411135,0.4488774362721151
Random forest,0.6052344601962922,0.7826552462526767,0.4488084602486693
Random forest,0.6063249727371864,0.7826552462526767,0.44879754699458796
Random forest,0.6063249727371864,0.784796573875803,0.4484064214804163
Random forest,0.608505997818975,0.784796573875803,0.44829698102723375
Random forest,0.608505997818975,0.7869379014989293,0.4475949564047987
Random forest,0.6095965103598692,0.7869379014989293,0.4475936318699732
Random forest,0.6095965103598692,0.7890792291220556,0.4472831247551266
Random forest,0.6106870229007634,0.7890792291220556,0.4472671358366343
Random forest,0.6106870229007634,0.7901498929336188,0.4470890547307891
Random forest,0.6128680479825518,0.7901498929336188,0.44690559241378486
Random forest,0.6128680479825518,0.7965738758029979,0.4461062768315408
Random forest,0.6150490730643402,0.7965738758029979,0.4459657294183324
Random forest,0.6150490730643402,0.7987152034261242,0.4458875093318981
Random forest,0.6226826608505998,0.7987152034261242,0.44493369183244547
Random forest,0.6226826608505998,0.8029978586723768,0.44474939910053035
Random forest,0.623773173391494,0.8029978586723768,0.4447134968005157
Random forest,0.623773173391494,0.8083511777301927,0.44417566657473867
Random forest,0.6259541984732825,0.8083511777301927,0.4439879585220641
Random forest,0.6259541984732825,0.8094218415417559,0.44357909615184804
Random forest,0.6281352235550709,0.8094218415417559,0.44340435014641194
Random forest,0.6281352235550709,0.8115631691648822,0.4432200751614336
Random forest,0.6292257360959651,0.8115631691648822,0.443060472069041
Random forest,0.6292257360959651,0.8126338329764454,0.44278873152908954
Random forest,0.6324972737186477,0.8126338329764454,0.44217828788548624
Random forest,0.6324972737186477,0.8147751605995718,0.4414164945482476
Random forest,0.6335877862595419,0.8147751605995718,0.44140827346199224
Random forest,0.6335877862595419,0.8179871520342612,0.4411481145637399
Random forest,0.64340239912759,0.8179871520342612,0.44030900848619337
Random forest,0.64340239912759,0.8190578158458244,0.44011545196346574
Random forest,0.6455834242093784,0.8190578158458244,0.4400816188483314
Random forest,0.6455834242093784,0.8201284796573876,0.44006969743220736
Random forest,0.6466739367502726,0.8201284796573876,0.43984872028844296
Random forest,0.6466739367502726,0.8211991434689507,0.4395805865220831
Random forest,0.6477644492911668,0.8211991434689507,0.439364518299029
Random forest,0.6477644492911668,0.8244111349036403,0.43873810385157397
Random forest,0.6499454743729552,0.8244111349036403,0.43750381881367284
Random forest,0.6499454743729552,0.8254817987152034,0.4374926630743091
Random forest,0.6510359869138496,0.8254817987152034,0.4374167247649968
Random forest,0.6510359869138496,0.828693790149893,0.4373222680561713
Random forest,0.6521264994547438,0.828693790149893,0.43727830086791797
Random forest,0.6521264994547438,0.8297644539614561,0.43725730524368234
Random forest,0.6543075245365322,0.8297644539614561,0.43687429162907915
Random forest,0.6543075245365322,0.8308351177730193,0.43682743681168357
Random forest,0.6553980370774264,0.8308351177730193,0.43677713753631586
Random forest,0.6553980370774264,0.8319057815845824,0.4367443249315971
Random forest,0.6564885496183206,0.8319057815845824,0.43673842017196757
Random forest,0.6564885496183206,0.8372591006423983,0.43639603912840885
Random forest,0.6575790621592148,0.8372591006423983,0.4363692163365146
Random forest,0.6575790621592148,0.8426124197002142,0.43540551102499425
Random forest,0.658669574700109,0.8426124197002142,0.43534342094994993
Random forest,0.658669574700109,0.8447537473233405,0.4348282689206301
Random forest,0.6608505997818975,0.8447537473233405,0.4347011346237137
Random forest,0.6608505997818975,0.8458244111349036,0.4345313352824189
Random forest,0.6630316248636859,0.8458244111349036,0.434249366403924
Random forest,0.6630316248636859,0.8490364025695931,0.4340489858528258
Random forest,0.6673936750272628,0.8490364025695931,0.43370787308272835
Random forest,0.6673936750272628,0.8511777301927195,0.4336969052362714
Random forest,0.6684841875681571,0.8511777301927195,0.4336259510559617
Random forest,0.6684841875681571,0.854389721627409,0.4333810245780142
Random forest,0.6706652126499455,0.854389721627409,0.4332152430659775
Random forest,0.6706652126499455,0.8554603854389722,0.43320026088471136
Random forest,0.6717557251908397,0.8554603854389722,0.4331096861323763
Random forest,0.6717557251908397,0.8597430406852249,0.4328061703906482
Random forest,0.6728462377317339,0.8597430406852249,0.4326791579380203
Random forest,0.6728462377317339,0.860813704496788,0.4325071723495523
Random forest,0.6739367502726281,0.860813704496788,0.4324764454572223
Random forest,0.6739367502726281,0.8650963597430407,0.43201495585548666
Random forest,0.6750272628135223,0.8650963597430407,0.43200930630235357
Random forest,0.6750272628135223,0.867237687366167,0.4319517819530285
Random forest,0.6804798255179935,0.867237687366167,0.4312729912268725
Random forest,0.6804798255179935,0.8683083511777302,0.431063358258803
Random forest,0.6826608505997819,0.8683083511777302,0.4309071399902351
Random forest,0.6826608505997819,0.8693790149892934,0.43087705122681363
Random forest,0.6837513631406761,0.8693790149892934,0.4308115737249489
Random forest,0.6837513631406761,0.8704496788008566,0.430504568098233
Random forest,0.688113413304253,0.8704496788008566,0.4299167106024171
Random forest,0.688113413304253,0.8725910064239829,0.4292228848931674
Random forest,0.6902944383860414,0.8725910064239829,0.4285085513044101
Random forest,0.6902944383860414,0.8747323340471093,0.42824217493605077
Random forest,0.6924754634678298,0.8747323340471093,0.4279396784656278
Random forest,0.6924754634678298,0.8758029978586723,0.4277451620165762
Random forest,0.6946564885496184,0.8758029978586723,0.427496149090601
Random forest,0.6946564885496184,0.8768736616702355,0.42726942412040153
Random forest,0.6957470010905126,0.8768736616702355,0.4271746513148278
Random forest,0.6957470010905126,0.8790149892933619,0.4268656590874568
Random forest,0.6990185387131952,0.8790149892933619,0.42628993089878875
Random forest,0.6990185387131952,0.880085653104925,0.42625498568814
Random forest,0.7033805888767721,0.880085653104925,0.42562659781432016
Random forest,0.7033805888767721,0.8811563169164882,0.4255747965370869
Random forest,0.7044711014176663,0.8811563169164882,0.4253283616595734
Random forest,0.7044711014176663,0.8822269807280514,0.4252207804792769
Random forest,0.7055616139585605,0.8822269807280514,0.4250751574593592
Random forest,0.7055616139585605,0.8832976445396146,0.4249684104235979
Random forest,0.7066521264994547,0.8832976445396146,0.4248927907942895
Random forest,0.7066521264994547,0.8854389721627409,0.42449853861444503
Random forest,0.707742639040349,0.8854389721627409,0.42428582029064216
Random forest,0.707742639040349,0.8865096359743041,0.4241693514293748
Random forest,0.7088331515812432,0.8865096359743041,0.42415454679680753
Random forest,0.7088331515812432,0.8886509635974305,0.4240940430227431
Random forest,0.7099236641221374,0.8886509635974305,0.423747002376416
Random forest,0.7099236641221374,0.8897216274089935,0.42366452775786273
Random forest,0.7121046892039259,0.8897216274089935,0.42352811897594844
Random forest,0.7121046892039259,0.8907922912205567,0.42347836898925806
Random forest,0.7142857142857143,0.8907922912205567,0.42299723843482023
Random forest,0.7142857142857143,0.8918629550321199,0.4229577965015555
Random forest,0.7153762268266085,0.8918629550321199,0.42272804714318113
Random forest,0.7153762268266085,0.8940042826552462,0.42245235490418465
Random forest,0.7164667393675027,0.8940042826552462,0.4223515725387216
Random forest,0.7164667393675027,0.8950749464668094,0.42228358113694087
Random forest,0.7175572519083969,0.8950749464668094,0.42218728280027873
Random forest,0.7175572519083969,0.8961456102783726,0.42211524718698434
Random forest,0.7219193020719739,0.8961456102783726,0.42126470954609313
Random forest,0.7219193020719739,0.8993576017130621,0.4205665472463188
Random forest,0.732824427480916,0.8993576017130621,0.4191494128312161
Random forest,0.732824427480916,0.9004282655246253,0.4186979934621644
Random forest,0.7350054525627044,0.9004282655246253,0.41857483181105765
Random forest,0.7350054525627044,0.9014989293361885,0.4185548970682326
Random forest,0.7382769901853872,0.9014989293361885,0.41804390806913877
Random forest,0.7382769901853872,0.9025695931477516,0.41757026672801284
Random forest,0.7437295528898582,0.9025695931477516,0.4156199982577941
Random forest,0.7437295528898582,0.9047109207708779,0.4152488552052455
Random forest,0.7470010905125409,0.9047109207708779,0.41487541300176906
Random forest,0.7470010905125409,0.9057815845824411,0.41434818383634425
Random forest,0.7491821155943293,0.9057815845824411,0.41405437338066275
Random forest,0.7491821155943293,0.9068522483940042,0.4139806007159004
Random forest,0.752453653217012,0.9068522483940042,0.4133541294466211
Random forest,0.752453653217012,0.9079229122055674,0.4125716291687639
Random forest,0.7535441657579062,0.9079229122055674,0.41244929507587164
Random forest,0.7535441657579062,0.911134903640257,0.4119097852980266
Random forest,0.7546346782988005,0.911134903640257,0.4119017300955892
Random forest,0.7546346782988005,0.9143468950749465,0.41172918143645676
Random forest,0.7568157033805889,0.9143468950749465,0.4110529304433623
Random forest,0.7568157033805889,0.9154175588865097,0.4108817420921724
Random forest,0.7579062159214831,0.9154175588865097,0.4108624927763061
Random forest,0.7579062159214831,0.9186295503211992,0.4104504776893918
Random forest,0.7600872410032715,0.9186295503211992,0.4102370339592188
Random forest,0.7600872410032715,0.9207708779443254,0.409985217280308
Random forest,0.7622682660850599,0.9207708779443254,0.4096877620539834
Random forest,0.7622682660850599,0.9229122055674518,0.4093833395191625
Random forest,0.7677208287895311,0.9229122055674518,0.408605077570037
Random forest,0.7677208287895311,0.9261241970021413,0.40736148149654544
Random forest,0.777535441657579,0.9261241970021413,0.4050631437081293
Random forest,0.777535441657579,0.9271948608137045,0.4050109960759011
Random forest,0.7808069792802618,0.9271948608137045,0.4045684106156204
Random forest,0.7808069792802618,0.9282655246252677,0.4040049811776334
Random forest,0.781897491821156,0.9282655246252677,0.4036627710219516
Random forest,0.781897491821156,0.9293361884368309,0.40365265871307543
Random forest,0.7829880043620502,0.9293361884368309,0.4036356908505999
Random forest,0.7829880043620502,0.930406852248394,0.403397056684084
Random forest,0.7851690294438386,0.930406852248394,0.4031876028068628
Random forest,0.7851690294438386,0.9314775160599572,0.40316575451574854
Random forest,0.7862595419847328,0.9314775160599572,0.4029189585497121
Random forest,0.7862595419847328,0.9325481798715204,0.40276822132151097
Random forest,0.787350054525627,0.9325481798715204,0.40269599558868746
Random forest,0.787350054525627,0.9346895074946466,0.40248352779369534
Random forest,0.7917121046892039,0.9346895074946466,0.40234175860509025
Random forest,0.7917121046892039,0.9357601713062098,0.40212373193055556
Random forest,0.7928026172300982,0.9357601713062098,0.40182231658704676
Random forest,0.7928026172300982,0.936830835117773,0.4017897098842017
Random forest,0.7938931297709924,0.936830835117773,0.4016996672719268
Random forest,0.7938931297709924,0.9379014989293362,0.40168073298061524
Random forest,0.797164667393675,0.9379014989293362,0.40106008625929856
Random forest,0.797164667393675,0.9400428265524625,0.4009290252587372
Random forest,0.8015267175572519,0.9400428265524625,0.4006112885698532
Random forest,0.8015267175572519,0.9411134903640257,0.40057484688212464
Random forest,0.8080697928026173,0.9411134903640257,0.39994528599155493
Random forest,0.8080697928026173,0.943254817987152,0.39991060445754206
Random forest,0.8091603053435115,0.943254817987152,0.3998447748602995
Random forest,0.8091603053435115,0.9453961456102784,0.3995147759533613
Random forest,0.8135223555070883,0.9453961456102784,0.3985085904685376
Random forest,0.8135223555070883,0.9464668094218416,0.3983913671627972
Random forest,0.8178844056706652,0.9464668094218416,0.39774136390373266
Random forest,0.8178844056706652,0.9475374732334048,0.3974340377071059
Random forest,0.8276990185387132,0.9475374732334048,0.3957289798104138
Random forest,0.8276990185387132,0.9486081370449678,0.39548649339215275
Random forest,0.8287895310796074,0.9486081370449678,0.3950980850794938
Random forest,0.8287895310796074,0.9518201284796574,0.3940003028704122
Random forest,0.8309705561613958,0.9518201284796574,0.39371876003539724
Random forest,0.8309705561613958,0.9528907922912205,0.3932915706604914
Random forest,0.8331515812431843,0.9528907922912205,0.39289241129645597
Random forest,0.8331515812431843,0.9550321199143469,0.39274397086568
Random forest,0.836423118865867,0.9550321199143469,0.39193072189289824
Random forest,0.836423118865867,0.9561027837259101,0.39152000126172937
Random forest,0.8375136314067612,0.9561027837259101,0.39151659576514963
Random forest,0.8375136314067612,0.9571734475374732,0.39073635789303646
Random forest,0.8407851690294439,0.9571734475374732,0.39033836219901735
Random forest,0.8407851690294439,0.9582441113490364,0.3900613156945634
Random forest,0.8418756815703381,0.9582441113490364,0.38992691153365466
Random forest,0.8418756815703381,0.9593147751605996,0.38987318169333707
Random forest,0.8451472191930207,0.9593147751605996,0.38913084331353065
Random forest,0.8451472191930207,0.9603854389721628,0.3891254958875699
Random forest,0.8473282442748091,0.9603854389721628,0.3888088472619423
Random forest,0.8473282442748091,0.961456102783726,0.3882903207863035
Random forest,0.8484187568157033,0.961456102783726,0.38818649404674593
Random forest,0.8484187568157033,0.9646680942184154,0.38678889745315603
Random forest,0.8560523446019629,0.9646680942184154,0.3845892061492721
Random forest,0.8560523446019629,0.9657387580299786,0.38451111626593276
Random forest,0.8571428571428571,0.9657387580299786,0.3840886403579055
Random forest,0.8571428571428571,0.9668094218415417,0.38397058449664556
Random forest,0.8625954198473282,0.9668094218415417,0.38286535034293745
Random forest,0.8625954198473282,0.9678800856531049,0.38256239090059524
Random forest,0.8658669574700109,0.9678800856531049,0.38176117834172296
Random forest,0.8658669574700109,0.9689507494646681,0.38157771432048404
Random forest,0.8691384950926936,0.9689507494646681,0.3807451209079882
Random forest,0.8691384950926936,0.9700214132762313,0.3806304889494986
Random forest,0.8724100327153762,0.9700214132762313,0.3797653344141629
Random forest,0.8724100327153762,0.9710920770877944,0.3794752695876196
Random forest,0.8745910577971646,0.9710920770877944,0.37868770786382705
Random forest,0.8745910577971646,0.9732334047109208,0.37763921190067945
Random forest,0.8756815703380589,0.9732334047109208,0.37743464130075316
Random forest,0.8756815703380589,0.974304068522484,0.377378097111244
Random forest,0.8789531079607416,0.974304068522484,0.37672911374008256
Random forest,0.8789531079607416,0.9753747323340471,0.3764910305076956
Random forest,0.8887677208287895,0.9753747323340471,0.3725233234878354
Random forest,0.8887677208287895,0.9764453961456103,0.37207879877502215
Random forest,0.8964013086150491,0.9764453961456103,0.3709470774353091
Random forest,0.8964013086150491,0.9775160599571735,0.3709293545103473
Random forest,0.9040348964013086,0.9775160599571735,0.3699332422954042
Random forest,0.9040348964013086,0.9796573875802997,0.369779287177932
Random forest,0.9182115594329335,0.9796573875802997,0.36699944382099425
Random forest,0.9182115594329335,0.9807280513918629,0.36699061732029425
Random forest,0.9214830970556162,0.9807280513918629,0.36643722070263335
Random forest,0.9214830970556162,0.9817987152034261,0.36618386088851973
Random forest,0.9247546346782988,0.9817987152034261,0.36529663589902045
Random forest,0.9247546346782988,0.9839400428265525,0.36488651524107557
Random forest,0.9280261723009815,0.9839400428265525,0.3640363863591565
Random forest,0.9280261723009815,0.9850107066381156,0.3637011023747302
Random forest,0.9302071973827699,0.9850107066381156,0.36355206093831194
Random forest,0.9302071973827699,0.9860813704496788,0.3631636294532353
Random forest,0.9323882224645583,0.9860813704496788,0.3616012571951757
Random forest,0.9323882224645583,0.987152034261242,0.361537757227064
Random forest,0.9389312977099237,0.987152034261242,0.36013779085936054
Random forest,0.9389312977099237,0.9882226980728052,0.3595056843927711
Random forest,0.95092693565976,0.9882226980728052,0.355872236123681
Random forest,0.95092693565976,0.9892933618843683,0.355422248074892
Random forest,0.9541984732824428,0.9892933618843683,0.35430556440825745
Random forest,0.9541984732824428,0.9903640256959315,0.35356628603723755
Random forest,0.9563794983642312,0.9903640256959315,0.35340656084500394
Random forest,0.9563794983642312,0.9914346895074947,0.3520874867093648
Random forest,0.9640130861504908,0.9914346895074947,0.3464914660766876
Random forest,0.9640130861504908,0.9925053533190579,0.3464230094633937
Random forest,0.965103598691385,0.9925053533190579,0.3456622424239862
Random forest,0.965103598691385,0.9935760171306209,0.3455272028215157
Random forest,0.9672846237731734,0.9935760171306209,0.3439810174039858
Random forest,0.9672846237731734,0.9946466809421841,0.34315173463067616
Random forest,0.9683751363140676,0.9946466809421841,0.342022311436425
Random forest,0.9683751363140676,0.9957173447537473,0.3413609925333943
Random forest,0.9694656488549618,0.9957173447537473,0.3413528956560221
Random forest,0.9694656488549618,0.9967880085653105,0.34042132012128196
Random forest,0.9716466739367503,0.9967880085653105,0.33863286179136065
Random forest,0.9716466739367503,0.9978586723768736,0.33848013813866357
Random forest,0.9847328244274809,0.9978586723768736,0.3294439547722471
Random forest,0.9847328244274809,0.9989293361884368,0.32860391493065155
Random forest,0.9978189749182116,0.9989293361884368,0.3083178613597397
Random forest,0.9978189749182116,1.0,0.3012732190140172
Random forest,1.0,1.0,0.2954860263216562
Gradient boosting,0.0,0.0,inf
Gradient boosting,0.0,0.0010706638115631692,0.7529129320212818
Gradient boosting,0.0,0.0053533190578158455,0.7417818486750495
Gradient boosting,0.0021810250817884407,0.0053533190578158455,0.7391913262068617
Gradient boosting,0.0021810250817884407,0.007494646680942184,0.7322560096288577
Gradient boosting,0.003271537622682661,0.007494646680942184,0.7303408479611597
Gradient boosting,0.003271537622682661,0.014989293361884369,0.7178567530036943
Gradient boosting,0.004362050163576881,0.014989293361884369,0.7162742475608391
Gradient boosting,0.004362050163576881,0.016059957173447537,0.711971180986814
Gradient boosting,0.0054525627044711015,0.016059957173447537,0.7086774417053531
Gradient boosting,0.0054525627044711015,0.017130620985010708,0.7078862827573491
Gradient boosting,0.008724100327153763,0.017130620985010708,0.7066514132717563
Gradient boosting,0.008724100327153763,0.020342612419700215,0.7042355683879529
Gradient boosting,0.008724100327153763,0.021413276231263382,0.7037776938062891
Gradient boosting,0.011995637949836423,0.021413276231263382,0.702194176003643
Gradient boosting,0.011995637949836423,0.02569593147751606,0.7010676362842384
Gradient boosting,0.013086150490730643,0.02569593147751606,0.6997616422306085
Gradient boosting,0.013086150490730643,0.033190578158458245,0.6931805269025273
Gradient boosting,0.014176663031624863,0.033190578158458245,0.6931190645420047
Gradient boosting,0.014176663031624863,0.043897216274089934,0.6840919182107209
Gradient boosting,0.015267175572519083,0.043897216274089934,0.6837550356795273
Gradient boosting,0.015267175572519083,0.046038543897216275,0.6812447716048698
Gradient boosting,0.016357688113413305,0.046038543897216275,0.6804989108187317
Gradient boosting,0.016357688113413305,0.05460385438972163,0.6774220836515068
Gradient boosting,0.017448200654307525,0.05460385438972163,0.67735388391654
Gradient boosting,0.017448200654307525,0.058886509635974305,0.6759146434013273
Gradient boosting,0.018538713195201745,0.059957173447537475,0.6758930957458791
Gradient boosting,0.018538713195201745,0.06316916488222699,0.6741316302394135
Gradient boosting,0.019629225736095966,0.06316916488222699,0.6738012229556581
Gradient boosting,0.019629225736095966,0.06423982869379015,0.6732874705651696
Gradient boosting,0.020719738276990186,0.06423982869379015,0.6726337969092037
Gradient boosting,0.020719738276990186,0.07173447537473233,0.6698457315365964
Gradient boosting,0.023991275899672846,0.07173447537473233,0.6678205409384261
Gradient boosting,0.023991275899672846,0.07387580299785867,0.6673264378779444
Gradient boosting,0.026172300981461286,0.07387580299785867,0.6669919887465587
Gradient boosting,0.026172300981461286,0.08779443254817987,0.6610089196874591
Gradient boosting,0.027262813522355506,0.08779443254817987,0.661001719925756
Gradient boosting,0.027262813522355506,0.09207708779443255,0.6593924162449274
Gradient boosting,0.028353326063249727,0.09207708779443255,0.6589129987828675
Gradient boosting,0.028353326063249727,0.09314775160599571,0.658768752224126
Gradient boosting,0.029443838604143947,0.09314775160599571,0.6573347298547707
Gradient boosting,0.029443838604143947,0.09635974304068523,0.6562917019656394
Gradient boosting,0.030534351145038167,0.09635974304068523,0.6562677360747623
Gradient boosting,0.030534351145038167,0.1006423982869379,0.6536045661222539
Gradient boosting,0.03162486368593239,0.1006423982869379,0.6536025351967121
Gradient boosting,0.03162486368593239,0.10171306209850108,0.6535286918999069
Gradient boosting,0.03271537622682661,0.10171306209850108,0.6534829564466336
Gradient boosting,0.03271537622682661,0.10706638115631692,0.6525454266839241
Gradient boosting,0.03380588876772083,0.10706638115631692,0.6524672701847709
Gradient boosting,0.03380588876772083,0.10920770877944326,0.6523926687635938
Gradient boosting,0.03598691384950927,0.10920770877944326,0.651283153666381
Gradient boosting,0.03598691384950927,0.11349036402569593,0.6487761274633886
Gradient boosting,0.03816793893129771,0.11349036402569593,0.6475723909499712
Gradient boosting,0.03816793893129771,0.11563169164882227,0.646430490371995
Gradient boosting,0.03925845147219193,0.11563169164882227,0.6453850603944294
Gradient boosting,0.03925845147219193,0.11670235546038545,0.6451948281389066
Gradient boosting,0.04143947655398037,0.11670235546038545,0.6441779601477333
Gradient boosting,0.04143947655398037,0.11777301927194861,0.6439363116730605
Gradient boosting,0.04252998909487459,0.11777301927194861,0.6438966084245827
Gradient boosting,0.04252998909487459,0.12098501070663811,0.6431673003416718
Gradient boosting,0.04471101417666303,0.12098501070663811,0.6418991095023499
Gradient boosting,0.04471101417666303,0.12419700214132762,0.6410591595060466
Gradient boosting,0.04580152671755725,0.12419700214132762,0.6392961916803068
Gradient boosting,0.04580152671755725,0.12633832976445397,0.6387862008795627
Gradient boosting,0.04689203925845147,0.12633832976445397,0.6383442659982578
Gradient boosting,0.04689203925845147,0.1316916488222698,0.6363914374124121
Gradient boosting,0.04798255179934569,0.1316916488222698,0.6359612888756225
Gradient boosting,0.04798255179934569,0.13276231263383298,0.63568476663618
Gradient boosting,0.04907306434023991,0.13276231263383298,0.6356134849627375
Gradient boosting,0.04907306434023991,0.13383297644539616,0.635425571411566
Gradient boosting,0.05125408942202835,0.13383297644539616,0.6349097490736728
Gradient boosting,0.05125408942202835,0.13597430406852248,0.6345722554233304
Gradient boosting,0.05234460196292257,0.13597430406852248,0.6341927099608381
Gradient boosting,0.05234460196292257,0.139186295503212,0.6330637113827308
Gradient boosting,0.05343511450381679,0.139186295503212,0.6318788249654133
Gradient boosting,0.05343511450381679,0.1423982869379015,0.6305683919830859
Gradient boosting,0.05452562704471101,0.1423982869379015,0.6298494570730394
Gradient boosting,0.05452562704471101,0.15738758029978586,0.6276308823706168
Gradient boosting,0.05561613958560523,0.15738758029978586,0.6269326401340265
Gradient boosting,0.05561613958560523,0.16167023554603854,0.6260875886451447
Gradient boosting,0.05670665212649945,0.16167023554603854,0.6260454806429275
Gradient boosting,0.05670665212649945,0.16381156316916487,0.6253368503620059
Gradient boosting,0.05779716466739367,0.16381156316916487,0.6251252601698903
Gradient boosting,0.05779716466739367,0.1670235546038544,0.6243834232605474
Gradient boosting,0.05888767720828789,0.1670235546038544,0.6241454393228288
Gradient boosting,0.05888767720828789,0.16809421841541755,0.6239626345873481
Gradient boosting,0.05997818974918211,0.16809421841541755,0.623738576289084
Gradient boosting,0.05997818974918211,0.16916488222698073,0.6235194356241011
Gradient boosting,0.061068702290076333,0.16916488222698073,0.6232907185089374
Gradient boosting,0.061068702290076333,0.17130620985010706,0.6212950015562451
Gradient boosting,0.062159214830970554,0.17130620985010706,0.6206047345461934
Gradient boosting,0.062159214830970554,0.17237687366167023,0.6199442489376472
Gradient boosting,0.062159214830970554,0.1745182012847966,0.619701743964507
Gradient boosting,0.062159214830970554,0.17558886509635974,0.6194244564914273
Gradient boosting,0.06324972737186478,0.17558886509635974,0.6193259545865479
Gradient boosting,0.06324972737186478,0.1809421841541756,0.6174134339688442
Gradient boosting,0.064340239912759,0.1809421841541756,0.6169231038455757
Gradient boosting,0.064340239912759,0.18308351177730192,0.616802117771273
Gradient boosting,0.06761177753544166,0.18308351177730192,0.6160188466053027
Gradient boosting,0.06761177753544166,0.18522483940042828,0.6157366994260595
Gradient boosting,0.0697928026172301,0.18522483940042828,0.6152349747291843
Gradient boosting,0.0697928026172301,0.1873661670235546,0.6144914903999897
Gradient boosting,0.07197382769901854,0.1873661670235546,0.6141645829692676
Gradient boosting,0.07197382769901854,0.1905781584582441,0.6139586072476327
Gradient boosting,0.0752453653217012,0.1905781584582441,0.6135607690350466
Gradient boosting,0.0752453653217012,0.1937901498929336,0.6122230798130045
Gradient boosting,0.07633587786259542,0.1937901498929336,0.6121296836656991
Gradient boosting,0.07633587786259542,0.20556745182012848,0.6091650742439534
Gradient boosting,0.07742639040348964,0.20556745182012848,0.6089759367753095
Gradient boosting,0.07742639040348964,0.20877944325481798,0.6075468383182151
Gradient boosting,0.07851690294438386,0.20877944325481798,0.6069699489017355
Gradient boosting,0.07851690294438386,0.20985010706638116,0.6068277673497764
Gradient boosting,0.07960741548527808,0.20985010706638116,0.606803895335707
Gradient boosting,0.07960741548527808,0.21199143468950749,0.6056740089098356
Gradient boosting,0.08178844056706652,0.21199143468950749,0.6049300651876202
Gradient boosting,0.08178844056706652,0.21413276231263384,0.6039419390961671
Gradient boosting,0.08287895310796074,0.21413276231263384,0.6035683014064046
Gradient boosting,0.08287895310796074,0.21734475374732334,0.6028569819294949
Gradient boosting,0.08724100327153762,0.21841541755888652,0.6025787873973658
Gradient boosting,0.08724100327153762,0.22055674518201285,0.6019188760029651
Gradient boosting,0.08833151581243184,0.22055674518201285,0.6012317265231936
Gradient boosting,0.08833151581243184,0.22483940042826553,0.599587180027476
Gradient boosting,0.09269356597600872,0.22483940042826553,0.598340687132952
Gradient boosting,0.09269356597600872,0.2259100642398287,0.5980912370555441
Gradient boosting,0.09378407851690294,0.2259100642398287,0.5976861896898319
Gradient boosting,0.09378407851690294,0.22698072805139186,0.597624782444544
Gradient boosting,0.09596510359869138,0.22698072805139186,0.5974863389914754
Gradient boosting,0.09596510359869138,0.2291220556745182,0.5972022698328797
Gradient boosting,0.10032715376226826,0.2291220556745182,0.5962062406112113
Gradient boosting,0.10032715376226826,0.23554603854389722,0.5939430101568003
Gradient boosting,0.10141766630316248,0.23554603854389722,0.5933929564464712
Gradient boosting,0.10141766630316248,0.2366167023554604,0.59321169953809
Gradient boosting,0.10359869138495092,0.2366167023554604,0.5927935932416207
Gradient boosting,0.10359869138495092,0.23768736616702354,0.5927042127010165
Gradient boosting,0.10468920392584515,0.23768736616702354,0.5926601071446803
Gradient boosting,0.10468920392584515,0.2430406852248394,0.591294439290902
Gradient boosting,0.10577971646673937,0.2430406852248394,0.591102336998102
Gradient boosting,0.10577971646673937,0.24518201284796573,0.5909668716579519
Gradient boosting,0.10687022900763359,0.24518201284796573,0.5905776377831633
Gradient boosting,0.10687022900763359,0.2462526766595289,0.5905641463395462
Gradient boosting,0.1079607415485278,0.2462526766595289,0.5902932872077927
Gradient boosting,0.1079607415485278,0.24732334047109208,0.5900249204837348
Gradient boosting,0.10905125408942203,0.24732334047109208,0.5899523651410551
Gradient boosting,0.10905125408942203,0.24839400428265523,0.5896336226272642
Gradient boosting,0.11232279171210469,0.24839400428265523,0.5890407071681222
Gradient boosting,0.11232279171210469,0.2505353319057816,0.5885535415619783
Gradient boosting,0.11450381679389313,0.2505353319057816,0.5883981853189245
Gradient boosting,0.11450381679389313,0.25160599571734477,0.5883690042774163
Gradient boosting,0.11559432933478735,0.25160599571734477,0.5882580756231846
Gradient boosting,0.11559432933478735,0.25267665952890794,0.5881380026573134
Gradient boosting,0.11668484187568157,0.25267665952890794,0.5881133198735627
Gradient boosting,0.11668484187568157,0.25374732334047106,0.5880061313114624
Gradient boosting,0.11886586695747,0.2558886509635974,0.5869007546428087
Gradient boosting,0.11886586695747,0.2569593147751606,0.5868715829662733
Gradient boosting,0.11995637949836423,0.2569593147751606,0.5865648873752026
Gradient boosting,0.12213740458015267,0.2580299785867238,0.5862587987590704
Gradient boosting,0.12213740458015267,0.25910064239828695,0.5861451000148363
Gradient boosting,0.12649945474372956,0.25910064239828695,0.5852232622632725
Gradient boosting,0.12649945474372956,0.2644539614561028,0.584118039535395
Gradient boosting,0.128680479825518,0.26552462526766596,0.5839026443675492
Gradient boosting,0.1297709923664122,0.26552462526766596,0.5837623089556052
Gradient boosting,0.1297709923664122,0.26659528907922914,0.5837292059301962
Gradient boosting,0.13086150490730644,0.26659528907922914,0.5834560004406104
Gradient boosting,0.13086150490730644,0.2676659528907923,0.583373769829328
Gradient boosting,0.1341330425299891,0.2676659528907923,0.5830179117757248
Gradient boosting,0.1341330425299891,0.26873661670235544,0.5828077382564641
Gradient boosting,0.13631406761177753,0.26873661670235544,0.5825684597216005
Gradient boosting,0.13631406761177753,0.2698072805139186,0.5820811059735391
Gradient boosting,0.13849509269356597,0.2698072805139186,0.5817206092305296
Gradient boosting,0.13849509269356597,0.27301927194860814,0.5812937202878924
Gradient boosting,0.1395856052344602,0.27301927194860814,0.5811661628645488
Gradient boosting,0.1395856052344602,0.27944325481798715,0.5806074171604712
Gradient boosting,0.14176663031624864,0.27944325481798715,0.5801522945249633
Gradient boosting,0.14176663031624864,0.28693790149892934,0.5789713249859593
Gradient boosting,0.14394765539803708,0.28693790149892934,0.5782892051638099
Gradient boosting,0.14394765539803708,0.2880085653104925,0.5782111108319384
Gradient boosting,0.1450381679389313,0.2880085653104925,0.5773815396753915
Gradient boosting,0.1450381679389313,0.29014989293361887,0.576964471429804
Gradient boosting,0.14612868047982552,0.29014989293361887,0.5769532406451786
Gradient boosting,0.14612868047982552,0.29229122055674517,0.5767127245829643
Gradient boosting,0.14721919302071973,0.29229122055674517,0.5762182833198182
Gradient boosting,0.14721919302071973,0.29336188436830835,0.5759829709205025
Gradient boosting,0.14830970556161396,0.29336188436830835,0.5758389957437848
Gradient boosting,0.14830970556161396,0.2944325481798715,0.5757013770475301
Gradient boosting,0.14940021810250817,0.2944325481798715,0.5756550831192074
Gradient boosting,0.14940021810250817,0.29764453961456105,0.5746152492390421
Gradient boosting,0.1515812431842966,0.29764453961456105,0.5737183783500206
Gradient boosting,0.1515812431842966,0.2987152034261242,0.5736423337212371
Gradient boosting,0.15485278080697928,0.3029978586723769,0.5735517278689222
Gradient boosting,0.15485278080697928,0.30728051391862954,0.5727055359896819
Gradient boosting,0.1559432933478735,0.30728051391862954,0.5726743080714483
Gradient boosting,0.1559432933478735,0.31370449678800855,0.5708295585722105
Gradient boosting,0.15703380588876772,0.31370449678800855,0.5708162079415815
Gradient boosting,0.15703380588876772,0.3158458244111349,0.5703009273498316
Gradient boosting,0.15921483097055616,0.3158458244111349,0.5700231637587657
Gradient boosting,0.15921483097055616,0.3169164882226981,0.5700040949437829
Gradient boosting,0.16030534351145037,0.3169164882226981,0.5698606640795779
Gradient boosting,0.16030534351145037,0.31798715203426126,0.5692804494964263
Gradient boosting,0.1613958560523446,0.31798715203426126,0.569018835407012
Gradient boosting,0.1613958560523446,0.32012847965738755,0.5687154523248192
Gradient boosting,0.1624863685932388,0.32012847965738755,0.5685489669367405
Gradient boosting,0.1624863685932388,0.32119914346895073,0.568487909882251
Gradient boosting,0.1624863685932388,0.3233404710920771,0.568120557674725
Gradient boosting,0.1624863685932388,0.32441113490364026,0.5680838212435672
Gradient boosting,0.16357688113413305,0.32441113490364026,0.567960192003533
Gradient boosting,0.16357688113413305,0.3265524625267666,0.5676991876919326
Gradient boosting,0.16466739367502725,0.3265524625267666,0.5674059626277009
Gradient boosting,0.16466739367502725,0.3286937901498929,0.5655426445862592
Gradient boosting,0.1668484187568157,0.3286937901498929,0.5650757510023425
Gradient boosting,0.16793893129770993,0.3286937901498929,0.5649098034065748
Gradient boosting,0.16793893129770993,0.3297644539614561,0.5648092524276263
Gradient boosting,0.16902944383860413,0.3297644539614561,0.5647220305051952
Gradient boosting,0.16902944383860413,0.33190578158458245,0.5644429567376588
Gradient boosting,0.173391494002181,0.33190578158458245,0.5623782232185404
Gradient boosting,0.173391494002181,0.3329764453961456,0.5615884368998452
Gradient boosting,0.17448200654307525,0.3329764453961456,0.5614558569890357
Gradient boosting,0.17448200654307525,0.3361884368308351,0.5610060419755305
Gradient boosting,0.1766630316248637,0.3361884368308351,0.5605045516603102
Gradient boosting,0.1777535441657579,0.3372591006423983,0.5604942540072565
Gradient boosting,0.17884405670665213,0.3372591006423983,0.5603698705398625
Gradient boosting,0.17884405670665213,0.33832976445396146,0.5603625095115498
Gradient boosting,0.17993456924754633,0.33832976445396146,0.5598584454758817
Gradient boosting,0.17993456924754633,0.341541755888651,0.5591158445844713
Gradient boosting,0.18102508178844057,0.341541755888651,0.5590611173789644
Gradient boosting,0.18102508178844057,0.34475374732334046,0.5586062297170464
Gradient boosting,0.1821155943293348,0.34475374732334046,0.5585042655693775
Gradient boosting,0.1821155943293348,0.3468950749464668,0.558167083394879
Gradient boosting,0.183206106870229,0.3468950749464668,0.5580190912046132
Gradient boosting,0.183206106870229,0.35224839400428265,0.5573115109165716
Gradient boosting,0.18429661941112324,0.35224839400428265,0.5569583113076978
Gradient boosting,0.18429661941112324,0.35974304068522484,0.556916235029585
Gradient boosting,0.18429661941112324,0.36295503211991437,0.5568628355178756
Gradient boosting,0.18429661941112324,0.3640256959314775,0.5567229971341521
Gradient boosting,0.18647764449291168,0.3640256959314775,0.5561312214243491
Gradient boosting,0.18647764449291168,0.36509635974304067,0.5560586227704509
Gradient boosting,0.18974918211559433,0.36509635974304067,0.5550903764612708
Gradient boosting,0.18974918211559433,0.3693790149892934,0.554019838363819
Gradient boosting,0.19083969465648856,0.3693790149892934,0.5539638547882434
Gradient boosting,0.19083969465648856,0.37044967880085655,0.553915447767235
Gradient boosting,0.19193020719738277,0.37044967880085655,0.553880401324521
Gradient boosting,0.19193020719738277,0.37259100642398285,0.5536671373415155
Gradient boosting,0.193020719738277,0.37259100642398285,0.5534095497672453
Gradient boosting,0.193020719738277,0.3747323340471092,0.553144902140845
Gradient boosting,0.1941112322791712,0.3747323340471092,0.5526110666478973
Gradient boosting,0.1941112322791712,0.3758029978586724,0.5521315305656489
Gradient boosting,0.19520174482006544,0.3758029978586724,0.5520483204649673
Gradient boosting,0.19520174482006544,0.37901498929336186,0.5517635277195552
Gradient boosting,0.19629225736095965,0.37901498929336186,0.5517107045853541
Gradient boosting,0.19629225736095965,0.38008565310492504,0.5514410196969198
Gradient boosting,0.19956379498364232,0.38650963597430404,0.5512240462056938
Gradient boosting,0.20065430752453653,0.38650963597430404,0.5511092458659148
Gradient boosting,0.20065430752453653,0.3897216274089936,0.550713828345211
Gradient boosting,0.20283533260632497,0.3897216274089936,0.5506382979009
Gradient boosting,0.20283533260632497,0.39079229122055675,0.5505116017004182
Gradient boosting,0.2039258451472192,0.39079229122055675,0.5498395958691856
Gradient boosting,0.2039258451472192,0.3961456102783726,0.5491092406628818
Gradient boosting,0.2050163576881134,0.3961456102783726,0.5487818484290102
Gradient boosting,0.2050163576881134,0.39721627408993576,0.5486249402277484
Gradient boosting,0.20610687022900764,0.39721627408993576,0.5485040042839331
Gradient boosting,0.20610687022900764,0.39828693790149894,0.5482652816264459
Gradient boosting,0.2093784078516903,0.39828693790149894,0.5478624822016794
Gradient boosting,0.2093784078516903,0.4025695931477516,0.5472694991595217
Gradient boosting,0.21155943293347873,0.4025695931477516,0.5471707259515224
Gradient boosting,0.21155943293347873,0.40364025695931477,0.5469953326265318
Gradient boosting,0.21264994547437296,0.40364025695931477,0.5466132309052966
Gradient boosting,0.2148309705561614,0.40364025695931477,0.5465687087632559
Gradient boosting,0.2148309705561614,0.4057815845824411,0.5462613984230481
Gradient boosting,0.2159214830970556,0.4057815845824411,0.5462319253758724
Gradient boosting,0.2159214830970556,0.4068522483940043,0.5455806323652959
Gradient boosting,0.21919302071973829,0.4068522483940043,0.5450727740082683
Gradient boosting,0.21919302071973829,0.4132762312633833,0.5440585870025504
Gradient boosting,0.2202835332606325,0.4132762312633833,0.5439972827015893
Gradient boosting,0.2202835332606325,0.4164882226980728,0.5437246122078329
Gradient boosting,0.22137404580152673,0.4164882226980728,0.5433331030445501
Gradient boosting,0.22137404580152673,0.41755888650963596,0.5433244802284865
Gradient boosting,0.22355507088331517,0.41755888650963596,0.5424786873216382
Gradient boosting,0.22355507088331517,0.41862955032119914,0.5417302338066458
Gradient boosting,0.22464558342420937,0.41862955032119914,0.5416986354446732
Gradient boosting,0.22464558342420937,0.4207708779443255,0.5414896909344183
Gradient boosting,0.2257360959651036,0.4207708779443255,0.5414847484954631
Gradient boosting,0.2257360959651036,0.42184154175588867,0.5411723962307557
Gradient boosting,0.2268266085059978,0.42184154175588867,0.5404990499392578
Gradient boosting,0.2268266085059978,0.42505353319057815,0.5401016910628944
Gradient boosting,0.22791712104689205,0.42505353319057815,0.5398812049994501
Gradient boosting,0.22791712104689205,0.430406852248394,0.5395988888700967
Gradient boosting,0.22900763358778625,0.430406852248394,0.5395194265968998
Gradient boosting,0.22900763358778625,0.43254817987152033,0.5387604281288727
Gradient boosting,0.2300981461286805,0.43254817987152033,0.5386676769085633
Gradient boosting,0.2300981461286805,0.4336188436830835,0.5385798111985857
Gradient boosting,0.2311886586695747,0.4336188436830835,0.5385347141105596
Gradient boosting,0.2311886586695747,0.43576017130620986,0.5382929020338403
Gradient boosting,0.23336968375136313,0.43576017130620986,0.5378308071129329
Gradient boosting,0.23336968375136313,0.43683083511777304,0.5377631912259409
Gradient boosting,0.23446019629225737,0.43683083511777304,0.5376173908087521
Gradient boosting,0.23446019629225737,0.43790149892933616,0.5373551119528457
Gradient boosting,0.2366412213740458,0.43790149892933616,0.5367883659751999
Gradient boosting,0.24863685932388221,0.4400428265524625,0.5366497775236899
Gradient boosting,0.25190839694656486,0.4400428265524625,0.5363164541822929
Gradient boosting,0.25190839694656486,0.44539614561027835,0.5348163440144749
Gradient boosting,0.2529989094874591,0.44539614561027835,0.5342937988532572
Gradient boosting,0.2529989094874591,0.4464668094218415,0.5342896922213508
Gradient boosting,0.25408942202835333,0.4464668094218415,0.5342217814637342
Gradient boosting,0.25408942202835333,0.4475374732334047,0.5340364870397832
Gradient boosting,0.257360959651036,0.4475374732334047,0.5334278467811353
Gradient boosting,0.257360959651036,0.4486081370449679,0.5330843388283101
Gradient boosting,0.2584514721919302,0.4486081370449679,0.5330822440201091
Gradient boosting,0.2584514721919302,0.4539614561027837,0.5320804753572197
Gradient boosting,0.2595419847328244,0.4539614561027837,0.5318720060115846
Gradient boosting,0.2595419847328244,0.45717344753747324,0.5311447117404062
Gradient boosting,0.2606324972737186,0.45717344753747324,0.5306373646934932
Gradient boosting,0.2606324972737186,0.4625267665952891,0.5294900815283543
Gradient boosting,0.2617230098146129,0.4625267665952891,0.5289363316656803
Gradient boosting,0.2617230098146129,0.46466809421841543,0.5285806642678265
Gradient boosting,0.2682660850599782,0.46466809421841543,0.5269468730869061
Gradient boosting,0.2682660850599782,0.47109207708779444,0.5261292605636153
Gradient boosting,0.2693565976008724,0.47109207708779444,0.5259319513795229
Gradient boosting,0.2693565976008724,0.4721627408993576,0.5259314266194697
Gradient boosting,0.27044711014176664,0.4721627408993576,0.5257460783880471
Gradient boosting,0.27044711014176664,0.4743040685224839,0.5253674616942133
Gradient boosting,0.27153762268266085,0.4743040685224839,0.524823591407049
Gradient boosting,0.2737186477644493,0.4743040685224839,0.5247990243826293
Gradient boosting,0.2737186477644493,0.47644539614561027,0.5247311549050475
Gradient boosting,0.2748091603053435,0.47644539614561027,0.5246701924352986
Gradient boosting,0.2748091603053435,0.47751605995717344,0.5242711784880122
Gradient boosting,0.27589967284623773,0.47751605995717344,0.5240986455127536
Gradient boosting,0.27589967284623773,0.4796573875802998,0.5237551123189128
Gradient boosting,0.2813522355507088,0.4796573875802998,0.5227322142930488
Gradient boosting,0.2813522355507088,0.480728051391863,0.5226353521924423
Gradient boosting,0.2824427480916031,0.480728051391863,0.5224920179231342
Gradient boosting,0.2824427480916031,0.48394004282655245,0.5217268765369374
Gradient boosting,0.2846237731733915,0.48394004282655245,0.5213895276584839
Gradient boosting,0.2846237731733915,0.487152034261242,0.520718174332937
Gradient boosting,0.28680479825517996,0.487152034261242,0.5199891276273315
Gradient boosting,0.28680479825517996,0.4892933618843683,0.5199114515718007
Gradient boosting,0.28680479825517996,0.49464668094218417,0.5197800368858412
Gradient boosting,0.28680479825517996,0.49785867237687365,0.5189289896699196
Gradient boosting,0.28789531079607417,0.49785867237687365,0.518923404206301
Gradient boosting,0.28789531079607417,0.4989293361884368,0.5187809005023896
Gradient boosting,0.2889858233369684,0.4989293361884368,0.5185593286900076
Gradient boosting,0.2889858233369684,0.5032119914346895,0.5170433364569661
Gradient boosting,0.29116684841875684,0.5032119914346895,0.5168595969783181
Gradient boosting,0.29116684841875684,0.5042826552462527,0.5167997780122067
Gradient boosting,0.29443838604143946,0.5042826552462527,0.5163486401341855
Gradient boosting,0.29443838604143946,0.5074946466809421,0.5157332025034967
Gradient boosting,0.2966194111232279,0.5074946466809421,0.5155661874760765
Gradient boosting,0.2966194111232279,0.5085653104925053,0.5155344809304457
Gradient boosting,0.2966194111232279,0.5117773019271948,0.5153363028865194
Gradient boosting,0.2966194111232279,0.5149892933618844,0.5149734584849053
Gradient boosting,0.2998909487459106,0.5149892933618844,0.514530070457686
Gradient boosting,0.2998909487459106,0.5160599571734475,0.5145166569767958
Gradient boosting,0.3009814612868048,0.5160599571734475,0.5144861710306589
Gradient boosting,0.3009814612868048,0.5182012847965739,0.513934424201715
Gradient boosting,0.3042529989094875,0.5182012847965739,0.5132573113198605
Gradient boosting,0.3042529989094875,0.5192719486081371,0.5132200833374583
Gradient boosting,0.3053435114503817,0.5192719486081371,0.5128045154472328
Gradient boosting,0.3053435114503817,0.5203426124197003,0.512087410184179
Gradient boosting,0.3075245365321701,0.5203426124197003,0.511800579982275
Gradient boosting,0.3075245365321701,0.5214132762312634,0.5117265516308244
Gradient boosting,0.30861504907306436,0.5214132762312634,0.511206231373818
Gradient boosting,0.30861504907306436,0.525695931477516,0.5104523964187418
Gradient boosting,0.311886586695747,0.525695931477516,0.5096194852886151
Gradient boosting,0.311886586695747,0.5267665952890792,0.5093830296048276
Gradient boosting,0.31297709923664124,0.5267665952890792,0.5092480639307321
Gradient boosting,0.31297709923664124,0.5310492505353319,0.5084180919219945
Gradient boosting,0.31406761177753545,0.5310492505353319,0.5083745110022803
Gradient boosting,0.31406761177753545,0.5321199143468951,0.508277245096868
Gradient boosting,0.31952017448200654,0.5321199143468951,0.5071542500019862
Gradient boosting,0.31952017448200654,0.5331905781584583,0.5069412258267116
Gradient boosting,0.321701199563795,0.5331905781584583,0.5066096397714165
Gradient boosting,0.321701199563795,0.5364025695931478,0.5058630670961257
Gradient boosting,0.3227917121046892,0.5364025695931478,0.5056639966037237
Gradient boosting,0.3227917121046892,0.5374732334047109,0.5055203796899602
Gradient boosting,0.3238822246455834,0.5374732334047109,0.5052535655728052
Gradient boosting,0.3238822246455834,0.5396145610278372,0.5050889757149137
Gradient boosting,0.3260632497273719,0.5396145610278372,0.5046967516392766
Gradient boosting,0.3260632497273719,0.5417558886509636,0.5046111316161515
Gradient boosting,0.33151581243184297,0.5417558886509636,0.5041561234460342
Gradient boosting,0.33151581243184297,0.5428265524625268,0.5040668852615635
Gradient boosting,0.3326063249727372,0.5428265524625268,0.5032309468171599
Gradient boosting,0.3326063249727372,0.5449678800856531,0.5028144554534321
Gradient boosting,0.3336968375136314,0.5449678800856531,0.5026029932542427
Gradient boosting,0.3336968375136314,0.5471092077087795,0.5025335333188897
Gradient boosting,0.33696837513631406,0.5471092077087795,0.5020921036183105
Gradient boosting,0.33696837513631406,0.5481798715203426,0.5020001859380845
Gradient boosting,0.33805888767720826,0.5481798715203426,0.5018491537635742
Gradient boosting,0.34023991275899673,0.5481798715203426,0.5017421391069188
Gradient boosting,0.34242093784078514,0.5481798715203426,0.5013381115759925
Gradient boosting,0.34242093784078514,0.550321199143469,0.501141682685062
Gradient boosting,0.3446019629225736,0.550321199143469,0.5008026554717658
Gradient boosting,0.3446019629225736,0.5524625267665952,0.5006065174551242
Gradient boosting,0.3456924754634678,0.5524625267665952,0.5003540833438368
Gradient boosting,0.3456924754634678,0.5535331905781584,0.5002850317694886
Gradient boosting,0.346782988004362,0.5535331905781584,0.5002339892737617
Gradient boosting,0.346782988004362,0.5546038543897216,0.5001379845083678
Gradient boosting,0.3478735005452563,0.5546038543897216,0.5000939675538795
Gradient boosting,0.3478735005452563,0.5620985010706638,0.499317892387316
Gradient boosting,0.3500545256270447,0.5620985010706638,0.4989191646376342
Gradient boosting,0.3500545256270447,0.563169164882227,0.49890575374832474
Gradient boosting,0.3533260632497274,0.563169164882227,0.49826392782544426
Gradient boosting,0.3533260632497274,0.5653104925053534,0.4979642402545281
Gradient boosting,0.35659760087241005,0.5685224839400428,0.49788708329294945
Gradient boosting,0.35659760087241005,0.5706638115631691,0.4970253168243109
Gradient boosting,0.35986913849509267,0.5706638115631691,0.4959334025760695
Gradient boosting,0.35986913849509267,0.5738758029978587,0.4957867767571338
Gradient boosting,0.3642311886586696,0.5738758029978587,0.4952417123256847
Gradient boosting,0.3642311886586696,0.5749464668094219,0.49515176770236297
Gradient boosting,0.366412213740458,0.5749464668094219,0.49426306062926667
Gradient boosting,0.366412213740458,0.576017130620985,0.4941263240168871
Gradient boosting,0.3707742639040349,0.576017130620985,0.4933075719333363
Gradient boosting,0.3707742639040349,0.5770877944325482,0.4930314688567689
Gradient boosting,0.3718647764449291,0.5770877944325482,0.49299821763344004
Gradient boosting,0.3718647764449291,0.5792291220556746,0.49281962206122387
Gradient boosting,0.37404580152671757,0.5792291220556746,0.4927380626916236
Gradient boosting,0.37404580152671757,0.582441113490364,0.4924821026854729
Gradient boosting,0.376226826608506,0.582441113490364,0.49246603221043117
Gradient boosting,0.376226826608506,0.5920770877944326,0.4911238527175466
Gradient boosting,0.37731733914940024,0.5920770877944326,0.4910964119109315
Gradient boosting,0.37731733914940024,0.5931477516059958,0.49080246529272975
Gradient boosting,0.38058887677208286,0.5931477516059958,0.490259019892104
Gradient boosting,0.38058887677208286,0.5942184154175589,0.49016592144133153
Gradient boosting,0.3816793893129771,0.5942184154175589,0.49014484277409576
Gradient boosting,0.3816793893129771,0.5952890792291221,0.4901136520513024
Gradient boosting,0.3871319520174482,0.5952890792291221,0.4890683607522917
Gradient boosting,0.3871319520174482,0.5985010706638115,0.48816172105898503
Gradient boosting,0.3893129770992366,0.5985010706638115,0.4878529766754886
Gradient boosting,0.3893129770992366,0.6038543897216274,0.4872566877034584
Gradient boosting,0.3904034896401309,0.6038543897216274,0.4868952105782608
Gradient boosting,0.3904034896401309,0.6049250535331906,0.48681242191593466
Gradient boosting,0.3914940021810251,0.6049250535331906,0.48671905073429567
Gradient boosting,0.3914940021810251,0.6059957173447538,0.48664654010027436
Gradient boosting,0.39476553980370777,0.6059957173447538,0.4862586918959752
Gradient boosting,0.39476553980370777,0.607066381156317,0.4862135051043658
Gradient boosting,0.3969465648854962,0.607066381156317,0.48574153609840437
Gradient boosting,0.3969465648854962,0.6081370449678801,0.48570643971731814
Gradient boosting,0.3980370774263904,0.6081370449678801,0.4851634644013624
Gradient boosting,0.3980370774263904,0.6102783725910065,0.4847337572569109
Gradient boosting,0.3980370774263904,0.6124197002141327,0.48452440362255783
Gradient boosting,0.3980370774263904,0.6134903640256959,0.48440587517003697
Gradient boosting,0.40130861504907306,0.6134903640256959,0.484046571375954
Gradient boosting,0.40239912758996726,0.6145610278372591,0.48358106135880863
Gradient boosting,0.4034896401308615,0.6145610278372591,0.48340620971304377
Gradient boosting,0.4034896401308615,0.6220556745182013,0.4821592207313232
Gradient boosting,0.40458015267175573,0.6220556745182013,0.48208572796351196
Gradient boosting,0.40458015267175573,0.6231263383297645,0.48201657114383184
Gradient boosting,0.40567066521264994,0.6241970021413277,0.4812129409936999
Gradient boosting,0.40676117775354415,0.6241970021413277,0.48082612837143024
Gradient boosting,0.40676117775354415,0.6263383297644539,0.48031651782036683
Gradient boosting,0.4078516902944384,0.6263383297644539,0.4803157113702133
Gradient boosting,0.4078516902944384,0.6316916488222698,0.479365516133153
Gradient boosting,0.411123227917121,0.6316916488222698,0.4790012304366374
Gradient boosting,0.411123227917121,0.6359743040685225,0.47845730795211106
Gradient boosting,0.4143947655398037,0.6359743040685225,0.4783701322890425
Gradient boosting,0.4143947655398037,0.6413276231263383,0.47797498021635326
Gradient boosting,0.4154852780806979,0.6413276231263383,0.4779277115248354
Gradient boosting,0.4154852780806979,0.6445396145610278,0.4777349669638713
Gradient boosting,0.41657579062159217,0.6445396145610278,0.47769900390929204
Gradient boosting,0.41657579062159217,0.6509635974304069,0.47709744948809585
Gradient boosting,0.4187568157033806,0.6509635974304069,0.4766851272884927
Gradient boosting,0.4187568157033806,0.6531049250535332,0.4760338220844384
Gradient boosting,0.4198473282442748,0.6531049250535332,0.4759354943827592
Gradient boosting,0.4198473282442748,0.6541755888650964,0.47589274681142557
Gradient boosting,0.42093784078516905,0.6541755888650964,0.4757458476980157
Gradient boosting,0.42093784078516905,0.658458244111349,0.4754009057612601
Gradient boosting,0.42311886586695746,0.658458244111349,0.47519040280063496
Gradient boosting,0.42311886586695746,0.6616702355460385,0.47466561973233673
Gradient boosting,0.42748091603053434,0.6616702355460385,0.473405942254437
Gradient boosting,0.42748091603053434,0.6638115631691649,0.47326348457670425
Gradient boosting,0.4318429661941112,0.6638115631691649,0.47250827970676146
Gradient boosting,0.4318429661941112,0.6648822269807281,0.47248395546212074
Gradient boosting,0.4340239912758997,0.6648822269807281,0.4722994439947841
Gradient boosting,0.4340239912758997,0.6659528907922913,0.4720818015160367
Gradient boosting,0.4351145038167939,0.6659528907922913,0.4719411771441473
Gradient boosting,0.4351145038167939,0.6691648822269807,0.471771939621071
Gradient boosting,0.4372955288985823,0.6691648822269807,0.47089670466270434
Gradient boosting,0.43838604143947657,0.6702355460385439,0.4708089783668747
Gradient boosting,0.4394765539803708,0.6702355460385439,0.4704478860717642
Gradient boosting,0.4394765539803708,0.6734475374732334,0.46956981168189016
Gradient boosting,0.440567066521265,0.6734475374732334,0.46941376366520254
Gradient boosting,0.440567066521265,0.6755888650963597,0.46910540060221867
Gradient boosting,0.44274809160305345,0.6755888650963597,0.4686762354089084
Gradient boosting,0.44383860414394766,0.6766595289079229,0.4686240942399836
Gradient boosting,0.44601962922573607,0.6766595289079229,0.46743760671160156
Gradient boosting,0.44601962922573607,0.6777301927194861,0.4673444553024449
Gradient boosting,0.44711014176663033,0.6777301927194861,0.46732149452698624
Gradient boosting,0.44711014176663033,0.6809421841541756,0.4667827792097089
Gradient boosting,0.44820065430752454,0.6809421841541756,0.4664229586771082
Gradient boosting,0.44820065430752454,0.6820128479657388,0.46602897072343935
Gradient boosting,0.4558342420937841,0.6820128479657388,0.4645354069054084
Gradient boosting,0.4558342420937841,0.684154175588865,0.46436409821357977
Gradient boosting,0.4569247546346783,0.684154175588865,0.4642755391094406
Gradient boosting,0.4569247546346783,0.6852248394004282,0.4637813658795309
Gradient boosting,0.4580152671755725,0.6852248394004282,0.46344532637215885
Gradient boosting,0.4580152671755725,0.6862955032119914,0.463400713200575
Gradient boosting,0.4623773173391494,0.6862955032119914,0.4628754833720021
Gradient boosting,0.4623773173391494,0.6873661670235546,0.46239923648274767
Gradient boosting,0.46455834242093785,0.6873661670235546,0.46176360738889277
Gradient boosting,0.46455834242093785,0.6884368308351178,0.46151595950421653
Gradient boosting,0.46564885496183206,0.6884368308351178,0.4612194232659618
Gradient boosting,0.46564885496183206,0.6895074946466809,0.46100368427385396
Gradient boosting,0.4732824427480916,0.6895074946466809,0.45933786556129563
Gradient boosting,0.47546346782988,0.6895074946466809,0.4592457792471995
Gradient boosting,0.47546346782988,0.6905781584582441,0.45918853312643454
Gradient boosting,0.4765539803707743,0.6905781584582441,0.45889778956827804
Gradient boosting,0.4765539803707743,0.6916488222698073,0.4583164633865339
Gradient boosting,0.4776444929116685,0.6916488222698073,0.4582209018988077
Gradient boosting,0.4776444929116685,0.6927194860813705,0.45805383874069655
Gradient boosting,0.4787350054525627,0.6927194860813705,0.4577194706665253
Gradient boosting,0.4787350054525627,0.6937901498929336,0.4575252081726409
Gradient boosting,0.4798255179934569,0.6937901498929336,0.4574236706960234
Gradient boosting,0.4798255179934569,0.6980728051391863,0.4556895990457957
Gradient boosting,0.48091603053435117,0.6980728051391863,0.45560845515471693
Gradient boosting,0.48091603053435117,0.7002141327623126,0.4551518329097328
Gradient boosting,0.48636859323882226,0.7002141327623126,0.45383344874603376
Gradient boosting,0.48636859323882226,0.702355460385439,0.45367676075237573
Gradient boosting,0.48745910577971646,0.7034261241970021,0.45352698967487215
Gradient boosting,0.48964013086150493,0.7034261241970021,0.4534040048638457
Gradient boosting,0.48964013086150493,0.7044967880085653,0.4527160834395507
Gradient boosting,0.4961832061068702,0.7044967880085653,0.45198584535817776
Gradient boosting,0.4961832061068702,0.7055674518201285,0.45186890110327915
Gradient boosting,0.49727371864776443,0.7055674518201285,0.4517799835933597
Gradient boosting,0.49727371864776443,0.7066381156316917,0.4516507302895038
Gradient boosting,0.4983642311886587,0.7066381156316917,0.45163719421275594
Gradient boosting,0.4983642311886587,0.7077087794432548,0.4515144182660083
Gradient boosting,0.5027262813522355,0.7077087794432548,0.45116913689549587
Gradient boosting,0.5027262813522355,0.7098501070663812,0.4503652969950511
Gradient boosting,0.5059978189749182,0.7098501070663812,0.4497438084411917
Gradient boosting,0.5059978189749182,0.7109207708779444,0.4497085082943328
Gradient boosting,0.5070883315158125,0.7109207708779444,0.44968615596950345
Gradient boosting,0.5070883315158125,0.7119914346895075,0.44963273259325554
Gradient boosting,0.5081788440567067,0.7119914346895075,0.4492477977426117
Gradient boosting,0.5081788440567067,0.7130620985010707,0.44891859044850846
Gradient boosting,0.5114503816793893,0.7130620985010707,0.44767472709267386
Gradient boosting,0.5114503816793893,0.715203426124197,0.447579057718209
Gradient boosting,0.514721919302072,0.715203426124197,0.4467599994593689
Gradient boosting,0.514721919302072,0.7194860813704497,0.4459717954967593
Gradient boosting,0.5158124318429662,0.7194860813704497,0.44569517793630353
Gradient boosting,0.5158124318429662,0.7226980728051392,0.4454751346462416
Gradient boosting,0.5169029443838604,0.7226980728051392,0.44535332469836925
Gradient boosting,0.5169029443838604,0.7237687366167024,0.44515664139917627
Gradient boosting,0.5179934569247546,0.7237687366167024,0.4449812368440013
Gradient boosting,0.5179934569247546,0.7248394004282656,0.44487023135546006
Gradient boosting,0.5212649945474372,0.7248394004282656,0.44460819555338527
Gradient boosting,0.5212649945474372,0.7259100642398287,0.44458542238741966
Gradient boosting,0.5223555070883316,0.7259100642398287,0.4445481865237107
Gradient boosting,0.5223555070883316,0.7269807280513919,0.44451301575732405
Gradient boosting,0.52453653217012,0.7269807280513919,0.4444263922330274
Gradient boosting,0.5256270447110142,0.7291220556745182,0.4442010597511839
Gradient boosting,0.5256270447110142,0.7312633832976445,0.44336870169628273
Gradient boosting,0.5267175572519084,0.7312633832976445,0.4433510002099314
Gradient boosting,0.5267175572519084,0.7323340471092077,0.4432322240209737
Gradient boosting,0.5288985823336968,0.7323340471092077,0.4431049910899776
Gradient boosting,0.5288985823336968,0.7334047109207709,0.4430897696395957
Gradient boosting,0.5343511450381679,0.7334047109207709,0.44199260387440925
Gradient boosting,0.5343511450381679,0.7355460385438972,0.44170379734522275
Gradient boosting,0.5354416575790621,0.7355460385438972,0.4411598804999271
Gradient boosting,0.5376226826608506,0.7355460385438972,0.4409238249415567
Gradient boosting,0.5408942202835333,0.7355460385438972,0.44047684515486213
Gradient boosting,0.5408942202835333,0.7376873661670236,0.44017191836205455
Gradient boosting,0.5430752453653217,0.7376873661670236,0.4400522905455961
Gradient boosting,0.5550708833151581,0.7408993576017131,0.4399202565909178
Gradient boosting,0.5583424209378408,0.7408993576017131,0.4394431132322674
Gradient boosting,0.5616139585605234,0.7441113490364025,0.43939182855304
Gradient boosting,0.5616139585605234,0.7451820128479657,0.4392703375292767
Gradient boosting,0.5627044711014176,0.7451820128479657,0.4392666861523831
Gradient boosting,0.5627044711014176,0.7462526766595289,0.4387055985649825
Gradient boosting,0.5637949836423118,0.7462526766595289,0.4384689902834624
Gradient boosting,0.5637949836423118,0.7483940042826552,0.43819433083267956
Gradient boosting,0.5659760087241004,0.7483940042826552,0.4376998150847236
Gradient boosting,0.5659760087241004,0.7494646680942184,0.43765616757232007
Gradient boosting,0.5681570338058888,0.7494646680942184,0.4364343539756368
Gradient boosting,0.5681570338058888,0.7505353319057816,0.43640681830551625
Gradient boosting,0.5736095965103599,0.7505353319057816,0.43572341782020924
Gradient boosting,0.5736095965103599,0.7537473233404711,0.43547093463293746
Gradient boosting,0.5747001090512541,0.7548179871520343,0.43529316035620835
Gradient boosting,0.5747001090512541,0.7558886509635975,0.4351687466193095
Gradient boosting,0.5757906215921483,0.7558886509635975,0.4350493835336725
Gradient boosting,0.5757906215921483,0.7569593147751607,0.4350041951212453
Gradient boosting,0.579062159214831,0.7569593147751607,0.4343736667131879
Gradient boosting,0.579062159214831,0.7580299785867237,0.43437237205732115
Gradient boosting,0.5823336968375137,0.7580299785867237,0.4336062484874062
Gradient boosting,0.5823336968375137,0.7591006423982869,0.4336061102332555
Gradient boosting,0.5834242093784079,0.7591006423982869,0.4332756518409453
Gradient boosting,0.5834242093784079,0.7633832976445396,0.43259663485922983
Gradient boosting,0.5845147219193021,0.7633832976445396,0.4325677783873196
Gradient boosting,0.5845147219193021,0.7665952890792291,0.43204848852540306
Gradient boosting,0.5910577971646674,0.7665952890792291,0.4307888898481817
Gradient boosting,0.5910577971646674,0.7676659528907923,0.43027463722458986
Gradient boosting,0.5921483097055616,0.7676659528907923,0.4300044441454468
Gradient boosting,0.5921483097055616,0.7687366167023555,0.4289649098198395
Gradient boosting,0.5943293347873501,0.7687366167023555,0.4288165648227158
Gradient boosting,0.6063249727371864,0.7826552462526767,0.42847385232863333
Gradient boosting,0.6063249727371864,0.7869379014989293,0.42760770193681946
Gradient boosting,0.6095965103598692,0.7869379014989293,0.4264008693896593
Gradient boosting,0.6095965103598692,0.7890792291220556,0.4255387116519332
Gradient boosting,0.613958560523446,0.7890792291220556,0.4244110415440067
Gradient boosting,0.613958560523446,0.791220556745182,0.4240323497648609
Gradient boosting,0.6150490730643402,0.791220556745182,0.42399076438509187
Gradient boosting,0.6150490730643402,0.7933618843683083,0.4236389836143354
Gradient boosting,0.6172300981461287,0.7933618843683083,0.42293026825606284
Gradient boosting,0.6172300981461287,0.7955032119914347,0.4226087349847371
Gradient boosting,0.6183206106870229,0.7955032119914347,0.42233784370293653
Gradient boosting,0.6183206106870229,0.7965738758029979,0.4223253170314682
Gradient boosting,0.6194111232279171,0.7965738758029979,0.42187354977780567
Gradient boosting,0.6194111232279171,0.7987152034261242,0.4212381484340708
Gradient boosting,0.6205016357688113,0.7987152034261242,0.42121572255965445
Gradient boosting,0.6205016357688113,0.7997858672376874,0.42116134251768916
Gradient boosting,0.623773173391494,0.7997858672376874,0.4204319382798941
Gradient boosting,0.623773173391494,0.8008565310492506,0.4203436280008949
Gradient boosting,0.6281352235550709,0.8008565310492506,0.41993358881731074
Gradient boosting,0.6281352235550709,0.8029978586723768,0.4191278843738323
Gradient boosting,0.6292257360959651,0.8029978586723768,0.418918338105351
Gradient boosting,0.6292257360959651,0.8062098501070664,0.41859449190675385
Gradient boosting,0.6314067611777535,0.8062098501070664,0.418569793936036
Gradient boosting,0.6314067611777535,0.8072805139186295,0.418480719114236
Gradient boosting,0.6324972737186477,0.8072805139186295,0.41818484447191734
Gradient boosting,0.6324972737186477,0.8094218415417559,0.4176289213299169
Gradient boosting,0.6357688113413305,0.8094218415417559,0.41683802966306044
Gradient boosting,0.6357688113413305,0.8104925053533191,0.41683789960272394
Gradient boosting,0.6368593238822247,0.8104925053533191,0.4168189798300484
Gradient boosting,0.6368593238822247,0.8137044967880086,0.4157863412615479
Gradient boosting,0.6412213740458015,0.8137044967880086,0.4151525337082921
Gradient boosting,0.6412213740458015,0.8147751605995718,0.414738920842976
Gradient boosting,0.6412213740458015,0.8179871520342612,0.4144808364326371
Gradient boosting,0.6412213740458015,0.8190578158458244,0.41422724428756263
Gradient boosting,0.6444929116684842,0.8190578158458244,0.41378987508070214
Gradient boosting,0.6455834242093784,0.8201284796573876,0.41366604452541567
Gradient boosting,0.6466739367502726,0.8201284796573876,0.4136616999861793
Gradient boosting,0.6466739367502726,0.8211991434689507,0.41352862235219234
Gradient boosting,0.6477644492911668,0.8211991434689507,0.4132184718161861
Gradient boosting,0.6477644492911668,0.8233404710920771,0.4125406723331379
Gradient boosting,0.648854961832061,0.8233404710920771,0.41230737574508336
Gradient boosting,0.648854961832061,0.8254817987152034,0.412014308193915
Gradient boosting,0.6499454743729552,0.8254817987152034,0.41154837836230695
Gradient boosting,0.6510359869138496,0.8276231263383298,0.41149701037862496
Gradient boosting,0.6510359869138496,0.8340471092077087,0.40927967958888967
Gradient boosting,0.6564885496183206,0.8340471092077087,0.40907393584985097
Gradient boosting,0.6564885496183206,0.8372591006423983,0.4089240859541714
Gradient boosting,0.658669574700109,0.8372591006423983,0.40882383640908077
Gradient boosting,0.658669574700109,0.8383297644539615,0.40847392521418785
Gradient boosting,0.6597600872410033,0.8383297644539615,0.40826161948777806
Gradient boosting,0.6597600872410033,0.8394004282655246,0.4082361006806218
Gradient boosting,0.6608505997818975,0.8394004282655246,0.4079455332988979
Gradient boosting,0.6608505997818975,0.841541755888651,0.4079441705779983
Gradient boosting,0.6619411123227917,0.841541755888651,0.40772848949452545
Gradient boosting,0.6619411123227917,0.8426124197002142,0.4076707588255371
Gradient boosting,0.6641221374045801,0.8426124197002142,0.4074166567253143
Gradient boosting,0.6641221374045801,0.8468950749464668,0.4069799284104589
Gradient boosting,0.6652126499454744,0.8468950749464668,0.4069172205608459
Gradient boosting,0.6652126499454744,0.8479657387580299,0.40631216669349185
Gradient boosting,0.6663031624863686,0.8479657387580299,0.40584518307406275
Gradient boosting,0.6663031624863686,0.8490364025695931,0.4058321001523696
Gradient boosting,0.6684841875681571,0.8490364025695931,0.405367991399938
Gradient boosting,0.6684841875681571,0.8501070663811563,0.4050647663101563
Gradient boosting,0.6706652126499455,0.8501070663811563,0.4049502560646961
Gradient boosting,0.6706652126499455,0.8511777301927195,0.4049077561723844
Gradient boosting,0.6717557251908397,0.8511777301927195,0.4047509694430791
Gradient boosting,0.6750272628135223,0.8533190578158458,0.40473453210548055
Gradient boosting,0.6793893129770993,0.8533190578158458,0.4039903216784344
Gradient boosting,0.6793893129770993,0.8576017130620985,0.4030065833342742
Gradient boosting,0.6815703380588877,0.8576017130620985,0.402851792704746
Gradient boosting,0.6837513631406761,0.8576017130620985,0.40276236625486955
Gradient boosting,0.6848418756815703,0.8586723768736617,0.40271935223872146
Gradient boosting,0.6870229007633588,0.8586723768736617,0.4026522697978874
Gradient boosting,0.6870229007633588,0.8597430406852249,0.40247093820318125
Gradient boosting,0.688113413304253,0.8597430406852249,0.40242851719854345
Gradient boosting,0.688113413304253,0.8629550321199143,0.40182579051690426
Gradient boosting,0.6902944383860414,0.8629550321199143,0.40153407806920577
Gradient boosting,0.6902944383860414,0.8661670235546038,0.40093483668052776
Gradient boosting,0.6913849509269356,0.8661670235546038,0.4008489585122373
Gradient boosting,0.6913849509269356,0.8683083511777302,0.4006390186105347
Gradient boosting,0.6913849509269356,0.8693790149892934,0.40058110074757225
Gradient boosting,0.693565976008724,0.8693790149892934,0.4001924033258791
Gradient boosting,0.693565976008724,0.8704496788008566,0.3995311249966307
Gradient boosting,0.6946564885496184,0.8704496788008566,0.3994967800864073
Gradient boosting,0.6946564885496184,0.8725910064239829,0.3993118854355893
Gradient boosting,0.6968375136314068,0.8725910064239829,0.39924193891995435
Gradient boosting,0.6968375136314068,0.8736616702355461,0.39890713456446386
Gradient boosting,0.7088331515812432,0.8736616702355461,0.3974818856353324
Gradient boosting,0.7121046892039259,0.8736616702355461,0.39729656163844657
Gradient boosting,0.7131952017448201,0.8736616702355461,0.39712584789792826
Gradient boosting,0.7131952017448201,0.8747323340471093,0.39698210967536635
Gradient boosting,0.7153762268266085,0.8747323340471093,0.39665222217855406
Gradient boosting,0.7153762268266085,0.8768736616702355,0.3962968056305371
Gradient boosting,0.7186477644492911,0.8768736616702355,0.3949157865750283
Gradient boosting,0.7186477644492911,0.8779443254817987,0.39473812713961365
Gradient boosting,0.7197382769901853,0.8779443254817987,0.39440413195483426
Gradient boosting,0.7197382769901853,0.8790149892933619,0.39436604703587874
Gradient boosting,0.7251908396946565,0.8790149892933619,0.3941006339557661
Gradient boosting,0.7251908396946565,0.880085653104925,0.3940616439953985
Gradient boosting,0.7262813522355507,0.880085653104925,0.39397474919740294
Gradient boosting,0.7262813522355507,0.8811563169164882,0.39363554376421844
Gradient boosting,0.7273718647764449,0.8811563169164882,0.39362618483541206
Gradient boosting,0.7273718647764449,0.8832976445396146,0.3931029861601439
Gradient boosting,0.7295528898582334,0.8832976445396146,0.39260557260526363
Gradient boosting,0.7339149400218102,0.8832976445396146,0.39253056978593875
Gradient boosting,0.737186477644493,0.8832976445396146,0.39201419508307905
Gradient boosting,0.737186477644493,0.8843683083511777,0.39162688874148227
Gradient boosting,0.7382769901853872,0.8843683083511777,0.3915674059359699
Gradient boosting,0.7382769901853872,0.8854389721627409,0.3912896899153971
Gradient boosting,0.7393675027262814,0.8854389721627409,0.39102314833191687
Gradient boosting,0.7393675027262814,0.8865096359743041,0.390903207231483
Gradient boosting,0.7437295528898582,0.8865096359743041,0.389664438961071
Gradient boosting,0.7437295528898582,0.8875802997858673,0.38918830106669466
Gradient boosting,0.7448200654307524,0.8875802997858673,0.3889479667168736
Gradient boosting,0.7448200654307524,0.8886509635974305,0.3886382357920004
Gradient boosting,0.7459105779716467,0.8886509635974305,0.3884951746239907
Gradient boosting,0.7459105779716467,0.8897216274089935,0.38847795582532463
Gradient boosting,0.7502726281352236,0.8897216274089935,0.3877875197169036
Gradient boosting,0.7502726281352236,0.8907922912205567,0.38777392847507075
Gradient boosting,0.7557251908396947,0.8907922912205567,0.38686778780960007
Gradient boosting,0.7557251908396947,0.8918629550321199,0.38678697644871385
Gradient boosting,0.7568157033805889,0.8918629550321199,0.3867275477596985
Gradient boosting,0.7600872410032715,0.8918629550321199,0.38652745881285655
Gradient boosting,0.7655398037077427,0.8918629550321199,0.38541769587211044
Gradient boosting,0.7655398037077427,0.8940042826552462,0.38515829007975483
Gradient boosting,0.7666303162486369,0.8940042826552462,0.38495622279196257
Gradient boosting,0.7666303162486369,0.8972162740899358,0.3841724631205423
Gradient boosting,0.7688113413304253,0.8972162740899358,0.38388131642277834
Gradient boosting,0.7688113413304253,0.8982869379014989,0.38384227855463704
Gradient boosting,0.7699018538713195,0.8982869379014989,0.3835755417942412
Gradient boosting,0.7699018538713195,0.9004282655246253,0.3829802237729213
Gradient boosting,0.7709923664122137,0.9004282655246253,0.3827146344014767
Gradient boosting,0.7709923664122137,0.9025695931477516,0.38214560615239007
Gradient boosting,0.7731733914940022,0.9025695931477516,0.381868865680152
Gradient boosting,0.7731733914940022,0.9036402569593148,0.38153520059734447
Gradient boosting,0.7753544165757906,0.9036402569593148,0.3801163320570142
Gradient boosting,0.7764449291166848,0.9047109207708779,0.379948970892175
Gradient boosting,0.7764449291166848,0.9057815845824411,0.37987938545889705
Gradient boosting,0.7797164667393675,0.9057815845824411,0.379591429622012
Gradient boosting,0.7797164667393675,0.9068522483940042,0.3795394718890507
Gradient boosting,0.7851690294438386,0.9068522483940042,0.3787679948405382
Gradient boosting,0.7862595419847328,0.9100642398286938,0.37798532391046347
Gradient boosting,0.787350054525627,0.9100642398286938,0.3779218224406324
Gradient boosting,0.787350054525627,0.9122055674518201,0.3773677778421901
Gradient boosting,0.7884405670665212,0.9122055674518201,0.3766876680007639
Gradient boosting,0.7884405670665212,0.9132762312633833,0.3766760834007304
Gradient boosting,0.7895310796074155,0.9132762312633833,0.37619783445799043
Gradient boosting,0.7895310796074155,0.9143468950749465,0.3761575686489848
Gradient boosting,0.7906215921483097,0.9143468950749465,0.3760518908817832
Gradient boosting,0.7928026172300982,0.9143468950749465,0.3760408392850905
Gradient boosting,0.7938931297709924,0.9143468950749465,0.3754450190413949
Gradient boosting,0.7938931297709924,0.9197002141327623,0.37489008535845975
Gradient boosting,0.7949836423118866,0.9197002141327623,0.37463962292730024
Gradient boosting,0.7949836423118866,0.9218415417558886,0.37412482922034385
Gradient boosting,0.7960741548527808,0.9218415417558886,0.37372274208506223
Gradient boosting,0.7960741548527808,0.9229122055674518,0.37372231792140126
Gradient boosting,0.797164667393675,0.9229122055674518,0.3735751528236462
Gradient boosting,0.797164667393675,0.9250535331905781,0.3733579390310421
Gradient boosting,0.7993456924754635,0.9250535331905781,0.37243399222993995
Gradient boosting,0.8015267175572519,0.9250535331905781,0.37239821109244303
Gradient boosting,0.8047982551799345,0.9250535331905781,0.3712107432963908
Gradient boosting,0.8047982551799345,0.9261241970021413,0.3710921719276612
Gradient boosting,0.806979280261723,0.9261241970021413,0.3706083748080133
Gradient boosting,0.806979280261723,0.9282655246252677,0.3701853714621771
Gradient boosting,0.8091603053435115,0.9282655246252677,0.3696371711849504
Gradient boosting,0.8091603053435115,0.9293361884368309,0.369597527085428
Gradient boosting,0.8135223555070883,0.9293361884368309,0.3684250417870664
Gradient boosting,0.8135223555070883,0.930406852248394,0.3680442562729814
Gradient boosting,0.8146128680479825,0.930406852248394,0.3677497796297828
Gradient boosting,0.8178844056706652,0.930406852248394,0.36774865588583483
Gradient boosting,0.8233369683751364,0.930406852248394,0.36679628713220397
Gradient boosting,0.8233369683751364,0.9314775160599572,0.3665598059580604
Gradient boosting,0.8255179934569248,0.9314775160599572,0.3664825066670811
Gradient boosting,0.8255179934569248,0.9325481798715204,0.3664058343373209
Gradient boosting,0.826608505997819,0.9325481798715204,0.36464393811167134
Gradient boosting,0.826608505997819,0.9336188436830836,0.36444737515972425
Gradient boosting,0.8331515812431843,0.9336188436830836,0.36233603097579004
Gradient boosting,0.8342420937840785,0.9346895074946466,0.3622694952105259
Gradient boosting,0.8353326063249727,0.9346895074946466,0.3621670798803765
Gradient boosting,0.8353326063249727,0.936830835117773,0.3616339600658795
Gradient boosting,0.836423118865867,0.936830835117773,0.36134209991707417
Gradient boosting,0.836423118865867,0.9389721627408993,0.361180957999322
Gradient boosting,0.8375136314067612,0.9389721627408993,0.360896098620627
Gradient boosting,0.8375136314067612,0.9411134903640257,0.3607122768680263
Gradient boosting,0.8407851690294439,0.9411134903640257,0.3592886009682706
Gradient boosting,0.8407851690294439,0.9421841541755889,0.3592400266249565
Gradient boosting,0.8418756815703381,0.9421841541755889,0.3589911035142523
Gradient boosting,0.8418756815703381,0.943254817987152,0.3587247891320499
Gradient boosting,0.8440567066521265,0.943254817987152,0.35810554222535734
Gradient boosting,0.8440567066521265,0.9443254817987152,0.35693449095953994
Gradient boosting,0.8451472191930207,0.9443254817987152,0.35688672994398496
Gradient boosting,0.8451472191930207,0.9475374732334048,0.35655579368119505
Gradient boosting,0.8473282442748091,0.9475374732334048,0.35596346392051265
Gradient boosting,0.8473282442748091,0.9486081370449678,0.35582610705495415
Gradient boosting,0.8495092693565977,0.9486081370449678,0.35527559587141266
Gradient boosting,0.8495092693565977,0.9507494646680942,0.3547277871828186
Gradient boosting,0.8505997818974919,0.9507494646680942,0.3545467515115312
Gradient boosting,0.8505997818974919,0.9518201284796574,0.35422544840964915
Gradient boosting,0.8516902944383861,0.9518201284796574,0.3540775792322254
Gradient boosting,0.8516902944383861,0.9539614561027837,0.3535513888947927
Gradient boosting,0.8527808069792803,0.9539614561027837,0.3535512966513562
Gradient boosting,0.8527808069792803,0.9550321199143469,0.35345331009841785
Gradient boosting,0.8538713195201745,0.9550321199143469,0.3533151026477987
Gradient boosting,0.8538713195201745,0.9561027837259101,0.3519155120640129
Gradient boosting,0.8593238822246456,0.9561027837259101,0.3505942006250868
Gradient boosting,0.8593238822246456,0.9571734475374732,0.35054437523619336
Gradient boosting,0.8636859323882224,0.9571734475374732,0.34865329020339064
Gradient boosting,0.8636859323882224,0.9582441113490364,0.34846893743503715
Gradient boosting,0.8647764449291166,0.9582441113490364,0.3479213980397084
Gradient boosting,0.8647764449291166,0.9603854389721628,0.34744462895503886
Gradient boosting,0.8724100327153762,0.9603854389721628,0.3459223854404812
Gradient boosting,0.8724100327153762,0.961456102783726,0.3458525848546086
Gradient boosting,0.8735005452562704,0.961456102783726,0.34563092051503436
Gradient boosting,0.8745910577971646,0.9625267665952891,0.34458355163576404
Gradient boosting,0.8745910577971646,0.9635974304068522,0.344497150363937
Gradient boosting,0.8756815703380589,0.9635974304068522,0.34426290703966445
Gradient boosting,0.8756815703380589,0.9646680942184154,0.3440756371358734
Gradient boosting,0.8800436205016358,0.9646680942184154,0.34317511525573907
Gradient boosting,0.8800436205016358,0.9657387580299786,0.34298756674127107
Gradient boosting,0.8822246455834242,0.9657387580299786,0.3427452299839211
Gradient boosting,0.8822246455834242,0.9689507494646681,0.34198580704186404
Gradient boosting,0.8865866957470011,0.9689507494646681,0.3401375502819736
Gradient boosting,0.8865866957470011,0.9700214132762313,0.33946671778009063
Gradient boosting,0.8909487459105779,0.9700214132762313,0.3384707835834041
Gradient boosting,0.8920392584514721,0.9710920770877944,0.33836040227680436
Gradient boosting,0.8974918211559433,0.9710920770877944,0.337876936168059
Gradient boosting,0.8974918211559433,0.9721627408993576,0.337270923116709
Gradient boosting,0.8996728462377317,0.9721627408993576,0.33663696755552874
Gradient boosting,0.8996728462377317,0.9732334047109208,0.3359878112570602
Gradient boosting,0.9073064340239912,0.9732334047109208,0.33345341908840703
Gradient boosting,0.9073064340239912,0.974304068522484,0.33238989733804525
Gradient boosting,0.910577971646674,0.974304068522484,0.33097122783470007
Gradient boosting,0.910577971646674,0.9753747323340471,0.33089821998452124
Gradient boosting,0.916030534351145,0.9753747323340471,0.329678404345428
Gradient boosting,0.916030534351145,0.9775160599571735,0.32949455860659954
Gradient boosting,0.9182115594329335,0.9775160599571735,0.32703756430708847
Gradient boosting,0.9182115594329335,0.9785867237687366,0.3267376650838475
Gradient boosting,0.920392584514722,0.9785867237687366,0.3264806342228843
Gradient boosting,0.920392584514722,0.9796573875802997,0.32642014432174676
Gradient boosting,0.9225736095965104,0.9796573875802997,0.323376750601668
Gradient boosting,0.9225736095965104,0.9807280513918629,0.32328142424982687
Gradient boosting,0.9291166848418757,0.9807280513918629,0.3217881973796855
Gradient boosting,0.9291166848418757,0.9817987152034261,0.32170976220321446
Gradient boosting,0.935659760087241,0.9817987152034261,0.31879624512919186
Gradient boosting,0.935659760087241,0.9828693790149893,0.31872663704108395
Gradient boosting,0.9378407851690295,0.9828693790149893,0.3181731952509526
Gradient boosting,0.9378407851690295,0.9839400428265525,0.31791972221740766
Gradient boosting,0.9411123227917121,0.9839400428265525,0.31582099558000654
Gradient boosting,0.9411123227917121,0.9850107066381156,0.3154918165689832
Gradient boosting,0.945474372955289,0.9850107066381156,0.3138109444535841
Gradient boosting,0.945474372955289,0.987152034261242,0.3137146988331275
Gradient boosting,0.9520174482006543,0.987152034261242,0.310524773259835
Gradient boosting,0.9520174482006543,0.9882226980728052,0.3095998587322792
Gradient boosting,0.9531079607415486,0.9882226980728052,0.3090123190665709
Gradient boosting,0.9531079607415486,0.9892933618843683,0.3087798892751055
Gradient boosting,0.955288985823337,0.9892933618843683,0.30837688600034513
Gradient boosting,0.955288985823337,0.9914346895074947,0.30778250898773873
Gradient boosting,0.9563794983642312,0.9914346895074947,0.30754171752941256
Gradient boosting,0.9563794983642312,0.9925053533190579,0.3049185751509404
Gradient boosting,0.9574700109051254,0.9925053533190579,0.3045463070374863
Gradient boosting,0.9574700109051254,0.9935760171306209,0.30176498205484764
Gradient boosting,0.9585605234460196,0.9935760171306209,0.30060553005137675
Gradient boosting,0.9585605234460196,0.9967880085653105,0.2977561345860966
Gradient boosting,0.9596510359869138,0.9967880085653105,0.2968213377841014
Gradient boosting,0.9596510359869138,0.9989293361884368,0.295607375437086
Gradient boosting,0.9749182115594329,0.9989293361884368,0.2848202455982396
Gradient boosting,0.9770992366412213,0.9989293361884368,0.2841404922733553
Gradient boosting,0.9814612868047983,0.9989293361884368,0.2770155827361961
Gradient boosting,0.9814612868047983,1.0,0.27570772975488034
Gradient boosting,1.0,1.0,0.23162220634598724
